tenant,channel,sender,iet_seconds
bertrand-and-co.-20260407,email,whuang,91800.0
bertrand-and-co.-20260407,email,whuang,9000.0
bertrand-and-co.-20260407,email,whuang,354600.0
bertrand-and-co.-20260407,email,whuang,150300.0
bertrand-and-co.-20260407,email,whuang,87300.0
bertrand-and-co.-20260407,email,whuang,88200.0
bertrand-and-co.-20260407,email,whuang,85500.0
bertrand-and-co.-20260407,email,whuang,93600.0
bertrand-and-co.-20260407,email,whuang,103500.0
bertrand-and-co.-20260407,email,mkabongo,84600.0
bertrand-and-co.-20260407,email,mkabongo,176400.0
bertrand-and-co.-20260407,email,mkabongo,87300.0
bertrand-and-co.-20260407,email,mkabongo,171900.0
bertrand-and-co.-20260407,email,mkabongo,10800.0
bertrand-and-co.-20260407,email,mkabongo,75600.0
bertrand-and-co.-20260407,email,mkabongo,88200.0
bertrand-and-co.-20260407,email,mkabongo,91800.0
bertrand-and-co.-20260407,email,mkabongo,88200.0
bertrand-and-co.-20260407,email,mkabongo,173700.0
bertrand-and-co.-20260407,email,mkabongo,83700.0
bertrand-and-co.-20260407,email,anasser,252900.0
bertrand-and-co.-20260407,email,anasser,13500.0
bertrand-and-co.-20260407,email,anasser,72900.0
bertrand-and-co.-20260407,email,anasser,24300.0
bertrand-and-co.-20260407,email,anasser,64800.0
bertrand-and-co.-20260407,email,anasser,194400.0
bertrand-and-co.-20260407,email,anasser,64800.0
bertrand-and-co.-20260407,email,anasser,88200.0
bertrand-and-co.-20260407,email,anasser,100800.0
bertrand-and-co.-20260407,email,anasser,70500.0
bertrand-and-co.-20260407,email,anasser,14100.0
bertrand-and-co.-20260407,email,anasser,155700.0
bertrand-and-co.-20260407,email,yjensen,79200.0
bertrand-and-co.-20260407,email,yjensen,6300.0
bertrand-and-co.-20260407,email,yjensen,99000.0
bertrand-and-co.-20260407,email,yjensen,171000.0
bertrand-and-co.-20260407,email,yjensen,77400.0
bertrand-and-co.-20260407,email,yjensen,27000.0
bertrand-and-co.-20260407,email,yjensen,136800.0
bertrand-and-co.-20260407,email,yjensen,17100.0
bertrand-and-co.-20260407,email,yjensen,15300.0
bertrand-and-co.-20260407,email,yjensen,55800.0
bertrand-and-co.-20260407,email,yjensen,12600.0
bertrand-and-co.-20260407,email,yjensen,82800.0
bertrand-and-co.-20260407,email,yjensen,14400.0
bertrand-and-co.-20260407,email,yjensen,65700.0
bertrand-and-co.-20260407,email,yjensen,8100.0
bertrand-and-co.-20260407,email,yjensen,74700.0
bertrand-and-co.-20260407,email,yjensen,8100.0
bertrand-and-co.-20260407,email,yjensen,97200.0
bertrand-and-co.-20260407,email,yjensen,12600.0
bertrand-and-co.-20260407,email,yjensen,64800.0
bertrand-and-co.-20260407,email,jmukherjee,88200.0
bertrand-and-co.-20260407,email,jmukherjee,78300.0
bertrand-and-co.-20260407,email,jmukherjee,88200.0
bertrand-and-co.-20260407,email,jmukherjee,168300.0
bertrand-and-co.-20260407,email,jmukherjee,86400.0
bertrand-and-co.-20260407,email,jmukherjee,518400.0
bertrand-and-co.-20260407,email,lpatel,91800.0
bertrand-and-co.-20260407,email,lpatel,87300.0
bertrand-and-co.-20260407,email,lpatel,170100.0
bertrand-and-co.-20260407,email,lpatel,66600.0
bertrand-and-co.-20260407,email,lpatel,36900.0
bertrand-and-co.-20260407,email,lpatel,153900.0
bertrand-and-co.-20260407,email,lpatel,81000.0
bertrand-and-co.-20260407,email,lpatel,99000.0
bertrand-and-co.-20260407,email,lpatel,73800.0
bertrand-and-co.-20260407,email,lpatel,100800.0
bertrand-and-co.-20260407,email,tkimura,88200.0
bertrand-and-co.-20260407,email,tkimura,72900.0
bertrand-and-co.-20260407,email,tkimura,9900.0
bertrand-and-co.-20260407,email,tkimura,83700.0
bertrand-and-co.-20260407,email,tkimura,89100.0
bertrand-and-co.-20260407,email,tkimura,12600.0
bertrand-and-co.-20260407,email,tkimura,85500.0
bertrand-and-co.-20260407,email,tkimura,77400.0
bertrand-and-co.-20260407,email,tkimura,90900.0
bertrand-and-co.-20260407,email,tkimura,84600.0
bertrand-and-co.-20260407,email,tkimura,78300.0
bertrand-and-co.-20260407,email,tkimura,13500.0
bertrand-and-co.-20260407,email,tkimura,75600.0
bertrand-and-co.-20260407,email,tkimura,86400.0
bertrand-and-co.-20260407,email,tkimura,81000.0
bertrand-and-co.-20260407,email,tkimura,16200.0
bertrand-and-co.-20260407,email,tkimura,77400.0
bertrand-and-co.-20260407,email,mschmidt,82800.0
bertrand-and-co.-20260407,email,mschmidt,84600.0
bertrand-and-co.-20260407,email,mschmidt,81000.0
bertrand-and-co.-20260407,email,mschmidt,14400.0
bertrand-and-co.-20260407,email,mschmidt,72000.0
bertrand-and-co.-20260407,email,mschmidt,9000.0
bertrand-and-co.-20260407,email,mschmidt,87300.0
bertrand-and-co.-20260407,email,mschmidt,81900.0
bertrand-and-co.-20260407,email,mschmidt,11700.0
bertrand-and-co.-20260407,email,mschmidt,95400.0
bertrand-and-co.-20260407,email,mschmidt,67500.0
bertrand-and-co.-20260407,email,mschmidt,1800.0
bertrand-and-co.-20260407,email,mschmidt,91800.0
bertrand-and-co.-20260407,email,mschmidt,77400.0
bertrand-and-co.-20260407,email,mschmidt,9000.0
bertrand-and-co.-20260407,email,mschmidt,73800.0
bertrand-and-co.-20260407,email,mschmidt,9900.0
bertrand-and-co.-20260407,email,mschmidt,78300.0
bertrand-and-co.-20260407,email,rgutierrez,178200.0
bertrand-and-co.-20260407,email,rgutierrez,81000.0
bertrand-and-co.-20260407,email,rgutierrez,99000.0
bertrand-and-co.-20260407,email,rgutierrez,79200.0
bertrand-and-co.-20260407,email,rgutierrez,99000.0
bertrand-and-co.-20260407,email,rgutierrez,81000.0
bertrand-and-co.-20260407,email,rgutierrez,84600.0
bertrand-and-co.-20260407,email,rgutierrez,84600.0
bertrand-and-co.-20260407,email,rgutierrez,79200.0
bertrand-and-co.-20260407,email,rgutierrez,104400.0
bertrand-and-co.-20260407,email,rgutierrez,86400.0
bertrand-and-co.-20260407,email,ysilva,523800.0
bertrand-and-co.-20260407,email,it_support,3600.0
bertrand-and-co.-20260407,email,it_support,14400.0
bertrand-and-co.-20260407,email,pr_team,14400.0
bertrand-and-co.-20260407,chat,Yara Jensen,80.0
bertrand-and-co.-20260407,chat,Yara Jensen,50.0
bertrand-and-co.-20260407,chat,Yara Jensen,80.0
bertrand-and-co.-20260407,chat,Yara Jensen,70.0
bertrand-and-co.-20260407,chat,Yara Jensen,60.0
bertrand-and-co.-20260407,chat,Yara Jensen,60.0
bertrand-and-co.-20260407,chat,Yara Jensen,40.0
bertrand-and-co.-20260407,chat,Yara Jensen,154360.0
bertrand-and-co.-20260407,chat,Yara Jensen,120.0
bertrand-and-co.-20260407,chat,Yara Jensen,150.0
bertrand-and-co.-20260407,chat,Yara Jensen,120.0
bertrand-and-co.-20260407,chat,Yara Jensen,90.0
bertrand-and-co.-20260407,chat,Yara Jensen,125.0
bertrand-and-co.-20260407,chat,Yara Jensen,125.0
bertrand-and-co.-20260407,chat,Yara Jensen,80.0
bertrand-and-co.-20260407,chat,Yara Jensen,89865.0
bertrand-and-co.-20260407,chat,Yara Jensen,55.0
bertrand-and-co.-20260407,chat,Yara Jensen,52.0
bertrand-and-co.-20260407,chat,Yara Jensen,45.0
bertrand-and-co.-20260407,chat,Yara Jensen,51.0
bertrand-and-co.-20260407,chat,Yara Jensen,47.0
bertrand-and-co.-20260407,chat,Yara Jensen,45.0
bertrand-and-co.-20260407,chat,Yara Jensen,48.0
bertrand-and-co.-20260407,chat,Yara Jensen,47.0
bertrand-and-co.-20260407,chat,Yara Jensen,30.0
bertrand-and-co.-20260407,chat,Yara Jensen,255105.0
bertrand-and-co.-20260407,chat,Yara Jensen,122.0
bertrand-and-co.-20260407,chat,Yara Jensen,88.0
bertrand-and-co.-20260407,chat,Yara Jensen,70.0
bertrand-and-co.-20260407,chat,Yara Jensen,50.0
bertrand-and-co.-20260407,chat,Yara Jensen,35.0
bertrand-and-co.-20260407,chat,Yara Jensen,45.0
bertrand-and-co.-20260407,chat,Yara Jensen,60.0
bertrand-and-co.-20260407,chat,Yara Jensen,60.0
bertrand-and-co.-20260407,chat,Yara Jensen,85372.0
bertrand-and-co.-20260407,chat,Yara Jensen,98.0
bertrand-and-co.-20260407,chat,Yara Jensen,103.0
bertrand-and-co.-20260407,chat,Yara Jensen,119.0
bertrand-and-co.-20260407,chat,Yara Jensen,88.0
bertrand-and-co.-20260407,chat,Yara Jensen,95.0
bertrand-and-co.-20260407,chat,Yara Jensen,77.0
bertrand-and-co.-20260407,chat,Yara Jensen,53.0
bertrand-and-co.-20260407,chat,Yara Jensen,259268.0
bertrand-and-co.-20260407,chat,Yara Jensen,82.0
bertrand-and-co.-20260407,chat,Yara Jensen,130.0
bertrand-and-co.-20260407,chat,Yara Jensen,75.0
bertrand-and-co.-20260407,chat,Yara Jensen,70.0
bertrand-and-co.-20260407,chat,Yara Jensen,50.0
bertrand-and-co.-20260407,chat,Yara Jensen,70.0
bertrand-and-co.-20260407,chat,Yara Jensen,85.0
bertrand-and-co.-20260407,chat,Yara Jensen,45.0
bertrand-and-co.-20260407,chat,Yara Jensen,85635.0
bertrand-and-co.-20260407,chat,Yara Jensen,60.0
bertrand-and-co.-20260407,chat,Yara Jensen,50.0
bertrand-and-co.-20260407,chat,Yara Jensen,37.0
bertrand-and-co.-20260407,chat,Yara Jensen,28.0
bertrand-and-co.-20260407,chat,Yara Jensen,65.0
bertrand-and-co.-20260407,chat,Yara Jensen,2.0
bertrand-and-co.-20260407,chat,Yara Jensen,45.0
bertrand-and-co.-20260407,chat,Yara Jensen,67.0
bertrand-and-co.-20260407,chat,Yara Jensen,83.0
bertrand-and-co.-20260407,chat,Yara Jensen,133.0
bertrand-and-co.-20260407,chat,Yara Jensen,124.0
bertrand-and-co.-20260407,chat,Yara Jensen,89.0
bertrand-and-co.-20260407,chat,Yara Jensen,86.0
bertrand-and-co.-20260407,chat,Yara Jensen,82.0
bertrand-and-co.-20260407,chat,Yara Jensen,81838.0
bertrand-and-co.-20260407,chat,Yara Jensen,87.0
bertrand-and-co.-20260407,chat,Yara Jensen,61.0
bertrand-and-co.-20260407,chat,Yara Jensen,70.0
bertrand-and-co.-20260407,chat,Yara Jensen,58.0
bertrand-and-co.-20260407,chat,Yara Jensen,94.0
bertrand-and-co.-20260407,chat,Yara Jensen,59.0
bertrand-and-co.-20260407,chat,Yara Jensen,72.0
bertrand-and-co.-20260407,chat,Yara Jensen,75.0
bertrand-and-co.-20260407,chat,Yara Jensen,51.0
bertrand-and-co.-20260407,chat,Mosi Kabongo,129.0
bertrand-and-co.-20260407,chat,Mosi Kabongo,85.0
bertrand-and-co.-20260407,chat,Mosi Kabongo,144.0
bertrand-and-co.-20260407,chat,Mosi Kabongo,151.0
bertrand-and-co.-20260407,chat,Mosi Kabongo,78.0
bertrand-and-co.-20260407,chat,Mosi Kabongo,165.0
bertrand-and-co.-20260407,chat,Mosi Kabongo,147.0
bertrand-and-co.-20260407,chat,Mosi Kabongo,170.0
bertrand-and-co.-20260407,chat,Mosi Kabongo,345.0
bertrand-and-co.-20260407,chat,Mosi Kabongo,12178.0
bertrand-and-co.-20260407,chat,Mosi Kabongo,65.0
bertrand-and-co.-20260407,chat,Mosi Kabongo,40.0
bertrand-and-co.-20260407,chat,Mosi Kabongo,25.0
bertrand-and-co.-20260407,chat,Mosi Kabongo,70.0
bertrand-and-co.-20260407,chat,Mosi Kabongo,70.0
bertrand-and-co.-20260407,chat,Mosi Kabongo,55.0
bertrand-and-co.-20260407,chat,Mosi Kabongo,55.0
bertrand-and-co.-20260407,chat,Mosi Kabongo,220.0
bertrand-and-co.-20260407,chat,Mosi Kabongo,40.0
bertrand-and-co.-20260407,chat,Mosi Kabongo,32.0
bertrand-and-co.-20260407,chat,Mosi Kabongo,38.0
bertrand-and-co.-20260407,chat,Mosi Kabongo,60.0
bertrand-and-co.-20260407,chat,Mosi Kabongo,35.0
bertrand-and-co.-20260407,chat,Mosi Kabongo,40.0
bertrand-and-co.-20260407,chat,Mosi Kabongo,30.0
bertrand-and-co.-20260407,chat,Mosi Kabongo,153955.0
bertrand-and-co.-20260407,chat,Mosi Kabongo,117.0
bertrand-and-co.-20260407,chat,Mosi Kabongo,153.0
bertrand-and-co.-20260407,chat,Mosi Kabongo,85.0
bertrand-and-co.-20260407,chat,Mosi Kabongo,130.0
bertrand-and-co.-20260407,chat,Mosi Kabongo,130.0
bertrand-and-co.-20260407,chat,Mosi Kabongo,90.0
bertrand-and-co.-20260407,chat,Mosi Kabongo,272865.0
bertrand-and-co.-20260407,chat,Mosi Kabongo,55.0
bertrand-and-co.-20260407,chat,Mosi Kabongo,52.0
bertrand-and-co.-20260407,chat,Mosi Kabongo,47.0
bertrand-and-co.-20260407,chat,Mosi Kabongo,51.0
bertrand-and-co.-20260407,chat,Mosi Kabongo,52.0
bertrand-and-co.-20260407,chat,Mosi Kabongo,59.0
bertrand-and-co.-20260407,chat,Mosi Kabongo,54.0
bertrand-and-co.-20260407,chat,Mosi Kabongo,45.0
bertrand-and-co.-20260407,chat,Mosi Kabongo,417982.0
bertrand-and-co.-20260407,chat,Mosi Kabongo,68.0
bertrand-and-co.-20260407,chat,Mosi Kabongo,80.0
bertrand-and-co.-20260407,chat,Mosi Kabongo,80.0
bertrand-and-co.-20260407,chat,Mosi Kabongo,55.0
bertrand-and-co.-20260407,chat,Mosi Kabongo,60.0
bertrand-and-co.-20260407,chat,Mosi Kabongo,60.0
bertrand-and-co.-20260407,chat,Mosi Kabongo,85.0
bertrand-and-co.-20260407,chat,Mosi Kabongo,60.0
bertrand-and-co.-20260407,chat,Mosi Kabongo,2855.0
bertrand-and-co.-20260407,chat,Mosi Kabongo,50.0
bertrand-and-co.-20260407,chat,Mosi Kabongo,97.0
bertrand-and-co.-20260407,chat,Mosi Kabongo,48.0
bertrand-and-co.-20260407,chat,Mosi Kabongo,50.0
bertrand-and-co.-20260407,chat,Mosi Kabongo,60.0
bertrand-and-co.-20260407,chat,Mosi Kabongo,50.0
bertrand-and-co.-20260407,chat,Mosi Kabongo,45.0
bertrand-and-co.-20260407,chat,Mosi Kabongo,50.0
bertrand-and-co.-20260407,chat,Mosi Kabongo,45.0
bertrand-and-co.-20260407,chat,Mosi Kabongo,165142.0
bertrand-and-co.-20260407,chat,Mosi Kabongo,73.0
bertrand-and-co.-20260407,chat,Mosi Kabongo,52.0
bertrand-and-co.-20260407,chat,Mosi Kabongo,78.0
bertrand-and-co.-20260407,chat,Mosi Kabongo,76.0
bertrand-and-co.-20260407,chat,Mosi Kabongo,71.0
bertrand-and-co.-20260407,chat,Mosi Kabongo,69.0
bertrand-and-co.-20260407,chat,Mosi Kabongo,72.0
bertrand-and-co.-20260407,chat,Mosi Kabongo,71.0
bertrand-and-co.-20260407,chat,Wei Huang,32.0
bertrand-and-co.-20260407,chat,Wei Huang,33.0
bertrand-and-co.-20260407,chat,Wei Huang,33.0
bertrand-and-co.-20260407,chat,Wei Huang,24.0
bertrand-and-co.-20260407,chat,Wei Huang,39.0
bertrand-and-co.-20260407,chat,Wei Huang,36.0
bertrand-and-co.-20260407,chat,Wei Huang,38.0
bertrand-and-co.-20260407,chat,Wei Huang,27.0
bertrand-and-co.-20260407,chat,Wei Huang,364483.0
bertrand-and-co.-20260407,chat,Wei Huang,92.0
bertrand-and-co.-20260407,chat,Wei Huang,65.0
bertrand-and-co.-20260407,chat,Wei Huang,80.0
bertrand-and-co.-20260407,chat,Wei Huang,72.0
bertrand-and-co.-20260407,chat,Wei Huang,75.0
bertrand-and-co.-20260407,chat,Wei Huang,68.0
bertrand-and-co.-20260407,chat,Wei Huang,35.0
bertrand-and-co.-20260407,chat,Wei Huang,62570.0
bertrand-and-co.-20260407,chat,Wei Huang,58.0
bertrand-and-co.-20260407,chat,Wei Huang,51.0
bertrand-and-co.-20260407,chat,Wei Huang,44.0
bertrand-and-co.-20260407,chat,Wei Huang,53.0
bertrand-and-co.-20260407,chat,Wei Huang,52.0
bertrand-and-co.-20260407,chat,Wei Huang,57.0
bertrand-and-co.-20260407,chat,Wei Huang,53.0
bertrand-and-co.-20260407,chat,Wei Huang,32.0
bertrand-and-co.-20260407,chat,Wei Huang,504371.0
bertrand-and-co.-20260407,chat,Wei Huang,78.0
bertrand-and-co.-20260407,chat,Wei Huang,114.0
bertrand-and-co.-20260407,chat,Wei Huang,92.0
bertrand-and-co.-20260407,chat,Wei Huang,134.0
bertrand-and-co.-20260407,chat,Wei Huang,126.0
bertrand-and-co.-20260407,chat,Wei Huang,83.0
bertrand-and-co.-20260407,chat,Wei Huang,91.0
bertrand-and-co.-20260407,chat,Wei Huang,82019.0
bertrand-and-co.-20260407,chat,Wei Huang,165.0
bertrand-and-co.-20260407,chat,Wei Huang,60.0
bertrand-and-co.-20260407,chat,Wei Huang,165.0
bertrand-and-co.-20260407,chat,Wei Huang,80.0
bertrand-and-co.-20260407,chat,Wei Huang,70.0
bertrand-and-co.-20260407,chat,Wei Huang,75.0
bertrand-and-co.-20260407,chat,Wei Huang,75.0
bertrand-and-co.-20260407,chat,Wei Huang,75.0
bertrand-and-co.-20260407,chat,markus_schmidt,167.0
bertrand-and-co.-20260407,chat,markus_schmidt,82.0
bertrand-and-co.-20260407,chat,markus_schmidt,201.0
bertrand-and-co.-20260407,chat,markus_schmidt,145.0
bertrand-and-co.-20260407,chat,markus_schmidt,128.0
bertrand-and-co.-20260407,chat,markus_schmidt,122.0
bertrand-and-co.-20260407,chat,markus_schmidt,673145.0
bertrand-and-co.-20260407,chat,markus_schmidt,155.0
bertrand-and-co.-20260407,chat,markus_schmidt,80.0
bertrand-and-co.-20260407,chat,markus_schmidt,170.0
bertrand-and-co.-20260407,chat,markus_schmidt,110.0
bertrand-and-co.-20260407,chat,markus_schmidt,145.0
bertrand-and-co.-20260407,chat,markus_schmidt,190.0
bertrand-and-co.-20260407,chat,markus_schmidt,105.0
bertrand-and-co.-20260407,chat,markus_schmidt,125.0
bertrand-and-co.-20260407,chat,markus_schmidt,85493.0
bertrand-and-co.-20260407,chat,markus_schmidt,77.0
bertrand-and-co.-20260407,chat,markus_schmidt,102.0
bertrand-and-co.-20260407,chat,markus_schmidt,70.0
bertrand-and-co.-20260407,chat,markus_schmidt,66.0
bertrand-and-co.-20260407,chat,markus_schmidt,72.0
bertrand-and-co.-20260407,chat,markus_schmidt,74.0
bertrand-and-co.-20260407,chat,markus_schmidt,61.0
bertrand-and-co.-20260407,chat,markus_schmidt,45.0
bertrand-and-co.-20260407,chat,markus_schmidt,85480.0
bertrand-and-co.-20260407,chat,markus_schmidt,62.0
bertrand-and-co.-20260407,chat,markus_schmidt,51.0
bertrand-and-co.-20260407,chat,markus_schmidt,62.0
bertrand-and-co.-20260407,chat,markus_schmidt,65.0
bertrand-and-co.-20260407,chat,markus_schmidt,49.0
bertrand-and-co.-20260407,chat,markus_schmidt,56.0
bertrand-and-co.-20260407,chat,markus_schmidt,55.0
bertrand-and-co.-20260407,chat,markus_schmidt,48.0
bertrand-and-co.-20260407,chat,markus_schmidt,50.0
bertrand-and-co.-20260407,chat,markus_schmidt,33.0
bertrand-and-co.-20260407,chat,markus_schmidt,85861.0
bertrand-and-co.-20260407,chat,markus_schmidt,63.0
bertrand-and-co.-20260407,chat,markus_schmidt,56.0
bertrand-and-co.-20260407,chat,markus_schmidt,69.0
bertrand-and-co.-20260407,chat,markus_schmidt,75.0
bertrand-and-co.-20260407,chat,markus_schmidt,65.0
bertrand-and-co.-20260407,chat,markus_schmidt,50.0
bertrand-and-co.-20260407,chat,markus_schmidt,54.0
bertrand-and-co.-20260407,chat,markus_schmidt,49.0
bertrand-and-co.-20260407,chat,yara_jensen,139.0
bertrand-and-co.-20260407,chat,yara_jensen,74.0
bertrand-and-co.-20260407,chat,yara_jensen,77.0
bertrand-and-co.-20260407,chat,yara_jensen,166.0
bertrand-and-co.-20260407,chat,yara_jensen,142.0
bertrand-and-co.-20260407,chat,yara_jensen,137.0
bertrand-and-co.-20260407,chat,yara_jensen,115.0
bertrand-and-co.-20260407,chat,yara_jensen,413798.0
bertrand-and-co.-20260407,chat,yara_jensen,192.0
bertrand-and-co.-20260407,chat,yara_jensen,173.0
bertrand-and-co.-20260407,chat,yara_jensen,191.0
bertrand-and-co.-20260407,chat,yara_jensen,169.0
bertrand-and-co.-20260407,chat,yara_jensen,183.0
bertrand-and-co.-20260407,chat,yara_jensen,187.0
bertrand-and-co.-20260407,chat,yara_jensen,177.0
bertrand-and-co.-20260407,chat,yara_jensen,123.0
bertrand-and-co.-20260407,chat,yara_jensen,257805.0
bertrand-and-co.-20260407,chat,yara_jensen,155.0
bertrand-and-co.-20260407,chat,yara_jensen,115.0
bertrand-and-co.-20260407,chat,yara_jensen,130.0
bertrand-and-co.-20260407,chat,yara_jensen,110.0
bertrand-and-co.-20260407,chat,yara_jensen,145.0
bertrand-and-co.-20260407,chat,yara_jensen,115.0
bertrand-and-co.-20260407,chat,yara_jensen,75.0
bertrand-and-co.-20260407,chat,yara_jensen,125.0
bertrand-and-co.-20260407,chat,yara_jensen,130.0
bertrand-and-co.-20260407,chat,yara_jensen,85492.0
bertrand-and-co.-20260407,chat,yara_jensen,93.0
bertrand-and-co.-20260407,chat,yara_jensen,90.0
bertrand-and-co.-20260407,chat,yara_jensen,83.0
bertrand-and-co.-20260407,chat,yara_jensen,67.0
bertrand-and-co.-20260407,chat,yara_jensen,74.0
bertrand-and-co.-20260407,chat,yara_jensen,66.0
bertrand-and-co.-20260407,chat,yara_jensen,67.0
bertrand-and-co.-20260407,chat,yara_jensen,60.0
bertrand-and-co.-20260407,chat,yara_jensen,85462.0
bertrand-and-co.-20260407,chat,yara_jensen,71.0
bertrand-and-co.-20260407,chat,yara_jensen,55.0
bertrand-and-co.-20260407,chat,yara_jensen,58.0
bertrand-and-co.-20260407,chat,yara_jensen,62.0
bertrand-and-co.-20260407,chat,yara_jensen,57.0
bertrand-and-co.-20260407,chat,yara_jensen,45.0
bertrand-and-co.-20260407,chat,yara_jensen,58.0
bertrand-and-co.-20260407,chat,yara_jensen,58.0
bertrand-and-co.-20260407,chat,yara_jensen,47.0
bertrand-and-co.-20260407,chat,yara_jensen,35.0
bertrand-and-co.-20260407,chat,yara_jensen,85865.0
bertrand-and-co.-20260407,chat,yara_jensen,41.0
bertrand-and-co.-20260407,chat,yara_jensen,67.0
bertrand-and-co.-20260407,chat,yara_jensen,69.0
bertrand-and-co.-20260407,chat,yara_jensen,65.0
bertrand-and-co.-20260407,chat,yara_jensen,71.0
bertrand-and-co.-20260407,chat,yara_jensen,57.0
bertrand-and-co.-20260407,chat,yara_jensen,51.0
bertrand-and-co.-20260407,chat,yara_jensen,53.0
bertrand-and-co.-20260407,chat,yara_jensen,168861.0
bertrand-and-co.-20260407,chat,yara_jensen,105.0
bertrand-and-co.-20260407,chat,yara_jensen,80.0
bertrand-and-co.-20260407,chat,yara_jensen,195.0
bertrand-and-co.-20260407,chat,yara_jensen,110.0
bertrand-and-co.-20260407,chat,yara_jensen,140.0
bertrand-and-co.-20260407,chat,yara_jensen,90.0
bertrand-and-co.-20260407,chat,yara_jensen,90.0
bertrand-and-co.-20260407,chat,yara_jensen,90.0
bertrand-and-co.-20260407,chat,yara_jensen,105.0
bertrand-and-co.-20260407,chat,yara_jensen,75.0
bertrand-and-co.-20260407,chat,yara_jensen,3015.0
bertrand-and-co.-20260407,chat,yara_jensen,48.0
bertrand-and-co.-20260407,chat,yara_jensen,34.0
bertrand-and-co.-20260407,chat,yara_jensen,45.0
bertrand-and-co.-20260407,chat,yara_jensen,43.0
bertrand-and-co.-20260407,chat,yara_jensen,33.0
bertrand-and-co.-20260407,chat,yara_jensen,37.0
bertrand-and-co.-20260407,chat,yara_jensen,40.0
bertrand-and-co.-20260407,chat,yara_jensen,34.0
bertrand-and-co.-20260407,chat,yara_jensen,32.0
bertrand-and-co.-20260407,chat,Leena Patel,115.0
bertrand-and-co.-20260407,chat,Leena Patel,140.0
bertrand-and-co.-20260407,chat,Leena Patel,98.0
bertrand-and-co.-20260407,chat,Leena Patel,80.0
bertrand-and-co.-20260407,chat,Leena Patel,52.0
bertrand-and-co.-20260407,chat,Leena Patel,953.0
bertrand-and-co.-20260407,chat,Leena Patel,95.0
bertrand-and-co.-20260407,chat,Leena Patel,380122.0
bertrand-and-co.-20260407,chat,Leena Patel,56.0
bertrand-and-co.-20260407,chat,Leena Patel,54.0
bertrand-and-co.-20260407,chat,Leena Patel,46.0
bertrand-and-co.-20260407,chat,Leena Patel,51.0
bertrand-and-co.-20260407,chat,Leena Patel,49.0
bertrand-and-co.-20260407,chat,Leena Patel,55.0
bertrand-and-co.-20260407,chat,Leena Patel,32.0
bertrand-and-co.-20260407,chat,Leena Patel,129965.0
bertrand-and-co.-20260407,chat,Leena Patel,190.0
bertrand-and-co.-20260407,chat,Leena Patel,125.0
bertrand-and-co.-20260407,chat,Leena Patel,335.0
bertrand-and-co.-20260407,chat,Leena Patel,130.0
bertrand-and-co.-20260407,chat,Leena Patel,135.0
bertrand-and-co.-20260407,chat,Leena Patel,105.0
bertrand-and-co.-20260407,chat,Leena Patel,135.0
bertrand-and-co.-20260407,chat,Leena Patel,125.0
bertrand-and-co.-20260407,chat,Leena Patel,100.0
bertrand-and-co.-20260407,chat,Leena Patel,174874.0
bertrand-and-co.-20260407,chat,Leena Patel,71.0
bertrand-and-co.-20260407,chat,Leena Patel,73.0
bertrand-and-co.-20260407,chat,Leena Patel,67.0
bertrand-and-co.-20260407,chat,Leena Patel,65.0
bertrand-and-co.-20260407,chat,Leena Patel,65.0
bertrand-and-co.-20260407,chat,Leena Patel,57.0
bertrand-and-co.-20260407,chat,Leena Patel,258840.0
bertrand-and-co.-20260407,chat,Leena Patel,58.0
bertrand-and-co.-20260407,chat,Leena Patel,52.0
bertrand-and-co.-20260407,chat,Leena Patel,73.0
bertrand-and-co.-20260407,chat,Leena Patel,55.0
bertrand-and-co.-20260407,chat,Leena Patel,40.0
bertrand-and-co.-20260407,chat,Rafael Gutierrez,78.0
bertrand-and-co.-20260407,chat,Rafael Gutierrez,56.0
bertrand-and-co.-20260407,chat,Rafael Gutierrez,106.0
bertrand-and-co.-20260407,chat,Rafael Gutierrez,65.0
bertrand-and-co.-20260407,chat,Rafael Gutierrez,75.0
bertrand-and-co.-20260407,chat,Rafael Gutierrez,935.0
bertrand-and-co.-20260407,chat,Rafael Gutierrez,83.0
bertrand-and-co.-20260407,chat,Rafael Gutierrez,67.0
bertrand-and-co.-20260407,chat,Rafael Gutierrez,84902.0
bertrand-and-co.-20260407,chat,Rafael Gutierrez,138.0
bertrand-and-co.-20260407,chat,Rafael Gutierrez,92.0
bertrand-and-co.-20260407,chat,Rafael Gutierrez,173.0
bertrand-and-co.-20260407,chat,Rafael Gutierrez,130.0
bertrand-and-co.-20260407,chat,Rafael Gutierrez,230.0
bertrand-and-co.-20260407,chat,Rafael Gutierrez,135.0
bertrand-and-co.-20260407,chat,Rafael Gutierrez,139.0
bertrand-and-co.-20260407,chat,Rafael Gutierrez,168725.0
bertrand-and-co.-20260407,chat,Rafael Gutierrez,71.0
bertrand-and-co.-20260407,chat,Rafael Gutierrez,65.0
bertrand-and-co.-20260407,chat,Rafael Gutierrez,60.0
bertrand-and-co.-20260407,chat,Rafael Gutierrez,50.0
bertrand-and-co.-20260407,chat,Rafael Gutierrez,50.0
bertrand-and-co.-20260407,chat,Rafael Gutierrez,50.0
bertrand-and-co.-20260407,chat,Rafael Gutierrez,89665.0
bertrand-and-co.-20260407,chat,Rafael Gutierrez,50.0
bertrand-and-co.-20260407,chat,Rafael Gutierrez,50.0
bertrand-and-co.-20260407,chat,Rafael Gutierrez,65.0
bertrand-and-co.-20260407,chat,Rafael Gutierrez,57.0
bertrand-and-co.-20260407,chat,Rafael Gutierrez,63.0
bertrand-and-co.-20260407,chat,Rafael Gutierrez,50.0
bertrand-and-co.-20260407,chat,Rafael Gutierrez,50.0
bertrand-and-co.-20260407,chat,Rafael Gutierrez,35.0
bertrand-and-co.-20260407,chat,Rafael Gutierrez,40.0
bertrand-and-co.-20260407,chat,Rafael Gutierrez,255275.0
bertrand-and-co.-20260407,chat,Rafael Gutierrez,130.0
bertrand-and-co.-20260407,chat,Rafael Gutierrez,90.0
bertrand-and-co.-20260407,chat,Rafael Gutierrez,80.0
bertrand-and-co.-20260407,chat,Rafael Gutierrez,110.0
bertrand-and-co.-20260407,chat,Rafael Gutierrez,75.0
bertrand-and-co.-20260407,chat,Rafael Gutierrez,45.0
bertrand-and-co.-20260407,chat,Rafael Gutierrez,85953.0
bertrand-and-co.-20260407,chat,Rafael Gutierrez,142.0
bertrand-and-co.-20260407,chat,Rafael Gutierrez,90.0
bertrand-and-co.-20260407,chat,Rafael Gutierrez,145.0
bertrand-and-co.-20260407,chat,Rafael Gutierrez,150.0
bertrand-and-co.-20260407,chat,Rafael Gutierrez,140.0
bertrand-and-co.-20260407,chat,Rafael Gutierrez,140.0
bertrand-and-co.-20260407,chat,Rafael Gutierrez,85.0
bertrand-and-co.-20260407,chat,Rafael Gutierrez,115.0
bertrand-and-co.-20260407,chat,Amina Nasser,133.0
bertrand-and-co.-20260407,chat,Amina Nasser,79.0
bertrand-and-co.-20260407,chat,Amina Nasser,66.0
bertrand-and-co.-20260407,chat,Amina Nasser,83.0
bertrand-and-co.-20260407,chat,Amina Nasser,214.0
bertrand-and-co.-20260407,chat,Amina Nasser,132.0
bertrand-and-co.-20260407,chat,Amina Nasser,159.0
bertrand-and-co.-20260407,chat,Amina Nasser,127.0
bertrand-and-co.-20260407,chat,Amina Nasser,74.0
bertrand-and-co.-20260407,chat,Amina Nasser,423.0
bertrand-and-co.-20260407,chat,Amina Nasser,423278.0
bertrand-and-co.-20260407,chat,Amina Nasser,165.0
bertrand-and-co.-20260407,chat,Amina Nasser,85.0
bertrand-and-co.-20260407,chat,Amina Nasser,150.0
bertrand-and-co.-20260407,chat,Amina Nasser,80.0
bertrand-and-co.-20260407,chat,Amina Nasser,100.0
bertrand-and-co.-20260407,chat,Amina Nasser,85.0
bertrand-and-co.-20260407,chat,Amina Nasser,125.0
bertrand-and-co.-20260407,chat,Amina Nasser,190.0
bertrand-and-co.-20260407,chat,Amina Nasser,85.0
bertrand-and-co.-20260407,chat,Amina Nasser,85227.0
bertrand-and-co.-20260407,chat,Amina Nasser,130.0
bertrand-and-co.-20260407,chat,Amina Nasser,143.0
bertrand-and-co.-20260407,chat,Amina Nasser,125.0
bertrand-and-co.-20260407,chat,Amina Nasser,110.0
bertrand-and-co.-20260407,chat,Amina Nasser,140.0
bertrand-and-co.-20260407,chat,Amina Nasser,150.0
bertrand-and-co.-20260407,chat,Amina Nasser,95.0
bertrand-and-co.-20260407,chat,Amina Nasser,75.0
bertrand-and-co.-20260407,chat,Amina Nasser,2177.0
bertrand-and-co.-20260407,chat,Amina Nasser,93.0
bertrand-and-co.-20260407,chat,Amina Nasser,155.0
bertrand-and-co.-20260407,chat,Amina Nasser,117.0
bertrand-and-co.-20260407,chat,Amina Nasser,86.0
bertrand-and-co.-20260407,chat,Amina Nasser,111.0
bertrand-and-co.-20260407,chat,Amina Nasser,71.0
bertrand-and-co.-20260407,chat,Amina Nasser,1022.0
bertrand-and-co.-20260407,chat,Amina Nasser,171.0
bertrand-and-co.-20260407,chat,Amina Nasser,120.0
bertrand-and-co.-20260407,chat,Amina Nasser,275840.0
bertrand-and-co.-20260407,chat,Amina Nasser,84.0
bertrand-and-co.-20260407,chat,Amina Nasser,47.0
bertrand-and-co.-20260407,chat,Amina Nasser,56.0
bertrand-and-co.-20260407,chat,Amina Nasser,60.0
bertrand-and-co.-20260407,chat,Amina Nasser,75.0
bertrand-and-co.-20260407,chat,Amina Nasser,62.0
bertrand-and-co.-20260407,chat,Amina Nasser,58.0
bertrand-and-co.-20260407,chat,Amina Nasser,60.0
bertrand-and-co.-20260407,chat,Amina Nasser,50.0
bertrand-and-co.-20260407,chat,Amina Nasser,67645.0
bertrand-and-co.-20260407,chat,Amina Nasser,70.0
bertrand-and-co.-20260407,chat,Amina Nasser,45.0
bertrand-and-co.-20260407,chat,Amina Nasser,50.0
bertrand-and-co.-20260407,chat,Amina Nasser,55.0
bertrand-and-co.-20260407,chat,Amina Nasser,50.0
bertrand-and-co.-20260407,chat,Amina Nasser,55.0
bertrand-and-co.-20260407,chat,Amina Nasser,50.0
bertrand-and-co.-20260407,chat,Amina Nasser,45.0
bertrand-and-co.-20260407,chat,Amina Nasser,45.0
bertrand-and-co.-20260407,chat,Amina Nasser,40.0
bertrand-and-co.-20260407,chat,Amina Nasser,168947.0
bertrand-and-co.-20260407,chat,Amina Nasser,118.0
bertrand-and-co.-20260407,chat,Amina Nasser,62.0
bertrand-and-co.-20260407,chat,Amina Nasser,173.0
bertrand-and-co.-20260407,chat,Amina Nasser,75.0
bertrand-and-co.-20260407,chat,Amina Nasser,85.0
bertrand-and-co.-20260407,chat,Amina Nasser,65.0
bertrand-and-co.-20260407,chat,Amina Nasser,75.0
bertrand-and-co.-20260407,chat,Amina Nasser,65.0
bertrand-and-co.-20260407,chat,Jyoti Mukherjee,90.0
bertrand-and-co.-20260407,chat,Jyoti Mukherjee,132.0
bertrand-and-co.-20260407,chat,Jyoti Mukherjee,174.0
bertrand-and-co.-20260407,chat,Jyoti Mukherjee,197.0
bertrand-and-co.-20260407,chat,Jyoti Mukherjee,174.0
bertrand-and-co.-20260407,chat,Jyoti Mukherjee,133.0
bertrand-and-co.-20260407,chat,Jyoti Mukherjee,78.0
bertrand-and-co.-20260407,chat,Jyoti Mukherjee,258727.0
bertrand-and-co.-20260407,chat,Jyoti Mukherjee,52.0
bertrand-and-co.-20260407,chat,Jyoti Mukherjee,62.0
bertrand-and-co.-20260407,chat,Jyoti Mukherjee,57.0
bertrand-and-co.-20260407,chat,Jyoti Mukherjee,64.0
bertrand-and-co.-20260407,chat,Jyoti Mukherjee,50.0
bertrand-and-co.-20260407,chat,Jyoti Mukherjee,50.0
bertrand-and-co.-20260407,chat,Jyoti Mukherjee,40.0
bertrand-and-co.-20260407,chat,Jyoti Mukherjee,45.0
bertrand-and-co.-20260407,chat,Jyoti Mukherjee,88955.0
bertrand-and-co.-20260407,chat,Jyoti Mukherjee,43.0
bertrand-and-co.-20260407,chat,Jyoti Mukherjee,109.0
bertrand-and-co.-20260407,chat,Jyoti Mukherjee,54.0
bertrand-and-co.-20260407,chat,Jyoti Mukherjee,64.0
bertrand-and-co.-20260407,chat,Jyoti Mukherjee,50.0
bertrand-and-co.-20260407,chat,Jyoti Mukherjee,52.0
bertrand-and-co.-20260407,chat,Jyoti Mukherjee,46.0
bertrand-and-co.-20260407,chat,Jyoti Mukherjee,78869.0
bertrand-and-co.-20260407,chat,Jyoti Mukherjee,130.0
bertrand-and-co.-20260407,chat,Jyoti Mukherjee,101.0
bertrand-and-co.-20260407,chat,Jyoti Mukherjee,175.0
bertrand-and-co.-20260407,chat,Jyoti Mukherjee,92.0
bertrand-and-co.-20260407,chat,Jyoti Mukherjee,92.0
bertrand-and-co.-20260407,chat,Jyoti Mukherjee,85.0
bertrand-and-co.-20260407,chat,Jyoti Mukherjee,77.0
bertrand-and-co.-20260407,chat,Jyoti Mukherjee,1031.0
bertrand-and-co.-20260407,chat,Jyoti Mukherjee,87.0
bertrand-and-co.-20260407,chat,Jyoti Mukherjee,109.0
bertrand-and-co.-20260407,chat,Jyoti Mukherjee,85154.0
bertrand-and-co.-20260407,chat,Jyoti Mukherjee,70.0
bertrand-and-co.-20260407,chat,Jyoti Mukherjee,30.0
bertrand-and-co.-20260407,chat,Jyoti Mukherjee,70.0
bertrand-and-co.-20260407,chat,Jyoti Mukherjee,115.0
bertrand-and-co.-20260407,chat,Jyoti Mukherjee,80.0
bertrand-and-co.-20260407,chat,Jyoti Mukherjee,60.0
bertrand-and-co.-20260407,chat,Jyoti Mukherjee,40.0
bertrand-and-co.-20260407,chat,Jyoti Mukherjee,85850.0
bertrand-and-co.-20260407,chat,Jyoti Mukherjee,130.0
bertrand-and-co.-20260407,chat,Jyoti Mukherjee,140.0
bertrand-and-co.-20260407,chat,Jyoti Mukherjee,90.0
bertrand-and-co.-20260407,chat,Jyoti Mukherjee,155.0
bertrand-and-co.-20260407,chat,Jyoti Mukherjee,150.0
bertrand-and-co.-20260407,chat,Jyoti Mukherjee,160.0
bertrand-and-co.-20260407,chat,Jyoti Mukherjee,100.0
bertrand-and-co.-20260407,chat,Jyoti Mukherjee,125.0
bertrand-and-co.-20260407,chat,jyoti_mukherjee,137.0
bertrand-and-co.-20260407,chat,jyoti_mukherjee,85.0
bertrand-and-co.-20260407,chat,jyoti_mukherjee,207.0
bertrand-and-co.-20260407,chat,jyoti_mukherjee,118.0
bertrand-and-co.-20260407,chat,jyoti_mukherjee,150.0
bertrand-and-co.-20260407,chat,jyoti_mukherjee,90.0
bertrand-and-co.-20260407,chat,jyoti_mukherjee,65.0
bertrand-and-co.-20260407,chat,jyoti_mukherjee,65.0
bertrand-and-co.-20260407,chat,jyoti_mukherjee,254860.0
bertrand-and-co.-20260407,chat,jyoti_mukherjee,165.0
bertrand-and-co.-20260407,chat,jyoti_mukherjee,70.0
bertrand-and-co.-20260407,chat,jyoti_mukherjee,285.0
bertrand-and-co.-20260407,chat,jyoti_mukherjee,80.0
bertrand-and-co.-20260407,chat,jyoti_mukherjee,130.0
bertrand-and-co.-20260407,chat,jyoti_mukherjee,125.0
bertrand-and-co.-20260407,chat,jyoti_mukherjee,135.0
bertrand-and-co.-20260407,chat,jyoti_mukherjee,90.0
bertrand-and-co.-20260407,chat,jyoti_mukherjee,81105.0
bertrand-and-co.-20260407,chat,jyoti_mukherjee,74.0
bertrand-and-co.-20260407,chat,jyoti_mukherjee,71.0
bertrand-and-co.-20260407,chat,jyoti_mukherjee,112.0
bertrand-and-co.-20260407,chat,jyoti_mukherjee,118.0
bertrand-and-co.-20260407,chat,jyoti_mukherjee,125.0
bertrand-and-co.-20260407,chat,jyoti_mukherjee,65.0
bertrand-and-co.-20260407,chat,jyoti_mukherjee,70.0
bertrand-and-co.-20260407,chat,jyoti_mukherjee,320.0
bertrand-and-co.-20260407,chat,jyoti_mukherjee,90.0
bertrand-and-co.-20260407,chat,jyoti_mukherjee,95.0
bertrand-and-co.-20260407,chat,jyoti_mukherjee,262309.0
bertrand-and-co.-20260407,chat,jyoti_mukherjee,74.0
bertrand-and-co.-20260407,chat,jyoti_mukherjee,57.0
bertrand-and-co.-20260407,chat,jyoti_mukherjee,65.0
bertrand-and-co.-20260407,chat,jyoti_mukherjee,71.0
bertrand-and-co.-20260407,chat,jyoti_mukherjee,64.0
bertrand-and-co.-20260407,chat,jyoti_mukherjee,65.0
bertrand-and-co.-20260407,chat,jyoti_mukherjee,65.0
bertrand-and-co.-20260407,chat,jyoti_mukherjee,65.0
bertrand-and-co.-20260407,chat,jyoti_mukherjee,70.0
bertrand-and-co.-20260407,chat,jyoti_mukherjee,85122.0
bertrand-and-co.-20260407,chat,jyoti_mukherjee,50.0
bertrand-and-co.-20260407,chat,jyoti_mukherjee,42.0
bertrand-and-co.-20260407,chat,jyoti_mukherjee,49.0
bertrand-and-co.-20260407,chat,jyoti_mukherjee,52.0
bertrand-and-co.-20260407,chat,jyoti_mukherjee,40.0
bertrand-and-co.-20260407,chat,jyoti_mukherjee,48.0
bertrand-and-co.-20260407,chat,jyoti_mukherjee,55.0
bertrand-and-co.-20260407,chat,jyoti_mukherjee,30.0
bertrand-and-co.-20260407,chat,jyoti_mukherjee,86750.0
bertrand-and-co.-20260407,chat,jyoti_mukherjee,74.0
bertrand-and-co.-20260407,chat,jyoti_mukherjee,75.0
bertrand-and-co.-20260407,chat,jyoti_mukherjee,71.0
bertrand-and-co.-20260407,chat,jyoti_mukherjee,71.0
bertrand-and-co.-20260407,chat,jyoti_mukherjee,51.0
bertrand-and-co.-20260407,chat,jyoti_mukherjee,48.0
bertrand-and-co.-20260407,chat,jyoti_mukherjee,67.0
bertrand-and-co.-20260407,chat,jyoti_mukherjee,45.0
bertrand-and-co.-20260407,chat,rafael_gutierrez,77.0
bertrand-and-co.-20260407,chat,rafael_gutierrez,68.0
bertrand-and-co.-20260407,chat,rafael_gutierrez,115.0
bertrand-and-co.-20260407,chat,rafael_gutierrez,148.0
bertrand-and-co.-20260407,chat,rafael_gutierrez,92.0
bertrand-and-co.-20260407,chat,rafael_gutierrez,145.0
bertrand-and-co.-20260407,chat,rafael_gutierrez,75.0
bertrand-and-co.-20260407,chat,rafael_gutierrez,75.0
bertrand-and-co.-20260407,chat,rafael_gutierrez,254960.0
bertrand-and-co.-20260407,chat,rafael_gutierrez,110.0
bertrand-and-co.-20260407,chat,rafael_gutierrez,80.0
bertrand-and-co.-20260407,chat,rafael_gutierrez,160.0
bertrand-and-co.-20260407,chat,rafael_gutierrez,135.0
bertrand-and-co.-20260407,chat,rafael_gutierrez,125.0
bertrand-and-co.-20260407,chat,rafael_gutierrez,90.0
bertrand-and-co.-20260407,chat,rafael_gutierrez,120.0
bertrand-and-co.-20260407,chat,rafael_gutierrez,130.0
bertrand-and-co.-20260407,chat,rafael_gutierrez,81062.0
bertrand-and-co.-20260407,chat,rafael_gutierrez,138.0
bertrand-and-co.-20260407,chat,rafael_gutierrez,75.0
bertrand-and-co.-20260407,chat,rafael_gutierrez,210.0
bertrand-and-co.-20260407,chat,rafael_gutierrez,125.0
bertrand-and-co.-20260407,chat,rafael_gutierrez,85.0
bertrand-and-co.-20260407,chat,rafael_gutierrez,50.0
bertrand-and-co.-20260407,chat,rafael_gutierrez,85.0
bertrand-and-co.-20260407,chat,rafael_gutierrez,325.0
bertrand-and-co.-20260407,chat,rafael_gutierrez,95.0
bertrand-and-co.-20260407,chat,rafael_gutierrez,70.0
bertrand-and-co.-20260407,chat,rafael_gutierrez,262315.0
bertrand-and-co.-20260407,chat,rafael_gutierrez,65.0
bertrand-and-co.-20260407,chat,rafael_gutierrez,80.0
bertrand-and-co.-20260407,chat,rafael_gutierrez,52.0
bertrand-and-co.-20260407,chat,rafael_gutierrez,68.0
bertrand-and-co.-20260407,chat,rafael_gutierrez,70.0
bertrand-and-co.-20260407,chat,rafael_gutierrez,65.0
bertrand-and-co.-20260407,chat,rafael_gutierrez,65.0
bertrand-and-co.-20260407,chat,rafael_gutierrez,65.0
bertrand-and-co.-20260407,chat,rafael_gutierrez,50.0
bertrand-and-co.-20260407,chat,rafael_gutierrez,85080.0
bertrand-and-co.-20260407,chat,rafael_gutierrez,55.0
bertrand-and-co.-20260407,chat,rafael_gutierrez,45.0
bertrand-and-co.-20260407,chat,rafael_gutierrez,45.0
bertrand-and-co.-20260407,chat,rafael_gutierrez,52.0
bertrand-and-co.-20260407,chat,rafael_gutierrez,48.0
bertrand-and-co.-20260407,chat,rafael_gutierrez,47.0
bertrand-and-co.-20260407,chat,rafael_gutierrez,45.0
bertrand-and-co.-20260407,chat,rafael_gutierrez,43.0
bertrand-and-co.-20260407,chat,rafael_gutierrez,86718.0
bertrand-and-co.-20260407,chat,rafael_gutierrez,92.0
bertrand-and-co.-20260407,chat,rafael_gutierrez,69.0
bertrand-and-co.-20260407,chat,rafael_gutierrez,67.0
bertrand-and-co.-20260407,chat,rafael_gutierrez,80.0
bertrand-and-co.-20260407,chat,rafael_gutierrez,54.0
bertrand-and-co.-20260407,chat,rafael_gutierrez,47.0
bertrand-and-co.-20260407,chat,rafael_gutierrez,58.0
bertrand-and-co.-20260407,chat,rafael_gutierrez,58.0
bertrand-and-co.-20260407,chat,rafael_gutierrez,36.0
bertrand-and-co.-20260407,chat,rafael_gutierrez,85698.0
bertrand-and-co.-20260407,chat,rafael_gutierrez,61.0
bertrand-and-co.-20260407,chat,rafael_gutierrez,51.0
bertrand-and-co.-20260407,chat,rafael_gutierrez,54.0
bertrand-and-co.-20260407,chat,rafael_gutierrez,47.0
bertrand-and-co.-20260407,chat,rafael_gutierrez,49.0
bertrand-and-co.-20260407,chat,rafael_gutierrez,44.0
bertrand-and-co.-20260407,chat,rafael_gutierrez,57.0
bertrand-and-co.-20260407,chat,rafael_gutierrez,50.0
bertrand-and-co.-20260407,chat,rafael_gutierrez,37.0
bertrand-and-co.-20260407,chat,rafael_gutierrez,82540.0
bertrand-and-co.-20260407,chat,rafael_gutierrez,78.0
bertrand-and-co.-20260407,chat,rafael_gutierrez,75.0
bertrand-and-co.-20260407,chat,rafael_gutierrez,200.0
bertrand-and-co.-20260407,chat,rafael_gutierrez,115.0
bertrand-and-co.-20260407,chat,rafael_gutierrez,135.0
bertrand-and-co.-20260407,chat,rafael_gutierrez,90.0
bertrand-and-co.-20260407,chat,rafael_gutierrez,85.0
bertrand-and-co.-20260407,chat,rafael_gutierrez,110.0
bertrand-and-co.-20260407,chat,rafael_gutierrez,80.0
bertrand-and-co.-20260407,chat,mosi_kabongo,90.0
bertrand-and-co.-20260407,chat,mosi_kabongo,53.0
bertrand-and-co.-20260407,chat,mosi_kabongo,67.0
bertrand-and-co.-20260407,chat,mosi_kabongo,65.0
bertrand-and-co.-20260407,chat,mosi_kabongo,65.0
bertrand-and-co.-20260407,chat,mosi_kabongo,60.0
bertrand-and-co.-20260407,chat,mosi_kabongo,50.0
bertrand-and-co.-20260407,chat,mosi_kabongo,45.0
bertrand-and-co.-20260407,chat,mosi_kabongo,50.0
bertrand-and-co.-20260407,chat,mosi_kabongo,45.0
bertrand-and-co.-20260407,chat,mosi_kabongo,82840.0
bertrand-and-co.-20260407,chat,mosi_kabongo,40.0
bertrand-and-co.-20260407,chat,mosi_kabongo,53.0
bertrand-and-co.-20260407,chat,mosi_kabongo,56.0
bertrand-and-co.-20260407,chat,mosi_kabongo,66.0
bertrand-and-co.-20260407,chat,mosi_kabongo,470.0
bertrand-and-co.-20260407,chat,mosi_kabongo,62.0
bertrand-and-co.-20260407,chat,mosi_kabongo,35.0
bertrand-and-co.-20260407,chat,mosi_kabongo,598.0
bertrand-and-co.-20260407,chat,mosi_kabongo,106722.0
bertrand-and-co.-20260407,chat,mosi_kabongo,65.0
bertrand-and-co.-20260407,chat,mosi_kabongo,33.0
bertrand-and-co.-20260407,chat,mosi_kabongo,70.0
bertrand-and-co.-20260407,chat,mosi_kabongo,55.0
bertrand-and-co.-20260407,chat,mosi_kabongo,52.0
bertrand-and-co.-20260407,chat,mosi_kabongo,53.0
bertrand-and-co.-20260407,chat,mosi_kabongo,54.0
bertrand-and-co.-20260407,chat,mosi_kabongo,46.0
bertrand-and-co.-20260407,chat,mosi_kabongo,254605.0
bertrand-and-co.-20260407,chat,mosi_kabongo,105.0
bertrand-and-co.-20260407,chat,mosi_kabongo,60.0
bertrand-and-co.-20260407,chat,mosi_kabongo,40.0
bertrand-and-co.-20260407,chat,mosi_kabongo,65.0
bertrand-and-co.-20260407,chat,mosi_kabongo,60.0
bertrand-and-co.-20260407,chat,mosi_kabongo,50.0
bertrand-and-co.-20260407,chat,mosi_kabongo,50.0
bertrand-and-co.-20260407,chat,mosi_kabongo,55.0
bertrand-and-co.-20260407,chat,mosi_kabongo,55.0
bertrand-and-co.-20260407,chat,mosi_kabongo,40.0
bertrand-and-co.-20260407,chat,mosi_kabongo,64820.0
bertrand-and-co.-20260407,chat,mosi_kabongo,155.0
bertrand-and-co.-20260407,chat,mosi_kabongo,190.0
bertrand-and-co.-20260407,chat,mosi_kabongo,185.0
bertrand-and-co.-20260407,chat,mosi_kabongo,135.0
bertrand-and-co.-20260407,chat,mosi_kabongo,175.0
bertrand-and-co.-20260407,chat,mosi_kabongo,150.0
bertrand-and-co.-20260407,chat,mosi_kabongo,205.0
bertrand-and-co.-20260407,chat,mosi_kabongo,135.0
bertrand-and-co.-20260407,chat,mosi_kabongo,261357.0
bertrand-and-co.-20260407,chat,mosi_kabongo,35.0
bertrand-and-co.-20260407,chat,mosi_kabongo,52.0
bertrand-and-co.-20260407,chat,mosi_kabongo,43.0
bertrand-and-co.-20260407,chat,mosi_kabongo,70.0
bertrand-and-co.-20260407,chat,mosi_kabongo,41.0
bertrand-and-co.-20260407,chat,mosi_kabongo,34.0
bertrand-and-co.-20260407,chat,mosi_kabongo,40.0
bertrand-and-co.-20260407,chat,mosi_kabongo,33.0
bertrand-and-co.-20260407,chat,mosi_kabongo,168890.0
bertrand-and-co.-20260407,chat,mosi_kabongo,78.0
bertrand-and-co.-20260407,chat,mosi_kabongo,74.0
bertrand-and-co.-20260407,chat,mosi_kabongo,75.0
bertrand-and-co.-20260407,chat,mosi_kabongo,56.0
bertrand-and-co.-20260407,chat,mosi_kabongo,61.0
bertrand-and-co.-20260407,chat,mosi_kabongo,78.0
bertrand-and-co.-20260407,chat,mosi_kabongo,58.0
bertrand-and-co.-20260407,chat,mosi_kabongo,76.0
bertrand-and-co.-20260407,chat,mosi_kabongo,3014.0
bertrand-and-co.-20260407,chat,mosi_kabongo,110.0
bertrand-and-co.-20260407,chat,mosi_kabongo,65.0
bertrand-and-co.-20260407,chat,mosi_kabongo,110.0
bertrand-and-co.-20260407,chat,mosi_kabongo,75.0
bertrand-and-co.-20260407,chat,mosi_kabongo,115.0
bertrand-and-co.-20260407,chat,mosi_kabongo,130.0
bertrand-and-co.-20260407,chat,mosi_kabongo,22.0
bertrand-and-co.-20260407,chat,mosi_kabongo,37.0
bertrand-and-co.-20260407,chat,mosi_kabongo,41.0
bertrand-and-co.-20260407,chat,mosi_kabongo,5.0
bertrand-and-co.-20260407,chat,mosi_kabongo,43.0
bertrand-and-co.-20260407,chat,mosi_kabongo,34.0
bertrand-and-co.-20260407,chat,mosi_kabongo,39.0
bertrand-and-co.-20260407,chat,mosi_kabongo,9.0
bertrand-and-co.-20260407,chat,mosi_kabongo,30.0
bertrand-and-co.-20260407,chat,mosi_kabongo,35.0
bertrand-and-co.-20260407,chat,mosi_kabongo,30.0
bertrand-and-co.-20260407,chat,mosi_kabongo,20.0
bertrand-and-co.-20260407,chat,mosi_kabongo,130.0
bertrand-and-co.-20260407,chat,mosi_kabongo,115.0
bertrand-and-co.-20260407,chat,takeshi_kimura,79.0
bertrand-and-co.-20260407,chat,takeshi_kimura,49.0
bertrand-and-co.-20260407,chat,takeshi_kimura,63.0
bertrand-and-co.-20260407,chat,takeshi_kimura,72.0
bertrand-and-co.-20260407,chat,takeshi_kimura,66.0
bertrand-and-co.-20260407,chat,takeshi_kimura,50.0
bertrand-and-co.-20260407,chat,takeshi_kimura,50.0
bertrand-and-co.-20260407,chat,takeshi_kimura,45.0
bertrand-and-co.-20260407,chat,takeshi_kimura,45.0
bertrand-and-co.-20260407,chat,takeshi_kimura,511470.0
bertrand-and-co.-20260407,chat,takeshi_kimura,170.0
bertrand-and-co.-20260407,chat,takeshi_kimura,195.0
bertrand-and-co.-20260407,chat,takeshi_kimura,175.0
bertrand-and-co.-20260407,chat,takeshi_kimura,140.0
bertrand-and-co.-20260407,chat,takeshi_kimura,195.0
bertrand-and-co.-20260407,chat,takeshi_kimura,150.0
bertrand-and-co.-20260407,chat,takeshi_kimura,185.0
bertrand-and-co.-20260407,chat,takeshi_kimura,2387.0
bertrand-and-co.-20260407,chat,takeshi_kimura,75.0
bertrand-and-co.-20260407,chat,takeshi_kimura,50.0
bertrand-and-co.-20260407,chat,takeshi_kimura,126.0
bertrand-and-co.-20260407,chat,takeshi_kimura,54.0
bertrand-and-co.-20260407,chat,takeshi_kimura,49.0
bertrand-and-co.-20260407,chat,takeshi_kimura,80.0
bertrand-and-co.-20260407,chat,takeshi_kimura,77.0
bertrand-and-co.-20260407,chat,takeshi_kimura,57.0
bertrand-and-co.-20260407,chat,takeshi_kimura,258430.0
bertrand-and-co.-20260407,chat,takeshi_kimura,39.0
bertrand-and-co.-20260407,chat,takeshi_kimura,45.0
bertrand-and-co.-20260407,chat,takeshi_kimura,48.0
bertrand-and-co.-20260407,chat,takeshi_kimura,33.0
bertrand-and-co.-20260407,chat,takeshi_kimura,32.0
bertrand-and-co.-20260407,chat,takeshi_kimura,43.0
bertrand-and-co.-20260407,chat,takeshi_kimura,39.0
bertrand-and-co.-20260407,chat,takeshi_kimura,41.0
bertrand-and-co.-20260407,chat,takeshi_kimura,35.0
bertrand-and-co.-20260407,chat,takeshi_kimura,3450.0
bertrand-and-co.-20260407,chat,takeshi_kimura,62.0
bertrand-and-co.-20260407,chat,takeshi_kimura,63.0
bertrand-and-co.-20260407,chat,takeshi_kimura,50.0
bertrand-and-co.-20260407,chat,takeshi_kimura,90.0
bertrand-and-co.-20260407,chat,takeshi_kimura,65.0
bertrand-and-co.-20260407,chat,takeshi_kimura,50.0
bertrand-and-co.-20260407,chat,takeshi_kimura,75.0
bertrand-and-co.-20260407,chat,takeshi_kimura,55.0
bertrand-and-co.-20260407,chat,amina_nasser,70.0
bertrand-and-co.-20260407,chat,amina_nasser,52.0
bertrand-and-co.-20260407,chat,amina_nasser,58.0
bertrand-and-co.-20260407,chat,amina_nasser,65.0
bertrand-and-co.-20260407,chat,amina_nasser,35.0
bertrand-and-co.-20260407,chat,amina_nasser,475.0
bertrand-and-co.-20260407,chat,amina_nasser,55.0
bertrand-and-co.-20260407,chat,amina_nasser,580.0
bertrand-and-co.-20260407,chat,amina_nasser,60.0
bertrand-and-co.-20260407,chat,amina_nasser,106670.0
bertrand-and-co.-20260407,chat,amina_nasser,70.0
bertrand-and-co.-20260407,chat,amina_nasser,90.0
bertrand-and-co.-20260407,chat,amina_nasser,67.0
bertrand-and-co.-20260407,chat,amina_nasser,48.0
bertrand-and-co.-20260407,chat,amina_nasser,50.0
bertrand-and-co.-20260407,chat,amina_nasser,55.0
bertrand-and-co.-20260407,chat,amina_nasser,54.0
bertrand-and-co.-20260407,chat,amina_nasser,36.0
bertrand-and-co.-20260407,chat,amina_nasser,254662.0
bertrand-and-co.-20260407,chat,amina_nasser,58.0
bertrand-and-co.-20260407,chat,amina_nasser,53.0
bertrand-and-co.-20260407,chat,amina_nasser,58.0
bertrand-and-co.-20260407,chat,amina_nasser,64.0
bertrand-and-co.-20260407,chat,amina_nasser,50.0
bertrand-and-co.-20260407,chat,amina_nasser,50.0
bertrand-and-co.-20260407,chat,amina_nasser,55.0
bertrand-and-co.-20260407,chat,amina_nasser,50.0
bertrand-and-co.-20260407,chat,amina_nasser,55.0
bertrand-and-co.-20260407,chat,amina_nasser,68467.0
bertrand-and-co.-20260407,chat,amina_nasser,73.0
bertrand-and-co.-20260407,chat,amina_nasser,70.0
bertrand-and-co.-20260407,chat,amina_nasser,68.0
bertrand-and-co.-20260407,chat,amina_nasser,96.0
bertrand-and-co.-20260407,chat,amina_nasser,54.0
bertrand-and-co.-20260407,chat,amina_nasser,72.0
bertrand-and-co.-20260407,chat,amina_nasser,77.0
bertrand-and-co.-20260407,chat,amina_nasser,68.0
bertrand-and-co.-20260407,chat,amina_nasser,262222.0
bertrand-and-co.-20260407,chat,amina_nasser,73.0
bertrand-and-co.-20260407,chat,amina_nasser,65.0
bertrand-and-co.-20260407,chat,amina_nasser,40.0
bertrand-and-co.-20260407,chat,amina_nasser,65.0
bertrand-and-co.-20260407,chat,amina_nasser,35.0
bertrand-and-co.-20260407,chat,amina_nasser,55.0
bertrand-and-co.-20260407,chat,amina_nasser,55.0
bertrand-and-co.-20260407,chat,amina_nasser,70.0
bertrand-and-co.-20260407,chat,amina_nasser,65.0
bertrand-and-co.-20260407,chat,amina_nasser,45.0
bertrand-and-co.-20260407,chat,amina_nasser,168420.0
bertrand-and-co.-20260407,chat,amina_nasser,150.0
bertrand-and-co.-20260407,chat,amina_nasser,70.0
bertrand-and-co.-20260407,chat,amina_nasser,105.0
bertrand-and-co.-20260407,chat,amina_nasser,85.0
bertrand-and-co.-20260407,chat,amina_nasser,75.0
bertrand-and-co.-20260407,chat,amina_nasser,115.0
bertrand-and-co.-20260407,chat,amina_nasser,130.0
bertrand-and-co.-20260407,chat,amina_nasser,100.0
bertrand-and-co.-20260407,chat,amina_nasser,130.0
bertrand-and-co.-20260407,chat,amina_nasser,120.0
bertrand-and-co.-20260407,chat,amina_nasser,120.0
bertrand-and-co.-20260407,chat,Markus Schmidt,71.0
bertrand-and-co.-20260407,chat,Markus Schmidt,53.0
bertrand-and-co.-20260407,chat,Markus Schmidt,50.0
bertrand-and-co.-20260407,chat,Markus Schmidt,47.0
bertrand-and-co.-20260407,chat,Markus Schmidt,48.0
bertrand-and-co.-20260407,chat,Markus Schmidt,46.0
bertrand-and-co.-20260407,chat,Markus Schmidt,46.0
bertrand-and-co.-20260407,chat,Markus Schmidt,46.0
bertrand-and-co.-20260407,chat,Markus Schmidt,41.0
bertrand-and-co.-20260407,chat,Markus Schmidt,175459.0
bertrand-and-co.-20260407,chat,Markus Schmidt,131.0
bertrand-and-co.-20260407,chat,Markus Schmidt,100.0
bertrand-and-co.-20260407,chat,Markus Schmidt,70.0
bertrand-and-co.-20260407,chat,Markus Schmidt,101.0
bertrand-and-co.-20260407,chat,Markus Schmidt,117.0
bertrand-and-co.-20260407,chat,Markus Schmidt,162.0
bertrand-and-co.-20260407,chat,Markus Schmidt,73.0
bertrand-and-co.-20260407,chat,Markus Schmidt,70.0
bertrand-and-co.-20260407,chat,Markus Schmidt,78910.0
bertrand-and-co.-20260407,chat,Markus Schmidt,90.0
bertrand-and-co.-20260407,chat,Markus Schmidt,80.0
bertrand-and-co.-20260407,chat,Markus Schmidt,65.0
bertrand-and-co.-20260407,chat,Markus Schmidt,80.0
bertrand-and-co.-20260407,chat,Markus Schmidt,45.0
bertrand-and-co.-20260407,chat,Markus Schmidt,70.0
bertrand-and-co.-20260407,chat,Markus Schmidt,85310.0
bertrand-and-co.-20260407,chat,Markus Schmidt,116.0
bertrand-and-co.-20260407,chat,Markus Schmidt,121.0
bertrand-and-co.-20260407,chat,Markus Schmidt,75.0
bertrand-and-co.-20260407,chat,Markus Schmidt,48.0
bertrand-and-co.-20260407,chat,Markus Schmidt,93.0
bertrand-and-co.-20260407,chat,Markus Schmidt,84.0
bertrand-and-co.-20260407,chat,Markus Schmidt,98.0
bertrand-and-co.-20260407,chat,Markus Schmidt,58.0
bertrand-and-co.-20260407,chat,Markus Schmidt,49.0
bertrand-and-co.-20260407,chat,Yolanda Silva,63.0
bertrand-and-co.-20260407,chat,Yolanda Silva,72.0
bertrand-and-co.-20260407,chat,Yolanda Silva,53.0
bertrand-and-co.-20260407,chat,Yolanda Silva,50.0
bertrand-and-co.-20260407,chat,Yolanda Silva,50.0
bertrand-and-co.-20260407,chat,Yolanda Silva,45.0
bertrand-and-co.-20260407,chat,Yolanda Silva,125105.0
bertrand-and-co.-20260407,chat,Yolanda Silva,50.0
bertrand-and-co.-20260407,chat,Yolanda Silva,50.0
bertrand-and-co.-20260407,chat,Yolanda Silva,47.0
bertrand-and-co.-20260407,chat,Yolanda Silva,51.0
bertrand-and-co.-20260407,chat,Yolanda Silva,52.0
bertrand-and-co.-20260407,chat,Yolanda Silva,45.0
bertrand-and-co.-20260407,chat,Yolanda Silva,53613.0
bertrand-and-co.-20260407,chat,Yolanda Silva,59.0
bertrand-and-co.-20260407,chat,Yolanda Silva,43.0
bertrand-and-co.-20260407,chat,Yolanda Silva,113.0
bertrand-and-co.-20260407,chat,Yolanda Silva,55.0
bertrand-and-co.-20260407,chat,Yolanda Silva,54.0
bertrand-and-co.-20260407,chat,Yolanda Silva,53.0
bertrand-and-co.-20260407,chat,Yolanda Silva,51.0
bertrand-and-co.-20260407,chat,Yolanda Silva,38.0
bertrand-and-co.-20260407,chat,Yolanda Silva,76006.0
bertrand-and-co.-20260407,chat,Yolanda Silva,165.0
bertrand-and-co.-20260407,chat,Yolanda Silva,60.0
bertrand-and-co.-20260407,chat,Yolanda Silva,360.0
bertrand-and-co.-20260407,chat,Yolanda Silva,195.0
bertrand-and-co.-20260407,chat,Yolanda Silva,85.0
bertrand-and-co.-20260407,chat,Yolanda Silva,80.0
bertrand-and-co.-20260407,chat,Yolanda Silva,150.0
bertrand-and-co.-20260407,chat,Yolanda Silva,130.0
bertrand-and-co.-20260407,chat,Yolanda Silva,80.0
bertrand-and-co.-20260407,chat,Yolanda Silva,174880.0
bertrand-and-co.-20260407,chat,Yolanda Silva,72.0
bertrand-and-co.-20260407,chat,Yolanda Silva,68.0
bertrand-and-co.-20260407,chat,Yolanda Silva,74.0
bertrand-and-co.-20260407,chat,Yolanda Silva,56.0
bertrand-and-co.-20260407,chat,Yolanda Silva,70.0
bertrand-and-co.-20260407,chat,Takeshi Kimura,67.0
bertrand-and-co.-20260407,chat,Takeshi Kimura,78.0
bertrand-and-co.-20260407,chat,Takeshi Kimura,91.0
bertrand-and-co.-20260407,chat,Takeshi Kimura,68.0
bertrand-and-co.-20260407,chat,Takeshi Kimura,65.0
bertrand-and-co.-20260407,chat,Takeshi Kimura,53.0
bertrand-and-co.-20260407,chat,Takeshi Kimura,45367.0
bertrand-and-co.-20260407,chat,Takeshi Kimura,138.0
bertrand-and-co.-20260407,chat,Takeshi Kimura,115.0
bertrand-and-co.-20260407,chat,Takeshi Kimura,110.0
bertrand-and-co.-20260407,chat,Takeshi Kimura,110.0
bertrand-and-co.-20260407,chat,Takeshi Kimura,75.0
bertrand-and-co.-20260407,chat,Takeshi Kimura,130.0
bertrand-and-co.-20260407,chat,Takeshi Kimura,150.0
bertrand-and-co.-20260407,chat,Takeshi Kimura,125.0
bertrand-and-co.-20260407,chat,Takeshi Kimura,70.0
bertrand-and-co.-20260407,chat,Takeshi Kimura,9163.0
bertrand-and-co.-20260407,chat,Takeshi Kimura,107.0
bertrand-and-co.-20260407,chat,Takeshi Kimura,65.0
bertrand-and-co.-20260407,chat,Takeshi Kimura,85.0
bertrand-and-co.-20260407,chat,Takeshi Kimura,119.0
bertrand-and-co.-20260407,chat,Takeshi Kimura,134.0
bertrand-and-co.-20260407,chat,Takeshi Kimura,102.0
bertrand-and-co.-20260407,chat,Takeshi Kimura,80.0
bertrand-and-co.-20260407,chat,Takeshi Kimura,70.0
bertrand-and-co.-20260407,chat,Takeshi Kimura,75200.0
bertrand-and-co.-20260407,chat,Takeshi Kimura,157.0
bertrand-and-co.-20260407,chat,Takeshi Kimura,93.0
bertrand-and-co.-20260407,chat,Takeshi Kimura,140.0
bertrand-and-co.-20260407,chat,Takeshi Kimura,115.0
bertrand-and-co.-20260407,chat,Takeshi Kimura,100.0
bertrand-and-co.-20260407,chat,Takeshi Kimura,70.0
bertrand-and-co.-20260407,chat,Takeshi Kimura,117.0
bertrand-and-co.-20260407,chat,Takeshi Kimura,126.0
bertrand-and-co.-20260407,chat,Takeshi Kimura,92.0
bertrand-and-co.-20260407,chat,Takeshi Kimura,60.0
bertrand-and-co.-20260407,chat,Takeshi Kimura,279975.0
bertrand-and-co.-20260407,chat,Takeshi Kimura,65.0
bertrand-and-co.-20260407,chat,Takeshi Kimura,55.0
bertrand-and-co.-20260407,chat,Takeshi Kimura,57.0
bertrand-and-co.-20260407,chat,Takeshi Kimura,68.0
bertrand-and-co.-20260407,chat,Takeshi Kimura,65.0
bertrand-and-co.-20260407,chat,Takeshi Kimura,55.0
bertrand-and-co.-20260407,chat,Takeshi Kimura,62.0
bertrand-and-co.-20260407,chat,Takeshi Kimura,58.0
bertrand-and-co.-20260407,chat,Takeshi Kimura,50.0
bertrand-and-co.-20260407,chat,Takeshi Kimura,67655.0
bertrand-and-co.-20260407,chat,Takeshi Kimura,60.0
bertrand-and-co.-20260407,chat,Takeshi Kimura,45.0
bertrand-and-co.-20260407,chat,Takeshi Kimura,50.0
bertrand-and-co.-20260407,chat,Takeshi Kimura,55.0
bertrand-and-co.-20260407,chat,Takeshi Kimura,55.0
bertrand-and-co.-20260407,chat,Takeshi Kimura,50.0
bertrand-and-co.-20260407,chat,Takeshi Kimura,45.0
bertrand-and-co.-20260407,chat,Takeshi Kimura,45.0
bertrand-and-co.-20260407,chat,Takeshi Kimura,50.0
bertrand-and-co.-20260407,chat,Takeshi Kimura,3180.0
bertrand-and-co.-20260407,chat,Takeshi Kimura,52.0
bertrand-and-co.-20260407,chat,Takeshi Kimura,93.0
bertrand-and-co.-20260407,chat,Takeshi Kimura,50.0
bertrand-and-co.-20260407,chat,Takeshi Kimura,55.0
bertrand-and-co.-20260407,chat,Takeshi Kimura,55.0
bertrand-and-co.-20260407,chat,Takeshi Kimura,45.0
bertrand-and-co.-20260407,chat,Takeshi Kimura,50.0
bertrand-and-co.-20260407,chat,Takeshi Kimura,50.0
bertrand-and-co.-20260407,chat,leena_patel,165.0
bertrand-and-co.-20260407,chat,leena_patel,200.0
bertrand-and-co.-20260407,chat,leena_patel,172.0
bertrand-and-co.-20260407,chat,leena_patel,178.0
bertrand-and-co.-20260407,chat,leena_patel,190.0
bertrand-and-co.-20260407,chat,leena_patel,180.0
bertrand-and-co.-20260407,chat,leena_patel,160.0
bertrand-and-co.-20260407,chat,leena_patel,603304.0
bertrand-and-co.-20260407,chat,leena_patel,55.0
bertrand-and-co.-20260407,chat,leena_patel,56.0
bertrand-and-co.-20260407,chat,leena_patel,56.0
bertrand-and-co.-20260407,chat,leena_patel,51.0
bertrand-and-co.-20260407,chat,leena_patel,45.0
bertrand-and-co.-20260407,chat,leena_patel,48.0
bertrand-and-co.-20260407,chat,leena_patel,55.0
bertrand-and-co.-20260407,chat,leena_patel,50.0
bertrand-and-co.-20260407,chat,leena_patel,47.0
bertrand-and-co.-20260407,chat,wei_huang,87.0
bertrand-and-co.-20260407,chat,wei_huang,80.0
bertrand-and-co.-20260407,chat,wei_huang,65.0
bertrand-and-co.-20260407,chat,wei_huang,57.0
bertrand-and-co.-20260407,chat,wei_huang,61.0
bertrand-and-co.-20260407,chat,wei_huang,71.0
bertrand-and-co.-20260407,chat,wei_huang,65.0
bertrand-and-co.-20260407,chat,wei_huang,66.0
bertrand-and-co.-20260407,group_chat,Amina Nasser,68.0
bertrand-and-co.-20260407,group_chat,Amina Nasser,77.0
bertrand-and-co.-20260407,group_chat,Amina Nasser,53.0
bertrand-and-co.-20260407,group_chat,Amina Nasser,55.0
bertrand-and-co.-20260407,group_chat,Amina Nasser,85.0
bertrand-and-co.-20260407,group_chat,Amina Nasser,3555.0
bertrand-and-co.-20260407,group_chat,Amina Nasser,125.0
bertrand-and-co.-20260407,group_chat,Amina Nasser,50.0
bertrand-and-co.-20260407,group_chat,Amina Nasser,100.0
bertrand-and-co.-20260407,group_chat,Amina Nasser,80.0
bertrand-and-co.-20260407,group_chat,Amina Nasser,13860.0
bertrand-and-co.-20260407,group_chat,Amina Nasser,230.0
bertrand-and-co.-20260407,group_chat,Amina Nasser,210.0
bertrand-and-co.-20260407,group_chat,Amina Nasser,90.0
bertrand-and-co.-20260407,group_chat,Amina Nasser,115.0
bertrand-and-co.-20260407,group_chat,Amina Nasser,330.0
bertrand-and-co.-20260407,group_chat,Amina Nasser,175.0
bertrand-and-co.-20260407,group_chat,Amina Nasser,70888.0
bertrand-and-co.-20260407,group_chat,Amina Nasser,97.0
bertrand-and-co.-20260407,group_chat,Amina Nasser,120.0
bertrand-and-co.-20260407,group_chat,Amina Nasser,168.0
bertrand-and-co.-20260407,group_chat,Amina Nasser,13978.0
bertrand-and-co.-20260407,group_chat,Amina Nasser,189.0
bertrand-and-co.-20260407,group_chat,Amina Nasser,297.0
bertrand-and-co.-20260407,group_chat,Amina Nasser,67697.0
bertrand-and-co.-20260407,group_chat,Amina Nasser,231.0
bertrand-and-co.-20260407,group_chat,Amina Nasser,55.0
bertrand-and-co.-20260407,group_chat,Amina Nasser,130.0
bertrand-and-co.-20260407,group_chat,Amina Nasser,15.0
bertrand-and-co.-20260407,group_chat,Amina Nasser,163.0
bertrand-and-co.-20260407,group_chat,Amina Nasser,3134.0
bertrand-and-co.-20260407,group_chat,Amina Nasser,46.0
bertrand-and-co.-20260407,group_chat,Amina Nasser,89.0
bertrand-and-co.-20260407,group_chat,Amina Nasser,118.0
bertrand-and-co.-20260407,group_chat,Amina Nasser,70.0
bertrand-and-co.-20260407,group_chat,Amina Nasser,86075.0
bertrand-and-co.-20260407,group_chat,Amina Nasser,150.0
bertrand-and-co.-20260407,group_chat,Amina Nasser,125.0
bertrand-and-co.-20260407,group_chat,Amina Nasser,140.0
bertrand-and-co.-20260407,group_chat,Amina Nasser,14027.0
bertrand-and-co.-20260407,group_chat,Amina Nasser,190.0
bertrand-and-co.-20260407,group_chat,Amina Nasser,203.0
bertrand-and-co.-20260407,group_chat,Amina Nasser,157.0
bertrand-and-co.-20260407,group_chat,Amina Nasser,128.0
bertrand-and-co.-20260407,group_chat,Amina Nasser,95.0
bertrand-and-co.-20260407,group_chat,Amina Nasser,67510.0
bertrand-and-co.-20260407,group_chat,Amina Nasser,90.0
bertrand-and-co.-20260407,group_chat,Amina Nasser,113.0
bertrand-and-co.-20260407,group_chat,Amina Nasser,92.0
bertrand-and-co.-20260407,group_chat,Amina Nasser,55.0
bertrand-and-co.-20260407,group_chat,Amina Nasser,3250.0
bertrand-and-co.-20260407,group_chat,Amina Nasser,215.0
bertrand-and-co.-20260407,group_chat,Amina Nasser,205.0
bertrand-and-co.-20260407,group_chat,Amina Nasser,135.0
bertrand-and-co.-20260407,group_chat,Amina Nasser,60.0
bertrand-and-co.-20260407,group_chat,Amina Nasser,110.0
bertrand-and-co.-20260407,group_chat,Amina Nasser,85912.0
bertrand-and-co.-20260407,group_chat,Amina Nasser,223.0
bertrand-and-co.-20260407,group_chat,Amina Nasser,175.0
bertrand-and-co.-20260407,group_chat,Amina Nasser,215.0
bertrand-and-co.-20260407,group_chat,Amina Nasser,145.0
bertrand-and-co.-20260407,group_chat,Amina Nasser,145.0
bertrand-and-co.-20260407,group_chat,Amina Nasser,55.0
bertrand-and-co.-20260407,group_chat,Amina Nasser,13320.0
bertrand-and-co.-20260407,group_chat,Amina Nasser,180.0
bertrand-and-co.-20260407,group_chat,Amina Nasser,165.0
bertrand-and-co.-20260407,group_chat,Amina Nasser,135.0
bertrand-and-co.-20260407,group_chat,Amina Nasser,172164.0
bertrand-and-co.-20260407,group_chat,Amina Nasser,56.0
bertrand-and-co.-20260407,group_chat,Amina Nasser,40.0
bertrand-and-co.-20260407,group_chat,Amina Nasser,10.0
bertrand-and-co.-20260407,group_chat,Amina Nasser,50.0
bertrand-and-co.-20260407,group_chat,Amina Nasser,15.0
bertrand-and-co.-20260407,group_chat,Amina Nasser,60.0
bertrand-and-co.-20260407,group_chat,Amina Nasser,5.0
bertrand-and-co.-20260407,group_chat,Amina Nasser,40.0
bertrand-and-co.-20260407,group_chat,Amina Nasser,60.0
bertrand-and-co.-20260407,group_chat,Amina Nasser,35.0
bertrand-and-co.-20260407,group_chat,Amina Nasser,68780.0
bertrand-and-co.-20260407,group_chat,Amina Nasser,195.0
bertrand-and-co.-20260407,group_chat,Amina Nasser,120.0
bertrand-and-co.-20260407,group_chat,Amina Nasser,520.0
bertrand-and-co.-20260407,group_chat,Amina Nasser,90.0
bertrand-and-co.-20260407,group_chat,Amina Nasser,16475.0
bertrand-and-co.-20260407,group_chat,Amina Nasser,17.0
bertrand-and-co.-20260407,group_chat,Amina Nasser,103.0
bertrand-and-co.-20260407,group_chat,Amina Nasser,125.0
bertrand-and-co.-20260407,group_chat,Amina Nasser,75.0
bertrand-and-co.-20260407,group_chat,Amina Nasser,20.0
bertrand-and-co.-20260407,group_chat,Amina Nasser,85.0
bertrand-and-co.-20260407,group_chat,Amina Nasser,85865.0
bertrand-and-co.-20260407,group_chat,Amina Nasser,104.0
bertrand-and-co.-20260407,group_chat,Amina Nasser,88.0
bertrand-and-co.-20260407,group_chat,Amina Nasser,78.0
bertrand-and-co.-20260407,group_chat,Amina Nasser,115.0
bertrand-and-co.-20260407,group_chat,Amina Nasser,10.0
bertrand-and-co.-20260407,group_chat,Amina Nasser,41.0
bertrand-and-co.-20260407,group_chat,Amina Nasser,94.0
bertrand-and-co.-20260407,group_chat,Amina Nasser,7.0
bertrand-and-co.-20260407,group_chat,Amina Nasser,156.0
bertrand-and-co.-20260407,group_chat,Amina Nasser,87.0
bertrand-and-co.-20260407,group_chat,Amina Nasser,67770.0
bertrand-and-co.-20260407,group_chat,Amina Nasser,703.0
bertrand-and-co.-20260407,group_chat,Amina Nasser,212.0
bertrand-and-co.-20260407,group_chat,Amina Nasser,9860.0
bertrand-and-co.-20260407,group_chat,Amina Nasser,65.0
bertrand-and-co.-20260407,group_chat,Amina Nasser,35.0
bertrand-and-co.-20260407,group_chat,Amina Nasser,45.0
bertrand-and-co.-20260407,group_chat,Amina Nasser,65.0
bertrand-and-co.-20260407,group_chat,Amina Nasser,30.0
bertrand-and-co.-20260407,group_chat,Amina Nasser,60.0
bertrand-and-co.-20260407,group_chat,Amina Nasser,45.0
bertrand-and-co.-20260407,group_chat,Amina Nasser,45.0
bertrand-and-co.-20260407,group_chat,Amina Nasser,6791.0
bertrand-and-co.-20260407,group_chat,Amina Nasser,7.0
bertrand-and-co.-20260407,group_chat,Amina Nasser,82.0
bertrand-and-co.-20260407,group_chat,Amina Nasser,33.0
bertrand-and-co.-20260407,group_chat,Amina Nasser,75.0
bertrand-and-co.-20260407,group_chat,Amina Nasser,44.0
bertrand-and-co.-20260407,group_chat,Amina Nasser,81.0
bertrand-and-co.-20260407,group_chat,Amina Nasser,85972.0
bertrand-and-co.-20260407,group_chat,Amina Nasser,105.0
bertrand-and-co.-20260407,group_chat,Amina Nasser,80.0
bertrand-and-co.-20260407,group_chat,Amina Nasser,265.0
bertrand-and-co.-20260407,group_chat,Amina Nasser,65199.0
bertrand-and-co.-20260407,group_chat,Amina Nasser,108.0
bertrand-and-co.-20260407,group_chat,Amina Nasser,93.0
bertrand-and-co.-20260407,group_chat,Amina Nasser,105.0
bertrand-and-co.-20260407,group_chat,Amina Nasser,102.0
bertrand-and-co.-20260407,group_chat,Amina Nasser,93.0
bertrand-and-co.-20260407,group_chat,Amina Nasser,157.0
bertrand-and-co.-20260407,group_chat,Amina Nasser,131.0
bertrand-and-co.-20260407,group_chat,Amina Nasser,99.0
bertrand-and-co.-20260407,group_chat,Amina Nasser,1803.0
bertrand-and-co.-20260407,group_chat,Amina Nasser,160.0
bertrand-and-co.-20260407,group_chat,Amina Nasser,203.0
bertrand-and-co.-20260407,group_chat,Amina Nasser,199.0
bertrand-and-co.-20260407,group_chat,Amina Nasser,85884.0
bertrand-and-co.-20260407,group_chat,Amina Nasser,144.0
bertrand-and-co.-20260407,group_chat,Amina Nasser,99.0
bertrand-and-co.-20260407,group_chat,Amina Nasser,118.0
bertrand-and-co.-20260407,group_chat,Amina Nasser,3463.0
bertrand-and-co.-20260407,group_chat,Amina Nasser,40.0
bertrand-and-co.-20260407,group_chat,Amina Nasser,265.0
bertrand-and-co.-20260407,group_chat,Amina Nasser,190.0
bertrand-and-co.-20260407,group_chat,Wei Huang,90.0
bertrand-and-co.-20260407,group_chat,Wei Huang,90.0
bertrand-and-co.-20260407,group_chat,Wei Huang,200.0
bertrand-and-co.-20260407,group_chat,Wei Huang,125.0
bertrand-and-co.-20260407,group_chat,Wei Huang,400.0
bertrand-and-co.-20260407,group_chat,Wei Huang,100.0
bertrand-and-co.-20260407,group_chat,Wei Huang,67138.0
bertrand-and-co.-20260407,group_chat,Wei Huang,33.0
bertrand-and-co.-20260407,group_chat,Wei Huang,122.0
bertrand-and-co.-20260407,group_chat,Wei Huang,7.0
bertrand-and-co.-20260407,group_chat,Wei Huang,172.0
bertrand-and-co.-20260407,group_chat,Wei Huang,18.0
bertrand-and-co.-20260407,group_chat,Wei Huang,95.0
bertrand-and-co.-20260407,group_chat,Wei Huang,50.0
bertrand-and-co.-20260407,group_chat,Wei Huang,125.0
bertrand-and-co.-20260407,group_chat,Wei Huang,45.0
bertrand-and-co.-20260407,group_chat,Wei Huang,110.0
bertrand-and-co.-20260407,group_chat,Wei Huang,2987.0
bertrand-and-co.-20260407,group_chat,Wei Huang,75.0
bertrand-and-co.-20260407,group_chat,Wei Huang,65.0
bertrand-and-co.-20260407,group_chat,Wei Huang,49.0
bertrand-and-co.-20260407,group_chat,Wei Huang,111.0
bertrand-and-co.-20260407,group_chat,Wei Huang,14016.0
bertrand-and-co.-20260407,group_chat,Wei Huang,84.0
bertrand-and-co.-20260407,group_chat,Wei Huang,63.0
bertrand-and-co.-20260407,group_chat,Wei Huang,47.0
bertrand-and-co.-20260407,group_chat,Wei Huang,103.0
bertrand-and-co.-20260407,group_chat,Wei Huang,9.0
bertrand-and-co.-20260407,group_chat,Wei Huang,81.0
bertrand-and-co.-20260407,group_chat,Wei Huang,73.0
bertrand-and-co.-20260407,group_chat,Wei Huang,67787.0
bertrand-and-co.-20260407,group_chat,Wei Huang,87.0
bertrand-and-co.-20260407,group_chat,Wei Huang,115.0
bertrand-and-co.-20260407,group_chat,Wei Huang,25.0
bertrand-and-co.-20260407,group_chat,Wei Huang,20.0
bertrand-and-co.-20260407,group_chat,Wei Huang,53.0
bertrand-and-co.-20260407,group_chat,Wei Huang,25.0
bertrand-and-co.-20260407,group_chat,Wei Huang,65.0
bertrand-and-co.-20260407,group_chat,Wei Huang,63.0
bertrand-and-co.-20260407,group_chat,Wei Huang,117.0
bertrand-and-co.-20260407,group_chat,Wei Huang,75.0
bertrand-and-co.-20260407,group_chat,Wei Huang,4322.0
bertrand-and-co.-20260407,group_chat,Wei Huang,163.0
bertrand-and-co.-20260407,group_chat,Wei Huang,210.0
bertrand-and-co.-20260407,group_chat,Wei Huang,50.0
bertrand-and-co.-20260407,group_chat,Wei Huang,115.0
bertrand-and-co.-20260407,group_chat,Wei Huang,110.0
bertrand-and-co.-20260407,group_chat,Wei Huang,50.0
bertrand-and-co.-20260407,group_chat,Wei Huang,12408.0
bertrand-and-co.-20260407,group_chat,Wei Huang,60.0
bertrand-and-co.-20260407,group_chat,Wei Huang,107.0
bertrand-and-co.-20260407,group_chat,Wei Huang,87.0
bertrand-and-co.-20260407,group_chat,Wei Huang,43.0
bertrand-and-co.-20260407,group_chat,Wei Huang,116.0
bertrand-and-co.-20260407,group_chat,Wei Huang,67854.0
bertrand-and-co.-20260407,group_chat,Wei Huang,106.0
bertrand-and-co.-20260407,group_chat,Wei Huang,67.0
bertrand-and-co.-20260407,group_chat,Wei Huang,37.0
bertrand-and-co.-20260407,group_chat,Wei Huang,30.0
bertrand-and-co.-20260407,group_chat,Wei Huang,47.0
bertrand-and-co.-20260407,group_chat,Wei Huang,20.0
bertrand-and-co.-20260407,group_chat,Wei Huang,58.0
bertrand-and-co.-20260407,group_chat,Wei Huang,42.0
bertrand-and-co.-20260407,group_chat,Wei Huang,28.0
bertrand-and-co.-20260407,group_chat,Wei Huang,170.0
bertrand-and-co.-20260407,group_chat,Wei Huang,170.0
bertrand-and-co.-20260407,group_chat,Wei Huang,52.0
bertrand-and-co.-20260407,group_chat,Wei Huang,68.0
bertrand-and-co.-20260407,group_chat,Wei Huang,55.0
bertrand-and-co.-20260407,group_chat,Wei Huang,67.0
bertrand-and-co.-20260407,group_chat,Wei Huang,78.0
bertrand-and-co.-20260407,group_chat,Wei Huang,2655.0
bertrand-and-co.-20260407,group_chat,Wei Huang,25.0
bertrand-and-co.-20260407,group_chat,Wei Huang,75.0
bertrand-and-co.-20260407,group_chat,Wei Huang,40.0
bertrand-and-co.-20260407,group_chat,Wei Huang,120.0
bertrand-and-co.-20260407,group_chat,Wei Huang,5.0
bertrand-and-co.-20260407,group_chat,Wei Huang,70.0
bertrand-and-co.-20260407,group_chat,Wei Huang,65.0
bertrand-and-co.-20260407,group_chat,Wei Huang,35.0
bertrand-and-co.-20260407,group_chat,Wei Huang,60.0
bertrand-and-co.-20260407,group_chat,Wei Huang,13960.0
bertrand-and-co.-20260407,group_chat,Wei Huang,20.0
bertrand-and-co.-20260407,group_chat,Wei Huang,75.0
bertrand-and-co.-20260407,group_chat,Wei Huang,120.0
bertrand-and-co.-20260407,group_chat,Wei Huang,45.0
bertrand-and-co.-20260407,group_chat,Wei Huang,68077.0
bertrand-and-co.-20260407,group_chat,Wei Huang,34.0
bertrand-and-co.-20260407,group_chat,Wei Huang,59.0
bertrand-and-co.-20260407,group_chat,Wei Huang,5.0
bertrand-and-co.-20260407,group_chat,Wei Huang,75.0
bertrand-and-co.-20260407,group_chat,Wei Huang,35.0
bertrand-and-co.-20260407,group_chat,Wei Huang,23.0
bertrand-and-co.-20260407,group_chat,Wei Huang,52.0
bertrand-and-co.-20260407,group_chat,Wei Huang,5.0
bertrand-and-co.-20260407,group_chat,Wei Huang,140.0
bertrand-and-co.-20260407,group_chat,Wei Huang,90.0
bertrand-and-co.-20260407,group_chat,Wei Huang,60.0
bertrand-and-co.-20260407,group_chat,Wei Huang,45.0
bertrand-and-co.-20260407,group_chat,Wei Huang,2965.0
bertrand-and-co.-20260407,group_chat,Wei Huang,305.0
bertrand-and-co.-20260407,group_chat,Wei Huang,215.0
bertrand-and-co.-20260407,group_chat,Wei Huang,80.0
bertrand-and-co.-20260407,group_chat,Wei Huang,95.0
bertrand-and-co.-20260407,group_chat,Wei Huang,13922.0
bertrand-and-co.-20260407,group_chat,Wei Huang,144.0
bertrand-and-co.-20260407,group_chat,Wei Huang,122.0
bertrand-and-co.-20260407,group_chat,Wei Huang,53.0
bertrand-and-co.-20260407,group_chat,Wei Huang,174.0
bertrand-and-co.-20260407,group_chat,Wei Huang,115.0
bertrand-and-co.-20260407,group_chat,Wei Huang,27850.0
bertrand-and-co.-20260407,group_chat,Wei Huang,172.0
bertrand-and-co.-20260407,group_chat,Wei Huang,63.0
bertrand-and-co.-20260407,group_chat,Wei Huang,105.0
bertrand-and-co.-20260407,group_chat,Wei Huang,180.0
bertrand-and-co.-20260407,group_chat,Wei Huang,65.0
bertrand-and-co.-20260407,group_chat,Wei Huang,36385.0
bertrand-and-co.-20260407,group_chat,Wei Huang,180.0
bertrand-and-co.-20260407,group_chat,Wei Huang,290.0
bertrand-and-co.-20260407,group_chat,Wei Huang,350.0
bertrand-and-co.-20260407,group_chat,Wei Huang,305.0
bertrand-and-co.-20260407,group_chat,Wei Huang,5385.0
bertrand-and-co.-20260407,group_chat,Wei Huang,250.0
bertrand-and-co.-20260407,group_chat,Wei Huang,140.0
bertrand-and-co.-20260407,group_chat,Wei Huang,155.0
bertrand-and-co.-20260407,group_chat,Wei Huang,185.0
bertrand-and-co.-20260407,group_chat,Wei Huang,140.0
bertrand-and-co.-20260407,group_chat,Wei Huang,135.0
bertrand-and-co.-20260407,group_chat,Wei Huang,13230.0
bertrand-and-co.-20260407,group_chat,Wei Huang,60.0
bertrand-and-co.-20260407,group_chat,Wei Huang,10.0
bertrand-and-co.-20260407,group_chat,Wei Huang,40.0
bertrand-and-co.-20260407,group_chat,Wei Huang,70.0
bertrand-and-co.-20260407,group_chat,Wei Huang,3.0
bertrand-and-co.-20260407,group_chat,Wei Huang,74.0
bertrand-and-co.-20260407,group_chat,Wei Huang,76.0
bertrand-and-co.-20260407,group_chat,Wei Huang,27.0
bertrand-and-co.-20260407,group_chat,Wei Huang,35.0
bertrand-and-co.-20260407,group_chat,Wei Huang,30.0
bertrand-and-co.-20260407,group_chat,Wei Huang,5.0
bertrand-and-co.-20260407,group_chat,Wei Huang,10.0
bertrand-and-co.-20260407,group_chat,Wei Huang,175.0
bertrand-and-co.-20260407,group_chat,Wei Huang,67842.0
bertrand-and-co.-20260407,group_chat,Wei Huang,118.0
bertrand-and-co.-20260407,group_chat,Wei Huang,120.0
bertrand-and-co.-20260407,group_chat,Wei Huang,97.0
bertrand-and-co.-20260407,group_chat,Wei Huang,31.0
bertrand-and-co.-20260407,group_chat,Wei Huang,117.0
bertrand-and-co.-20260407,group_chat,Wei Huang,107.0
bertrand-and-co.-20260407,group_chat,Wei Huang,17338.0
bertrand-and-co.-20260407,group_chat,Wei Huang,105.0
bertrand-and-co.-20260407,group_chat,Wei Huang,17.0
bertrand-and-co.-20260407,group_chat,Wei Huang,93.0
bertrand-and-co.-20260407,group_chat,Wei Huang,30.0
bertrand-and-co.-20260407,group_chat,Wei Huang,59.0
bertrand-and-co.-20260407,group_chat,Wei Huang,26.0
bertrand-and-co.-20260407,group_chat,Wei Huang,40.0
bertrand-and-co.-20260407,group_chat,Wei Huang,65.0
bertrand-and-co.-20260407,group_chat,Wei Huang,7.0
bertrand-and-co.-20260407,group_chat,Wei Huang,108.0
bertrand-and-co.-20260407,group_chat,Wei Huang,125.0
bertrand-and-co.-20260407,group_chat,Wei Huang,3.0
bertrand-and-co.-20260407,group_chat,Wei Huang,102.0
bertrand-and-co.-20260407,group_chat,Wei Huang,145.0
bertrand-and-co.-20260407,group_chat,Wei Huang,105.0
bertrand-and-co.-20260407,group_chat,Wei Huang,67442.0
bertrand-and-co.-20260407,group_chat,Wei Huang,273.0
bertrand-and-co.-20260407,group_chat,Wei Huang,120.0
bertrand-and-co.-20260407,group_chat,Wei Huang,3230.0
bertrand-and-co.-20260407,group_chat,Wei Huang,220.0
bertrand-and-co.-20260407,group_chat,Wei Huang,145.0
bertrand-and-co.-20260407,group_chat,Wei Huang,125.0
bertrand-and-co.-20260407,group_chat,Wei Huang,13778.0
bertrand-and-co.-20260407,group_chat,Wei Huang,75.0
bertrand-and-co.-20260407,group_chat,Wei Huang,42.0
bertrand-and-co.-20260407,group_chat,Wei Huang,110.0
bertrand-and-co.-20260407,group_chat,Wei Huang,80.0
bertrand-and-co.-20260407,group_chat,Wei Huang,68730.0
bertrand-and-co.-20260407,group_chat,Wei Huang,165.0
bertrand-and-co.-20260407,group_chat,Wei Huang,105.0
bertrand-and-co.-20260407,group_chat,Wei Huang,135.0
bertrand-and-co.-20260407,group_chat,Wei Huang,440.0
bertrand-and-co.-20260407,group_chat,Wei Huang,160.0
bertrand-and-co.-20260407,group_chat,Wei Huang,16460.0
bertrand-and-co.-20260407,group_chat,Wei Huang,5.0
bertrand-and-co.-20260407,group_chat,Wei Huang,20.0
bertrand-and-co.-20260407,group_chat,Wei Huang,40.0
bertrand-and-co.-20260407,group_chat,Wei Huang,65.0
bertrand-and-co.-20260407,group_chat,Wei Huang,7.0
bertrand-and-co.-20260407,group_chat,Wei Huang,53.0
bertrand-and-co.-20260407,group_chat,Wei Huang,45.0
bertrand-and-co.-20260407,group_chat,Wei Huang,100.0
bertrand-and-co.-20260407,group_chat,Wei Huang,80.0
bertrand-and-co.-20260407,group_chat,Wei Huang,90.0
bertrand-and-co.-20260407,group_chat,Wei Huang,68572.0
bertrand-and-co.-20260407,group_chat,Wei Huang,203.0
bertrand-and-co.-20260407,group_chat,Wei Huang,130.0
bertrand-and-co.-20260407,group_chat,Wei Huang,136.0
bertrand-and-co.-20260407,group_chat,Wei Huang,184.0
bertrand-and-co.-20260407,group_chat,Wei Huang,150.0
bertrand-and-co.-20260407,group_chat,Wei Huang,2127.0
bertrand-and-co.-20260407,group_chat,Wei Huang,180.0
bertrand-and-co.-20260407,group_chat,Wei Huang,61.0
bertrand-and-co.-20260407,group_chat,Wei Huang,29.0
bertrand-and-co.-20260407,group_chat,Wei Huang,93.0
bertrand-and-co.-20260407,group_chat,Wei Huang,30.0
bertrand-and-co.-20260407,group_chat,Wei Huang,60.0
bertrand-and-co.-20260407,group_chat,Wei Huang,65.0
bertrand-and-co.-20260407,group_chat,Wei Huang,13882.0
bertrand-and-co.-20260407,group_chat,Wei Huang,23.0
bertrand-and-co.-20260407,group_chat,Wei Huang,40.0
bertrand-and-co.-20260407,group_chat,Wei Huang,46.0
bertrand-and-co.-20260407,group_chat,Wei Huang,142.0
bertrand-and-co.-20260407,group_chat,Wei Huang,102.0
bertrand-and-co.-20260407,group_chat,Wei Huang,60.0
bertrand-and-co.-20260407,group_chat,Wei Huang,95.0
bertrand-and-co.-20260407,group_chat,Wei Huang,20.0
bertrand-and-co.-20260407,group_chat,Wei Huang,37.0
bertrand-and-co.-20260407,group_chat,Wei Huang,133.0
bertrand-and-co.-20260407,group_chat,Wei Huang,50.0
bertrand-and-co.-20260407,group_chat,Wei Huang,12683.0
bertrand-and-co.-20260407,group_chat,Wei Huang,162.0
bertrand-and-co.-20260407,group_chat,Wei Huang,265.0
bertrand-and-co.-20260407,group_chat,Wei Huang,175.0
bertrand-and-co.-20260407,group_chat,Wei Huang,155.0
bertrand-and-co.-20260407,group_chat,Wei Huang,54155.0
bertrand-and-co.-20260407,group_chat,Wei Huang,290.0
bertrand-and-co.-20260407,group_chat,Wei Huang,665.0
bertrand-and-co.-20260407,group_chat,Wei Huang,17077.0
bertrand-and-co.-20260407,group_chat,Wei Huang,58.0
bertrand-and-co.-20260407,group_chat,Wei Huang,50.0
bertrand-and-co.-20260407,group_chat,Wei Huang,10.0
bertrand-and-co.-20260407,group_chat,Wei Huang,80.0
bertrand-and-co.-20260407,group_chat,Wei Huang,49.0
bertrand-and-co.-20260407,group_chat,Wei Huang,34.0
bertrand-and-co.-20260407,group_chat,Wei Huang,17.0
bertrand-and-co.-20260407,group_chat,Wei Huang,109.0
bertrand-and-co.-20260407,group_chat,Wei Huang,71577.0
bertrand-and-co.-20260407,group_chat,Wei Huang,69.0
bertrand-and-co.-20260407,group_chat,Wei Huang,43.0
bertrand-and-co.-20260407,group_chat,Wei Huang,74.0
bertrand-and-co.-20260407,group_chat,Wei Huang,11.0
bertrand-and-co.-20260407,group_chat,Wei Huang,75.0
bertrand-and-co.-20260407,group_chat,Wei Huang,45.0
bertrand-and-co.-20260407,group_chat,Wei Huang,27.0
bertrand-and-co.-20260407,group_chat,Wei Huang,150.0
bertrand-and-co.-20260407,group_chat,Wei Huang,13900.0
bertrand-and-co.-20260407,group_chat,Wei Huang,80.0
bertrand-and-co.-20260407,group_chat,Wei Huang,65.0
bertrand-and-co.-20260407,group_chat,Wei Huang,240.0
bertrand-and-co.-20260407,group_chat,Wei Huang,65173.0
bertrand-and-co.-20260407,group_chat,Wei Huang,162.0
bertrand-and-co.-20260407,group_chat,Wei Huang,48.0
bertrand-and-co.-20260407,group_chat,Wei Huang,99.0
bertrand-and-co.-20260407,group_chat,Wei Huang,218.0
bertrand-and-co.-20260407,group_chat,Wei Huang,103.0
bertrand-and-co.-20260407,group_chat,Wei Huang,72.0
bertrand-and-co.-20260407,group_chat,Wei Huang,130.0
bertrand-and-co.-20260407,group_chat,Wei Huang,80.0
bertrand-and-co.-20260407,group_chat,Wei Huang,5580.0
bertrand-and-co.-20260407,group_chat,Wei Huang,70.0
bertrand-and-co.-20260407,group_chat,Wei Huang,140.0
bertrand-and-co.-20260407,group_chat,Wei Huang,95.0
bertrand-and-co.-20260407,group_chat,Wei Huang,90.0
bertrand-and-co.-20260407,group_chat,Wei Huang,95.0
bertrand-and-co.-20260407,group_chat,Wei Huang,75.0
bertrand-and-co.-20260407,group_chat,Wei Huang,13870.0
bertrand-and-co.-20260407,group_chat,Wei Huang,192.0
bertrand-and-co.-20260407,group_chat,Wei Huang,143.0
bertrand-and-co.-20260407,group_chat,Wei Huang,157.0
bertrand-and-co.-20260407,group_chat,Wei Huang,93.0
bertrand-and-co.-20260407,group_chat,Wei Huang,64226.0
bertrand-and-co.-20260407,group_chat,Wei Huang,172.0
bertrand-and-co.-20260407,group_chat,Wei Huang,112.0
bertrand-and-co.-20260407,group_chat,Wei Huang,190.0
bertrand-and-co.-20260407,group_chat,Wei Huang,110.0
bertrand-and-co.-20260407,group_chat,Wei Huang,2860.0
bertrand-and-co.-20260407,group_chat,Wei Huang,165.0
bertrand-and-co.-20260407,group_chat,Wei Huang,68.0
bertrand-and-co.-20260407,group_chat,Wei Huang,126.0
bertrand-and-co.-20260407,group_chat,Wei Huang,86.0
bertrand-and-co.-20260407,group_chat,Wei Huang,1485.0
bertrand-and-co.-20260407,group_chat,Wei Huang,1780.0
bertrand-and-co.-20260407,group_chat,Wei Huang,15.0
bertrand-and-co.-20260407,group_chat,Wei Huang,80.0
bertrand-and-co.-20260407,group_chat,Wei Huang,45.0
bertrand-and-co.-20260407,group_chat,Wei Huang,45.0
bertrand-and-co.-20260407,group_chat,Wei Huang,50.0
bertrand-and-co.-20260407,group_chat,Wei Huang,10.0
bertrand-and-co.-20260407,group_chat,Wei Huang,55.0
bertrand-and-co.-20260407,group_chat,Wei Huang,35.0
bertrand-and-co.-20260407,group_chat,Wei Huang,40.0
bertrand-and-co.-20260407,group_chat,Wei Huang,13975.0
bertrand-and-co.-20260407,group_chat,Wei Huang,114.0
bertrand-and-co.-20260407,group_chat,Wei Huang,173.0
bertrand-and-co.-20260407,group_chat,Wei Huang,158.0
bertrand-and-co.-20260407,group_chat,Takeshi Kimura,120.0
bertrand-and-co.-20260407,group_chat,Takeshi Kimura,70.0
bertrand-and-co.-20260407,group_chat,Takeshi Kimura,80.0
bertrand-and-co.-20260407,group_chat,Takeshi Kimura,30.0
bertrand-and-co.-20260407,group_chat,Takeshi Kimura,3515.0
bertrand-and-co.-20260407,group_chat,Takeshi Kimura,70.0
bertrand-and-co.-20260407,group_chat,Takeshi Kimura,155.0
bertrand-and-co.-20260407,group_chat,Takeshi Kimura,105.0
bertrand-and-co.-20260407,group_chat,Takeshi Kimura,65.0
bertrand-and-co.-20260407,group_chat,Takeshi Kimura,13995.0
bertrand-and-co.-20260407,group_chat,Takeshi Kimura,100.0
bertrand-and-co.-20260407,group_chat,Takeshi Kimura,110.0
bertrand-and-co.-20260407,group_chat,Takeshi Kimura,205.0
bertrand-and-co.-20260407,group_chat,Takeshi Kimura,335.0
bertrand-and-co.-20260407,group_chat,Takeshi Kimura,285.0
bertrand-and-co.-20260407,group_chat,Takeshi Kimura,70919.0
bertrand-and-co.-20260407,group_chat,Takeshi Kimura,139.0
bertrand-and-co.-20260407,group_chat,Takeshi Kimura,155.0
bertrand-and-co.-20260407,group_chat,Takeshi Kimura,13962.0
bertrand-and-co.-20260407,group_chat,Takeshi Kimura,345.0
bertrand-and-co.-20260407,group_chat,Takeshi Kimura,71590.0
bertrand-and-co.-20260407,group_chat,Takeshi Kimura,106.0
bertrand-and-co.-20260407,group_chat,Takeshi Kimura,141.0
bertrand-and-co.-20260407,group_chat,Takeshi Kimura,74.0
bertrand-and-co.-20260407,group_chat,Takeshi Kimura,69.0
bertrand-and-co.-20260407,group_chat,Takeshi Kimura,83027.0
bertrand-and-co.-20260407,group_chat,Takeshi Kimura,53.0
bertrand-and-co.-20260407,group_chat,Takeshi Kimura,87.0
bertrand-and-co.-20260407,group_chat,Takeshi Kimura,48.0
bertrand-and-co.-20260407,group_chat,Takeshi Kimura,92.0
bertrand-and-co.-20260407,group_chat,Takeshi Kimura,2758.0
bertrand-and-co.-20260407,group_chat,Takeshi Kimura,135.0
bertrand-and-co.-20260407,group_chat,Takeshi Kimura,110.0
bertrand-and-co.-20260407,group_chat,Takeshi Kimura,115.0
bertrand-and-co.-20260407,group_chat,Takeshi Kimura,13970.0
bertrand-and-co.-20260407,group_chat,Takeshi Kimura,230.0
bertrand-and-co.-20260407,group_chat,Takeshi Kimura,142.0
bertrand-and-co.-20260407,group_chat,Takeshi Kimura,178.0
bertrand-and-co.-20260407,group_chat,Takeshi Kimura,160.0
bertrand-and-co.-20260407,group_chat,Takeshi Kimura,112.0
bertrand-and-co.-20260407,group_chat,Takeshi Kimura,67548.0
bertrand-and-co.-20260407,group_chat,Takeshi Kimura,82.0
bertrand-and-co.-20260407,group_chat,Takeshi Kimura,90.0
bertrand-and-co.-20260407,group_chat,Takeshi Kimura,58.0
bertrand-and-co.-20260407,group_chat,Takeshi Kimura,97.0
bertrand-and-co.-20260407,group_chat,Takeshi Kimura,3243.0
bertrand-and-co.-20260407,group_chat,Takeshi Kimura,250.0
bertrand-and-co.-20260407,group_chat,Takeshi Kimura,210.0
bertrand-and-co.-20260407,group_chat,Takeshi Kimura,155.0
bertrand-and-co.-20260407,group_chat,Takeshi Kimura,140.0
bertrand-and-co.-20260407,group_chat,Takeshi Kimura,13690.0
bertrand-and-co.-20260407,group_chat,Takeshi Kimura,165.0
bertrand-and-co.-20260407,group_chat,Takeshi Kimura,160.0
bertrand-and-co.-20260407,group_chat,Takeshi Kimura,175.0
bertrand-and-co.-20260407,group_chat,Takeshi Kimura,28289.0
bertrand-and-co.-20260407,group_chat,Takeshi Kimura,156.0
bertrand-and-co.-20260407,group_chat,Takeshi Kimura,172.0
bertrand-and-co.-20260407,group_chat,Takeshi Kimura,93.0
bertrand-and-co.-20260407,group_chat,Takeshi Kimura,43060.0
bertrand-and-co.-20260407,group_chat,Takeshi Kimura,215.0
bertrand-and-co.-20260407,group_chat,Takeshi Kimura,72.0
bertrand-and-co.-20260407,group_chat,Takeshi Kimura,218.0
bertrand-and-co.-20260407,group_chat,Takeshi Kimura,260.0
bertrand-and-co.-20260407,group_chat,Takeshi Kimura,13390.0
bertrand-and-co.-20260407,group_chat,Takeshi Kimura,110.0
bertrand-and-co.-20260407,group_chat,Takeshi Kimura,2.0
bertrand-and-co.-20260407,group_chat,Takeshi Kimura,188.0
bertrand-and-co.-20260407,group_chat,Takeshi Kimura,20.0
bertrand-and-co.-20260407,group_chat,Takeshi Kimura,108.0
bertrand-and-co.-20260407,group_chat,Takeshi Kimura,147.0
bertrand-and-co.-20260407,group_chat,Takeshi Kimura,67770.0
bertrand-and-co.-20260407,group_chat,Takeshi Kimura,65.0
bertrand-and-co.-20260407,group_chat,Takeshi Kimura,65.0
bertrand-and-co.-20260407,group_chat,Takeshi Kimura,50.0
bertrand-and-co.-20260407,group_chat,Takeshi Kimura,90.0
bertrand-and-co.-20260407,group_chat,Takeshi Kimura,55.0
bertrand-and-co.-20260407,group_chat,Takeshi Kimura,17860.0
bertrand-and-co.-20260407,group_chat,Takeshi Kimura,200.0
bertrand-and-co.-20260407,group_chat,Takeshi Kimura,160.0
bertrand-and-co.-20260407,group_chat,Takeshi Kimura,150.0
bertrand-and-co.-20260407,group_chat,Takeshi Kimura,145.0
bertrand-and-co.-20260407,group_chat,Takeshi Kimura,145.0
bertrand-and-co.-20260407,group_chat,Takeshi Kimura,67643.0
bertrand-and-co.-20260407,group_chat,Takeshi Kimura,195.0
bertrand-and-co.-20260407,group_chat,Takeshi Kimura,84.0
bertrand-and-co.-20260407,group_chat,Takeshi Kimura,3270.0
bertrand-and-co.-20260407,group_chat,Takeshi Kimura,153.0
bertrand-and-co.-20260407,group_chat,Takeshi Kimura,165.0
bertrand-and-co.-20260407,group_chat,Takeshi Kimura,13895.0
bertrand-and-co.-20260407,group_chat,Takeshi Kimura,65.0
bertrand-and-co.-20260407,group_chat,Takeshi Kimura,35.0
bertrand-and-co.-20260407,group_chat,Takeshi Kimura,75.0
bertrand-and-co.-20260407,group_chat,Takeshi Kimura,68.0
bertrand-and-co.-20260407,group_chat,Takeshi Kimura,17.0
bertrand-and-co.-20260407,group_chat,Takeshi Kimura,68927.0
bertrand-and-co.-20260407,group_chat,Takeshi Kimura,103.0
bertrand-and-co.-20260407,group_chat,Takeshi Kimura,515.0
bertrand-and-co.-20260407,group_chat,Takeshi Kimura,270.0
bertrand-and-co.-20260407,group_chat,Takeshi Kimura,16365.0
bertrand-and-co.-20260407,group_chat,Takeshi Kimura,165.0
bertrand-and-co.-20260407,group_chat,Takeshi Kimura,110.0
bertrand-and-co.-20260407,group_chat,Takeshi Kimura,130.0
bertrand-and-co.-20260407,group_chat,Takeshi Kimura,71732.0
bertrand-and-co.-20260407,group_chat,Takeshi Kimura,183.0
bertrand-and-co.-20260407,group_chat,Takeshi Kimura,14080.0
bertrand-and-co.-20260407,group_chat,Takeshi Kimura,62.0
bertrand-and-co.-20260407,group_chat,Takeshi Kimura,23.0
bertrand-and-co.-20260407,group_chat,Takeshi Kimura,252.0
bertrand-and-co.-20260407,group_chat,Takeshi Kimura,50.0
bertrand-and-co.-20260407,group_chat,Takeshi Kimura,10.0
bertrand-and-co.-20260407,group_chat,Takeshi Kimura,143.0
bertrand-and-co.-20260407,group_chat,Takeshi Kimura,20.0
bertrand-and-co.-20260407,group_chat,Takeshi Kimura,137.0
bertrand-and-co.-20260407,group_chat,Takeshi Kimura,65108.0
bertrand-and-co.-20260407,group_chat,Takeshi Kimura,180.0
bertrand-and-co.-20260407,group_chat,Takeshi Kimura,80.0
bertrand-and-co.-20260407,group_chat,Takeshi Kimura,205.0
bertrand-and-co.-20260407,group_chat,Takeshi Kimura,180.0
bertrand-and-co.-20260407,group_chat,Takeshi Kimura,1977.0
bertrand-and-co.-20260407,group_chat,Takeshi Kimura,773.0
bertrand-and-co.-20260407,group_chat,Takeshi Kimura,118.0
bertrand-and-co.-20260407,group_chat,Takeshi Kimura,185.0
bertrand-and-co.-20260407,group_chat,Takeshi Kimura,103.0
bertrand-and-co.-20260407,group_chat,Takeshi Kimura,147.0
bertrand-and-co.-20260407,group_chat,Takeshi Kimura,327.0
bertrand-and-co.-20260407,group_chat,Takeshi Kimura,9165.0
bertrand-and-co.-20260407,group_chat,Takeshi Kimura,80.0
bertrand-and-co.-20260407,group_chat,Takeshi Kimura,85.0
bertrand-and-co.-20260407,group_chat,Takeshi Kimura,65.0
bertrand-and-co.-20260407,group_chat,Takeshi Kimura,75.0
bertrand-and-co.-20260407,group_chat,Takeshi Kimura,60.0
bertrand-and-co.-20260407,group_chat,Takeshi Kimura,60.0
bertrand-and-co.-20260407,group_chat,Takeshi Kimura,6771.0
bertrand-and-co.-20260407,group_chat,Takeshi Kimura,66.0
bertrand-and-co.-20260407,group_chat,Takeshi Kimura,50.0
bertrand-and-co.-20260407,group_chat,Takeshi Kimura,98.0
bertrand-and-co.-20260407,group_chat,Takeshi Kimura,15.0
bertrand-and-co.-20260407,group_chat,Takeshi Kimura,110.0
bertrand-and-co.-20260407,group_chat,Takeshi Kimura,86015.0
bertrand-and-co.-20260407,group_chat,Takeshi Kimura,105.0
bertrand-and-co.-20260407,group_chat,Takeshi Kimura,295.0
bertrand-and-co.-20260407,group_chat,Takeshi Kimura,65270.0
bertrand-and-co.-20260407,group_chat,Takeshi Kimura,112.0
bertrand-and-co.-20260407,group_chat,Takeshi Kimura,179.0
bertrand-and-co.-20260407,group_chat,Takeshi Kimura,251.0
bertrand-and-co.-20260407,group_chat,Takeshi Kimura,118.0
bertrand-and-co.-20260407,group_chat,Takeshi Kimura,155.0
bertrand-and-co.-20260407,group_chat,Takeshi Kimura,1897.0
bertrand-and-co.-20260407,group_chat,Takeshi Kimura,190.0
bertrand-and-co.-20260407,group_chat,Takeshi Kimura,164.0
bertrand-and-co.-20260407,group_chat,Takeshi Kimura,176.0
bertrand-and-co.-20260407,group_chat,Takeshi Kimura,120.0
bertrand-and-co.-20260407,group_chat,Takeshi Kimura,110.0
bertrand-and-co.-20260407,group_chat,Takeshi Kimura,121.0
bertrand-and-co.-20260407,group_chat,Takeshi Kimura,79.0
bertrand-and-co.-20260407,group_chat,Takeshi Kimura,128.0
bertrand-and-co.-20260407,group_chat,Takeshi Kimura,101.0
bertrand-and-co.-20260407,group_chat,Takeshi Kimura,171.0
bertrand-and-co.-20260407,group_chat,Takeshi Kimura,117.0
bertrand-and-co.-20260407,group_chat,Takeshi Kimura,2231.0
bertrand-and-co.-20260407,group_chat,Takeshi Kimura,110.0
bertrand-and-co.-20260407,group_chat,Takeshi Kimura,165.0
bertrand-and-co.-20260407,group_chat,Takeshi Kimura,135.0
bertrand-and-co.-20260407,group_chat,Takeshi Kimura,14110.0
bertrand-and-co.-20260407,group_chat,Takeshi Kimura,260.0
bertrand-and-co.-20260407,group_chat,Takeshi Kimura,170.0
bertrand-and-co.-20260407,group_chat,Takeshi Kimura,67798.0
bertrand-and-co.-20260407,group_chat,Takeshi Kimura,192.0
bertrand-and-co.-20260407,group_chat,Takeshi Kimura,117.0
bertrand-and-co.-20260407,group_chat,Takeshi Kimura,3358.0
bertrand-and-co.-20260407,group_chat,Takeshi Kimura,80.0
bertrand-and-co.-20260407,group_chat,Takeshi Kimura,185.0
bertrand-and-co.-20260407,group_chat,Takeshi Kimura,14116.0
bertrand-and-co.-20260407,group_chat,Takeshi Kimura,69.0
bertrand-and-co.-20260407,group_chat,Takeshi Kimura,254.0
bertrand-and-co.-20260407,group_chat,Rafael Gutierrez,175.0
bertrand-and-co.-20260407,group_chat,Rafael Gutierrez,250.0
bertrand-and-co.-20260407,group_chat,Rafael Gutierrez,185.0
bertrand-and-co.-20260407,group_chat,Rafael Gutierrez,35.0
bertrand-and-co.-20260407,group_chat,Rafael Gutierrez,13690.0
bertrand-and-co.-20260407,group_chat,Rafael Gutierrez,108.0
bertrand-and-co.-20260407,group_chat,Rafael Gutierrez,162.0
bertrand-and-co.-20260407,group_chat,Rafael Gutierrez,82.0
bertrand-and-co.-20260407,group_chat,Rafael Gutierrez,119.0
bertrand-and-co.-20260407,group_chat,Rafael Gutierrez,154.0
bertrand-and-co.-20260407,group_chat,Rafael Gutierrez,67897.0
bertrand-and-co.-20260407,group_chat,Rafael Gutierrez,173.0
bertrand-and-co.-20260407,group_chat,Rafael Gutierrez,145.0
bertrand-and-co.-20260407,group_chat,Rafael Gutierrez,17808.0
bertrand-and-co.-20260407,group_chat,Rafael Gutierrez,30.0
bertrand-and-co.-20260407,group_chat,Rafael Gutierrez,27.0
bertrand-and-co.-20260407,group_chat,Rafael Gutierrez,117.0
bertrand-and-co.-20260407,group_chat,Rafael Gutierrez,18.0
bertrand-and-co.-20260407,group_chat,Rafael Gutierrez,85.0
bertrand-and-co.-20260407,group_chat,Rafael Gutierrez,23.0
bertrand-and-co.-20260407,group_chat,Rafael Gutierrez,72.0
bertrand-and-co.-20260407,group_chat,Rafael Gutierrez,67862.0
bertrand-and-co.-20260407,group_chat,Rafael Gutierrez,108.0
bertrand-and-co.-20260407,group_chat,Rafael Gutierrez,155.0
bertrand-and-co.-20260407,group_chat,Rafael Gutierrez,87.0
bertrand-and-co.-20260407,group_chat,Rafael Gutierrez,17642.0
bertrand-and-co.-20260407,group_chat,Rafael Gutierrez,158.0
bertrand-and-co.-20260407,group_chat,Rafael Gutierrez,133.0
bertrand-and-co.-20260407,group_chat,Rafael Gutierrez,122.0
bertrand-and-co.-20260407,group_chat,Rafael Gutierrez,85928.0
bertrand-and-co.-20260407,group_chat,Rafael Gutierrez,120.0
bertrand-and-co.-20260407,group_chat,Rafael Gutierrez,105.0
bertrand-and-co.-20260407,group_chat,Rafael Gutierrez,130.0
bertrand-and-co.-20260407,group_chat,Rafael Gutierrez,86370.0
bertrand-and-co.-20260407,group_chat,Rafael Gutierrez,131.0
bertrand-and-co.-20260407,group_chat,Rafael Gutierrez,231.0
bertrand-and-co.-20260407,group_chat,Rafael Gutierrez,28033.0
bertrand-and-co.-20260407,group_chat,Rafael Gutierrez,182.0
bertrand-and-co.-20260407,group_chat,Rafael Gutierrez,191.0
bertrand-and-co.-20260407,group_chat,Rafael Gutierrez,37779.0
bertrand-and-co.-20260407,group_chat,Rafael Gutierrez,190.0
bertrand-and-co.-20260407,group_chat,Rafael Gutierrez,203.0
bertrand-and-co.-20260407,group_chat,Rafael Gutierrez,19327.0
bertrand-and-co.-20260407,group_chat,Rafael Gutierrez,147.0
bertrand-and-co.-20260407,group_chat,Rafael Gutierrez,68101.0
bertrand-and-co.-20260407,group_chat,Rafael Gutierrez,65.0
bertrand-and-co.-20260407,group_chat,Rafael Gutierrez,60.0
bertrand-and-co.-20260407,group_chat,Rafael Gutierrez,70.0
bertrand-and-co.-20260407,group_chat,Rafael Gutierrez,70.0
bertrand-and-co.-20260407,group_chat,Rafael Gutierrez,17830.0
bertrand-and-co.-20260407,group_chat,Rafael Gutierrez,30.0
bertrand-and-co.-20260407,group_chat,Rafael Gutierrez,205.0
bertrand-and-co.-20260407,group_chat,Rafael Gutierrez,45.0
bertrand-and-co.-20260407,group_chat,Rafael Gutierrez,68151.0
bertrand-and-co.-20260407,group_chat,Rafael Gutierrez,171.0
bertrand-and-co.-20260407,group_chat,Rafael Gutierrez,169.0
bertrand-and-co.-20260407,group_chat,Rafael Gutierrez,17554.0
bertrand-and-co.-20260407,group_chat,Rafael Gutierrez,158.0
bertrand-and-co.-20260407,group_chat,Rafael Gutierrez,195.0
bertrand-and-co.-20260407,group_chat,Rafael Gutierrez,82.0
bertrand-and-co.-20260407,group_chat,Rafael Gutierrez,151355.0
bertrand-and-co.-20260407,group_chat,Rafael Gutierrez,245.0
bertrand-and-co.-20260407,group_chat,Rafael Gutierrez,145.0
bertrand-and-co.-20260407,group_chat,Rafael Gutierrez,180.0
bertrand-and-co.-20260407,group_chat,Rafael Gutierrez,165.0
bertrand-and-co.-20260407,group_chat,Rafael Gutierrez,210.0
bertrand-and-co.-20260407,group_chat,Rafael Gutierrez,33560.0
bertrand-and-co.-20260407,group_chat,Rafael Gutierrez,225.0
bertrand-and-co.-20260407,group_chat,Rafael Gutierrez,70.0
bertrand-and-co.-20260407,group_chat,Rafael Gutierrez,275.0
bertrand-and-co.-20260407,group_chat,Rafael Gutierrez,170.0
bertrand-and-co.-20260407,group_chat,Rafael Gutierrez,51470.0
bertrand-and-co.-20260407,group_chat,Rafael Gutierrez,150.0
bertrand-and-co.-20260407,group_chat,Rafael Gutierrez,125.0
bertrand-and-co.-20260407,group_chat,Rafael Gutierrez,127.0
bertrand-and-co.-20260407,group_chat,Rafael Gutierrez,153.0
bertrand-and-co.-20260407,group_chat,Rafael Gutierrez,3000.0
bertrand-and-co.-20260407,group_chat,Rafael Gutierrez,345.0
bertrand-and-co.-20260407,group_chat,Rafael Gutierrez,303.0
bertrand-and-co.-20260407,group_chat,Rafael Gutierrez,197.0
bertrand-and-co.-20260407,group_chat,Rafael Gutierrez,16257.0
bertrand-and-co.-20260407,group_chat,Rafael Gutierrez,220.0
bertrand-and-co.-20260407,group_chat,Rafael Gutierrez,128.0
bertrand-and-co.-20260407,group_chat,Rafael Gutierrez,97.0
bertrand-and-co.-20260407,group_chat,Rafael Gutierrez,68733.0
bertrand-and-co.-20260407,group_chat,Rafael Gutierrez,120.0
bertrand-and-co.-20260407,group_chat,Rafael Gutierrez,135.0
bertrand-and-co.-20260407,group_chat,Rafael Gutierrez,160.0
bertrand-and-co.-20260407,group_chat,Rafael Gutierrez,65.0
bertrand-and-co.-20260407,group_chat,Rafael Gutierrez,165.0
bertrand-and-co.-20260407,group_chat,Rafael Gutierrez,160.0
bertrand-and-co.-20260407,group_chat,Rafael Gutierrez,120.0
bertrand-and-co.-20260407,group_chat,Rafael Gutierrez,1936.0
bertrand-and-co.-20260407,group_chat,Rafael Gutierrez,105.0
bertrand-and-co.-20260407,group_chat,Rafael Gutierrez,97.0
bertrand-and-co.-20260407,group_chat,Rafael Gutierrez,77.0
bertrand-and-co.-20260407,group_chat,Rafael Gutierrez,14105.0
bertrand-and-co.-20260407,group_chat,Rafael Gutierrez,325.0
bertrand-and-co.-20260407,group_chat,Rafael Gutierrez,65290.0
bertrand-and-co.-20260407,group_chat,Rafael Gutierrez,177.0
bertrand-and-co.-20260407,group_chat,Rafael Gutierrez,128.0
bertrand-and-co.-20260407,group_chat,Rafael Gutierrez,82.0
bertrand-and-co.-20260407,group_chat,Rafael Gutierrez,123.0
bertrand-and-co.-20260407,group_chat,Rafael Gutierrez,210.0
bertrand-and-co.-20260407,group_chat,Rafael Gutierrez,2060.0
bertrand-and-co.-20260407,group_chat,Rafael Gutierrez,125.0
bertrand-and-co.-20260407,group_chat,Rafael Gutierrez,115.0
bertrand-and-co.-20260407,group_chat,Rafael Gutierrez,100.0
bertrand-and-co.-20260407,group_chat,Rafael Gutierrez,30.0
bertrand-and-co.-20260407,group_chat,Rafael Gutierrez,82590.0
bertrand-and-co.-20260407,group_chat,Rafael Gutierrez,126.0
bertrand-and-co.-20260407,group_chat,Rafael Gutierrez,127.0
bertrand-and-co.-20260407,group_chat,Rafael Gutierrez,142.0
bertrand-and-co.-20260407,group_chat,Rafael Gutierrez,6595.0
bertrand-and-co.-20260407,group_chat,Rafael Gutierrez,390.0
bertrand-and-co.-20260407,group_chat,Rafael Gutierrez,225.0
bertrand-and-co.-20260407,group_chat,Jyoti Mukherjee,115.0
bertrand-and-co.-20260407,group_chat,Jyoti Mukherjee,185.0
bertrand-and-co.-20260407,group_chat,Jyoti Mukherjee,13957.0
bertrand-and-co.-20260407,group_chat,Jyoti Mukherjee,110.0
bertrand-and-co.-20260407,group_chat,Jyoti Mukherjee,123.0
bertrand-and-co.-20260407,group_chat,Jyoti Mukherjee,135.0
bertrand-and-co.-20260407,group_chat,Jyoti Mukherjee,110.0
bertrand-and-co.-20260407,group_chat,Jyoti Mukherjee,110.0
bertrand-and-co.-20260407,group_chat,Jyoti Mukherjee,85922.0
bertrand-and-co.-20260407,group_chat,Jyoti Mukherjee,110.0
bertrand-and-co.-20260407,group_chat,Jyoti Mukherjee,123.0
bertrand-and-co.-20260407,group_chat,Jyoti Mukherjee,80.0
bertrand-and-co.-20260407,group_chat,Jyoti Mukherjee,110.0
bertrand-and-co.-20260407,group_chat,Jyoti Mukherjee,157800.0
bertrand-and-co.-20260407,group_chat,Jyoti Mukherjee,180.0
bertrand-and-co.-20260407,group_chat,Jyoti Mukherjee,150.0
bertrand-and-co.-20260407,group_chat,Jyoti Mukherjee,75.0
bertrand-and-co.-20260407,group_chat,Jyoti Mukherjee,135.0
bertrand-and-co.-20260407,group_chat,Jyoti Mukherjee,14060.0
bertrand-and-co.-20260407,group_chat,Jyoti Mukherjee,175.0
bertrand-and-co.-20260407,group_chat,Jyoti Mukherjee,180.0
bertrand-and-co.-20260407,group_chat,Jyoti Mukherjee,155.0
bertrand-and-co.-20260407,group_chat,Jyoti Mukherjee,125.0
bertrand-and-co.-20260407,group_chat,Jyoti Mukherjee,70.0
bertrand-and-co.-20260407,group_chat,Jyoti Mukherjee,85510.0
bertrand-and-co.-20260407,group_chat,Jyoti Mukherjee,162.0
bertrand-and-co.-20260407,group_chat,Jyoti Mukherjee,153.0
bertrand-and-co.-20260407,group_chat,Jyoti Mukherjee,95.0
bertrand-and-co.-20260407,group_chat,Jyoti Mukherjee,125.0
bertrand-and-co.-20260407,group_chat,Jyoti Mukherjee,258857.0
bertrand-and-co.-20260407,group_chat,Jyoti Mukherjee,33.0
bertrand-and-co.-20260407,group_chat,Jyoti Mukherjee,145.0
bertrand-and-co.-20260407,group_chat,Jyoti Mukherjee,105.0
bertrand-and-co.-20260407,group_chat,Jyoti Mukherjee,96.0
bertrand-and-co.-20260407,group_chat,Jyoti Mukherjee,151349.0
bertrand-and-co.-20260407,group_chat,Jyoti Mukherjee,102.0
bertrand-and-co.-20260407,group_chat,Jyoti Mukherjee,318.0
bertrand-and-co.-20260407,group_chat,Jyoti Mukherjee,195.0
bertrand-and-co.-20260407,group_chat,Jyoti Mukherjee,180.0
bertrand-and-co.-20260407,group_chat,Jyoti Mukherjee,175575.0
bertrand-and-co.-20260407,group_chat,Jyoti Mukherjee,190.0
bertrand-and-co.-20260407,group_chat,Jyoti Mukherjee,110.0
bertrand-and-co.-20260407,group_chat,Jyoti Mukherjee,180.0
bertrand-and-co.-20260407,group_chat,Jyoti Mukherjee,70.0
bertrand-and-co.-20260407,group_chat,Jyoti Mukherjee,155.0
bertrand-and-co.-20260407,group_chat,Jyoti Mukherjee,120.0
bertrand-and-co.-20260407,group_chat,Jyoti Mukherjee,135.0
bertrand-and-co.-20260407,group_chat,Jyoti Mukherjee,90.0
bertrand-and-co.-20260407,group_chat,Jyoti Mukherjee,174880.0
bertrand-and-co.-20260407,group_chat,Jyoti Mukherjee,250.0
bertrand-and-co.-20260407,group_chat,Jyoti Mukherjee,250.0
bertrand-and-co.-20260407,group_chat,Yolanda Silva,160.0
bertrand-and-co.-20260407,group_chat,Yolanda Silva,265.0
bertrand-and-co.-20260407,group_chat,Yolanda Silva,135.0
bertrand-and-co.-20260407,group_chat,Yolanda Silva,13860.0
bertrand-and-co.-20260407,group_chat,Yolanda Silva,78.0
bertrand-and-co.-20260407,group_chat,Yolanda Silva,162.0
bertrand-and-co.-20260407,group_chat,Yolanda Silva,120.0
bertrand-and-co.-20260407,group_chat,Yolanda Silva,65.0
bertrand-and-co.-20260407,group_chat,Yolanda Silva,105.0
bertrand-and-co.-20260407,group_chat,Yolanda Silva,85960.0
bertrand-and-co.-20260407,group_chat,Yolanda Silva,135.0
bertrand-and-co.-20260407,group_chat,Yolanda Silva,48.0
bertrand-and-co.-20260407,group_chat,Yolanda Silva,105.0
bertrand-and-co.-20260407,group_chat,Yolanda Silva,105.0
bertrand-and-co.-20260407,group_chat,Yolanda Silva,258567.0
bertrand-and-co.-20260407,group_chat,Yolanda Silva,45.0
bertrand-and-co.-20260407,group_chat,Yolanda Silva,181.0
bertrand-and-co.-20260407,group_chat,Yolanda Silva,181.0
bertrand-and-co.-20260407,group_chat,Yolanda Silva,28.0
bertrand-and-co.-20260407,group_chat,Yolanda Silva,150.0
bertrand-and-co.-20260407,group_chat,Yolanda Silva,86028.0
bertrand-and-co.-20260407,group_chat,Yolanda Silva,204.0
bertrand-and-co.-20260407,group_chat,Yolanda Silva,324290.0
bertrand-and-co.-20260407,group_chat,Yolanda Silva,299.0
bertrand-and-co.-20260407,group_chat,Yolanda Silva,73.0
bertrand-and-co.-20260407,group_chat,Yolanda Silva,186.0
bertrand-and-co.-20260407,group_chat,Yolanda Silva,170.0
bertrand-and-co.-20260407,group_chat,Yolanda Silva,140.0
bertrand-and-co.-20260407,group_chat,Yolanda Silva,5895.0
bertrand-and-co.-20260407,group_chat,Yolanda Silva,136.0
bertrand-and-co.-20260407,group_chat,Yolanda Silva,61.0
bertrand-and-co.-20260407,group_chat,Yolanda Silva,93.0
bertrand-and-co.-20260407,group_chat,Yolanda Silva,30.0
bertrand-and-co.-20260407,group_chat,Yolanda Silva,168690.0
bertrand-and-co.-20260407,group_chat,Yolanda Silva,147.0
bertrand-and-co.-20260407,group_chat,Yolanda Silva,123.0
bertrand-and-co.-20260407,group_chat,Yolanda Silva,77.0
bertrand-and-co.-20260407,group_chat,Yolanda Silva,143.0
bertrand-and-co.-20260407,group_chat,Yolanda Silva,83018.0
bertrand-and-co.-20260407,group_chat,Yolanda Silva,214.0
bertrand-and-co.-20260407,group_chat,Yolanda Silva,93.0
bertrand-and-co.-20260407,group_chat,Yolanda Silva,135.0
bertrand-and-co.-20260407,group_chat,Yolanda Silva,115.0
bertrand-and-co.-20260407,group_chat,Yolanda Silva,142.0
bertrand-and-co.-20260407,group_chat,Yolanda Silva,68.0
bertrand-and-co.-20260407,group_chat,Yolanda Silva,62.0
bertrand-and-co.-20260407,group_chat,Yolanda Silva,70.0
bertrand-and-co.-20260407,group_chat,Yolanda Silva,20126.0
bertrand-and-co.-20260407,group_chat,Yolanda Silva,197.0
bertrand-and-co.-20260407,group_chat,Yolanda Silva,160.0
bertrand-and-co.-20260407,group_chat,Yolanda Silva,71590.0
bertrand-and-co.-20260407,group_chat,Yolanda Silva,90.0
bertrand-and-co.-20260407,group_chat,Yolanda Silva,170.0
bertrand-and-co.-20260407,group_chat,Mosi Kabongo,100.0
bertrand-and-co.-20260407,group_chat,Mosi Kabongo,110.0
bertrand-and-co.-20260407,group_chat,Mosi Kabongo,70.0
bertrand-and-co.-20260407,group_chat,Mosi Kabongo,80.0
bertrand-and-co.-20260407,group_chat,Mosi Kabongo,3465.0
bertrand-and-co.-20260407,group_chat,Mosi Kabongo,70.0
bertrand-and-co.-20260407,group_chat,Mosi Kabongo,125.0
bertrand-and-co.-20260407,group_chat,Mosi Kabongo,100.0
bertrand-and-co.-20260407,group_chat,Mosi Kabongo,85.0
bertrand-and-co.-20260407,group_chat,Mosi Kabongo,10068.0
bertrand-and-co.-20260407,group_chat,Mosi Kabongo,107.0
bertrand-and-co.-20260407,group_chat,Mosi Kabongo,70.0
bertrand-and-co.-20260407,group_chat,Mosi Kabongo,65.0
bertrand-and-co.-20260407,group_chat,Mosi Kabongo,95.0
bertrand-and-co.-20260407,group_chat,Mosi Kabongo,785.0
bertrand-and-co.-20260407,group_chat,Mosi Kabongo,71020.0
bertrand-and-co.-20260407,group_chat,Mosi Kabongo,37.0
bertrand-and-co.-20260407,group_chat,Mosi Kabongo,58.0
bertrand-and-co.-20260407,group_chat,Mosi Kabongo,50.0
bertrand-and-co.-20260407,group_chat,Mosi Kabongo,25.0
bertrand-and-co.-20260407,group_chat,Mosi Kabongo,127.0
bertrand-and-co.-20260407,group_chat,Mosi Kabongo,48.0
bertrand-and-co.-20260407,group_chat,Mosi Kabongo,130.0
bertrand-and-co.-20260407,group_chat,Mosi Kabongo,140.0
bertrand-and-co.-20260407,group_chat,Mosi Kabongo,105.0
bertrand-and-co.-20260407,group_chat,Mosi Kabongo,3016.0
bertrand-and-co.-20260407,group_chat,Mosi Kabongo,123.0
bertrand-and-co.-20260407,group_chat,Mosi Kabongo,117.0
bertrand-and-co.-20260407,group_chat,Mosi Kabongo,321.0
bertrand-and-co.-20260407,group_chat,Mosi Kabongo,13612.0
bertrand-and-co.-20260407,group_chat,Mosi Kabongo,226.0
bertrand-and-co.-20260407,group_chat,Mosi Kabongo,99.0
bertrand-and-co.-20260407,group_chat,Mosi Kabongo,46.0
bertrand-and-co.-20260407,group_chat,Mosi Kabongo,67.0
bertrand-and-co.-20260407,group_chat,Mosi Kabongo,58.0
bertrand-and-co.-20260407,group_chat,Mosi Kabongo,195.0
bertrand-and-co.-20260407,group_chat,Mosi Kabongo,67650.0
bertrand-and-co.-20260407,group_chat,Mosi Kabongo,166.0
bertrand-and-co.-20260407,group_chat,Mosi Kabongo,84.0
bertrand-and-co.-20260407,group_chat,Mosi Kabongo,175.0
bertrand-and-co.-20260407,group_chat,Mosi Kabongo,4630.0
bertrand-and-co.-20260407,group_chat,Mosi Kabongo,152.0
bertrand-and-co.-20260407,group_chat,Mosi Kabongo,68.0
bertrand-and-co.-20260407,group_chat,Mosi Kabongo,180.0
bertrand-and-co.-20260407,group_chat,Mosi Kabongo,130.0
bertrand-and-co.-20260407,group_chat,Mosi Kabongo,80804.0
bertrand-and-co.-20260407,group_chat,Mosi Kabongo,31.0
bertrand-and-co.-20260407,group_chat,Mosi Kabongo,115.0
bertrand-and-co.-20260407,group_chat,Mosi Kabongo,78.0
bertrand-and-co.-20260407,group_chat,Mosi Kabongo,22.0
bertrand-and-co.-20260407,group_chat,Mosi Kabongo,15.0
bertrand-and-co.-20260407,group_chat,Mosi Kabongo,75.0
bertrand-and-co.-20260407,group_chat,Mosi Kabongo,38.0
bertrand-and-co.-20260407,group_chat,Mosi Kabongo,27.0
bertrand-and-co.-20260407,group_chat,Mosi Kabongo,300.0
bertrand-and-co.-20260407,group_chat,Mosi Kabongo,63.0
bertrand-and-co.-20260407,group_chat,Mosi Kabongo,57.0
bertrand-and-co.-20260407,group_chat,Mosi Kabongo,43.0
bertrand-and-co.-20260407,group_chat,Mosi Kabongo,57.0
bertrand-and-co.-20260407,group_chat,Mosi Kabongo,75.0
bertrand-and-co.-20260407,group_chat,Mosi Kabongo,65.0
bertrand-and-co.-20260407,group_chat,Mosi Kabongo,2640.0
bertrand-and-co.-20260407,group_chat,Mosi Kabongo,95.0
bertrand-and-co.-20260407,group_chat,Mosi Kabongo,125.0
bertrand-and-co.-20260407,group_chat,Mosi Kabongo,130.0
bertrand-and-co.-20260407,group_chat,Mosi Kabongo,55.0
bertrand-and-co.-20260407,group_chat,Mosi Kabongo,14020.0
bertrand-and-co.-20260407,group_chat,Mosi Kabongo,90.0
bertrand-and-co.-20260407,group_chat,Mosi Kabongo,140.0
bertrand-and-co.-20260407,group_chat,Mosi Kabongo,95.0
bertrand-and-co.-20260407,group_chat,Mosi Kabongo,68170.0
bertrand-and-co.-20260407,group_chat,Mosi Kabongo,185.0
bertrand-and-co.-20260407,group_chat,Mosi Kabongo,150.0
bertrand-and-co.-20260407,group_chat,Mosi Kabongo,70.0
bertrand-and-co.-20260407,group_chat,Mosi Kabongo,115.0
bertrand-and-co.-20260407,group_chat,Mosi Kabongo,17529.0
bertrand-and-co.-20260407,group_chat,Mosi Kabongo,219.0
bertrand-and-co.-20260407,group_chat,Mosi Kabongo,212.0
bertrand-and-co.-20260407,group_chat,Mosi Kabongo,163.0
bertrand-and-co.-20260407,group_chat,Mosi Kabongo,64997.0
bertrand-and-co.-20260407,group_chat,Mosi Kabongo,300.0
bertrand-and-co.-20260407,group_chat,Mosi Kabongo,340.0
bertrand-and-co.-20260407,group_chat,Mosi Kabongo,305.0
bertrand-and-co.-20260407,group_chat,Mosi Kabongo,100.0
bertrand-and-co.-20260407,group_chat,Mosi Kabongo,189.0
bertrand-and-co.-20260407,group_chat,Mosi Kabongo,208.0
bertrand-and-co.-20260407,group_chat,Mosi Kabongo,183.0
bertrand-and-co.-20260407,group_chat,Mosi Kabongo,4855.0
bertrand-and-co.-20260407,group_chat,Mosi Kabongo,107.0
bertrand-and-co.-20260407,group_chat,Mosi Kabongo,108.0
bertrand-and-co.-20260407,group_chat,Mosi Kabongo,190.0
bertrand-and-co.-20260407,group_chat,Mosi Kabongo,275.0
bertrand-and-co.-20260407,group_chat,Mosi Kabongo,160.0
bertrand-and-co.-20260407,group_chat,Mosi Kabongo,105.0
bertrand-and-co.-20260407,group_chat,Mosi Kabongo,13215.0
bertrand-and-co.-20260407,group_chat,Mosi Kabongo,45.0
bertrand-and-co.-20260407,group_chat,Mosi Kabongo,32.0
bertrand-and-co.-20260407,group_chat,Mosi Kabongo,23.0
bertrand-and-co.-20260407,group_chat,Mosi Kabongo,140.0
bertrand-and-co.-20260407,group_chat,Mosi Kabongo,43.0
bertrand-and-co.-20260407,group_chat,Mosi Kabongo,54.0
bertrand-and-co.-20260407,group_chat,Mosi Kabongo,48.0
bertrand-and-co.-20260407,group_chat,Mosi Kabongo,40.0
bertrand-and-co.-20260407,group_chat,Mosi Kabongo,45.0
bertrand-and-co.-20260407,group_chat,Mosi Kabongo,68031.0
bertrand-and-co.-20260407,group_chat,Mosi Kabongo,139.0
bertrand-and-co.-20260407,group_chat,Mosi Kabongo,136.0
bertrand-and-co.-20260407,group_chat,Mosi Kabongo,71.0
bertrand-and-co.-20260407,group_chat,Mosi Kabongo,145.0
bertrand-and-co.-20260407,group_chat,Mosi Kabongo,88.0
bertrand-and-co.-20260407,group_chat,Mosi Kabongo,17397.0
bertrand-and-co.-20260407,group_chat,Mosi Kabongo,20.0
bertrand-and-co.-20260407,group_chat,Mosi Kabongo,76.0
bertrand-and-co.-20260407,group_chat,Mosi Kabongo,87.0
bertrand-and-co.-20260407,group_chat,Mosi Kabongo,40.0
bertrand-and-co.-20260407,group_chat,Mosi Kabongo,25.0
bertrand-and-co.-20260407,group_chat,Mosi Kabongo,50.0
bertrand-and-co.-20260407,group_chat,Mosi Kabongo,78.0
bertrand-and-co.-20260407,group_chat,Mosi Kabongo,27.0
bertrand-and-co.-20260407,group_chat,Mosi Kabongo,82.0
bertrand-and-co.-20260407,group_chat,Mosi Kabongo,33.0
bertrand-and-co.-20260407,group_chat,Mosi Kabongo,180.0
bertrand-and-co.-20260407,group_chat,Mosi Kabongo,140.0
bertrand-and-co.-20260407,group_chat,Mosi Kabongo,67607.0
bertrand-and-co.-20260407,group_chat,Mosi Kabongo,108.0
bertrand-and-co.-20260407,group_chat,Mosi Kabongo,227.0
bertrand-and-co.-20260407,group_chat,Mosi Kabongo,3263.0
bertrand-and-co.-20260407,group_chat,Mosi Kabongo,120.0
bertrand-and-co.-20260407,group_chat,Mosi Kabongo,150.0
bertrand-and-co.-20260407,group_chat,Mosi Kabongo,175.0
bertrand-and-co.-20260407,group_chat,Mosi Kabongo,13835.0
bertrand-and-co.-20260407,group_chat,Mosi Kabongo,40.0
bertrand-and-co.-20260407,group_chat,Mosi Kabongo,45.0
bertrand-and-co.-20260407,group_chat,Mosi Kabongo,15.0
bertrand-and-co.-20260407,group_chat,Mosi Kabongo,85.0
bertrand-and-co.-20260407,group_chat,Mosi Kabongo,45.0
bertrand-and-co.-20260407,group_chat,Mosi Kabongo,45.0
bertrand-and-co.-20260407,group_chat,Mosi Kabongo,25.0
bertrand-and-co.-20260407,group_chat,Mosi Kabongo,27.0
bertrand-and-co.-20260407,group_chat,Mosi Kabongo,113.0
bertrand-and-co.-20260407,group_chat,Mosi Kabongo,90.0
bertrand-and-co.-20260407,group_chat,Mosi Kabongo,68507.0
bertrand-and-co.-20260407,group_chat,Mosi Kabongo,146.0
bertrand-and-co.-20260407,group_chat,Mosi Kabongo,137.0
bertrand-and-co.-20260407,group_chat,Mosi Kabongo,550.0
bertrand-and-co.-20260407,group_chat,Mosi Kabongo,115.0
bertrand-and-co.-20260407,group_chat,Mosi Kabongo,16442.0
bertrand-and-co.-20260407,group_chat,Mosi Kabongo,3.0
bertrand-and-co.-20260407,group_chat,Mosi Kabongo,70.0
bertrand-and-co.-20260407,group_chat,Mosi Kabongo,15.0
bertrand-and-co.-20260407,group_chat,Mosi Kabongo,65.0
bertrand-and-co.-20260407,group_chat,Mosi Kabongo,45.0
bertrand-and-co.-20260407,group_chat,Mosi Kabongo,10.0
bertrand-and-co.-20260407,group_chat,Mosi Kabongo,145.0
bertrand-and-co.-20260407,group_chat,Mosi Kabongo,80.0
bertrand-and-co.-20260407,group_chat,Mosi Kabongo,68768.0
bertrand-and-co.-20260407,group_chat,Mosi Kabongo,132.0
bertrand-and-co.-20260407,group_chat,Mosi Kabongo,345.0
bertrand-and-co.-20260407,group_chat,Mosi Kabongo,80.0
bertrand-and-co.-20260407,group_chat,Mosi Kabongo,142.0
bertrand-and-co.-20260407,group_chat,Mosi Kabongo,2295.0
bertrand-and-co.-20260407,group_chat,Mosi Kabongo,165.0
bertrand-and-co.-20260407,group_chat,Mosi Kabongo,78.0
bertrand-and-co.-20260407,group_chat,Mosi Kabongo,13960.0
bertrand-and-co.-20260407,group_chat,Mosi Kabongo,35.0
bertrand-and-co.-20260407,group_chat,Mosi Kabongo,137.0
bertrand-and-co.-20260407,group_chat,Mosi Kabongo,98.0
bertrand-and-co.-20260407,group_chat,Mosi Kabongo,45.0
bertrand-and-co.-20260407,group_chat,Mosi Kabongo,125.0
bertrand-and-co.-20260407,group_chat,Mosi Kabongo,5.0
bertrand-and-co.-20260407,group_chat,Mosi Kabongo,160.0
bertrand-and-co.-20260407,group_chat,Mosi Kabongo,12870.0
bertrand-and-co.-20260407,group_chat,Mosi Kabongo,190.0
bertrand-and-co.-20260407,group_chat,Mosi Kabongo,290.0
bertrand-and-co.-20260407,group_chat,Mosi Kabongo,55.0
bertrand-and-co.-20260407,group_chat,Mosi Kabongo,210.0
bertrand-and-co.-20260407,group_chat,Mosi Kabongo,51395.0
bertrand-and-co.-20260407,group_chat,Mosi Kabongo,255.0
bertrand-and-co.-20260407,group_chat,Mosi Kabongo,250.0
bertrand-and-co.-20260407,group_chat,Mosi Kabongo,215.0
bertrand-and-co.-20260407,group_chat,Mosi Kabongo,2185.0
bertrand-and-co.-20260407,group_chat,Mosi Kabongo,590.0
bertrand-and-co.-20260407,group_chat,Mosi Kabongo,175.0
bertrand-and-co.-20260407,group_chat,Mosi Kabongo,135.0
bertrand-and-co.-20260407,group_chat,Mosi Kabongo,5.0
bertrand-and-co.-20260407,group_chat,Mosi Kabongo,385.0
bertrand-and-co.-20260407,group_chat,Mosi Kabongo,152.0
bertrand-and-co.-20260407,group_chat,Mosi Kabongo,178.0
bertrand-and-co.-20260407,group_chat,Mosi Kabongo,9065.0
bertrand-and-co.-20260407,group_chat,Mosi Kabongo,80.0
bertrand-and-co.-20260407,group_chat,Mosi Kabongo,65.0
bertrand-and-co.-20260407,group_chat,Mosi Kabongo,80.0
bertrand-and-co.-20260407,group_chat,Mosi Kabongo,65.0
bertrand-and-co.-20260407,group_chat,Mosi Kabongo,60.0
bertrand-and-co.-20260407,group_chat,Mosi Kabongo,45.0
bertrand-and-co.-20260407,group_chat,Mosi Kabongo,6802.0
bertrand-and-co.-20260407,group_chat,Mosi Kabongo,120.0
bertrand-and-co.-20260407,group_chat,Mosi Kabongo,76.0
bertrand-and-co.-20260407,group_chat,Mosi Kabongo,95.0
bertrand-and-co.-20260407,group_chat,Mosi Kabongo,68082.0
bertrand-and-co.-20260407,group_chat,Mosi Kabongo,100.0
bertrand-and-co.-20260407,group_chat,Mosi Kabongo,125.0
bertrand-and-co.-20260407,group_chat,Mosi Kabongo,150.0
bertrand-and-co.-20260407,group_chat,Mosi Kabongo,190.0
bertrand-and-co.-20260407,group_chat,Mosi Kabongo,3035.0
bertrand-and-co.-20260407,group_chat,Mosi Kabongo,76.0
bertrand-and-co.-20260407,group_chat,Mosi Kabongo,59.0
bertrand-and-co.-20260407,group_chat,Mosi Kabongo,64.0
bertrand-and-co.-20260407,group_chat,Mosi Kabongo,28.0
bertrand-and-co.-20260407,group_chat,Mosi Kabongo,43.0
bertrand-and-co.-20260407,group_chat,Mosi Kabongo,20.0
bertrand-and-co.-20260407,group_chat,Mosi Kabongo,90.0
bertrand-and-co.-20260407,group_chat,Mosi Kabongo,14115.0
bertrand-and-co.-20260407,group_chat,Mosi Kabongo,100.0
bertrand-and-co.-20260407,group_chat,Mosi Kabongo,40.0
bertrand-and-co.-20260407,group_chat,Mosi Kabongo,90.0
bertrand-and-co.-20260407,group_chat,Mosi Kabongo,68110.0
bertrand-and-co.-20260407,group_chat,Mosi Kabongo,27.0
bertrand-and-co.-20260407,group_chat,Mosi Kabongo,136.0
bertrand-and-co.-20260407,group_chat,Mosi Kabongo,12.0
bertrand-and-co.-20260407,group_chat,Mosi Kabongo,90.0
bertrand-and-co.-20260407,group_chat,Mosi Kabongo,120.0
bertrand-and-co.-20260407,group_chat,Mosi Kabongo,40.0
bertrand-and-co.-20260407,group_chat,Mosi Kabongo,216.0
bertrand-and-co.-20260407,group_chat,Mosi Kabongo,106.0
bertrand-and-co.-20260407,group_chat,Mosi Kabongo,203.0
bertrand-and-co.-20260407,group_chat,Mosi Kabongo,122.0
bertrand-and-co.-20260407,group_chat,Mosi Kabongo,113.0
bertrand-and-co.-20260407,group_chat,Mosi Kabongo,73.0
bertrand-and-co.-20260407,group_chat,Mosi Kabongo,120.0
bertrand-and-co.-20260407,group_chat,Mosi Kabongo,2227.0
bertrand-and-co.-20260407,group_chat,Mosi Kabongo,95.0
bertrand-and-co.-20260407,group_chat,Mosi Kabongo,130.0
bertrand-and-co.-20260407,group_chat,Mosi Kabongo,140.0
bertrand-and-co.-20260407,group_chat,Mosi Kabongo,165.0
bertrand-and-co.-20260407,group_chat,Mosi Kabongo,13981.0
bertrand-and-co.-20260407,group_chat,Mosi Kabongo,178.0
bertrand-and-co.-20260407,group_chat,Mosi Kabongo,178.0
bertrand-and-co.-20260407,group_chat,Mosi Kabongo,113.0
bertrand-and-co.-20260407,group_chat,Mosi Kabongo,7387.0
bertrand-and-co.-20260407,group_chat,Mosi Kabongo,78.0
bertrand-and-co.-20260407,group_chat,Mosi Kabongo,77.0
bertrand-and-co.-20260407,group_chat,Mosi Kabongo,103.0
bertrand-and-co.-20260407,group_chat,Mosi Kabongo,105.0
bertrand-and-co.-20260407,group_chat,Mosi Kabongo,85.0
bertrand-and-co.-20260407,group_chat,Mosi Kabongo,90.0
bertrand-and-co.-20260407,group_chat,Mosi Kabongo,75.0
bertrand-and-co.-20260407,group_chat,Mosi Kabongo,56325.0
bertrand-and-co.-20260407,group_chat,Mosi Kabongo,150.0
bertrand-and-co.-20260407,group_chat,Mosi Kabongo,105.0
bertrand-and-co.-20260407,group_chat,Mosi Kabongo,135.0
bertrand-and-co.-20260407,group_chat,Mosi Kabongo,105.0
bertrand-and-co.-20260407,group_chat,Mosi Kabongo,2887.0
bertrand-and-co.-20260407,group_chat,Mosi Kabongo,209.0
bertrand-and-co.-20260407,group_chat,Mosi Kabongo,139.0
bertrand-and-co.-20260407,group_chat,Mosi Kabongo,1542.0
bertrand-and-co.-20260407,group_chat,Mosi Kabongo,1868.0
bertrand-and-co.-20260407,group_chat,Mosi Kabongo,80.0
bertrand-and-co.-20260407,group_chat,Mosi Kabongo,40.0
bertrand-and-co.-20260407,group_chat,Mosi Kabongo,35.0
bertrand-and-co.-20260407,group_chat,Mosi Kabongo,75.0
bertrand-and-co.-20260407,group_chat,Mosi Kabongo,30.0
bertrand-and-co.-20260407,group_chat,Mosi Kabongo,75.0
bertrand-and-co.-20260407,group_chat,Mosi Kabongo,13996.0
bertrand-and-co.-20260407,group_chat,Mosi Kabongo,121.0
bertrand-and-co.-20260407,group_chat,Mosi Kabongo,223.0
bertrand-and-co.-20260407,group_chat,Mosi Kabongo,115.0
bertrand-and-co.-20260407,group_chat,Yara Jensen,55.0
bertrand-and-co.-20260407,group_chat,Yara Jensen,35.0
bertrand-and-co.-20260407,group_chat,Yara Jensen,70.0
bertrand-and-co.-20260407,group_chat,Yara Jensen,75.0
bertrand-and-co.-20260407,group_chat,Yara Jensen,65.0
bertrand-and-co.-20260407,group_chat,Yara Jensen,60.0
bertrand-and-co.-20260407,group_chat,Yara Jensen,780.0
bertrand-and-co.-20260407,group_chat,Yara Jensen,70919.0
bertrand-and-co.-20260407,group_chat,Yara Jensen,1.0
bertrand-and-co.-20260407,group_chat,Yara Jensen,250.0
bertrand-and-co.-20260407,group_chat,Yara Jensen,80.0
bertrand-and-co.-20260407,group_chat,Yara Jensen,38.0
bertrand-and-co.-20260407,group_chat,Yara Jensen,117.0
bertrand-and-co.-20260407,group_chat,Yara Jensen,115.0
bertrand-and-co.-20260407,group_chat,Yara Jensen,165.0
bertrand-and-co.-20260407,group_chat,Yara Jensen,80.0
bertrand-and-co.-20260407,group_chat,Yara Jensen,17425.0
bertrand-and-co.-20260407,group_chat,Yara Jensen,115.0
bertrand-and-co.-20260407,group_chat,Yara Jensen,125.0
bertrand-and-co.-20260407,group_chat,Yara Jensen,72750.0
bertrand-and-co.-20260407,group_chat,Yara Jensen,175.0
bertrand-and-co.-20260407,group_chat,Yara Jensen,140.0
bertrand-and-co.-20260407,group_chat,Yara Jensen,130.0
bertrand-and-co.-20260407,group_chat,Yara Jensen,115.0
bertrand-and-co.-20260407,group_chat,Yara Jensen,75.0
bertrand-and-co.-20260407,group_chat,Yara Jensen,12505.0
bertrand-and-co.-20260407,group_chat,Yara Jensen,173.0
bertrand-and-co.-20260407,group_chat,Yara Jensen,122.0
bertrand-and-co.-20260407,group_chat,Yara Jensen,155.0
bertrand-and-co.-20260407,group_chat,Yara Jensen,67945.0
bertrand-and-co.-20260407,group_chat,Yara Jensen,245.0
bertrand-and-co.-20260407,group_chat,Yara Jensen,225.0
bertrand-and-co.-20260407,group_chat,Yara Jensen,3205.0
bertrand-and-co.-20260407,group_chat,Yara Jensen,165.0
bertrand-and-co.-20260407,group_chat,Yara Jensen,110.0
bertrand-and-co.-20260407,group_chat,Yara Jensen,80.0
bertrand-and-co.-20260407,group_chat,Yara Jensen,82420.0
bertrand-and-co.-20260407,group_chat,Yara Jensen,225.0
bertrand-and-co.-20260407,group_chat,Yara Jensen,110.0
bertrand-and-co.-20260407,group_chat,Yara Jensen,140.0
bertrand-and-co.-20260407,group_chat,Yara Jensen,105.0
bertrand-and-co.-20260407,group_chat,Yara Jensen,90.0
bertrand-and-co.-20260407,group_chat,Yara Jensen,45965.0
bertrand-and-co.-20260407,group_chat,Yara Jensen,153.0
bertrand-and-co.-20260407,group_chat,Yara Jensen,42.0
bertrand-and-co.-20260407,group_chat,Yara Jensen,170.0
bertrand-and-co.-20260407,group_chat,Yara Jensen,210.0
bertrand-and-co.-20260407,group_chat,Yara Jensen,36310.0
bertrand-and-co.-20260407,group_chat,Yara Jensen,360.0
bertrand-and-co.-20260407,group_chat,Yara Jensen,315.0
bertrand-and-co.-20260407,group_chat,Yara Jensen,450.0
bertrand-and-co.-20260407,group_chat,Yara Jensen,27.0
bertrand-and-co.-20260407,group_chat,Yara Jensen,168.0
bertrand-and-co.-20260407,group_chat,Yara Jensen,72.0
bertrand-and-co.-20260407,group_chat,Yara Jensen,236.0
bertrand-and-co.-20260407,group_chat,Yara Jensen,195.0
bertrand-and-co.-20260407,group_chat,Yara Jensen,19069.0
bertrand-and-co.-20260407,group_chat,Yara Jensen,333.0
bertrand-and-co.-20260407,group_chat,Yara Jensen,86025.0
bertrand-and-co.-20260407,group_chat,Yara Jensen,210.0
bertrand-and-co.-20260407,group_chat,Yara Jensen,85.0
bertrand-and-co.-20260407,group_chat,Yara Jensen,140.0
bertrand-and-co.-20260407,group_chat,Yara Jensen,71595.0
bertrand-and-co.-20260407,group_chat,Yara Jensen,160.0
bertrand-and-co.-20260407,group_chat,Yara Jensen,150.0
bertrand-and-co.-20260407,group_chat,Yara Jensen,115.0
bertrand-and-co.-20260407,group_chat,Yara Jensen,75.0
bertrand-and-co.-20260407,group_chat,Yara Jensen,100400.0
bertrand-and-co.-20260407,group_chat,Yara Jensen,270.0
bertrand-and-co.-20260407,group_chat,Yara Jensen,68630.0
bertrand-and-co.-20260407,group_chat,Yara Jensen,312.0
bertrand-and-co.-20260407,group_chat,Yara Jensen,170.0
bertrand-and-co.-20260407,group_chat,Yara Jensen,127.0
bertrand-and-co.-20260407,group_chat,Yara Jensen,241.0
bertrand-and-co.-20260407,group_chat,Yara Jensen,2188.0
bertrand-and-co.-20260407,group_chat,Yara Jensen,129.0
bertrand-and-co.-20260407,group_chat,Yara Jensen,58.0
bertrand-and-co.-20260407,group_chat,Yara Jensen,80.0
bertrand-and-co.-20260407,group_chat,Yara Jensen,15.0
bertrand-and-co.-20260407,group_chat,Yara Jensen,80.0
bertrand-and-co.-20260407,group_chat,Yara Jensen,45.0
bertrand-and-co.-20260407,group_chat,Yara Jensen,45.0
bertrand-and-co.-20260407,group_chat,Yara Jensen,27230.0
bertrand-and-co.-20260407,group_chat,Yara Jensen,242.0
bertrand-and-co.-20260407,group_chat,Yara Jensen,218.0
bertrand-and-co.-20260407,group_chat,Yara Jensen,140.0
bertrand-and-co.-20260407,group_chat,Yara Jensen,210.0
bertrand-and-co.-20260407,group_chat,Yara Jensen,165.0
bertrand-and-co.-20260407,group_chat,Yara Jensen,51225.0
bertrand-and-co.-20260407,group_chat,Yara Jensen,12.0
bertrand-and-co.-20260407,group_chat,Yara Jensen,106.0
bertrand-and-co.-20260407,group_chat,Yara Jensen,67.0
bertrand-and-co.-20260407,group_chat,Yara Jensen,85.0
bertrand-and-co.-20260407,group_chat,Yara Jensen,135.0
bertrand-and-co.-20260407,group_chat,Yara Jensen,80.0
bertrand-and-co.-20260407,group_chat,Yara Jensen,85.0
bertrand-and-co.-20260407,group_chat,Yara Jensen,120.0
bertrand-and-co.-20260407,group_chat,Yara Jensen,32.0
bertrand-and-co.-20260407,group_chat,Yara Jensen,103.0
bertrand-and-co.-20260407,group_chat,Yara Jensen,45.0
bertrand-and-co.-20260407,group_chat,Yara Jensen,135.0
bertrand-and-co.-20260407,group_chat,Yara Jensen,12675.0
bertrand-and-co.-20260407,group_chat,Yara Jensen,60.0
bertrand-and-co.-20260407,group_chat,Yara Jensen,70.0
bertrand-and-co.-20260407,group_chat,Yara Jensen,80.0
bertrand-and-co.-20260407,group_chat,Yara Jensen,65.0
bertrand-and-co.-20260407,group_chat,Yara Jensen,75.0
bertrand-and-co.-20260407,group_chat,Yara Jensen,90.0
bertrand-and-co.-20260407,group_chat,Yara Jensen,6595.0
bertrand-and-co.-20260407,group_chat,Yara Jensen,139.0
bertrand-and-co.-20260407,group_chat,Yara Jensen,105.0
bertrand-and-co.-20260407,group_chat,Yara Jensen,3.0
bertrand-and-co.-20260407,group_chat,Yara Jensen,166.0
bertrand-and-co.-20260407,group_chat,Yara Jensen,17.0
bertrand-and-co.-20260407,group_chat,Yara Jensen,56.0
bertrand-and-co.-20260407,group_chat,Yara Jensen,64.0
bertrand-and-co.-20260407,group_chat,Yara Jensen,67970.0
bertrand-and-co.-20260407,group_chat,Yara Jensen,108.0
bertrand-and-co.-20260407,group_chat,Yara Jensen,92.0
bertrand-and-co.-20260407,group_chat,Yara Jensen,170.0
bertrand-and-co.-20260407,group_chat,Yara Jensen,113.0
bertrand-and-co.-20260407,group_chat,Yara Jensen,102.0
bertrand-and-co.-20260407,group_chat,Yara Jensen,55.0
bertrand-and-co.-20260407,group_chat,Yara Jensen,215.0
bertrand-and-co.-20260407,group_chat,Yara Jensen,120.0
bertrand-and-co.-20260407,group_chat,Yara Jensen,165.0
bertrand-and-co.-20260407,group_chat,Yara Jensen,225.0
bertrand-and-co.-20260407,group_chat,Yara Jensen,130.0
bertrand-and-co.-20260407,group_chat,Yara Jensen,80.0
bertrand-and-co.-20260407,group_chat,Yara Jensen,135.0
bertrand-and-co.-20260407,group_chat,Yara Jensen,1890.0
bertrand-and-co.-20260407,group_chat,Yara Jensen,57.0
bertrand-and-co.-20260407,group_chat,Yara Jensen,89.0
bertrand-and-co.-20260407,group_chat,Yara Jensen,89.0
bertrand-and-co.-20260407,group_chat,Yara Jensen,8.0
bertrand-and-co.-20260407,group_chat,Yara Jensen,64.0
bertrand-and-co.-20260407,group_chat,Yara Jensen,41.0
bertrand-and-co.-20260407,group_chat,Yara Jensen,17.0
bertrand-and-co.-20260407,group_chat,Yara Jensen,72.0
bertrand-and-co.-20260407,group_chat,Yara Jensen,13993.0
bertrand-and-co.-20260407,group_chat,Yara Jensen,175.0
bertrand-and-co.-20260407,group_chat,Yara Jensen,30.0
bertrand-and-co.-20260407,group_chat,Yara Jensen,72.0
bertrand-and-co.-20260407,group_chat,Yara Jensen,18.0
bertrand-and-co.-20260407,group_chat,Yara Jensen,75.0
bertrand-and-co.-20260407,group_chat,Yara Jensen,86057.0
bertrand-and-co.-20260407,group_chat,Yara Jensen,253.0
bertrand-and-co.-20260407,group_chat,Yara Jensen,200.0
bertrand-and-co.-20260407,group_chat,Yara Jensen,105.0
bertrand-and-co.-20260407,group_chat,Yara Jensen,7350.0
bertrand-and-co.-20260407,group_chat,Yara Jensen,185.0
bertrand-and-co.-20260407,group_chat,Yara Jensen,95.0
bertrand-and-co.-20260407,group_chat,Yara Jensen,90.0
bertrand-and-co.-20260407,group_chat,Yara Jensen,90.0
bertrand-and-co.-20260407,group_chat,Yara Jensen,95.0
bertrand-and-co.-20260407,group_chat,Yara Jensen,75.0
bertrand-and-co.-20260407,group_chat,Yara Jensen,56262.0
bertrand-and-co.-20260407,group_chat,Yara Jensen,178.0
bertrand-and-co.-20260407,group_chat,Yara Jensen,132.0
bertrand-and-co.-20260407,group_chat,Yara Jensen,128.0
bertrand-and-co.-20260407,group_chat,Yara Jensen,140.0
bertrand-and-co.-20260407,group_chat,Yara Jensen,2902.0
bertrand-and-co.-20260407,group_chat,Yara Jensen,140.0
bertrand-and-co.-20260407,group_chat,Yara Jensen,220.0
bertrand-and-co.-20260407,group_chat,Yara Jensen,1568.0
bertrand-and-co.-20260407,group_chat,Yara Jensen,1820.0
bertrand-and-co.-20260407,group_chat,Yara Jensen,85.0
bertrand-and-co.-20260407,group_chat,Yara Jensen,120.0
bertrand-and-co.-20260407,group_chat,Yara Jensen,125.0
bertrand-and-co.-20260407,group_chat,Yara Jensen,13985.0
bertrand-and-co.-20260407,group_chat,Yara Jensen,59.0
bertrand-and-co.-20260407,group_chat,Yara Jensen,208.0
bertrand-and-co.-20260407,group_chat,Yara Jensen,141.0
bertrand-and-co.-20260407,group_chat,Yara Jensen,82.0
bertrand-and-co.-20260407,group_chat,Markus Schmidt,82.0
bertrand-and-co.-20260407,group_chat,Markus Schmidt,48.0
bertrand-and-co.-20260407,group_chat,Markus Schmidt,55.0
bertrand-and-co.-20260407,group_chat,Markus Schmidt,85.0
bertrand-and-co.-20260407,group_chat,Markus Schmidt,840.0
bertrand-and-co.-20260407,group_chat,Markus Schmidt,71078.0
bertrand-and-co.-20260407,group_chat,Markus Schmidt,129.0
bertrand-and-co.-20260407,group_chat,Markus Schmidt,51.0
bertrand-and-co.-20260407,group_chat,Markus Schmidt,17932.0
bertrand-and-co.-20260407,group_chat,Markus Schmidt,95.0
bertrand-and-co.-20260407,group_chat,Markus Schmidt,115.0
bertrand-and-co.-20260407,group_chat,Markus Schmidt,67888.0
bertrand-and-co.-20260407,group_chat,Markus Schmidt,234.0
bertrand-and-co.-20260407,group_chat,Markus Schmidt,128.0
bertrand-and-co.-20260407,group_chat,Markus Schmidt,61.0
bertrand-and-co.-20260407,group_chat,Markus Schmidt,151.0
bertrand-and-co.-20260407,group_chat,Markus Schmidt,3181.0
bertrand-and-co.-20260407,group_chat,Markus Schmidt,33.0
bertrand-and-co.-20260407,group_chat,Markus Schmidt,94.0
bertrand-and-co.-20260407,group_chat,Markus Schmidt,120.0
bertrand-and-co.-20260407,group_chat,Markus Schmidt,70.0
bertrand-and-co.-20260407,group_chat,Markus Schmidt,82240.0
bertrand-and-co.-20260407,group_chat,Markus Schmidt,80.0
bertrand-and-co.-20260407,group_chat,Markus Schmidt,62.0
bertrand-and-co.-20260407,group_chat,Markus Schmidt,3.0
bertrand-and-co.-20260407,group_chat,Markus Schmidt,105.0
bertrand-and-co.-20260407,group_chat,Markus Schmidt,90.0
bertrand-and-co.-20260407,group_chat,Markus Schmidt,23.0
bertrand-and-co.-20260407,group_chat,Markus Schmidt,57.0
bertrand-and-co.-20260407,group_chat,Markus Schmidt,60.0
bertrand-and-co.-20260407,group_chat,Markus Schmidt,105.0
bertrand-and-co.-20260407,group_chat,Markus Schmidt,50.0
bertrand-and-co.-20260407,group_chat,Markus Schmidt,17500.0
bertrand-and-co.-20260407,group_chat,Markus Schmidt,95.0
bertrand-and-co.-20260407,group_chat,Markus Schmidt,130.0
bertrand-and-co.-20260407,group_chat,Markus Schmidt,90.0
bertrand-and-co.-20260407,group_chat,Markus Schmidt,80.0
bertrand-and-co.-20260407,group_chat,Markus Schmidt,151885.0
bertrand-and-co.-20260407,group_chat,Markus Schmidt,315.0
bertrand-and-co.-20260407,group_chat,Markus Schmidt,95.0
bertrand-and-co.-20260407,group_chat,Markus Schmidt,315.0
bertrand-and-co.-20260407,group_chat,Markus Schmidt,309.0
bertrand-and-co.-20260407,group_chat,Markus Schmidt,16.0
bertrand-and-co.-20260407,group_chat,Markus Schmidt,180.0
bertrand-and-co.-20260407,group_chat,Markus Schmidt,200.0
bertrand-and-co.-20260407,group_chat,Markus Schmidt,19180.0
bertrand-and-co.-20260407,group_chat,Markus Schmidt,155.0
bertrand-and-co.-20260407,group_chat,Markus Schmidt,20.0
bertrand-and-co.-20260407,group_chat,Markus Schmidt,20.0
bertrand-and-co.-20260407,group_chat,Markus Schmidt,155.0
bertrand-and-co.-20260407,group_chat,Markus Schmidt,67975.0
bertrand-and-co.-20260407,group_chat,Markus Schmidt,65.0
bertrand-and-co.-20260407,group_chat,Markus Schmidt,85.0
bertrand-and-co.-20260407,group_chat,Markus Schmidt,45.0
bertrand-and-co.-20260407,group_chat,Markus Schmidt,15.0
bertrand-and-co.-20260407,group_chat,Markus Schmidt,70.0
bertrand-and-co.-20260407,group_chat,Markus Schmidt,28.0
bertrand-and-co.-20260407,group_chat,Markus Schmidt,127.0
bertrand-and-co.-20260407,group_chat,Markus Schmidt,125.0
bertrand-and-co.-20260407,group_chat,Markus Schmidt,95.0
bertrand-and-co.-20260407,group_chat,Markus Schmidt,17330.0
bertrand-and-co.-20260407,group_chat,Markus Schmidt,60.0
bertrand-and-co.-20260407,group_chat,Markus Schmidt,60.0
bertrand-and-co.-20260407,group_chat,Markus Schmidt,33.0
bertrand-and-co.-20260407,group_chat,Markus Schmidt,92.0
bertrand-and-co.-20260407,group_chat,Markus Schmidt,25.0
bertrand-and-co.-20260407,group_chat,Markus Schmidt,55.0
bertrand-and-co.-20260407,group_chat,Markus Schmidt,50.0
bertrand-and-co.-20260407,group_chat,Markus Schmidt,66.0
bertrand-and-co.-20260407,group_chat,Markus Schmidt,24.0
bertrand-and-co.-20260407,group_chat,Markus Schmidt,45.0
bertrand-and-co.-20260407,group_chat,Markus Schmidt,75.0
bertrand-and-co.-20260407,group_chat,Markus Schmidt,95.0
bertrand-and-co.-20260407,group_chat,Markus Schmidt,50.0
bertrand-and-co.-20260407,group_chat,Markus Schmidt,145.0
bertrand-and-co.-20260407,group_chat,Markus Schmidt,85527.0
bertrand-and-co.-20260407,group_chat,Markus Schmidt,105.0
bertrand-and-co.-20260407,group_chat,Markus Schmidt,33.0
bertrand-and-co.-20260407,group_chat,Markus Schmidt,160.0
bertrand-and-co.-20260407,group_chat,Markus Schmidt,86100.0
bertrand-and-co.-20260407,group_chat,Markus Schmidt,75.0
bertrand-and-co.-20260407,group_chat,Markus Schmidt,180.0
bertrand-and-co.-20260407,group_chat,Markus Schmidt,40.0
bertrand-and-co.-20260407,group_chat,Markus Schmidt,71825.0
bertrand-and-co.-20260407,group_chat,Markus Schmidt,77.0
bertrand-and-co.-20260407,group_chat,Markus Schmidt,98.0
bertrand-and-co.-20260407,group_chat,Markus Schmidt,28.0
bertrand-and-co.-20260407,group_chat,Markus Schmidt,49.0
bertrand-and-co.-20260407,group_chat,Markus Schmidt,101.0
bertrand-and-co.-20260407,group_chat,Markus Schmidt,17.0
bertrand-and-co.-20260407,group_chat,Markus Schmidt,79539.0
bertrand-and-co.-20260407,group_chat,Markus Schmidt,171.0
bertrand-and-co.-20260407,group_chat,Markus Schmidt,170.0
bertrand-and-co.-20260407,group_chat,Markus Schmidt,240.0
bertrand-and-co.-20260407,group_chat,Markus Schmidt,2205.0
bertrand-and-co.-20260407,group_chat,Markus Schmidt,243.0
bertrand-and-co.-20260407,group_chat,Markus Schmidt,789.0
bertrand-and-co.-20260407,group_chat,Markus Schmidt,108.0
bertrand-and-co.-20260407,group_chat,Markus Schmidt,16902.0
bertrand-and-co.-20260407,group_chat,Markus Schmidt,56.0
bertrand-and-co.-20260407,group_chat,Markus Schmidt,53.0
bertrand-and-co.-20260407,group_chat,Markus Schmidt,79.0
bertrand-and-co.-20260407,group_chat,Markus Schmidt,25.0
bertrand-and-co.-20260407,group_chat,Markus Schmidt,79.0
bertrand-and-co.-20260407,group_chat,Markus Schmidt,33.0
bertrand-and-co.-20260407,group_chat,Markus Schmidt,13.0
bertrand-and-co.-20260407,group_chat,Markus Schmidt,95.0
bertrand-and-co.-20260407,group_chat,Markus Schmidt,67967.0
bertrand-and-co.-20260407,group_chat,Markus Schmidt,118.0
bertrand-and-co.-20260407,group_chat,Markus Schmidt,120.0
bertrand-and-co.-20260407,group_chat,Markus Schmidt,175.0
bertrand-and-co.-20260407,group_chat,Markus Schmidt,17637.0
bertrand-and-co.-20260407,group_chat,Markus Schmidt,33.0
bertrand-and-co.-20260407,group_chat,Markus Schmidt,117.0
bertrand-and-co.-20260407,group_chat,Markus Schmidt,118.0
bertrand-and-co.-20260407,group_chat,Markus Schmidt,65322.0
bertrand-and-co.-20260407,group_chat,Markus Schmidt,52.0
bertrand-and-co.-20260407,group_chat,Markus Schmidt,71.0
bertrand-and-co.-20260407,group_chat,Markus Schmidt,120.0
bertrand-and-co.-20260407,group_chat,Markus Schmidt,58.0
bertrand-and-co.-20260407,group_chat,Markus Schmidt,110.0
bertrand-and-co.-20260407,group_chat,Markus Schmidt,148.0
bertrand-and-co.-20260407,group_chat,Markus Schmidt,71.0
bertrand-and-co.-20260407,group_chat,Markus Schmidt,123.0
bertrand-and-co.-20260407,group_chat,Markus Schmidt,1943.0
bertrand-and-co.-20260407,group_chat,Markus Schmidt,7.0
bertrand-and-co.-20260407,group_chat,Markus Schmidt,135.0
bertrand-and-co.-20260407,group_chat,Markus Schmidt,40.0
bertrand-and-co.-20260407,group_chat,Markus Schmidt,90.0
bertrand-and-co.-20260407,group_chat,Markus Schmidt,82.0
bertrand-and-co.-20260407,group_chat,Markus Schmidt,63.0
bertrand-and-co.-20260407,group_chat,Markus Schmidt,80.0
bertrand-and-co.-20260407,group_chat,Markus Schmidt,129.0
bertrand-and-co.-20260407,group_chat,Markus Schmidt,131.0
bertrand-and-co.-20260407,group_chat,Markus Schmidt,85.0
bertrand-and-co.-20260407,group_chat,Markus Schmidt,95.0
bertrand-and-co.-20260407,group_chat,Markus Schmidt,123.0
bertrand-and-co.-20260407,group_chat,Markus Schmidt,122.0
bertrand-and-co.-20260407,group_chat,Markus Schmidt,117.0
bertrand-and-co.-20260407,group_chat,Markus Schmidt,118.0
bertrand-and-co.-20260407,group_chat,Markus Schmidt,2265.0
bertrand-and-co.-20260407,group_chat,Markus Schmidt,105.0
bertrand-and-co.-20260407,group_chat,Markus Schmidt,165.0
bertrand-and-co.-20260407,group_chat,Markus Schmidt,135.0
bertrand-and-co.-20260407,group_chat,Markus Schmidt,21990.0
bertrand-and-co.-20260407,group_chat,Markus Schmidt,149.0
bertrand-and-co.-20260407,group_chat,Markus Schmidt,51.0
bertrand-and-co.-20260407,group_chat,Markus Schmidt,105.0
bertrand-and-co.-20260407,group_chat,Markus Schmidt,80.0
bertrand-and-co.-20260407,group_chat,Markus Schmidt,100.0
bertrand-and-co.-20260407,group_chat,Markus Schmidt,70.0
bertrand-and-co.-20260407,group_chat,Markus Schmidt,63435.0
bertrand-and-co.-20260407,group_chat,Markus Schmidt,125.0
bertrand-and-co.-20260407,group_chat,Markus Schmidt,165.0
bertrand-and-co.-20260407,group_chat,Leena Patel,155.0
bertrand-and-co.-20260407,group_chat,Leena Patel,140.0
bertrand-and-co.-20260407,group_chat,Leena Patel,185.0
bertrand-and-co.-20260407,group_chat,Leena Patel,82265.0
bertrand-and-co.-20260407,group_chat,Leena Patel,35.0
bertrand-and-co.-20260407,group_chat,Leena Patel,120.0
bertrand-and-co.-20260407,group_chat,Leena Patel,16.0
bertrand-and-co.-20260407,group_chat,Leena Patel,71.0
bertrand-and-co.-20260407,group_chat,Leena Patel,9.0
bertrand-and-co.-20260407,group_chat,Leena Patel,94.0
bertrand-and-co.-20260407,group_chat,Leena Patel,17.0
bertrand-and-co.-20260407,group_chat,Leena Patel,118.0
bertrand-and-co.-20260407,group_chat,Leena Patel,125.0
bertrand-and-co.-20260407,group_chat,Leena Patel,75.0
bertrand-and-co.-20260407,group_chat,Leena Patel,95.0
bertrand-and-co.-20260407,group_chat,Leena Patel,17360.0
bertrand-and-co.-20260407,group_chat,Leena Patel,38.0
bertrand-and-co.-20260407,group_chat,Leena Patel,72.0
bertrand-and-co.-20260407,group_chat,Leena Patel,93.0
bertrand-and-co.-20260407,group_chat,Leena Patel,37.0
bertrand-and-co.-20260407,group_chat,Leena Patel,47.0
bertrand-and-co.-20260407,group_chat,Leena Patel,110.0
bertrand-and-co.-20260407,group_chat,Leena Patel,67866.0
bertrand-and-co.-20260407,group_chat,Leena Patel,122.0
bertrand-and-co.-20260407,group_chat,Leena Patel,122.0
bertrand-and-co.-20260407,group_chat,Leena Patel,143.0
bertrand-and-co.-20260407,group_chat,Leena Patel,4512.0
bertrand-and-co.-20260407,group_chat,Leena Patel,153.0
bertrand-and-co.-20260407,group_chat,Leena Patel,145.0
bertrand-and-co.-20260407,group_chat,Leena Patel,115.0
bertrand-and-co.-20260407,group_chat,Leena Patel,105.0
bertrand-and-co.-20260407,group_chat,Leena Patel,110.0
bertrand-and-co.-20260407,group_chat,Leena Patel,12477.0
bertrand-and-co.-20260407,group_chat,Leena Patel,93.0
bertrand-and-co.-20260407,group_chat,Leena Patel,111.0
bertrand-and-co.-20260407,group_chat,Leena Patel,87.0
bertrand-and-co.-20260407,group_chat,Leena Patel,109.0
bertrand-and-co.-20260407,group_chat,Leena Patel,67840.0
bertrand-and-co.-20260407,group_chat,Leena Patel,133.0
bertrand-and-co.-20260407,group_chat,Leena Patel,111.0
bertrand-and-co.-20260407,group_chat,Leena Patel,79.0
bertrand-and-co.-20260407,group_chat,Leena Patel,80.0
bertrand-and-co.-20260407,group_chat,Leena Patel,3300.0
bertrand-and-co.-20260407,group_chat,Leena Patel,105.0
bertrand-and-co.-20260407,group_chat,Leena Patel,45.0
bertrand-and-co.-20260407,group_chat,Leena Patel,115.0
bertrand-and-co.-20260407,group_chat,Leena Patel,45.0
bertrand-and-co.-20260407,group_chat,Leena Patel,105.0
bertrand-and-co.-20260407,group_chat,Leena Patel,82560.0
bertrand-and-co.-20260407,group_chat,Leena Patel,55.0
bertrand-and-co.-20260407,group_chat,Leena Patel,125.0
bertrand-and-co.-20260407,group_chat,Leena Patel,60.0
bertrand-and-co.-20260407,group_chat,Leena Patel,160.0
bertrand-and-co.-20260407,group_chat,Leena Patel,120.0
bertrand-and-co.-20260407,group_chat,Leena Patel,17608.0
bertrand-and-co.-20260407,group_chat,Leena Patel,101.0
bertrand-and-co.-20260407,group_chat,Leena Patel,128.0
bertrand-and-co.-20260407,group_chat,Leena Patel,121.0
bertrand-and-co.-20260407,group_chat,Leena Patel,115.0
bertrand-and-co.-20260407,group_chat,Leena Patel,82.0
bertrand-and-co.-20260407,group_chat,Leena Patel,27837.0
bertrand-and-co.-20260407,group_chat,Leena Patel,183.0
bertrand-and-co.-20260407,group_chat,Leena Patel,60.0
bertrand-and-co.-20260407,group_chat,Leena Patel,160.0
bertrand-and-co.-20260407,group_chat,Leena Patel,70.0
bertrand-and-co.-20260407,group_chat,Leena Patel,36535.0
bertrand-and-co.-20260407,group_chat,Leena Patel,300.0
bertrand-and-co.-20260407,group_chat,Leena Patel,350.0
bertrand-and-co.-20260407,group_chat,Leena Patel,180.0
bertrand-and-co.-20260407,group_chat,Leena Patel,285.0
bertrand-and-co.-20260407,group_chat,Leena Patel,20.0
bertrand-and-co.-20260407,group_chat,Leena Patel,176.0
bertrand-and-co.-20260407,group_chat,Leena Patel,131.0
bertrand-and-co.-20260407,group_chat,Leena Patel,216.0
bertrand-and-co.-20260407,group_chat,Leena Patel,19166.0
bertrand-and-co.-20260407,group_chat,Leena Patel,181.0
bertrand-and-co.-20260407,group_chat,Leena Patel,172.0
bertrand-and-co.-20260407,group_chat,Leena Patel,68034.0
bertrand-and-co.-20260407,group_chat,Leena Patel,137.0
bertrand-and-co.-20260407,group_chat,Leena Patel,114.0
bertrand-and-co.-20260407,group_chat,Leena Patel,152.0
bertrand-and-co.-20260407,group_chat,Leena Patel,94.0
bertrand-and-co.-20260407,group_chat,Leena Patel,82.0
bertrand-and-co.-20260407,group_chat,Leena Patel,17407.0
bertrand-and-co.-20260407,group_chat,Leena Patel,145.0
bertrand-and-co.-20260407,group_chat,Leena Patel,153.0
bertrand-and-co.-20260407,group_chat,Leena Patel,77.0
bertrand-and-co.-20260407,group_chat,Leena Patel,88.0
bertrand-and-co.-20260407,group_chat,Leena Patel,72.0
bertrand-and-co.-20260407,group_chat,Leena Patel,67903.0
bertrand-and-co.-20260407,group_chat,Leena Patel,167.0
bertrand-and-co.-20260407,group_chat,Leena Patel,203.0
bertrand-and-co.-20260407,group_chat,Leena Patel,3215.0
bertrand-and-co.-20260407,group_chat,Leena Patel,130.0
bertrand-and-co.-20260407,group_chat,Leena Patel,145.0
bertrand-and-co.-20260407,group_chat,Leena Patel,135.0
bertrand-and-co.-20260407,group_chat,Leena Patel,13932.0
bertrand-and-co.-20260407,group_chat,Leena Patel,258.0
bertrand-and-co.-20260407,group_chat,Leena Patel,120.0
bertrand-and-co.-20260407,group_chat,Leena Patel,110.0
bertrand-and-co.-20260407,group_chat,Leena Patel,85880.0
bertrand-and-co.-20260407,group_chat,Leena Patel,65.0
bertrand-and-co.-20260407,group_chat,Leena Patel,55.0
bertrand-and-co.-20260407,group_chat,Leena Patel,135.0
bertrand-and-co.-20260407,group_chat,Leena Patel,35.0
bertrand-and-co.-20260407,group_chat,Leena Patel,65070.0
bertrand-and-co.-20260407,group_chat,Leena Patel,185.0
bertrand-and-co.-20260407,group_chat,Leena Patel,184.0
bertrand-and-co.-20260407,group_chat,Leena Patel,241.0
bertrand-and-co.-20260407,group_chat,Leena Patel,110.0
bertrand-and-co.-20260407,group_chat,Leena Patel,180.0
bertrand-and-co.-20260407,group_chat,Leena Patel,2887.0
bertrand-and-co.-20260407,group_chat,Leena Patel,241.0
bertrand-and-co.-20260407,group_chat,Leena Patel,89.0
bertrand-and-co.-20260407,group_chat,Leena Patel,67.0
bertrand-and-co.-20260407,group_chat,Leena Patel,280.0
bertrand-and-co.-20260407,group_chat,Leena Patel,29988.0
bertrand-and-co.-20260407,group_chat,Leena Patel,258.0
bertrand-and-co.-20260407,group_chat,Leena Patel,50.0
bertrand-and-co.-20260407,group_chat,Leena Patel,140.0
bertrand-and-co.-20260407,group_chat,Leena Patel,152.0
bertrand-and-co.-20260407,group_chat,Leena Patel,178.0
bertrand-and-co.-20260407,group_chat,Leena Patel,51490.0
bertrand-and-co.-20260407,group_chat,Leena Patel,25.0
bertrand-and-co.-20260407,group_chat,Leena Patel,147.0
bertrand-and-co.-20260407,group_chat,Leena Patel,3.0
bertrand-and-co.-20260407,group_chat,Leena Patel,135.0
bertrand-and-co.-20260407,group_chat,Leena Patel,75.0
bertrand-and-co.-20260407,group_chat,Leena Patel,45.0
bertrand-and-co.-20260407,group_chat,Leena Patel,75.0
bertrand-and-co.-20260407,group_chat,Leena Patel,35.0
bertrand-and-co.-20260407,group_chat,Leena Patel,100.0
bertrand-and-co.-20260407,group_chat,Leena Patel,10.0
bertrand-and-co.-20260407,group_chat,Leena Patel,170.0
bertrand-and-co.-20260407,group_chat,Leena Patel,2712.0
bertrand-and-co.-20260407,group_chat,Leena Patel,195.0
bertrand-and-co.-20260407,group_chat,Leena Patel,275.0
bertrand-and-co.-20260407,group_chat,Leena Patel,193.0
bertrand-and-co.-20260407,group_chat,Leena Patel,247.0
bertrand-and-co.-20260407,group_chat,Leena Patel,16310.0
bertrand-and-co.-20260407,group_chat,Leena Patel,148.0
bertrand-and-co.-20260407,group_chat,Leena Patel,90.0
bertrand-and-co.-20260407,group_chat,Leena Patel,68.0
bertrand-and-co.-20260407,group_chat,Leena Patel,80.0
bertrand-and-co.-20260407,group_chat,Leena Patel,71684.0
bertrand-and-co.-20260407,group_chat,Leena Patel,130.0
bertrand-and-co.-20260407,group_chat,Leena Patel,118.0
bertrand-and-co.-20260407,group_chat,Leena Patel,151.0
bertrand-and-co.-20260407,group_chat,Leena Patel,13929.0
bertrand-and-co.-20260407,group_chat,Leena Patel,122.0
bertrand-and-co.-20260407,group_chat,Leena Patel,33.0
bertrand-and-co.-20260407,group_chat,Leena Patel,90.0
bertrand-and-co.-20260407,group_chat,Leena Patel,30.0
bertrand-and-co.-20260407,group_chat,Leena Patel,65.0
bertrand-and-co.-20260407,group_chat,Leena Patel,68020.0
bertrand-and-co.-20260407,group_chat,Leena Patel,100.0
bertrand-and-co.-20260407,group_chat,Leena Patel,95.0
bertrand-and-co.-20260407,group_chat,Leena Patel,105.0
bertrand-and-co.-20260407,group_chat,Leena Patel,40.0
bertrand-and-co.-20260407,group_chat,Leena Patel,120.0
bertrand-and-co.-20260407,group_chat,Leena Patel,82455.0
bertrand-and-co.-20260407,group_chat,Leena Patel,167.0
bertrand-and-co.-20260407,group_chat,Leena Patel,118.0
bertrand-and-co.-20260407,group_chat,Leena Patel,115.0
bertrand-and-co.-20260407,group_chat,Leena Patel,127.0
bertrand-and-co.-20260407,group_chat,Leena Patel,6598.0
bertrand-and-co.-20260407,group_chat,Leena Patel,230.0
bertrand-and-co.-20260407,group_chat,Leena Patel,245.0
bertrand-and-co.-20260407,group_chat,Leena Patel,125.0
bertrand-and-co.-20260407,group_chat,wei_huang,120.0
bertrand-and-co.-20260407,group_chat,wei_huang,78.0
bertrand-and-co.-20260407,group_chat,wei_huang,111.0
bertrand-and-co.-20260407,group_chat,wei_huang,59.0
bertrand-and-co.-20260407,group_chat,wei_huang,71635.0
bertrand-and-co.-20260407,group_chat,wei_huang,177.0
bertrand-and-co.-20260407,group_chat,wei_huang,78.0
bertrand-and-co.-20260407,group_chat,wei_huang,200.0
bertrand-and-co.-20260407,group_chat,wei_huang,140.0
bertrand-and-co.-20260407,group_chat,wei_huang,160.0
bertrand-and-co.-20260407,group_chat,wei_huang,85700.0
bertrand-and-co.-20260407,group_chat,wei_huang,235.0
bertrand-and-co.-20260407,group_chat,wei_huang,280.0
bertrand-and-co.-20260407,group_chat,wei_huang,105.0
bertrand-and-co.-20260407,group_chat,wei_huang,168465.0
bertrand-and-co.-20260407,group_chat,wei_huang,77.0
bertrand-and-co.-20260407,group_chat,wei_huang,160.0
bertrand-and-co.-20260407,group_chat,wei_huang,68.0
bertrand-and-co.-20260407,group_chat,wei_huang,80.0
bertrand-and-co.-20260407,group_chat,wei_huang,17732.0
bertrand-and-co.-20260407,group_chat,wei_huang,85.0
bertrand-and-co.-20260407,group_chat,wei_huang,148.0
bertrand-and-co.-20260407,group_chat,wei_huang,80.0
bertrand-and-co.-20260407,group_chat,wei_huang,70.0
bertrand-and-co.-20260407,group_chat,wei_huang,67957.0
bertrand-and-co.-20260407,group_chat,wei_huang,118.0
bertrand-and-co.-20260407,group_chat,wei_huang,145.0
bertrand-and-co.-20260407,group_chat,wei_huang,87.0
bertrand-and-co.-20260407,group_chat,wei_huang,85030.0
bertrand-and-co.-20260407,group_chat,wei_huang,173.0
bertrand-and-co.-20260407,group_chat,wei_huang,160.0
bertrand-and-co.-20260407,group_chat,wei_huang,185.0
bertrand-and-co.-20260407,group_chat,wei_huang,1210.0
bertrand-and-co.-20260407,group_chat,wei_huang,141.0
bertrand-and-co.-20260407,group_chat,wei_huang,169.0
bertrand-and-co.-20260407,group_chat,wei_huang,165.0
bertrand-and-co.-20260407,group_chat,wei_huang,75.0
bertrand-and-co.-20260407,group_chat,wei_huang,185.0
bertrand-and-co.-20260407,group_chat,wei_huang,16520.0
bertrand-and-co.-20260407,group_chat,wei_huang,95.0
bertrand-and-co.-20260407,group_chat,wei_huang,85.0
bertrand-and-co.-20260407,group_chat,wei_huang,75.0
bertrand-and-co.-20260407,group_chat,wei_huang,68257.0
bertrand-and-co.-20260407,group_chat,wei_huang,276.0
bertrand-and-co.-20260407,group_chat,wei_huang,192.0
bertrand-and-co.-20260407,group_chat,wei_huang,67.0
bertrand-and-co.-20260407,group_chat,wei_huang,197.0
bertrand-and-co.-20260407,group_chat,wei_huang,2970.0
bertrand-and-co.-20260407,group_chat,wei_huang,191.0
bertrand-and-co.-20260407,group_chat,wei_huang,148.0
bertrand-and-co.-20260407,group_chat,wei_huang,137.0
bertrand-and-co.-20260407,group_chat,wei_huang,82.0
bertrand-and-co.-20260407,group_chat,wei_huang,81967.0
bertrand-and-co.-20260407,group_chat,wei_huang,52.0
bertrand-and-co.-20260407,group_chat,wei_huang,104.0
bertrand-and-co.-20260407,group_chat,wei_huang,105.0
bertrand-and-co.-20260407,group_chat,wei_huang,89840.0
bertrand-and-co.-20260407,group_chat,wei_huang,190.0
bertrand-and-co.-20260407,group_chat,wei_huang,105.0
bertrand-and-co.-20260407,group_chat,wei_huang,45.0
bertrand-and-co.-20260407,group_chat,wei_huang,125.0
bertrand-and-co.-20260407,group_chat,wei_huang,86142.0
bertrand-and-co.-20260407,group_chat,wei_huang,183.0
bertrand-and-co.-20260407,group_chat,wei_huang,113.0
bertrand-and-co.-20260407,group_chat,wei_huang,97.0
bertrand-and-co.-20260407,group_chat,wei_huang,47.0
bertrand-and-co.-20260407,group_chat,wei_huang,121.0
bertrand-and-co.-20260407,group_chat,wei_huang,164857.0
bertrand-and-co.-20260407,group_chat,wei_huang,150.0
bertrand-and-co.-20260407,group_chat,wei_huang,75.0
bertrand-and-co.-20260407,group_chat,wei_huang,160.0
bertrand-and-co.-20260407,group_chat,wei_huang,187.0
bertrand-and-co.-20260407,group_chat,wei_huang,170.0
bertrand-and-co.-20260407,group_chat,mosi_kabongo,102.0
bertrand-and-co.-20260407,group_chat,mosi_kabongo,108.0
bertrand-and-co.-20260407,group_chat,mosi_kabongo,79.0
bertrand-and-co.-20260407,group_chat,mosi_kabongo,68640.0
bertrand-and-co.-20260407,group_chat,mosi_kabongo,96.0
bertrand-and-co.-20260407,group_chat,mosi_kabongo,160.0
bertrand-and-co.-20260407,group_chat,mosi_kabongo,115.0
bertrand-and-co.-20260407,group_chat,mosi_kabongo,120.0
bertrand-and-co.-20260407,group_chat,mosi_kabongo,85.0
bertrand-and-co.-20260407,group_chat,mosi_kabongo,95.0
bertrand-and-co.-20260407,group_chat,mosi_kabongo,35.0
bertrand-and-co.-20260407,group_chat,mosi_kabongo,2470.0
bertrand-and-co.-20260407,group_chat,mosi_kabongo,190.0
bertrand-and-co.-20260407,group_chat,mosi_kabongo,100.0
bertrand-and-co.-20260407,group_chat,mosi_kabongo,145.0
bertrand-and-co.-20260407,group_chat,mosi_kabongo,135.0
bertrand-and-co.-20260407,group_chat,mosi_kabongo,85710.0
bertrand-and-co.-20260407,group_chat,mosi_kabongo,240.0
bertrand-and-co.-20260407,group_chat,mosi_kabongo,285.0
bertrand-and-co.-20260407,group_chat,mosi_kabongo,110.0
bertrand-and-co.-20260407,group_chat,mosi_kabongo,82675.0
bertrand-and-co.-20260407,group_chat,mosi_kabongo,150.0
bertrand-and-co.-20260407,group_chat,mosi_kabongo,220.0
bertrand-and-co.-20260407,group_chat,mosi_kabongo,210.0
bertrand-and-co.-20260407,group_chat,mosi_kabongo,200.0
bertrand-and-co.-20260407,group_chat,mosi_kabongo,125.0
bertrand-and-co.-20260407,group_chat,mosi_kabongo,255.0
bertrand-and-co.-20260407,group_chat,mosi_kabongo,84761.0
bertrand-and-co.-20260407,group_chat,mosi_kabongo,184.0
bertrand-and-co.-20260407,group_chat,mosi_kabongo,116.0
bertrand-and-co.-20260407,group_chat,mosi_kabongo,17686.0
bertrand-and-co.-20260407,group_chat,mosi_kabongo,76.0
bertrand-and-co.-20260407,group_chat,mosi_kabongo,135.0
bertrand-and-co.-20260407,group_chat,mosi_kabongo,114.0
bertrand-and-co.-20260407,group_chat,mosi_kabongo,70.0
bertrand-and-co.-20260407,group_chat,mosi_kabongo,67983.0
bertrand-and-co.-20260407,group_chat,mosi_kabongo,114.0
bertrand-and-co.-20260407,group_chat,mosi_kabongo,106.0
bertrand-and-co.-20260407,group_chat,mosi_kabongo,100.0
bertrand-and-co.-20260407,group_chat,mosi_kabongo,33.0
bertrand-and-co.-20260407,group_chat,mosi_kabongo,85082.0
bertrand-and-co.-20260407,group_chat,mosi_kabongo,72.0
bertrand-and-co.-20260407,group_chat,mosi_kabongo,148.0
bertrand-and-co.-20260407,group_chat,mosi_kabongo,160.0
bertrand-and-co.-20260407,group_chat,mosi_kabongo,120.0
bertrand-and-co.-20260407,group_chat,mosi_kabongo,1232.0
bertrand-and-co.-20260407,group_chat,mosi_kabongo,198.0
bertrand-and-co.-20260407,group_chat,mosi_kabongo,78.0
bertrand-and-co.-20260407,group_chat,mosi_kabongo,282.0
bertrand-and-co.-20260407,group_chat,mosi_kabongo,70.0
bertrand-and-co.-20260407,group_chat,mosi_kabongo,16535.0
bertrand-and-co.-20260407,group_chat,mosi_kabongo,35.0
bertrand-and-co.-20260407,group_chat,mosi_kabongo,35.0
bertrand-and-co.-20260407,group_chat,mosi_kabongo,70.0
bertrand-and-co.-20260407,group_chat,mosi_kabongo,5.0
bertrand-and-co.-20260407,group_chat,mosi_kabongo,95.0
bertrand-and-co.-20260407,group_chat,mosi_kabongo,20.0
bertrand-and-co.-20260407,group_chat,mosi_kabongo,60.0
bertrand-and-co.-20260407,group_chat,mosi_kabongo,25.0
bertrand-and-co.-20260407,group_chat,mosi_kabongo,68221.0
bertrand-and-co.-20260407,group_chat,mosi_kabongo,71.0
bertrand-and-co.-20260407,group_chat,mosi_kabongo,236.0
bertrand-and-co.-20260407,group_chat,mosi_kabongo,294.0
bertrand-and-co.-20260407,group_chat,mosi_kabongo,3103.0
bertrand-and-co.-20260407,group_chat,mosi_kabongo,190.0
bertrand-and-co.-20260407,group_chat,mosi_kabongo,140.0
bertrand-and-co.-20260407,group_chat,mosi_kabongo,138.0
bertrand-and-co.-20260407,group_chat,mosi_kabongo,132.0
bertrand-and-co.-20260407,group_chat,mosi_kabongo,81905.0
bertrand-and-co.-20260407,group_chat,mosi_kabongo,58.0
bertrand-and-co.-20260407,group_chat,mosi_kabongo,100.0
bertrand-and-co.-20260407,group_chat,mosi_kabongo,34.0
bertrand-and-co.-20260407,group_chat,mosi_kabongo,20.0
bertrand-and-co.-20260407,group_chat,mosi_kabongo,99.0
bertrand-and-co.-20260407,group_chat,mosi_kabongo,124.0
bertrand-and-co.-20260407,group_chat,mosi_kabongo,145.0
bertrand-and-co.-20260407,group_chat,mosi_kabongo,89445.0
bertrand-and-co.-20260407,group_chat,mosi_kabongo,90.0
bertrand-and-co.-20260407,group_chat,mosi_kabongo,38.0
bertrand-and-co.-20260407,group_chat,mosi_kabongo,77.0
bertrand-and-co.-20260407,group_chat,mosi_kabongo,50.0
bertrand-and-co.-20260407,group_chat,mosi_kabongo,45.0
bertrand-and-co.-20260407,group_chat,mosi_kabongo,30.0
bertrand-and-co.-20260407,group_chat,mosi_kabongo,70.0
bertrand-and-co.-20260407,group_chat,mosi_kabongo,40.0
bertrand-and-co.-20260407,group_chat,mosi_kabongo,10.0
bertrand-and-co.-20260407,group_chat,mosi_kabongo,115.0
bertrand-and-co.-20260407,group_chat,mosi_kabongo,82590.0
bertrand-and-co.-20260407,group_chat,mosi_kabongo,122.0
bertrand-and-co.-20260407,group_chat,mosi_kabongo,73.0
bertrand-and-co.-20260407,group_chat,mosi_kabongo,100.0
bertrand-and-co.-20260407,group_chat,mosi_kabongo,115.0
bertrand-and-co.-20260407,group_chat,mosi_kabongo,105.0
bertrand-and-co.-20260407,group_chat,mosi_kabongo,37.0
bertrand-and-co.-20260407,group_chat,mosi_kabongo,2988.0
bertrand-and-co.-20260407,group_chat,mosi_kabongo,111.0
bertrand-and-co.-20260407,group_chat,mosi_kabongo,86.0
bertrand-and-co.-20260407,group_chat,mosi_kabongo,154.0
bertrand-and-co.-20260407,group_chat,mosi_kabongo,164.0
bertrand-and-co.-20260407,group_chat,mosi_kabongo,82020.0
bertrand-and-co.-20260407,group_chat,mosi_kabongo,40.0
bertrand-and-co.-20260407,group_chat,mosi_kabongo,155.0
bertrand-and-co.-20260407,group_chat,mosi_kabongo,180.0
bertrand-and-co.-20260407,group_chat,mosi_kabongo,60.0
bertrand-and-co.-20260407,group_chat,mosi_kabongo,82452.0
bertrand-and-co.-20260407,group_chat,mosi_kabongo,169.0
bertrand-and-co.-20260407,group_chat,mosi_kabongo,61.0
bertrand-and-co.-20260407,group_chat,mosi_kabongo,193.0
bertrand-and-co.-20260407,group_chat,mosi_kabongo,195.0
bertrand-and-co.-20260407,group_chat,mosi_kabongo,125.0
bertrand-and-co.-20260407,group_chat,amina_nasser,36.0
bertrand-and-co.-20260407,group_chat,amina_nasser,83.0
bertrand-and-co.-20260407,group_chat,amina_nasser,123.0
bertrand-and-co.-20260407,group_chat,amina_nasser,61.0
bertrand-and-co.-20260407,group_chat,amina_nasser,68636.0
bertrand-and-co.-20260407,group_chat,amina_nasser,164.0
bertrand-and-co.-20260407,group_chat,amina_nasser,100.0
bertrand-and-co.-20260407,group_chat,amina_nasser,113.0
bertrand-and-co.-20260407,group_chat,amina_nasser,117.0
bertrand-and-co.-20260407,group_chat,amina_nasser,95.0
bertrand-and-co.-20260407,group_chat,amina_nasser,75.0
bertrand-and-co.-20260407,group_chat,amina_nasser,65.0
bertrand-and-co.-20260407,group_chat,amina_nasser,88625.0
bertrand-and-co.-20260407,group_chat,amina_nasser,240.0
bertrand-and-co.-20260407,group_chat,amina_nasser,225.0
bertrand-and-co.-20260407,group_chat,amina_nasser,180.0
bertrand-and-co.-20260407,group_chat,amina_nasser,82815.0
bertrand-and-co.-20260407,group_chat,amina_nasser,270.0
bertrand-and-co.-20260407,group_chat,amina_nasser,140.0
bertrand-and-co.-20260407,group_chat,amina_nasser,145.0
bertrand-and-co.-20260407,group_chat,amina_nasser,195.0
bertrand-and-co.-20260407,group_chat,amina_nasser,165.0
bertrand-and-co.-20260407,group_chat,amina_nasser,90.0
bertrand-and-co.-20260407,group_chat,amina_nasser,171090.0
bertrand-and-co.-20260407,group_chat,amina_nasser,135.0
bertrand-and-co.-20260407,group_chat,amina_nasser,23.0
bertrand-and-co.-20260407,group_chat,amina_nasser,37.0
bertrand-and-co.-20260407,group_chat,amina_nasser,25.0
bertrand-and-co.-20260407,group_chat,amina_nasser,35.0
bertrand-and-co.-20260407,group_chat,amina_nasser,35.0
bertrand-and-co.-20260407,group_chat,amina_nasser,45.0
bertrand-and-co.-20260407,group_chat,amina_nasser,30.0
bertrand-and-co.-20260407,group_chat,amina_nasser,35.0
bertrand-and-co.-20260407,group_chat,amina_nasser,50.0
bertrand-and-co.-20260407,group_chat,amina_nasser,86867.0
bertrand-and-co.-20260407,group_chat,amina_nasser,118.0
bertrand-and-co.-20260407,group_chat,amina_nasser,160.0
bertrand-and-co.-20260407,group_chat,amina_nasser,125.0
bertrand-and-co.-20260407,group_chat,amina_nasser,155.0
bertrand-and-co.-20260407,group_chat,amina_nasser,16600.0
bertrand-and-co.-20260407,group_chat,amina_nasser,25.0
bertrand-and-co.-20260407,group_chat,amina_nasser,55.0
bertrand-and-co.-20260407,group_chat,amina_nasser,50.0
bertrand-and-co.-20260407,group_chat,amina_nasser,30.0
bertrand-and-co.-20260407,group_chat,amina_nasser,55.0
bertrand-and-co.-20260407,group_chat,amina_nasser,20.0
bertrand-and-co.-20260407,group_chat,amina_nasser,70.0
bertrand-and-co.-20260407,group_chat,amina_nasser,10.0
bertrand-and-co.-20260407,group_chat,amina_nasser,68254.0
bertrand-and-co.-20260407,group_chat,amina_nasser,246.0
bertrand-and-co.-20260407,group_chat,amina_nasser,270.0
bertrand-and-co.-20260407,group_chat,amina_nasser,85663.0
bertrand-and-co.-20260407,group_chat,amina_nasser,48.0
bertrand-and-co.-20260407,group_chat,amina_nasser,41.0
bertrand-and-co.-20260407,group_chat,amina_nasser,138.0
bertrand-and-co.-20260407,group_chat,amina_nasser,98.0
bertrand-and-co.-20260407,group_chat,amina_nasser,258954.0
bertrand-and-co.-20260407,group_chat,amina_nasser,243.0
bertrand-and-co.-20260407,group_chat,amina_nasser,155.0
bertrand-and-co.-20260407,group_chat,amina_nasser,100.0
bertrand-and-co.-20260407,group_chat,takeshi_kimura,80.0
bertrand-and-co.-20260407,group_chat,takeshi_kimura,113.0
bertrand-and-co.-20260407,group_chat,takeshi_kimura,72.0
bertrand-and-co.-20260407,group_chat,takeshi_kimura,68673.0
bertrand-and-co.-20260407,group_chat,takeshi_kimura,169.0
bertrand-and-co.-20260407,group_chat,takeshi_kimura,111.0
bertrand-and-co.-20260407,group_chat,takeshi_kimura,119.0
bertrand-and-co.-20260407,group_chat,takeshi_kimura,103.0
bertrand-and-co.-20260407,group_chat,takeshi_kimura,93.0
bertrand-and-co.-20260407,group_chat,takeshi_kimura,87.0
bertrand-and-co.-20260407,group_chat,takeshi_kimura,88680.0
bertrand-and-co.-20260407,group_chat,takeshi_kimura,135.0
bertrand-and-co.-20260407,group_chat,takeshi_kimura,390.0
bertrand-and-co.-20260407,group_chat,takeshi_kimura,110.0
bertrand-and-co.-20260407,group_chat,takeshi_kimura,82842.0
bertrand-and-co.-20260407,group_chat,takeshi_kimura,103.0
bertrand-and-co.-20260407,group_chat,takeshi_kimura,25.0
bertrand-and-co.-20260407,group_chat,takeshi_kimura,75.0
bertrand-and-co.-20260407,group_chat,takeshi_kimura,105.0
bertrand-and-co.-20260407,group_chat,takeshi_kimura,12.0
bertrand-and-co.-20260407,group_chat,takeshi_kimura,98.0
bertrand-and-co.-20260407,group_chat,takeshi_kimura,65.0
bertrand-and-co.-20260407,group_chat,takeshi_kimura,25.0
bertrand-and-co.-20260407,group_chat,takeshi_kimura,40.0
bertrand-and-co.-20260407,group_chat,takeshi_kimura,55.0
bertrand-and-co.-20260407,group_chat,takeshi_kimura,105.0
bertrand-and-co.-20260407,group_chat,takeshi_kimura,30.0
bertrand-and-co.-20260407,group_chat,takeshi_kimura,165.0
bertrand-and-co.-20260407,group_chat,takeshi_kimura,171325.0
bertrand-and-co.-20260407,group_chat,takeshi_kimura,92.0
bertrand-and-co.-20260407,group_chat,takeshi_kimura,98.0
bertrand-and-co.-20260407,group_chat,takeshi_kimura,105.0
bertrand-and-co.-20260407,group_chat,takeshi_kimura,86920.0
bertrand-and-co.-20260407,group_chat,takeshi_kimura,245.0
bertrand-and-co.-20260407,group_chat,takeshi_kimura,155.0
bertrand-and-co.-20260407,group_chat,takeshi_kimura,16705.0
bertrand-and-co.-20260407,group_chat,takeshi_kimura,30.0
bertrand-and-co.-20260407,group_chat,takeshi_kimura,90.0
bertrand-and-co.-20260407,group_chat,takeshi_kimura,30.0
bertrand-and-co.-20260407,group_chat,takeshi_kimura,25.0
bertrand-and-co.-20260407,group_chat,takeshi_kimura,65.0
bertrand-and-co.-20260407,group_chat,takeshi_kimura,10.0
bertrand-and-co.-20260407,group_chat,takeshi_kimura,70.0
bertrand-and-co.-20260407,group_chat,takeshi_kimura,68355.0
bertrand-and-co.-20260407,group_chat,takeshi_kimura,227.0
bertrand-and-co.-20260407,group_chat,takeshi_kimura,279.0
bertrand-and-co.-20260407,group_chat,takeshi_kimura,85547.0
bertrand-and-co.-20260407,group_chat,takeshi_kimura,14.0
bertrand-and-co.-20260407,group_chat,takeshi_kimura,53.0
bertrand-and-co.-20260407,group_chat,takeshi_kimura,97.0
bertrand-and-co.-20260407,group_chat,takeshi_kimura,26.0
bertrand-and-co.-20260407,group_chat,takeshi_kimura,64.0
bertrand-and-co.-20260407,group_chat,takeshi_kimura,82.0
bertrand-and-co.-20260407,group_chat,takeshi_kimura,89796.0
bertrand-and-co.-20260407,group_chat,takeshi_kimura,2.0
bertrand-and-co.-20260407,group_chat,takeshi_kimura,153.0
bertrand-and-co.-20260407,group_chat,takeshi_kimura,105.0
bertrand-and-co.-20260407,group_chat,takeshi_kimura,50.0
bertrand-and-co.-20260407,group_chat,takeshi_kimura,50.0
bertrand-and-co.-20260407,group_chat,takeshi_kimura,15.0
bertrand-and-co.-20260407,group_chat,takeshi_kimura,90.0
bertrand-and-co.-20260407,group_chat,takeshi_kimura,82627.0
bertrand-and-co.-20260407,group_chat,takeshi_kimura,103.0
bertrand-and-co.-20260407,group_chat,takeshi_kimura,69.0
bertrand-and-co.-20260407,group_chat,takeshi_kimura,108.0
bertrand-and-co.-20260407,group_chat,takeshi_kimura,102.0
bertrand-and-co.-20260407,group_chat,takeshi_kimura,59.0
bertrand-and-co.-20260407,group_chat,takeshi_kimura,168520.0
bertrand-and-co.-20260407,group_chat,takeshi_kimura,224.0
bertrand-and-co.-20260407,group_chat,takeshi_kimura,228.0
bertrand-and-co.-20260407,group_chat,takeshi_kimura,72.0
bertrand-and-co.-20260407,group_chat,takeshi_kimura,39.0
bertrand-and-co.-20260407,group_chat,takeshi_kimura,72.0
bertrand-and-co.-20260407,group_chat,takeshi_kimura,2.0
bertrand-and-co.-20260407,group_chat,takeshi_kimura,125.0
bertrand-and-co.-20260407,group_chat,takeshi_kimura,27.0
bertrand-and-co.-20260407,group_chat,takeshi_kimura,85.0
bertrand-and-co.-20260407,group_chat,takeshi_kimura,108.0
bertrand-and-co.-20260407,group_chat,yara_jensen,168.0
bertrand-and-co.-20260407,group_chat,yara_jensen,272.0
bertrand-and-co.-20260407,group_chat,yara_jensen,217.0
bertrand-and-co.-20260407,group_chat,yara_jensen,155.0
bertrand-and-co.-20260407,group_chat,yara_jensen,120.0
bertrand-and-co.-20260407,group_chat,yara_jensen,89055.0
bertrand-and-co.-20260407,group_chat,yara_jensen,285.0
bertrand-and-co.-20260407,group_chat,yara_jensen,150.0
bertrand-and-co.-20260407,group_chat,yara_jensen,180.0
bertrand-and-co.-20260407,group_chat,yara_jensen,85.0
bertrand-and-co.-20260407,group_chat,yara_jensen,105.0
bertrand-and-co.-20260407,group_chat,yara_jensen,254865.0
bertrand-and-co.-20260407,group_chat,yara_jensen,150.0
bertrand-and-co.-20260407,group_chat,yara_jensen,142.0
bertrand-and-co.-20260407,group_chat,yara_jensen,73.0
bertrand-and-co.-20260407,group_chat,yara_jensen,171345.0
bertrand-and-co.-20260407,group_chat,yara_jensen,190.0
bertrand-and-co.-20260407,group_chat,yara_jensen,140.0
bertrand-and-co.-20260407,group_chat,yara_jensen,100.0
bertrand-and-co.-20260407,group_chat,yara_jensen,115.0
bertrand-and-co.-20260407,group_chat,yara_jensen,70.0
bertrand-and-co.-20260407,group_chat,yara_jensen,18415.0
bertrand-and-co.-20260407,group_chat,yara_jensen,105.0
bertrand-and-co.-20260407,group_chat,yara_jensen,25.0
bertrand-and-co.-20260407,group_chat,yara_jensen,90.0
bertrand-and-co.-20260407,group_chat,yara_jensen,75.0
bertrand-and-co.-20260407,group_chat,yara_jensen,30.0
bertrand-and-co.-20260407,group_chat,yara_jensen,68137.0
bertrand-and-co.-20260407,group_chat,yara_jensen,309.0
bertrand-and-co.-20260407,group_chat,yara_jensen,146.0
bertrand-and-co.-20260407,group_chat,yara_jensen,122.0
bertrand-and-co.-20260407,group_chat,yara_jensen,169.0
bertrand-and-co.-20260407,group_chat,yara_jensen,2974.0
bertrand-and-co.-20260407,group_chat,yara_jensen,171.0
bertrand-and-co.-20260407,group_chat,yara_jensen,200.0
bertrand-and-co.-20260407,group_chat,yara_jensen,82.0
bertrand-and-co.-20260407,group_chat,yara_jensen,135.0
bertrand-and-co.-20260407,group_chat,yara_jensen,128.0
bertrand-and-co.-20260407,group_chat,yara_jensen,81964.0
bertrand-and-co.-20260407,group_chat,yara_jensen,268.0
bertrand-and-co.-20260407,group_chat,yara_jensen,185.0
bertrand-and-co.-20260407,group_chat,yara_jensen,172607.0
bertrand-and-co.-20260407,group_chat,yara_jensen,118.0
bertrand-and-co.-20260407,group_chat,yara_jensen,93.0
bertrand-and-co.-20260407,group_chat,yara_jensen,102.0
bertrand-and-co.-20260407,group_chat,yara_jensen,76.0
bertrand-and-co.-20260407,group_chat,yara_jensen,109.0
bertrand-and-co.-20260407,group_chat,yara_jensen,75.0
bertrand-and-co.-20260407,group_chat,yara_jensen,2898.0
bertrand-and-co.-20260407,group_chat,yara_jensen,167.0
bertrand-and-co.-20260407,group_chat,yara_jensen,122.0
bertrand-and-co.-20260407,group_chat,yara_jensen,122.0
bertrand-and-co.-20260407,group_chat,yara_jensen,131.0
bertrand-and-co.-20260407,group_chat,yara_jensen,64.0
bertrand-and-co.-20260407,group_chat,yara_jensen,56.0
bertrand-and-co.-20260407,group_chat,yara_jensen,86180.0
bertrand-and-co.-20260407,group_chat,yara_jensen,52.0
bertrand-and-co.-20260407,group_chat,yara_jensen,95.0
bertrand-and-co.-20260407,group_chat,yara_jensen,58.0
bertrand-and-co.-20260407,group_chat,yara_jensen,52.0
bertrand-and-co.-20260407,group_chat,yara_jensen,61.0
bertrand-and-co.-20260407,group_chat,yara_jensen,47.0
bertrand-and-co.-20260407,group_chat,yara_jensen,78205.0
bertrand-and-co.-20260407,group_chat,yara_jensen,210.0
bertrand-and-co.-20260407,group_chat,yara_jensen,215.0
bertrand-and-co.-20260407,group_chat,yara_jensen,158.0
bertrand-and-co.-20260407,group_chat,yara_jensen,107.0
bertrand-and-co.-20260407,group_chat,yara_jensen,75.0
bertrand-and-co.-20260407,group_chat,yara_jensen,130.0
bertrand-and-co.-20260407,group_chat,yara_jensen,60.0
bertrand-and-co.-20260407,group_chat,leena_patel,310.0
bertrand-and-co.-20260407,group_chat,leena_patel,190.0
bertrand-and-co.-20260407,group_chat,leena_patel,147.0
bertrand-and-co.-20260407,group_chat,leena_patel,220.0
bertrand-and-co.-20260407,group_chat,leena_patel,89150.0
bertrand-and-co.-20260407,group_chat,leena_patel,188.0
bertrand-and-co.-20260407,group_chat,leena_patel,160.0
bertrand-and-co.-20260407,group_chat,leena_patel,120.0
bertrand-and-co.-20260407,group_chat,leena_patel,165.0
bertrand-and-co.-20260407,group_chat,leena_patel,13750.0
bertrand-and-co.-20260407,group_chat,leena_patel,25.0
bertrand-and-co.-20260407,group_chat,leena_patel,60.0
bertrand-and-co.-20260407,group_chat,leena_patel,50.0
bertrand-and-co.-20260407,group_chat,leena_patel,90.0
bertrand-and-co.-20260407,group_chat,leena_patel,220.0
bertrand-and-co.-20260407,group_chat,leena_patel,30.0
bertrand-and-co.-20260407,group_chat,leena_patel,40.0
bertrand-and-co.-20260407,group_chat,leena_patel,40.0
bertrand-and-co.-20260407,group_chat,leena_patel,412425.0
bertrand-and-co.-20260407,group_chat,leena_patel,175.0
bertrand-and-co.-20260407,group_chat,leena_patel,190.0
bertrand-and-co.-20260407,group_chat,leena_patel,95.0
bertrand-and-co.-20260407,group_chat,leena_patel,22065.0
bertrand-and-co.-20260407,group_chat,leena_patel,135.0
bertrand-and-co.-20260407,group_chat,leena_patel,220.0
bertrand-and-co.-20260407,group_chat,leena_patel,145.0
bertrand-and-co.-20260407,group_chat,leena_patel,90.0
bertrand-and-co.-20260407,group_chat,leena_patel,150705.0
bertrand-and-co.-20260407,group_chat,leena_patel,103.0
bertrand-and-co.-20260407,group_chat,leena_patel,162.0
bertrand-and-co.-20260407,group_chat,leena_patel,215.0
bertrand-and-co.-20260407,group_chat,leena_patel,89480.0
bertrand-and-co.-20260407,group_chat,leena_patel,140.0
bertrand-and-co.-20260407,group_chat,leena_patel,15.0
bertrand-and-co.-20260407,group_chat,leena_patel,80.0
bertrand-and-co.-20260407,group_chat,leena_patel,12.0
bertrand-and-co.-20260407,group_chat,leena_patel,78.0
bertrand-and-co.-20260407,group_chat,leena_patel,50.0
bertrand-and-co.-20260407,group_chat,leena_patel,100.0
bertrand-and-co.-20260407,group_chat,leena_patel,30.0
bertrand-and-co.-20260407,group_chat,leena_patel,50.0
bertrand-and-co.-20260407,group_chat,markus_schmidt,111.0
bertrand-and-co.-20260407,group_chat,markus_schmidt,109.0
bertrand-and-co.-20260407,group_chat,markus_schmidt,205.0
bertrand-and-co.-20260407,group_chat,markus_schmidt,58.0
bertrand-and-co.-20260407,group_chat,markus_schmidt,173.0
bertrand-and-co.-20260407,group_chat,markus_schmidt,72.0
bertrand-and-co.-20260407,group_chat,markus_schmidt,127.0
bertrand-and-co.-20260407,group_chat,markus_schmidt,258983.0
bertrand-and-co.-20260407,group_chat,markus_schmidt,70.0
bertrand-and-co.-20260407,group_chat,markus_schmidt,140.0
bertrand-and-co.-20260407,group_chat,markus_schmidt,75.0
bertrand-and-co.-20260407,group_chat,markus_schmidt,150.0
bertrand-and-co.-20260407,group_chat,markus_schmidt,90.0
bertrand-and-co.-20260407,group_chat,markus_schmidt,95.0
bertrand-and-co.-20260407,group_chat,markus_schmidt,348205.0
bertrand-and-co.-20260407,group_chat,markus_schmidt,125.0
bertrand-and-co.-20260407,group_chat,markus_schmidt,170.0
bertrand-and-co.-20260407,group_chat,markus_schmidt,135.0
bertrand-and-co.-20260407,group_chat,markus_schmidt,172065.0
bertrand-and-co.-20260407,group_chat,markus_schmidt,90.0
bertrand-and-co.-20260407,group_chat,markus_schmidt,55.0
bertrand-and-co.-20260407,group_chat,markus_schmidt,5.0
bertrand-and-co.-20260407,group_chat,markus_schmidt,90.0
bertrand-and-co.-20260407,group_chat,markus_schmidt,30.0
bertrand-and-co.-20260407,group_chat,markus_schmidt,115.0
bertrand-and-co.-20260407,group_chat,markus_schmidt,30.0
bertrand-and-co.-20260407,group_chat,markus_schmidt,40.0
bertrand-and-co.-20260407,group_chat,markus_schmidt,90.0
bertrand-and-co.-20260407,group_chat,markus_schmidt,82560.0
bertrand-and-co.-20260407,group_chat,markus_schmidt,65.0
bertrand-and-co.-20260407,group_chat,markus_schmidt,150.0
bertrand-and-co.-20260407,group_chat,markus_schmidt,130.0
bertrand-and-co.-20260407,group_chat,markus_schmidt,100.0
bertrand-and-co.-20260407,group_chat,markus_schmidt,3104.0
bertrand-and-co.-20260407,group_chat,markus_schmidt,43.0
bertrand-and-co.-20260407,group_chat,markus_schmidt,148.0
bertrand-and-co.-20260407,group_chat,markus_schmidt,85.0
bertrand-and-co.-20260407,group_chat,markus_schmidt,147.0
bertrand-and-co.-20260407,group_chat,markus_schmidt,165447.0
bertrand-and-co.-20260407,group_chat,markus_schmidt,175.0
bertrand-and-co.-20260407,group_chat,markus_schmidt,151.0
bertrand-and-co.-20260407,group_chat,markus_schmidt,90.0
bertrand-and-co.-20260407,group_chat,markus_schmidt,113.0
bertrand-and-co.-20260407,group_chat,yolanda_silva,267.0
bertrand-and-co.-20260407,group_chat,yolanda_silva,215.0
bertrand-and-co.-20260407,group_chat,yolanda_silva,198.0
bertrand-and-co.-20260407,group_chat,yolanda_silva,259195.0
bertrand-and-co.-20260407,group_chat,yolanda_silva,40.0
bertrand-and-co.-20260407,group_chat,yolanda_silva,160.0
bertrand-and-co.-20260407,group_chat,yolanda_silva,70.0
bertrand-and-co.-20260407,group_chat,yolanda_silva,100.0
bertrand-and-co.-20260407,group_chat,yolanda_silva,90.0
bertrand-and-co.-20260407,group_chat,yolanda_silva,110.0
bertrand-and-co.-20260407,group_chat,yolanda_silva,279435.0
bertrand-and-co.-20260407,group_chat,yolanda_silva,180.0
bertrand-and-co.-20260407,group_chat,yolanda_silva,180.0
bertrand-and-co.-20260407,group_chat,yolanda_silva,120.0
bertrand-and-co.-20260407,group_chat,yolanda_silva,68029.0
bertrand-and-co.-20260407,group_chat,yolanda_silva,71.0
bertrand-and-co.-20260407,group_chat,yolanda_silva,203.0
bertrand-and-co.-20260407,group_chat,yolanda_silva,47.0
bertrand-and-co.-20260407,group_chat,yolanda_silva,424930.0
bertrand-and-co.-20260407,group_chat,yolanda_silva,107.0
bertrand-and-co.-20260407,group_chat,yolanda_silva,141.0
bertrand-and-co.-20260407,group_chat,yolanda_silva,76.0
bertrand-and-co.-20260407,group_chat,yolanda_silva,103.0
bertrand-and-co.-20260407,group_chat,yolanda_silva,69.0
bertrand-and-co.-20260407,group_chat,rafael_gutierrez,200.0
bertrand-and-co.-20260407,group_chat,rafael_gutierrez,200.0
bertrand-and-co.-20260407,group_chat,rafael_gutierrez,165.0
bertrand-and-co.-20260407,group_chat,rafael_gutierrez,13760.0
bertrand-and-co.-20260407,group_chat,rafael_gutierrez,20.0
bertrand-and-co.-20260407,group_chat,rafael_gutierrez,35.0
bertrand-and-co.-20260407,group_chat,rafael_gutierrez,65.0
bertrand-and-co.-20260407,group_chat,rafael_gutierrez,40.0
bertrand-and-co.-20260407,group_chat,rafael_gutierrez,90.0
bertrand-and-co.-20260407,group_chat,rafael_gutierrez,230.0
bertrand-and-co.-20260407,group_chat,rafael_gutierrez,65.0
bertrand-and-co.-20260407,group_chat,rafael_gutierrez,40.0
bertrand-and-co.-20260407,group_chat,rafael_gutierrez,240567.0
bertrand-and-co.-20260407,group_chat,rafael_gutierrez,155.0
bertrand-and-co.-20260407,group_chat,rafael_gutierrez,78.0
bertrand-and-co.-20260407,group_chat,rafael_gutierrez,110.0
bertrand-and-co.-20260407,group_chat,rafael_gutierrez,85980.0
bertrand-and-co.-20260407,group_chat,rafael_gutierrez,45.0
bertrand-and-co.-20260407,group_chat,rafael_gutierrez,122.0
bertrand-and-co.-20260407,group_chat,rafael_gutierrez,78.0
bertrand-and-co.-20260407,group_chat,rafael_gutierrez,60.0
bertrand-and-co.-20260407,group_chat,rafael_gutierrez,48.0
bertrand-and-co.-20260407,group_chat,rafael_gutierrez,57.0
bertrand-and-co.-20260407,group_chat,rafael_gutierrez,85170.0
bertrand-and-co.-20260407,group_chat,rafael_gutierrez,138.0
bertrand-and-co.-20260407,group_chat,rafael_gutierrez,192.0
bertrand-and-co.-20260407,group_chat,rafael_gutierrez,22207.0
bertrand-and-co.-20260407,group_chat,rafael_gutierrez,48.0
bertrand-and-co.-20260407,group_chat,rafael_gutierrez,80.0
bertrand-and-co.-20260407,group_chat,rafael_gutierrez,110.0
bertrand-and-co.-20260407,group_chat,rafael_gutierrez,110.0
bertrand-and-co.-20260407,group_chat,rafael_gutierrez,140.0
bertrand-and-co.-20260407,group_chat,rafael_gutierrez,68022.0
bertrand-and-co.-20260407,group_chat,rafael_gutierrez,66.0
bertrand-and-co.-20260407,group_chat,rafael_gutierrez,57.0
bertrand-and-co.-20260407,group_chat,rafael_gutierrez,5.0
bertrand-and-co.-20260407,group_chat,rafael_gutierrez,55.0
bertrand-and-co.-20260407,group_chat,rafael_gutierrez,123.0
bertrand-and-co.-20260407,group_chat,rafael_gutierrez,22.0
bertrand-and-co.-20260407,group_chat,rafael_gutierrez,42.0
bertrand-and-co.-20260407,group_chat,rafael_gutierrez,108.0
bertrand-and-co.-20260407,group_chat,rafael_gutierrez,191.0
bertrand-and-co.-20260407,group_chat,rafael_gutierrez,82069.0
bertrand-and-co.-20260407,group_chat,rafael_gutierrez,185.0
bertrand-and-co.-20260407,group_chat,rafael_gutierrez,133.0
bertrand-and-co.-20260407,group_chat,rafael_gutierrez,258702.0
bertrand-and-co.-20260407,group_chat,rafael_gutierrez,260.0
bertrand-and-co.-20260407,group_chat,rafael_gutierrez,160.0
bertrand-and-co.-20260407,group_chat,rafael_gutierrez,65.0
bertrand-and-co.-20260407,group_chat,rafael_gutierrez,40.0
bertrand-and-co.-20260407,group_chat,rafael_gutierrez,125.0
bertrand-and-co.-20260407,group_chat,rafael_gutierrez,3668.0
bertrand-and-co.-20260407,group_chat,rafael_gutierrez,82.0
bertrand-and-co.-20260407,group_chat,rafael_gutierrez,65.0
bertrand-and-co.-20260407,group_chat,rafael_gutierrez,55.0
bertrand-and-co.-20260407,group_chat,rafael_gutierrez,55.0
bertrand-and-co.-20260407,group_chat,rafael_gutierrez,60.0
bertrand-and-co.-20260407,group_chat,jyoti_mukherjee,90.0
bertrand-and-co.-20260407,group_chat,jyoti_mukherjee,77.0
bertrand-and-co.-20260407,group_chat,jyoti_mukherjee,156.0
bertrand-and-co.-20260407,group_chat,jyoti_mukherjee,85.0
bertrand-and-co.-20260407,group_chat,jyoti_mukherjee,67869.0
bertrand-and-co.-20260407,group_chat,jyoti_mukherjee,72.0
bertrand-and-co.-20260407,group_chat,jyoti_mukherjee,141.0
bertrand-and-co.-20260407,group_chat,jyoti_mukherjee,90.0
bertrand-and-co.-20260407,group_chat,jyoti_mukherjee,105.0
bertrand-and-co.-20260407,group_chat,jyoti_mukherjee,80.0
bertrand-and-co.-20260407,group_chat,jyoti_mukherjee,107742.0
bertrand-and-co.-20260407,group_chat,jyoti_mukherjee,58.0
bertrand-and-co.-20260407,group_chat,jyoti_mukherjee,160.0
bertrand-and-co.-20260407,group_chat,jyoti_mukherjee,140.0
bertrand-and-co.-20260407,group_chat,jyoti_mukherjee,68105.0
bertrand-and-co.-20260407,group_chat,jyoti_mukherjee,48.0
bertrand-and-co.-20260407,group_chat,jyoti_mukherjee,37.0
bertrand-and-co.-20260407,group_chat,jyoti_mukherjee,32.0
bertrand-and-co.-20260407,group_chat,jyoti_mukherjee,143.0
bertrand-and-co.-20260407,group_chat,jyoti_mukherjee,45.0
bertrand-and-co.-20260407,group_chat,jyoti_mukherjee,82400.0
bertrand-and-co.-20260407,group_chat,jyoti_mukherjee,90.0
bertrand-and-co.-20260407,group_chat,jyoti_mukherjee,260.0
bertrand-and-co.-20260407,group_chat,jyoti_mukherjee,258585.0
bertrand-and-co.-20260407,group_chat,jyoti_mukherjee,245.0
bertrand-and-co.-20260407,group_chat,jyoti_mukherjee,215.0
bertrand-and-co.-20260407,group_chat,jyoti_mukherjee,40.0
bertrand-and-co.-20260407,group_chat,jyoti_mukherjee,80.0
bertrand-and-co.-20260407,group_chat,jyoti_mukherjee,120.0
bertrand-and-co.-20260407,group_chat,jyoti_mukherjee,3697.0
bertrand-and-co.-20260407,group_chat,jyoti_mukherjee,40.0
bertrand-and-co.-20260407,group_chat,jyoti_mukherjee,53.0
bertrand-and-co.-20260407,group_chat,jyoti_mukherjee,56.0
bertrand-and-co.-20260407,group_chat,jyoti_mukherjee,54.0
bertrand-and-co.-20260407,group_chat,jyoti_mukherjee,56.0
bertrand-and-co.-20260407,group_chat,jyoti_mukherjee,58.0
bertrand-and-co.-20260407,group_chat,jyoti_mukherjee,78933.0
bertrand-and-co.-20260407,group_chat,jyoti_mukherjee,109.0
bertrand-and-co.-20260407,group_chat,jyoti_mukherjee,44.0
bertrand-and-co.-20260407,group_chat,jyoti_mukherjee,133.0
bertrand-and-co.-20260407,group_chat,jyoti_mukherjee,102.0
bertrand-and-co.-20260407,group_chat,jyoti_mukherjee,50.0
bertrand-and-co.-20260407,group_chat,yara.jensen,235.0
bertrand-and-co.-20260407,group_chat,yara.jensen,125.0
bertrand-and-co.-20260407,group_chat,yara.jensen,165.0
bertrand-and-co.-20260407,group_chat,yara.jensen,610.0
bertrand-and-co.-20260407,group_chat,yara.jensen,88931.0
bertrand-and-co.-20260407,group_chat,yara.jensen,66.0
bertrand-and-co.-20260407,group_chat,yara.jensen,35.0
bertrand-and-co.-20260407,group_chat,yara.jensen,62.0
bertrand-and-co.-20260407,group_chat,yara.jensen,26.0
bertrand-and-co.-20260407,group_chat,yara.jensen,88.0
bertrand-and-co.-20260407,group_chat,yara.jensen,32.0
bertrand-and-co.-20260407,group_chat,yara.jensen,85.0
bertrand-and-co.-20260407,group_chat,yara.jensen,45.0
bertrand-and-co.-20260407,group_chat,yara.jensen,70.0
bertrand-and-co.-20260407,group_chat,yara.jensen,149602.0
bertrand-and-co.-20260407,group_chat,yara.jensen,184.0
bertrand-and-co.-20260407,group_chat,yara.jensen,207.0
bertrand-and-co.-20260407,group_chat,yara.jensen,147.0
bertrand-and-co.-20260407,group_chat,yara.jensen,150.0
bertrand-and-co.-20260407,group_chat,wei.huang,190.0
bertrand-and-co.-20260407,group_chat,wei.huang,45.0
bertrand-and-co.-20260407,group_chat,wei.huang,110.0
bertrand-and-co.-20260407,group_chat,wei.huang,155.0
bertrand-and-co.-20260407,group_chat,wei.huang,239723.0
bertrand-and-co.-20260407,group_chat,wei.huang,187.0
bertrand-and-co.-20260407,group_chat,wei.huang,59.0
bertrand-and-co.-20260407,group_chat,wei.huang,149.0
bertrand-and-co.-20260407,group_chat,wei.huang,127.0
bertrand-and-co.-20260407,group_chat,mosi.kabongo,235.0
bertrand-and-co.-20260407,group_chat,mosi.kabongo,160.0
bertrand-and-co.-20260407,group_chat,mosi.kabongo,670.0
bertrand-and-co.-20260407,group_chat,mosi.kabongo,88975.0
bertrand-and-co.-20260407,group_chat,mosi.kabongo,64.0
bertrand-and-co.-20260407,group_chat,mosi.kabongo,50.0
bertrand-and-co.-20260407,group_chat,mosi.kabongo,83.0
bertrand-and-co.-20260407,group_chat,mosi.kabongo,74.0
bertrand-and-co.-20260407,group_chat,mosi.kabongo,71.0
bertrand-and-co.-20260407,group_chat,mosi.kabongo,55.0
bertrand-and-co.-20260407,group_chat,mosi.kabongo,40.0
bertrand-and-co.-20260407,group_chat,mosi.kabongo,149743.0
bertrand-and-co.-20260407,group_chat,mosi.kabongo,180.0
bertrand-and-co.-20260407,group_chat,mosi.kabongo,145.0
bertrand-and-co.-20260407,group_chat,mosi.kabongo,208.0
bertrand-and-co.-20260407,group_chat,amina.nasser,128.0
bertrand-and-co.-20260407,group_chat,amina.nasser,185.0
bertrand-and-co.-20260407,group_chat,markus.schmidt,77.0
bertrand-and-co.-20260407,group_chat,markus.schmidt,57.0
bertrand-and-co.-20260407,group_chat,markus.schmidt,78.0
bertrand-and-co.-20260407,group_chat,markus.schmidt,87.0
bertrand-and-co.-20260407,group_chat,markus.schmidt,38.0
bertrand-and-co.-20260407,group_chat,markus.schmidt,107.0
bertrand-and-co.-20260407,group_chat,markus.schmidt,149755.0
bertrand-and-co.-20260407,group_chat,markus.schmidt,208.0
bertrand-and-co.-20260407,group_chat,markus.schmidt,175.0
bertrand-and-co.-20260407,group_chat,markus.schmidt,85.0
bertrand-and-co.-20260407,group_chat,markus.schmidt,122.0
bertrand-and-co.-20260407,group_chat,takeshi.kimura,194.0
bertrand-and-co.-20260407,group_chat,takeshi.kimura,125.0
bertrand-and-co.-20260407,group_chat,takeshi.kimura,169.0
bertrand-and-co.-20260407,meeting,mkabongo,7200.0
bertrand-and-co.-20260407,meeting,mkabongo,7200.0
bertrand-and-co.-20260407,meeting,mkabongo,72000.0
bertrand-and-co.-20260407,meeting,mkabongo,7200.0
bertrand-and-co.-20260407,meeting,mkabongo,14400.0
bertrand-and-co.-20260407,meeting,mkabongo,7200.0
bertrand-and-co.-20260407,meeting,mkabongo,81000.0
bertrand-and-co.-20260407,meeting,mkabongo,63000.0
bertrand-and-co.-20260407,meeting,mkabongo,5400.0
bertrand-and-co.-20260407,meeting,mkabongo,5400.0
bertrand-and-co.-20260407,meeting,mkabongo,10800.0
bertrand-and-co.-20260407,meeting,mkabongo,72000.0
bertrand-and-co.-20260407,meeting,mkabongo,77400.0
bertrand-and-co.-20260407,meeting,mkabongo,5400.0
bertrand-and-co.-20260407,meeting,mkabongo,5400.0
bertrand-and-co.-20260407,meeting,mkabongo,9000.0
bertrand-and-co.-20260407,meeting,mkabongo,10800.0
bertrand-and-co.-20260407,meeting,mkabongo,57600.0
bertrand-and-co.-20260407,meeting,mkabongo,21600.0
bertrand-and-co.-20260407,meeting,mkabongo,7200.0
bertrand-and-co.-20260407,meeting,mkabongo,57600.0
bertrand-and-co.-20260407,meeting,mkabongo,7200.0
bertrand-and-co.-20260407,meeting,mkabongo,5400.0
bertrand-and-co.-20260407,meeting,mkabongo,9000.0
bertrand-and-co.-20260407,meeting,mkabongo,64800.0
bertrand-and-co.-20260407,meeting,mkabongo,10800.0
bertrand-and-co.-20260407,meeting,mkabongo,7200.0
bertrand-and-co.-20260407,meeting,mkabongo,5400.0
bertrand-and-co.-20260407,meeting,mkabongo,63000.0
bertrand-and-co.-20260407,meeting,mkabongo,5400.0
bertrand-and-co.-20260407,meeting,mkabongo,9000.0
bertrand-and-co.-20260407,meeting,mkabongo,18000.0
bertrand-and-co.-20260407,meeting,mkabongo,59400.0
bertrand-and-co.-20260407,meeting,mkabongo,5400.0
bertrand-and-co.-20260407,meeting,mkabongo,10800.0
bertrand-and-co.-20260407,meeting,mkabongo,64800.0
bertrand-and-co.-20260407,meeting,mkabongo,14400.0
bertrand-and-co.-20260407,meeting,mkabongo,7200.0
bertrand-and-co.-20260407,meeting,mkabongo,7200.0
bertrand-and-co.-20260407,meeting,mkabongo,57600.0
bertrand-and-co.-20260407,meeting,mkabongo,5400.0
bertrand-and-co.-20260407,meeting,mkabongo,3600.0
bertrand-and-co.-20260407,meeting,mkabongo,5400.0
bertrand-and-co.-20260407,meeting,mkabongo,5400.0
bertrand-and-co.-20260407,meeting,mkabongo,66600.0
bertrand-and-co.-20260407,meeting,mkabongo,7200.0
bertrand-and-co.-20260407,meeting,mkabongo,14400.0
bertrand-and-co.-20260407,meeting,mkabongo,7200.0
bertrand-and-co.-20260407,meeting,tkimura,7200.0
bertrand-and-co.-20260407,meeting,tkimura,79200.0
bertrand-and-co.-20260407,meeting,tkimura,7200.0
bertrand-and-co.-20260407,meeting,tkimura,97200.0
bertrand-and-co.-20260407,meeting,tkimura,73800.0
bertrand-and-co.-20260407,meeting,tkimura,9000.0
bertrand-and-co.-20260407,meeting,tkimura,72000.0
bertrand-and-co.-20260407,meeting,tkimura,14400.0
bertrand-and-co.-20260407,meeting,tkimura,7200.0
bertrand-and-co.-20260407,meeting,tkimura,21600.0
bertrand-and-co.-20260407,meeting,tkimura,52200.0
bertrand-and-co.-20260407,meeting,tkimura,9000.0
bertrand-and-co.-20260407,meeting,tkimura,75600.0
bertrand-and-co.-20260407,meeting,tkimura,14400.0
bertrand-and-co.-20260407,meeting,tkimura,64800.0
bertrand-and-co.-20260407,meeting,tkimura,7200.0
bertrand-and-co.-20260407,meeting,tkimura,14400.0
bertrand-and-co.-20260407,meeting,tkimura,7200.0
bertrand-and-co.-20260407,meeting,tkimura,75600.0
bertrand-and-co.-20260407,meeting,tkimura,68400.0
bertrand-and-co.-20260407,meeting,tkimura,5400.0
bertrand-and-co.-20260407,meeting,tkimura,9000.0
bertrand-and-co.-20260407,meeting,tkimura,72000.0
bertrand-and-co.-20260407,meeting,tkimura,5400.0
bertrand-and-co.-20260407,meeting,tkimura,5400.0
bertrand-and-co.-20260407,meeting,tkimura,10800.0
bertrand-and-co.-20260407,meeting,tkimura,72000.0
bertrand-and-co.-20260407,meeting,tkimura,79200.0
bertrand-and-co.-20260407,meeting,tkimura,5400.0
bertrand-and-co.-20260407,meeting,tkimura,3600.0
bertrand-and-co.-20260407,meeting,tkimura,77400.0
bertrand-and-co.-20260407,meeting,tkimura,21600.0
bertrand-and-co.-20260407,meeting,tkimura,7200.0
bertrand-and-co.-20260407,meeting,anasser,7200.0
bertrand-and-co.-20260407,meeting,anasser,79200.0
bertrand-and-co.-20260407,meeting,anasser,7200.0
bertrand-and-co.-20260407,meeting,anasser,79200.0
bertrand-and-co.-20260407,meeting,anasser,18000.0
bertrand-and-co.-20260407,meeting,anasser,73800.0
bertrand-and-co.-20260407,meeting,anasser,9000.0
bertrand-and-co.-20260407,meeting,anasser,72000.0
bertrand-and-co.-20260407,meeting,anasser,21600.0
bertrand-and-co.-20260407,meeting,anasser,73800.0
bertrand-and-co.-20260407,meeting,anasser,91800.0
bertrand-and-co.-20260407,meeting,anasser,7200.0
bertrand-and-co.-20260407,meeting,anasser,72000.0
bertrand-and-co.-20260407,meeting,anasser,14400.0
bertrand-and-co.-20260407,meeting,anasser,7200.0
bertrand-and-co.-20260407,meeting,anasser,57600.0
bertrand-and-co.-20260407,meeting,anasser,10800.0
bertrand-and-co.-20260407,meeting,anasser,7200.0
bertrand-and-co.-20260407,meeting,anasser,68400.0
bertrand-and-co.-20260407,meeting,anasser,14400.0
bertrand-and-co.-20260407,meeting,anasser,72000.0
bertrand-and-co.-20260407,meeting,anasser,10800.0
bertrand-and-co.-20260407,meeting,anasser,10800.0
bertrand-and-co.-20260407,meeting,anasser,72000.0
bertrand-and-co.-20260407,meeting,anasser,84600.0
bertrand-and-co.-20260407,meeting,anasser,14400.0
bertrand-and-co.-20260407,meeting,anasser,81000.0
bertrand-and-co.-20260407,meeting,anasser,14400.0
bertrand-and-co.-20260407,meeting,yjensen,93600.0
bertrand-and-co.-20260407,meeting,yjensen,7200.0
bertrand-and-co.-20260407,meeting,yjensen,68400.0
bertrand-and-co.-20260407,meeting,yjensen,75600.0
bertrand-and-co.-20260407,meeting,yjensen,10800.0
bertrand-and-co.-20260407,meeting,yjensen,118800.0
bertrand-and-co.-20260407,meeting,yjensen,41400.0
bertrand-and-co.-20260407,meeting,yjensen,30600.0
bertrand-and-co.-20260407,meeting,yjensen,86400.0
bertrand-and-co.-20260407,meeting,yjensen,144000.0
bertrand-and-co.-20260407,meeting,yjensen,10800.0
bertrand-and-co.-20260407,meeting,yjensen,81000.0
bertrand-and-co.-20260407,meeting,yjensen,16200.0
bertrand-and-co.-20260407,meeting,yjensen,10800.0
bertrand-and-co.-20260407,meeting,yjensen,54000.0
bertrand-and-co.-20260407,meeting,yjensen,18000.0
bertrand-and-co.-20260407,meeting,yjensen,68400.0
bertrand-and-co.-20260407,meeting,yjensen,14400.0
bertrand-and-co.-20260407,meeting,yjensen,7200.0
bertrand-and-co.-20260407,meeting,yjensen,7200.0
bertrand-and-co.-20260407,meeting,yjensen,66600.0
bertrand-and-co.-20260407,meeting,yjensen,77400.0
bertrand-and-co.-20260407,meeting,yjensen,21600.0
bertrand-and-co.-20260407,meeting,yjensen,7200.0
bertrand-and-co.-20260407,meeting,mschmidt,93600.0
bertrand-and-co.-20260407,meeting,mschmidt,7200.0
bertrand-and-co.-20260407,meeting,mschmidt,57600.0
bertrand-and-co.-20260407,meeting,mschmidt,18000.0
bertrand-and-co.-20260407,meeting,mschmidt,68400.0
bertrand-and-co.-20260407,meeting,mschmidt,21600.0
bertrand-and-co.-20260407,meeting,mschmidt,169200.0
bertrand-and-co.-20260407,meeting,mschmidt,10800.0
bertrand-and-co.-20260407,meeting,mschmidt,57600.0
bertrand-and-co.-20260407,meeting,mschmidt,7200.0
bertrand-and-co.-20260407,meeting,mschmidt,21600.0
bertrand-and-co.-20260407,meeting,mschmidt,86400.0
bertrand-and-co.-20260407,meeting,mschmidt,81000.0
bertrand-and-co.-20260407,meeting,mschmidt,68400.0
bertrand-and-co.-20260407,meeting,mschmidt,16200.0
bertrand-and-co.-20260407,meeting,mschmidt,64800.0
bertrand-and-co.-20260407,meeting,mschmidt,5400.0
bertrand-and-co.-20260407,meeting,mschmidt,12600.0
bertrand-and-co.-20260407,meeting,mschmidt,3600.0
bertrand-and-co.-20260407,meeting,mschmidt,79200.0
bertrand-and-co.-20260407,meeting,mschmidt,7200.0
bertrand-and-co.-20260407,meeting,mschmidt,64800.0
bertrand-and-co.-20260407,meeting,mschmidt,5400.0
bertrand-and-co.-20260407,meeting,mschmidt,9000.0
bertrand-and-co.-20260407,meeting,mschmidt,79200.0
bertrand-and-co.-20260407,meeting,rgutierrez,79200.0
bertrand-and-co.-20260407,meeting,rgutierrez,7200.0
bertrand-and-co.-20260407,meeting,rgutierrez,7200.0
bertrand-and-co.-20260407,meeting,rgutierrez,63000.0
bertrand-and-co.-20260407,meeting,rgutierrez,5400.0
bertrand-and-co.-20260407,meeting,rgutierrez,12600.0
bertrand-and-co.-20260407,meeting,rgutierrez,84600.0
bertrand-and-co.-20260407,meeting,rgutierrez,72000.0
bertrand-and-co.-20260407,meeting,rgutierrez,36000.0
bertrand-and-co.-20260407,meeting,rgutierrez,41400.0
bertrand-and-co.-20260407,meeting,rgutierrez,30600.0
bertrand-and-co.-20260407,meeting,rgutierrez,64800.0
bertrand-and-co.-20260407,meeting,rgutierrez,7200.0
bertrand-and-co.-20260407,meeting,rgutierrez,14400.0
bertrand-and-co.-20260407,meeting,rgutierrez,57600.0
bertrand-and-co.-20260407,meeting,rgutierrez,12600.0
bertrand-and-co.-20260407,meeting,rgutierrez,79200.0
bertrand-and-co.-20260407,meeting,rgutierrez,113400.0
bertrand-and-co.-20260407,meeting,rgutierrez,72000.0
bertrand-and-co.-20260407,meeting,rgutierrez,68400.0
bertrand-and-co.-20260407,meeting,rgutierrez,7200.0
bertrand-and-co.-20260407,meeting,rgutierrez,93600.0
bertrand-and-co.-20260407,meeting,rgutierrez,5400.0
bertrand-and-co.-20260407,meeting,rgutierrez,81000.0
bertrand-and-co.-20260407,meeting,jmukherjee,79200.0
bertrand-and-co.-20260407,meeting,jmukherjee,172800.0
bertrand-and-co.-20260407,meeting,jmukherjee,86400.0
bertrand-and-co.-20260407,meeting,jmukherjee,75600.0
bertrand-and-co.-20260407,meeting,jmukherjee,97200.0
bertrand-and-co.-20260407,meeting,jmukherjee,84600.0
bertrand-and-co.-20260407,meeting,jmukherjee,79200.0
bertrand-and-co.-20260407,meeting,jmukherjee,113400.0
bertrand-and-co.-20260407,meeting,jmukherjee,246600.0
bertrand-and-co.-20260407,meeting,jmukherjee,81000.0
bertrand-and-co.-20260407,meeting,ysilva,79200.0
bertrand-and-co.-20260407,meeting,ysilva,259200.0
bertrand-and-co.-20260407,meeting,ysilva,100800.0
bertrand-and-co.-20260407,meeting,ysilva,235800.0
bertrand-and-co.-20260407,meeting,ysilva,102600.0
bertrand-and-co.-20260407,meeting,ysilva,165600.0
bertrand-and-co.-20260407,meeting,ysilva,81000.0
bertrand-and-co.-20260407,meeting,ysilva,84600.0
bertrand-and-co.-20260407,meeting,lpatel,79200.0
bertrand-and-co.-20260407,meeting,lpatel,7200.0
bertrand-and-co.-20260407,meeting,lpatel,7200.0
bertrand-and-co.-20260407,meeting,lpatel,63000.0
bertrand-and-co.-20260407,meeting,lpatel,5400.0
bertrand-and-co.-20260407,meeting,lpatel,12600.0
bertrand-and-co.-20260407,meeting,lpatel,73800.0
bertrand-and-co.-20260407,meeting,lpatel,82800.0
bertrand-and-co.-20260407,meeting,lpatel,36000.0
bertrand-and-co.-20260407,meeting,lpatel,72000.0
bertrand-and-co.-20260407,meeting,lpatel,57600.0
bertrand-and-co.-20260407,meeting,lpatel,86400.0
bertrand-and-co.-20260407,meeting,lpatel,12600.0
bertrand-and-co.-20260407,meeting,lpatel,97200.0
bertrand-and-co.-20260407,meeting,lpatel,95400.0
bertrand-and-co.-20260407,meeting,lpatel,59400.0
bertrand-and-co.-20260407,meeting,lpatel,12600.0
bertrand-and-co.-20260407,meeting,lpatel,90000.0
bertrand-and-co.-20260407,meeting,lpatel,7200.0
bertrand-and-co.-20260407,meeting,lpatel,72000.0
bertrand-and-co.-20260407,meeting,lpatel,86400.0
bertrand-and-co.-20260407,meeting,whuang,7200.0
bertrand-and-co.-20260407,meeting,whuang,14400.0
bertrand-and-co.-20260407,meeting,whuang,7200.0
bertrand-and-co.-20260407,meeting,whuang,57600.0
bertrand-and-co.-20260407,meeting,whuang,10800.0
bertrand-and-co.-20260407,meeting,whuang,12600.0
bertrand-and-co.-20260407,meeting,whuang,63000.0
bertrand-and-co.-20260407,meeting,whuang,5400.0
bertrand-and-co.-20260407,meeting,whuang,5400.0
bertrand-and-co.-20260407,meeting,whuang,3600.0
bertrand-and-co.-20260407,meeting,whuang,7200.0
bertrand-and-co.-20260407,meeting,whuang,64800.0
bertrand-and-co.-20260407,meeting,whuang,7200.0
bertrand-and-co.-20260407,meeting,whuang,14400.0
bertrand-and-co.-20260407,meeting,whuang,21600.0
bertrand-and-co.-20260407,meeting,whuang,41400.0
bertrand-and-co.-20260407,meeting,whuang,5400.0
bertrand-and-co.-20260407,meeting,whuang,5400.0
bertrand-and-co.-20260407,meeting,whuang,9000.0
bertrand-and-co.-20260407,meeting,whuang,10800.0
bertrand-and-co.-20260407,meeting,whuang,57600.0
bertrand-and-co.-20260407,meeting,whuang,21600.0
bertrand-and-co.-20260407,meeting,whuang,7200.0
bertrand-and-co.-20260407,meeting,whuang,57600.0
bertrand-and-co.-20260407,meeting,whuang,28800.0
bertrand-and-co.-20260407,meeting,whuang,57600.0
bertrand-and-co.-20260407,meeting,whuang,10800.0
bertrand-and-co.-20260407,meeting,whuang,7200.0
bertrand-and-co.-20260407,meeting,whuang,5400.0
bertrand-and-co.-20260407,meeting,whuang,63000.0
bertrand-and-co.-20260407,meeting,whuang,5400.0
bertrand-and-co.-20260407,meeting,whuang,9000.0
bertrand-and-co.-20260407,meeting,whuang,7200.0
bertrand-and-co.-20260407,meeting,whuang,64800.0
bertrand-and-co.-20260407,meeting,whuang,5400.0
bertrand-and-co.-20260407,meeting,whuang,5400.0
bertrand-and-co.-20260407,meeting,whuang,10800.0
bertrand-and-co.-20260407,meeting,whuang,64800.0
bertrand-and-co.-20260407,meeting,whuang,7200.0
bertrand-and-co.-20260407,meeting,whuang,21600.0
bertrand-and-co.-20260407,meeting,whuang,57600.0
bertrand-and-co.-20260407,meeting,whuang,9000.0
bertrand-and-co.-20260407,meeting,whuang,77400.0
bertrand-and-co.-20260407,meeting,whuang,7200.0
bertrand-and-co.-20260407,meeting,whuang,14400.0
bertrand-and-co.-20260407,meeting,whuang,7200.0
