tenant,channel,sender,iet_seconds
hugesmoothtech-corp-20260404,email,tsato,254700.0
hugesmoothtech-corp-20260404,email,tsato,10800.0
hugesmoothtech-corp-20260404,email,tsato,85500.0
hugesmoothtech-corp-20260404,email,tsato,81000.0
hugesmoothtech-corp-20260404,email,tsato,105300.0
hugesmoothtech-corp-20260404,email,tsato,64800.0
hugesmoothtech-corp-20260404,email,tsato,84600.0
hugesmoothtech-corp-20260404,email,tsato,92700.0
hugesmoothtech-corp-20260404,email,mgarcia,84600.0
hugesmoothtech-corp-20260404,email,mgarcia,16200.0
hugesmoothtech-corp-20260404,email,mgarcia,66600.0
hugesmoothtech-corp-20260404,email,mgarcia,91800.0
hugesmoothtech-corp-20260404,email,mgarcia,84600.0
hugesmoothtech-corp-20260404,email,mgarcia,90000.0
hugesmoothtech-corp-20260404,email,mgarcia,12600.0
hugesmoothtech-corp-20260404,email,mgarcia,64800.0
hugesmoothtech-corp-20260404,email,mgarcia,33300.0
hugesmoothtech-corp-20260404,email,mgarcia,56700.0
hugesmoothtech-corp-20260404,email,mgarcia,9000.0
hugesmoothtech-corp-20260404,email,mgarcia,75600.0
hugesmoothtech-corp-20260404,email,mgarcia,19800.0
hugesmoothtech-corp-20260404,email,mgarcia,68400.0
hugesmoothtech-corp-20260404,email,mgarcia,10800.0
hugesmoothtech-corp-20260404,email,rpatel,177300.0
hugesmoothtech-corp-20260404,email,rpatel,88200.0
hugesmoothtech-corp-20260404,email,rpatel,178200.0
hugesmoothtech-corp-20260404,email,rpatel,108000.0
hugesmoothtech-corp-20260404,email,rpatel,55800.0
hugesmoothtech-corp-20260404,email,rpatel,9000.0
hugesmoothtech-corp-20260404,email,rpatel,90000.0
hugesmoothtech-corp-20260404,email,hwang,161100.0
hugesmoothtech-corp-20260404,email,hwang,172800.0
hugesmoothtech-corp-20260404,email,jdubois,98700.0
hugesmoothtech-corp-20260404,email,jdubois,83700.0
hugesmoothtech-corp-20260404,email,jdubois,171000.0
hugesmoothtech-corp-20260404,email,jdubois,342900.0
hugesmoothtech-corp-20260404,email,jdubois,90000.0
hugesmoothtech-corp-20260404,email,msharif,81000.0
hugesmoothtech-corp-20260404,email,msharif,81900.0
hugesmoothtech-corp-20260404,email,msharif,99000.0
hugesmoothtech-corp-20260404,email,msharif,85500.0
hugesmoothtech-corp-20260404,email,msharif,335700.0
hugesmoothtech-corp-20260404,email,msharif,18000.0
hugesmoothtech-corp-20260404,email,msharif,82800.0
hugesmoothtech-corp-20260404,email,ymorales,88200.0
hugesmoothtech-corp-20260404,email,ymorales,79200.0
hugesmoothtech-corp-20260404,email,mabebe,85500.0
hugesmoothtech-corp-20260404,email,mabebe,612000.0
hugesmoothtech-corp-20260404,email,mabebe,58500.0
hugesmoothtech-corp-20260404,email,adubois,82800.0
hugesmoothtech-corp-20260404,email,adubois,84600.0
hugesmoothtech-corp-20260404,email,adubois,12600.0
hugesmoothtech-corp-20260404,email,adubois,91800.0
hugesmoothtech-corp-20260404,email,adubois,68400.0
hugesmoothtech-corp-20260404,email,adubois,9000.0
hugesmoothtech-corp-20260404,email,adubois,85500.0
hugesmoothtech-corp-20260404,email,adubois,8100.0
hugesmoothtech-corp-20260404,email,adubois,12600.0
hugesmoothtech-corp-20260404,email,adubois,55800.0
hugesmoothtech-corp-20260404,email,adubois,9000.0
hugesmoothtech-corp-20260404,email,adubois,9000.0
hugesmoothtech-corp-20260404,email,adubois,79200.0
hugesmoothtech-corp-20260404,email,adubois,84600.0
hugesmoothtech-corp-20260404,email,adubois,1800.0
hugesmoothtech-corp-20260404,email,adubois,9000.0
hugesmoothtech-corp-20260404,email,amustafa,256500.0
hugesmoothtech-corp-20260404,email,lzhang,83700.0
hugesmoothtech-corp-20260404,email,jhassan,84600.0
hugesmoothtech-corp-20260404,email,jhassan,101700.0
hugesmoothtech-corp-20260404,email,jhassan,82800.0
hugesmoothtech-corp-20260404,email,jhassan,73800.0
hugesmoothtech-corp-20260404,email,jhassan,22500.0
hugesmoothtech-corp-20260404,email,jhassan,69300.0
hugesmoothtech-corp-20260404,email,jhassan,91800.0
hugesmoothtech-corp-20260404,email,jhassan,71100.0
hugesmoothtech-corp-20260404,email,jokonkwo,96300.0
hugesmoothtech-corp-20260404,email,jokonkwo,79200.0
hugesmoothtech-corp-20260404,email,jokonkwo,172800.0
hugesmoothtech-corp-20260404,email,rchowdhury,162900.0
hugesmoothtech-corp-20260404,chat,mariana_garcia,52.0
hugesmoothtech-corp-20260404,chat,mariana_garcia,50.0
hugesmoothtech-corp-20260404,chat,mariana_garcia,47.0
hugesmoothtech-corp-20260404,chat,mariana_garcia,43.0
hugesmoothtech-corp-20260404,chat,mariana_garcia,38.0
hugesmoothtech-corp-20260404,chat,mariana_garcia,47.0
hugesmoothtech-corp-20260404,chat,mariana_garcia,39.0
hugesmoothtech-corp-20260404,chat,mariana_garcia,33.0
hugesmoothtech-corp-20260404,chat,mariana_garcia,31.0
hugesmoothtech-corp-20260404,chat,mariana_garcia,245157.0
hugesmoothtech-corp-20260404,chat,mariana_garcia,103.0
hugesmoothtech-corp-20260404,chat,mariana_garcia,82.0
hugesmoothtech-corp-20260404,chat,mariana_garcia,130.0
hugesmoothtech-corp-20260404,chat,mariana_garcia,110.0
hugesmoothtech-corp-20260404,chat,mariana_garcia,116.0
hugesmoothtech-corp-20260404,chat,mariana_garcia,93.0
hugesmoothtech-corp-20260404,chat,mariana_garcia,71.0
hugesmoothtech-corp-20260404,chat,mariana_garcia,80.0
hugesmoothtech-corp-20260404,chat,mariana_garcia,341215.0
hugesmoothtech-corp-20260404,chat,mariana_garcia,210.0
hugesmoothtech-corp-20260404,chat,mariana_garcia,135.0
hugesmoothtech-corp-20260404,chat,mariana_garcia,85.0
hugesmoothtech-corp-20260404,chat,mariana_garcia,80.0
hugesmoothtech-corp-20260404,chat,mariana_garcia,90.0
hugesmoothtech-corp-20260404,chat,mariana_garcia,60.0
hugesmoothtech-corp-20260404,chat,mariana_garcia,85463.0
hugesmoothtech-corp-20260404,chat,mariana_garcia,82.0
hugesmoothtech-corp-20260404,chat,mariana_garcia,50.0
hugesmoothtech-corp-20260404,chat,mariana_garcia,43.0
hugesmoothtech-corp-20260404,chat,mariana_garcia,43.0
hugesmoothtech-corp-20260404,chat,mariana_garcia,61.0
hugesmoothtech-corp-20260404,chat,mariana_garcia,59.0
hugesmoothtech-corp-20260404,chat,mariana_garcia,61.0
hugesmoothtech-corp-20260404,chat,mariana_garcia,43.0
hugesmoothtech-corp-20260404,chat,mariana_garcia,85470.0
hugesmoothtech-corp-20260404,chat,mariana_garcia,57.0
hugesmoothtech-corp-20260404,chat,mariana_garcia,33.0
hugesmoothtech-corp-20260404,chat,mariana_garcia,45.0
hugesmoothtech-corp-20260404,chat,mariana_garcia,21.0
hugesmoothtech-corp-20260404,chat,mariana_garcia,72.0
hugesmoothtech-corp-20260404,chat,mariana_garcia,9.0
hugesmoothtech-corp-20260404,chat,mariana_garcia,70.0
hugesmoothtech-corp-20260404,chat,mariana_garcia,14.0
hugesmoothtech-corp-20260404,chat,mariana_garcia,62.0
hugesmoothtech-corp-20260404,chat,mariana_garcia,2.0
hugesmoothtech-corp-20260404,chat,mariana_garcia,65.0
hugesmoothtech-corp-20260404,chat,mariana_garcia,20.0
hugesmoothtech-corp-20260404,chat,mariana_garcia,57.0
hugesmoothtech-corp-20260404,chat,mariana_garcia,8.0
hugesmoothtech-corp-20260404,chat,mariana_garcia,55.0
hugesmoothtech-corp-20260404,chat,mariana_garcia,20.0
hugesmoothtech-corp-20260404,chat,mariana_garcia,73.0
hugesmoothtech-corp-20260404,chat,mariana_garcia,55.0
hugesmoothtech-corp-20260404,chat,takeshi_sato,90.0
hugesmoothtech-corp-20260404,chat,takeshi_sato,64.0
hugesmoothtech-corp-20260404,chat,takeshi_sato,58.0
hugesmoothtech-corp-20260404,chat,takeshi_sato,78.0
hugesmoothtech-corp-20260404,chat,takeshi_sato,67.0
hugesmoothtech-corp-20260404,chat,takeshi_sato,69.0
hugesmoothtech-corp-20260404,chat,takeshi_sato,53.0
hugesmoothtech-corp-20260404,chat,takeshi_sato,51.0
hugesmoothtech-corp-20260404,chat,takeshi_sato,44.0
hugesmoothtech-corp-20260404,chat,takeshi_sato,3081.0
hugesmoothtech-corp-20260404,chat,takeshi_sato,48.0
hugesmoothtech-corp-20260404,chat,takeshi_sato,50.0
hugesmoothtech-corp-20260404,chat,takeshi_sato,42.0
hugesmoothtech-corp-20260404,chat,takeshi_sato,40.0
hugesmoothtech-corp-20260404,chat,takeshi_sato,48.0
hugesmoothtech-corp-20260404,chat,takeshi_sato,39.0
hugesmoothtech-corp-20260404,chat,takeshi_sato,38.0
hugesmoothtech-corp-20260404,chat,takeshi_sato,34.0
hugesmoothtech-corp-20260404,chat,takeshi_sato,410805.0
hugesmoothtech-corp-20260404,chat,takeshi_sato,74.0
hugesmoothtech-corp-20260404,chat,takeshi_sato,34.0
hugesmoothtech-corp-20260404,chat,takeshi_sato,72.0
hugesmoothtech-corp-20260404,chat,takeshi_sato,73.0
hugesmoothtech-corp-20260404,chat,takeshi_sato,55.0
hugesmoothtech-corp-20260404,chat,takeshi_sato,63.0
hugesmoothtech-corp-20260404,chat,takeshi_sato,45.0
hugesmoothtech-corp-20260404,chat,hyun_jae_wang,71.0
hugesmoothtech-corp-20260404,chat,hyun_jae_wang,58.0
hugesmoothtech-corp-20260404,chat,hyun_jae_wang,73.0
hugesmoothtech-corp-20260404,chat,hyun_jae_wang,76.0
hugesmoothtech-corp-20260404,chat,hyun_jae_wang,66.0
hugesmoothtech-corp-20260404,chat,hyun_jae_wang,63.0
hugesmoothtech-corp-20260404,chat,hyun_jae_wang,52.0
hugesmoothtech-corp-20260404,chat,hyun_jae_wang,50.0
hugesmoothtech-corp-20260404,chat,hyun_jae_wang,680492.0
hugesmoothtech-corp-20260404,chat,hyun_jae_wang,45.0
hugesmoothtech-corp-20260404,chat,hyun_jae_wang,85.0
hugesmoothtech-corp-20260404,chat,hyun_jae_wang,51.0
hugesmoothtech-corp-20260404,chat,hyun_jae_wang,66.0
hugesmoothtech-corp-20260404,chat,hyun_jae_wang,61.0
hugesmoothtech-corp-20260404,chat,hyun_jae_wang,52.0
hugesmoothtech-corp-20260404,chat,hyun_jae_wang,63.0
hugesmoothtech-corp-20260404,chat,hyun_jae_wang,160.0
hugesmoothtech-corp-20260404,chat,hyun_jae_wang,50.0
hugesmoothtech-corp-20260404,chat,Amélie Dubois,115.0
hugesmoothtech-corp-20260404,chat,Amélie Dubois,62.0
hugesmoothtech-corp-20260404,chat,Amélie Dubois,50.0
hugesmoothtech-corp-20260404,chat,Amélie Dubois,18.0
hugesmoothtech-corp-20260404,chat,Amélie Dubois,60.0
hugesmoothtech-corp-20260404,chat,Amélie Dubois,40.0
hugesmoothtech-corp-20260404,chat,Amélie Dubois,47.0
hugesmoothtech-corp-20260404,chat,Amélie Dubois,43.0
hugesmoothtech-corp-20260404,chat,Amélie Dubois,45.0
hugesmoothtech-corp-20260404,chat,Amélie Dubois,35.0
hugesmoothtech-corp-20260404,chat,Amélie Dubois,82473.0
hugesmoothtech-corp-20260404,chat,Amélie Dubois,72.0
hugesmoothtech-corp-20260404,chat,Amélie Dubois,56.0
hugesmoothtech-corp-20260404,chat,Amélie Dubois,70.0
hugesmoothtech-corp-20260404,chat,Amélie Dubois,58.0
hugesmoothtech-corp-20260404,chat,Amélie Dubois,51.0
hugesmoothtech-corp-20260404,chat,Amélie Dubois,50.0
hugesmoothtech-corp-20260404,chat,Amélie Dubois,55.0
hugesmoothtech-corp-20260404,chat,Amélie Dubois,47.0
hugesmoothtech-corp-20260404,chat,Amélie Dubois,46.0
hugesmoothtech-corp-20260404,chat,Amélie Dubois,72104.0
hugesmoothtech-corp-20260404,chat,Amélie Dubois,106.0
hugesmoothtech-corp-20260404,chat,Amélie Dubois,112.0
hugesmoothtech-corp-20260404,chat,Amélie Dubois,155.0
hugesmoothtech-corp-20260404,chat,Amélie Dubois,87.0
hugesmoothtech-corp-20260404,chat,Amélie Dubois,130.0
hugesmoothtech-corp-20260404,chat,Amélie Dubois,113.0
hugesmoothtech-corp-20260404,chat,Amélie Dubois,168465.0
hugesmoothtech-corp-20260404,chat,Amélie Dubois,150.0
hugesmoothtech-corp-20260404,chat,Amélie Dubois,142.0
hugesmoothtech-corp-20260404,chat,Amélie Dubois,131.0
hugesmoothtech-corp-20260404,chat,Amélie Dubois,157.0
hugesmoothtech-corp-20260404,chat,Amélie Dubois,154.0
hugesmoothtech-corp-20260404,chat,Amélie Dubois,156.0
hugesmoothtech-corp-20260404,chat,Amélie Dubois,88930.0
hugesmoothtech-corp-20260404,chat,Amélie Dubois,227.0
hugesmoothtech-corp-20260404,chat,Amélie Dubois,248.0
hugesmoothtech-corp-20260404,chat,Amélie Dubois,113.0
hugesmoothtech-corp-20260404,chat,Amélie Dubois,171.0
hugesmoothtech-corp-20260404,chat,Amélie Dubois,124.0
hugesmoothtech-corp-20260404,chat,Amélie Dubois,149.0
hugesmoothtech-corp-20260404,chat,Amélie Dubois,150.0
hugesmoothtech-corp-20260404,chat,Amélie Dubois,83.0
hugesmoothtech-corp-20260404,chat,Amélie Dubois,170949.0
hugesmoothtech-corp-20260404,chat,Amélie Dubois,91.0
hugesmoothtech-corp-20260404,chat,Amélie Dubois,73.0
hugesmoothtech-corp-20260404,chat,Amélie Dubois,257.0
hugesmoothtech-corp-20260404,chat,Amélie Dubois,98.0
hugesmoothtech-corp-20260404,chat,Amélie Dubois,77.0
hugesmoothtech-corp-20260404,chat,Amélie Dubois,75.0
hugesmoothtech-corp-20260404,chat,Amélie Dubois,80.0
hugesmoothtech-corp-20260404,chat,Amélie Dubois,58.0
hugesmoothtech-corp-20260404,chat,Amélie Dubois,2792.0
hugesmoothtech-corp-20260404,chat,Amélie Dubois,125.0
hugesmoothtech-corp-20260404,chat,Amélie Dubois,145.0
hugesmoothtech-corp-20260404,chat,Amélie Dubois,90.0
hugesmoothtech-corp-20260404,chat,Amélie Dubois,125.0
hugesmoothtech-corp-20260404,chat,Amélie Dubois,125.0
hugesmoothtech-corp-20260404,chat,Amélie Dubois,95.0
hugesmoothtech-corp-20260404,chat,Amélie Dubois,12672.0
hugesmoothtech-corp-20260404,chat,Amélie Dubois,96.0
hugesmoothtech-corp-20260404,chat,Amélie Dubois,82.0
hugesmoothtech-corp-20260404,chat,Amélie Dubois,90.0
hugesmoothtech-corp-20260404,chat,Amélie Dubois,87.0
hugesmoothtech-corp-20260404,chat,Amélie Dubois,85.0
hugesmoothtech-corp-20260404,chat,Amélie Dubois,89.0
hugesmoothtech-corp-20260404,chat,Amélie Dubois,71.0
hugesmoothtech-corp-20260404,chat,Amélie Dubois,421.0
hugesmoothtech-corp-20260404,chat,Amélie Dubois,67.0
hugesmoothtech-corp-20260404,chat,Amélie Dubois,50.0
hugesmoothtech-corp-20260404,chat,Amélie Dubois,50.0
hugesmoothtech-corp-20260404,chat,Amélie Dubois,60.0
hugesmoothtech-corp-20260404,chat,Amélie Dubois,70.0
hugesmoothtech-corp-20260404,chat,Amélie Dubois,65.0
hugesmoothtech-corp-20260404,chat,Amélie Dubois,55.0
hugesmoothtech-corp-20260404,chat,Amélie Dubois,70.0
hugesmoothtech-corp-20260404,chat,Amélie Dubois,60.0
hugesmoothtech-corp-20260404,chat,Amélie Dubois,40.0
hugesmoothtech-corp-20260404,chat,Amélie Dubois,67872.0
hugesmoothtech-corp-20260404,chat,Amélie Dubois,138.0
hugesmoothtech-corp-20260404,chat,Amélie Dubois,257.0
hugesmoothtech-corp-20260404,chat,Amélie Dubois,83.0
hugesmoothtech-corp-20260404,chat,Amélie Dubois,115.0
hugesmoothtech-corp-20260404,chat,Amélie Dubois,77.0
hugesmoothtech-corp-20260404,chat,Amélie Dubois,96.0
hugesmoothtech-corp-20260404,chat,Amélie Dubois,94.0
hugesmoothtech-corp-20260404,chat,Amélie Dubois,73.0
hugesmoothtech-corp-20260404,chat,Amélie Dubois,2655.0
hugesmoothtech-corp-20260404,chat,Amélie Dubois,75.0
hugesmoothtech-corp-20260404,chat,Amélie Dubois,155.0
hugesmoothtech-corp-20260404,chat,Amélie Dubois,70.0
hugesmoothtech-corp-20260404,chat,Amélie Dubois,70.0
hugesmoothtech-corp-20260404,chat,Amélie Dubois,65.0
hugesmoothtech-corp-20260404,chat,Amélie Dubois,85.0
hugesmoothtech-corp-20260404,chat,Amélie Dubois,70.0
hugesmoothtech-corp-20260404,chat,Amélie Dubois,55.0
hugesmoothtech-corp-20260404,chat,Ravi Patel,17.0
hugesmoothtech-corp-20260404,chat,Ravi Patel,85.0
hugesmoothtech-corp-20260404,chat,Ravi Patel,55.0
hugesmoothtech-corp-20260404,chat,Ravi Patel,81.0
hugesmoothtech-corp-20260404,chat,Ravi Patel,44.0
hugesmoothtech-corp-20260404,chat,Ravi Patel,85.0
hugesmoothtech-corp-20260404,chat,Ravi Patel,50.0
hugesmoothtech-corp-20260404,chat,Ravi Patel,35.0
hugesmoothtech-corp-20260404,chat,Ravi Patel,35.0
hugesmoothtech-corp-20260404,chat,Ravi Patel,589952.0
hugesmoothtech-corp-20260404,chat,Ravi Patel,90.0
hugesmoothtech-corp-20260404,chat,Ravi Patel,138.0
hugesmoothtech-corp-20260404,chat,Ravi Patel,95.0
hugesmoothtech-corp-20260404,chat,Ravi Patel,155.0
hugesmoothtech-corp-20260404,chat,Ravi Patel,90.0
hugesmoothtech-corp-20260404,chat,Ravi Patel,70.0
hugesmoothtech-corp-20260404,chat,Ravi Patel,82235.0
hugesmoothtech-corp-20260404,chat,Ravi Patel,127.0
hugesmoothtech-corp-20260404,chat,Ravi Patel,73.0
hugesmoothtech-corp-20260404,chat,Ravi Patel,126.0
hugesmoothtech-corp-20260404,chat,Ravi Patel,133.0
hugesmoothtech-corp-20260404,chat,Ravi Patel,147.0
hugesmoothtech-corp-20260404,chat,Ravi Patel,108.0
hugesmoothtech-corp-20260404,chat,Ravi Patel,81.0
hugesmoothtech-corp-20260404,chat,Ravi Patel,61.0
hugesmoothtech-corp-20260404,chat,Mona Sharif,71.0
hugesmoothtech-corp-20260404,chat,Mona Sharif,85.0
hugesmoothtech-corp-20260404,chat,Mona Sharif,73.0
hugesmoothtech-corp-20260404,chat,Mona Sharif,67.0
hugesmoothtech-corp-20260404,chat,Mona Sharif,70.0
hugesmoothtech-corp-20260404,chat,Mona Sharif,52.0
hugesmoothtech-corp-20260404,chat,Mona Sharif,168793.0
hugesmoothtech-corp-20260404,chat,Mona Sharif,47.0
hugesmoothtech-corp-20260404,chat,Mona Sharif,43.0
hugesmoothtech-corp-20260404,chat,Mona Sharif,43.0
hugesmoothtech-corp-20260404,chat,Mona Sharif,164.0
hugesmoothtech-corp-20260404,chat,Mona Sharif,48.0
hugesmoothtech-corp-20260404,chat,Mona Sharif,45.0
hugesmoothtech-corp-20260404,chat,Mona Sharif,137.0
hugesmoothtech-corp-20260404,chat,Mona Sharif,53.0
hugesmoothtech-corp-20260404,chat,Mona Sharif,47.0
hugesmoothtech-corp-20260404,chat,Mona Sharif,51.0
hugesmoothtech-corp-20260404,chat,Mona Sharif,27.0
hugesmoothtech-corp-20260404,chat,Mona Sharif,89430.0
hugesmoothtech-corp-20260404,chat,Mona Sharif,80.0
hugesmoothtech-corp-20260404,chat,Mona Sharif,85.0
hugesmoothtech-corp-20260404,chat,Mona Sharif,80.0
hugesmoothtech-corp-20260404,chat,Mona Sharif,65.0
hugesmoothtech-corp-20260404,chat,Mona Sharif,70.0
hugesmoothtech-corp-20260404,chat,Mona Sharif,55.0
hugesmoothtech-corp-20260404,chat,Mona Sharif,60.0
hugesmoothtech-corp-20260404,chat,Mona Sharif,55.0
hugesmoothtech-corp-20260404,chat,Mona Sharif,182330.0
hugesmoothtech-corp-20260404,chat,Mona Sharif,72.0
hugesmoothtech-corp-20260404,chat,Mona Sharif,58.0
hugesmoothtech-corp-20260404,chat,Mona Sharif,55.0
hugesmoothtech-corp-20260404,chat,Mona Sharif,65.0
hugesmoothtech-corp-20260404,chat,Mona Sharif,55.0
hugesmoothtech-corp-20260404,chat,Mona Sharif,60.0
hugesmoothtech-corp-20260404,chat,Mona Sharif,40.0
hugesmoothtech-corp-20260404,chat,Mona Sharif,348807.0
hugesmoothtech-corp-20260404,chat,Mona Sharif,63.0
hugesmoothtech-corp-20260404,chat,Mona Sharif,46.0
hugesmoothtech-corp-20260404,chat,Mona Sharif,44.0
hugesmoothtech-corp-20260404,chat,Mona Sharif,76.0
hugesmoothtech-corp-20260404,chat,Mona Sharif,41.0
hugesmoothtech-corp-20260404,chat,Mona Sharif,47.0
hugesmoothtech-corp-20260404,chat,Mona Sharif,43.0
hugesmoothtech-corp-20260404,chat,Ritika Chowdhury,79.0
hugesmoothtech-corp-20260404,chat,Ritika Chowdhury,87.0
hugesmoothtech-corp-20260404,chat,Ritika Chowdhury,70.0
hugesmoothtech-corp-20260404,chat,Ritika Chowdhury,67.0
hugesmoothtech-corp-20260404,chat,Ritika Chowdhury,67.0
hugesmoothtech-corp-20260404,chat,Ritika Chowdhury,30.0
hugesmoothtech-corp-20260404,chat,Ritika Chowdhury,168808.0
hugesmoothtech-corp-20260404,chat,Ritika Chowdhury,40.0
hugesmoothtech-corp-20260404,chat,Ritika Chowdhury,48.0
hugesmoothtech-corp-20260404,chat,Ritika Chowdhury,34.0
hugesmoothtech-corp-20260404,chat,Ritika Chowdhury,111.0
hugesmoothtech-corp-20260404,chat,Ritika Chowdhury,64.0
hugesmoothtech-corp-20260404,chat,Ritika Chowdhury,46.0
hugesmoothtech-corp-20260404,chat,Ritika Chowdhury,36.0
hugesmoothtech-corp-20260404,chat,Ritika Chowdhury,95.0
hugesmoothtech-corp-20260404,chat,Ritika Chowdhury,57.0
hugesmoothtech-corp-20260404,chat,Ritika Chowdhury,49.0
hugesmoothtech-corp-20260404,chat,Ritika Chowdhury,50.0
hugesmoothtech-corp-20260404,chat,Ritika Chowdhury,38.0
hugesmoothtech-corp-20260404,chat,Ritika Chowdhury,89487.0
hugesmoothtech-corp-20260404,chat,Ritika Chowdhury,85.0
hugesmoothtech-corp-20260404,chat,Ritika Chowdhury,80.0
hugesmoothtech-corp-20260404,chat,Ritika Chowdhury,60.0
hugesmoothtech-corp-20260404,chat,Ritika Chowdhury,75.0
hugesmoothtech-corp-20260404,chat,Ritika Chowdhury,65.0
hugesmoothtech-corp-20260404,chat,Ritika Chowdhury,55.0
hugesmoothtech-corp-20260404,chat,Ritika Chowdhury,55.0
hugesmoothtech-corp-20260404,chat,Ritika Chowdhury,258002.0
hugesmoothtech-corp-20260404,chat,Ritika Chowdhury,86.0
hugesmoothtech-corp-20260404,chat,Ritika Chowdhury,117.0
hugesmoothtech-corp-20260404,chat,Ritika Chowdhury,93.0
hugesmoothtech-corp-20260404,chat,Ritika Chowdhury,85.0
hugesmoothtech-corp-20260404,chat,Ritika Chowdhury,82.0
hugesmoothtech-corp-20260404,chat,Ritika Chowdhury,80.0
hugesmoothtech-corp-20260404,chat,Ritika Chowdhury,76.0
hugesmoothtech-corp-20260404,chat,Ritika Chowdhury,64.0
hugesmoothtech-corp-20260404,chat,Jamal Okonkwo,130.0
hugesmoothtech-corp-20260404,chat,Jamal Okonkwo,50.0
hugesmoothtech-corp-20260404,chat,Jamal Okonkwo,95.0
hugesmoothtech-corp-20260404,chat,Jamal Okonkwo,65.0
hugesmoothtech-corp-20260404,chat,Jamal Okonkwo,75.0
hugesmoothtech-corp-20260404,chat,Jamal Okonkwo,65.0
hugesmoothtech-corp-20260404,chat,Jamal Okonkwo,40.0
hugesmoothtech-corp-20260404,chat,Jamal Okonkwo,70.0
hugesmoothtech-corp-20260404,chat,Jamal Okonkwo,602443.0
hugesmoothtech-corp-20260404,chat,Jamal Okonkwo,67.0
hugesmoothtech-corp-20260404,chat,Jamal Okonkwo,40.0
hugesmoothtech-corp-20260404,chat,Jamal Okonkwo,62.0
hugesmoothtech-corp-20260404,chat,Jamal Okonkwo,73.0
hugesmoothtech-corp-20260404,chat,Jamal Okonkwo,55.0
hugesmoothtech-corp-20260404,chat,Jamal Okonkwo,65.0
hugesmoothtech-corp-20260404,chat,Jamal Okonkwo,60.0
hugesmoothtech-corp-20260404,chat,Jamal Okonkwo,65.0
hugesmoothtech-corp-20260404,chat,Jamal Okonkwo,50.0
hugesmoothtech-corp-20260404,chat,Jamal Okonkwo,45.0
hugesmoothtech-corp-20260404,chat,Jamal Okonkwo,158409.0
hugesmoothtech-corp-20260404,chat,Jamal Okonkwo,51.0
hugesmoothtech-corp-20260404,chat,Jamal Okonkwo,45.0
hugesmoothtech-corp-20260404,chat,Jamal Okonkwo,62.0
hugesmoothtech-corp-20260404,chat,Jamal Okonkwo,63.0
hugesmoothtech-corp-20260404,chat,Jamal Okonkwo,35.0
hugesmoothtech-corp-20260404,chat,Jamal Okonkwo,28.0
hugesmoothtech-corp-20260404,chat,Jamal Okonkwo,37.0
hugesmoothtech-corp-20260404,chat,Jamal Okonkwo,77.0
hugesmoothtech-corp-20260404,chat,Jamal Okonkwo,53.0
hugesmoothtech-corp-20260404,chat,Jamal Okonkwo,45.0
hugesmoothtech-corp-20260404,chat,Jamal Okonkwo,55.0
hugesmoothtech-corp-20260404,chat,Jamal Okonkwo,33.0
hugesmoothtech-corp-20260404,chat,Mandla Abebe,100.0
hugesmoothtech-corp-20260404,chat,Mandla Abebe,75.0
hugesmoothtech-corp-20260404,chat,Mandla Abebe,75.0
hugesmoothtech-corp-20260404,chat,Mandla Abebe,70.0
hugesmoothtech-corp-20260404,chat,Mandla Abebe,80.0
hugesmoothtech-corp-20260404,chat,Mandla Abebe,45.0
hugesmoothtech-corp-20260404,chat,Mandla Abebe,45.0
hugesmoothtech-corp-20260404,chat,Mandla Abebe,256845.0
hugesmoothtech-corp-20260404,chat,Mandla Abebe,145.0
hugesmoothtech-corp-20260404,chat,Mandla Abebe,80.0
hugesmoothtech-corp-20260404,chat,Mandla Abebe,85.0
hugesmoothtech-corp-20260404,chat,Mandla Abebe,50.0
hugesmoothtech-corp-20260404,chat,Mandla Abebe,90.0
hugesmoothtech-corp-20260404,chat,Mandla Abebe,90.0
hugesmoothtech-corp-20260404,chat,Mandla Abebe,65.0
hugesmoothtech-corp-20260404,chat,Mandla Abebe,55.0
hugesmoothtech-corp-20260404,chat,Mandla Abebe,504002.0
hugesmoothtech-corp-20260404,chat,Mandla Abebe,39.0
hugesmoothtech-corp-20260404,chat,Mandla Abebe,64.0
hugesmoothtech-corp-20260404,chat,Mandla Abebe,40.0
hugesmoothtech-corp-20260404,chat,Mandla Abebe,25.0
hugesmoothtech-corp-20260404,chat,Mandla Abebe,42.0
hugesmoothtech-corp-20260404,chat,Mandla Abebe,68.0
hugesmoothtech-corp-20260404,chat,Mandla Abebe,108.0
hugesmoothtech-corp-20260404,chat,Mandla Abebe,62.0
hugesmoothtech-corp-20260404,chat,Mandla Abebe,40.0
hugesmoothtech-corp-20260404,chat,Mandla Abebe,53.0
hugesmoothtech-corp-20260404,chat,Thiago Silva,75.0
hugesmoothtech-corp-20260404,chat,Thiago Silva,48.0
hugesmoothtech-corp-20260404,chat,Thiago Silva,50.0
hugesmoothtech-corp-20260404,chat,Thiago Silva,47.0
hugesmoothtech-corp-20260404,chat,Thiago Silva,98.0
hugesmoothtech-corp-20260404,chat,Thiago Silva,44.0
hugesmoothtech-corp-20260404,chat,Thiago Silva,51.0
hugesmoothtech-corp-20260404,chat,Thiago Silva,417718.0
hugesmoothtech-corp-20260404,chat,Thiago Silva,79.0
hugesmoothtech-corp-20260404,chat,Thiago Silva,53.0
hugesmoothtech-corp-20260404,chat,Thiago Silva,46.0
hugesmoothtech-corp-20260404,chat,Thiago Silva,67.0
hugesmoothtech-corp-20260404,chat,Thiago Silva,74.0
hugesmoothtech-corp-20260404,chat,Thiago Silva,57.0
hugesmoothtech-corp-20260404,chat,Thiago Silva,69.0
hugesmoothtech-corp-20260404,chat,Thiago Silva,33.0
hugesmoothtech-corp-20260404,chat,Jamal Hassan,55.0
hugesmoothtech-corp-20260404,chat,Jamal Hassan,48.0
hugesmoothtech-corp-20260404,chat,Jamal Hassan,50.0
hugesmoothtech-corp-20260404,chat,Jamal Hassan,42.0
hugesmoothtech-corp-20260404,chat,Jamal Hassan,52.0
hugesmoothtech-corp-20260404,chat,Jamal Hassan,53.0
hugesmoothtech-corp-20260404,chat,Jamal Hassan,43.0
hugesmoothtech-corp-20260404,chat,Jamal Hassan,44.0
hugesmoothtech-corp-20260404,chat,Jamal Hassan,71513.0
hugesmoothtech-corp-20260404,chat,Jamal Hassan,90.0
hugesmoothtech-corp-20260404,chat,Jamal Hassan,85.0
hugesmoothtech-corp-20260404,chat,Jamal Hassan,80.0
hugesmoothtech-corp-20260404,chat,Jamal Hassan,55.0
hugesmoothtech-corp-20260404,chat,Jamal Hassan,117.0
hugesmoothtech-corp-20260404,chat,Jamal Hassan,85.0
hugesmoothtech-corp-20260404,chat,Jamal Hassan,53.0
hugesmoothtech-corp-20260404,chat,Jamal Hassan,532290.0
hugesmoothtech-corp-20260404,chat,Jamal Hassan,72.0
hugesmoothtech-corp-20260404,chat,Jamal Hassan,88.0
hugesmoothtech-corp-20260404,chat,Jamal Hassan,75.0
hugesmoothtech-corp-20260404,chat,Jamal Hassan,75.0
hugesmoothtech-corp-20260404,chat,Jamal Hassan,55.0
hugesmoothtech-corp-20260404,chat,Jamal Hassan,50.0
hugesmoothtech-corp-20260404,chat,Jamal Hassan,65.0
hugesmoothtech-corp-20260404,chat,Jamal Hassan,75.0
hugesmoothtech-corp-20260404,chat,Jamal Hassan,68375.0
hugesmoothtech-corp-20260404,chat,Jamal Hassan,80.0
hugesmoothtech-corp-20260404,chat,Jamal Hassan,80.0
hugesmoothtech-corp-20260404,chat,Jamal Hassan,65.0
hugesmoothtech-corp-20260404,chat,Jamal Hassan,65.0
hugesmoothtech-corp-20260404,chat,Jamal Hassan,60.0
hugesmoothtech-corp-20260404,chat,Jamal Hassan,60.0
hugesmoothtech-corp-20260404,chat,Jamal Hassan,30.0
hugesmoothtech-corp-20260404,chat,Jamal Hassan,80.0
hugesmoothtech-corp-20260404,chat,Jamal Hassan,60.0
hugesmoothtech-corp-20260404,chat,Jamal Hassan,60.0
hugesmoothtech-corp-20260404,chat,Jamal Hassan,55.0
hugesmoothtech-corp-20260404,chat,mandla_abebe,138.0
hugesmoothtech-corp-20260404,chat,mandla_abebe,90.0
hugesmoothtech-corp-20260404,chat,mandla_abebe,80.0
hugesmoothtech-corp-20260404,chat,mandla_abebe,70.0
hugesmoothtech-corp-20260404,chat,mandla_abebe,102.0
hugesmoothtech-corp-20260404,chat,mandla_abebe,123.0
hugesmoothtech-corp-20260404,chat,mandla_abebe,130.0
hugesmoothtech-corp-20260404,chat,mandla_abebe,97.0
hugesmoothtech-corp-20260404,chat,mandla_abebe,70.0
hugesmoothtech-corp-20260404,chat,mandla_abebe,341818.0
hugesmoothtech-corp-20260404,chat,mandla_abebe,115.0
hugesmoothtech-corp-20260404,chat,mandla_abebe,179.0
hugesmoothtech-corp-20260404,chat,mandla_abebe,68.0
hugesmoothtech-corp-20260404,chat,mandla_abebe,113.0
hugesmoothtech-corp-20260404,chat,mandla_abebe,105.0
hugesmoothtech-corp-20260404,chat,mandla_abebe,72.0
hugesmoothtech-corp-20260404,chat,mandla_abebe,88.0
hugesmoothtech-corp-20260404,chat,mandla_abebe,80.0
hugesmoothtech-corp-20260404,chat,mandla_abebe,57.0
hugesmoothtech-corp-20260404,chat,rose_mensah,87.0
hugesmoothtech-corp-20260404,chat,rose_mensah,93.0
hugesmoothtech-corp-20260404,chat,rose_mensah,78.0
hugesmoothtech-corp-20260404,chat,rose_mensah,177.0
hugesmoothtech-corp-20260404,chat,rose_mensah,120.0
hugesmoothtech-corp-20260404,chat,rose_mensah,130.0
hugesmoothtech-corp-20260404,chat,rose_mensah,95.0
hugesmoothtech-corp-20260404,chat,rose_mensah,60.0
hugesmoothtech-corp-20260404,chat,Takeshi Sato,58.0
hugesmoothtech-corp-20260404,chat,Takeshi Sato,54.0
hugesmoothtech-corp-20260404,chat,Takeshi Sato,70.0
hugesmoothtech-corp-20260404,chat,Takeshi Sato,50.0
hugesmoothtech-corp-20260404,chat,Takeshi Sato,53.0
hugesmoothtech-corp-20260404,chat,Takeshi Sato,50.0
hugesmoothtech-corp-20260404,chat,Takeshi Sato,55.0
hugesmoothtech-corp-20260404,chat,Takeshi Sato,48.0
hugesmoothtech-corp-20260404,chat,Takeshi Sato,37.0
hugesmoothtech-corp-20260404,chat,Takeshi Sato,331218.0
hugesmoothtech-corp-20260404,chat,Takeshi Sato,107.0
hugesmoothtech-corp-20260404,chat,Takeshi Sato,152.0
hugesmoothtech-corp-20260404,chat,Takeshi Sato,111.0
hugesmoothtech-corp-20260404,chat,Takeshi Sato,158.0
hugesmoothtech-corp-20260404,chat,Takeshi Sato,164.0
hugesmoothtech-corp-20260404,chat,Takeshi Sato,130.0
hugesmoothtech-corp-20260404,chat,Takeshi Sato,145.0
hugesmoothtech-corp-20260404,chat,Takeshi Sato,108.0
hugesmoothtech-corp-20260404,chat,Takeshi Sato,171043.0
hugesmoothtech-corp-20260404,chat,Takeshi Sato,71.0
hugesmoothtech-corp-20260404,chat,Takeshi Sato,69.0
hugesmoothtech-corp-20260404,chat,Takeshi Sato,196.0
hugesmoothtech-corp-20260404,chat,Takeshi Sato,85.0
hugesmoothtech-corp-20260404,chat,Takeshi Sato,86.0
hugesmoothtech-corp-20260404,chat,Takeshi Sato,86.0
hugesmoothtech-corp-20260404,chat,Takeshi Sato,73.0
hugesmoothtech-corp-20260404,chat,Takeshi Sato,65.0
hugesmoothtech-corp-20260404,chat,Takeshi Sato,53.0
hugesmoothtech-corp-20260404,chat,Takeshi Sato,103570.0
hugesmoothtech-corp-20260404,chat,Takeshi Sato,90.0
hugesmoothtech-corp-20260404,chat,Takeshi Sato,85.0
hugesmoothtech-corp-20260404,chat,Takeshi Sato,80.0
hugesmoothtech-corp-20260404,chat,Takeshi Sato,80.0
hugesmoothtech-corp-20260404,chat,Takeshi Sato,70.0
hugesmoothtech-corp-20260404,chat,Takeshi Sato,85.0
hugesmoothtech-corp-20260404,chat,Takeshi Sato,85.0
hugesmoothtech-corp-20260404,chat,Takeshi Sato,60.0
hugesmoothtech-corp-20260404,chat,Takeshi Sato,68395.0
hugesmoothtech-corp-20260404,chat,Takeshi Sato,75.0
hugesmoothtech-corp-20260404,chat,Takeshi Sato,70.0
hugesmoothtech-corp-20260404,chat,Takeshi Sato,65.0
hugesmoothtech-corp-20260404,chat,Takeshi Sato,65.0
hugesmoothtech-corp-20260404,chat,Takeshi Sato,65.0
hugesmoothtech-corp-20260404,chat,Takeshi Sato,95.0
hugesmoothtech-corp-20260404,chat,Takeshi Sato,70.0
hugesmoothtech-corp-20260404,chat,Takeshi Sato,60.0
hugesmoothtech-corp-20260404,chat,Takeshi Sato,60.0
hugesmoothtech-corp-20260404,chat,neha_khatri,69.0
hugesmoothtech-corp-20260404,chat,neha_khatri,58.0
hugesmoothtech-corp-20260404,chat,neha_khatri,15.0
hugesmoothtech-corp-20260404,chat,neha_khatri,47.0
hugesmoothtech-corp-20260404,chat,neha_khatri,50.0
hugesmoothtech-corp-20260404,chat,neha_khatri,58.0
hugesmoothtech-corp-20260404,chat,neha_khatri,52.0
hugesmoothtech-corp-20260404,chat,neha_khatri,53.0
hugesmoothtech-corp-20260404,chat,neha_khatri,341857.0
hugesmoothtech-corp-20260404,chat,neha_khatri,103.0
hugesmoothtech-corp-20260404,chat,neha_khatri,130.0
hugesmoothtech-corp-20260404,chat,neha_khatri,135.0
hugesmoothtech-corp-20260404,chat,neha_khatri,72.0
hugesmoothtech-corp-20260404,chat,neha_khatri,148.0
hugesmoothtech-corp-20260404,chat,neha_khatri,110.0
hugesmoothtech-corp-20260404,chat,neha_khatri,145.0
hugesmoothtech-corp-20260404,chat,neha_khatri,60.0
hugesmoothtech-corp-20260404,chat,mohammed_haddad,57.0
hugesmoothtech-corp-20260404,chat,mohammed_haddad,63.0
hugesmoothtech-corp-20260404,chat,mohammed_haddad,55.0
hugesmoothtech-corp-20260404,chat,mohammed_haddad,35.0
hugesmoothtech-corp-20260404,chat,mohammed_haddad,70.0
hugesmoothtech-corp-20260404,chat,mohammed_haddad,55.0
hugesmoothtech-corp-20260404,chat,mohammed_haddad,45.0
hugesmoothtech-corp-20260404,chat,Mona_Sharif,130.0
hugesmoothtech-corp-20260404,chat,Mona_Sharif,80.0
hugesmoothtech-corp-20260404,chat,Mona_Sharif,93.0
hugesmoothtech-corp-20260404,chat,Mona_Sharif,182.0
hugesmoothtech-corp-20260404,chat,Mona_Sharif,65.0
hugesmoothtech-corp-20260404,chat,Mona_Sharif,140.0
hugesmoothtech-corp-20260404,chat,Mona_Sharif,95.0
hugesmoothtech-corp-20260404,chat,Mona_Sharif,100.0
hugesmoothtech-corp-20260404,chat,Mona_Sharif,90.0
hugesmoothtech-corp-20260404,chat,Mona_Sharif,75.0
hugesmoothtech-corp-20260404,chat,Ritika_Chowdhury,83.0
hugesmoothtech-corp-20260404,chat,Ritika_Chowdhury,87.0
hugesmoothtech-corp-20260404,chat,Ritika_Chowdhury,178.0
hugesmoothtech-corp-20260404,chat,Ritika_Chowdhury,95.0
hugesmoothtech-corp-20260404,chat,Ritika_Chowdhury,207.0
hugesmoothtech-corp-20260404,chat,Ritika_Chowdhury,108.0
hugesmoothtech-corp-20260404,chat,Ritika_Chowdhury,90.0
hugesmoothtech-corp-20260404,chat,Ritika_Chowdhury,90.0
hugesmoothtech-corp-20260404,chat,Hyun-Jae Wang,71.0
hugesmoothtech-corp-20260404,chat,Hyun-Jae Wang,68.0
hugesmoothtech-corp-20260404,chat,Hyun-Jae Wang,72.0
hugesmoothtech-corp-20260404,chat,Hyun-Jae Wang,59.0
hugesmoothtech-corp-20260404,chat,Hyun-Jae Wang,101.0
hugesmoothtech-corp-20260404,chat,Hyun-Jae Wang,60.0
hugesmoothtech-corp-20260404,chat,Hyun-Jae Wang,2603.0
hugesmoothtech-corp-20260404,chat,Hyun-Jae Wang,74.0
hugesmoothtech-corp-20260404,chat,Hyun-Jae Wang,86.0
hugesmoothtech-corp-20260404,chat,Hyun-Jae Wang,73.0
hugesmoothtech-corp-20260404,chat,Hyun-Jae Wang,104.0
hugesmoothtech-corp-20260404,chat,Hyun-Jae Wang,78.0
hugesmoothtech-corp-20260404,chat,Hyun-Jae Wang,72.0
hugesmoothtech-corp-20260404,chat,Hyun-Jae Wang,45.0
hugesmoothtech-corp-20260404,chat,Taro Kobayashi,68.0
hugesmoothtech-corp-20260404,chat,Taro Kobayashi,76.0
hugesmoothtech-corp-20260404,chat,Taro Kobayashi,63.0
hugesmoothtech-corp-20260404,chat,Taro Kobayashi,103.0
hugesmoothtech-corp-20260404,chat,Taro Kobayashi,68.0
hugesmoothtech-corp-20260404,chat,Taro Kobayashi,45.0
hugesmoothtech-corp-20260404,chat,Taro Kobayashi,103385.0
hugesmoothtech-corp-20260404,chat,Taro Kobayashi,38.0
hugesmoothtech-corp-20260404,chat,Taro Kobayashi,40.0
hugesmoothtech-corp-20260404,chat,Taro Kobayashi,34.0
hugesmoothtech-corp-20260404,chat,Taro Kobayashi,48.0
hugesmoothtech-corp-20260404,chat,Taro Kobayashi,33.0
hugesmoothtech-corp-20260404,chat,Taro Kobayashi,49.0
hugesmoothtech-corp-20260404,chat,Taro Kobayashi,33.0
hugesmoothtech-corp-20260404,chat,mariana.garcia,138.0
hugesmoothtech-corp-20260404,chat,mariana.garcia,92.0
hugesmoothtech-corp-20260404,chat,mariana.garcia,121.0
hugesmoothtech-corp-20260404,chat,mariana.garcia,132.0
hugesmoothtech-corp-20260404,chat,mariana.garcia,142.0
hugesmoothtech-corp-20260404,chat,mariana.garcia,296.0
hugesmoothtech-corp-20260404,chat,mariana.garcia,114.0
hugesmoothtech-corp-20260404,chat,mariana.garcia,96.0
hugesmoothtech-corp-20260404,chat,mariana.garcia,102.0
hugesmoothtech-corp-20260404,chat,mariana.garcia,168675.0
hugesmoothtech-corp-20260404,chat,mariana.garcia,115.0
hugesmoothtech-corp-20260404,chat,mariana.garcia,75.0
hugesmoothtech-corp-20260404,chat,mariana.garcia,155.0
hugesmoothtech-corp-20260404,chat,mariana.garcia,193.0
hugesmoothtech-corp-20260404,chat,mariana.garcia,82.0
hugesmoothtech-corp-20260404,chat,mariana.garcia,105.0
hugesmoothtech-corp-20260404,chat,mariana.garcia,95.0
hugesmoothtech-corp-20260404,chat,mariana.garcia,80.0
hugesmoothtech-corp-20260404,chat,takeshi.sato,88.0
hugesmoothtech-corp-20260404,chat,takeshi.sato,126.0
hugesmoothtech-corp-20260404,chat,takeshi.sato,109.0
hugesmoothtech-corp-20260404,chat,takeshi.sato,158.0
hugesmoothtech-corp-20260404,chat,takeshi.sato,74.0
hugesmoothtech-corp-20260404,chat,takeshi.sato,223.0
hugesmoothtech-corp-20260404,chat,takeshi.sato,125.0
hugesmoothtech-corp-20260404,chat,takeshi.sato,84.0
hugesmoothtech-corp-20260404,chat,takeshi.sato,118.0
hugesmoothtech-corp-20260404,chat,takeshi.sato,99568.0
hugesmoothtech-corp-20260404,chat,takeshi.sato,58.0
hugesmoothtech-corp-20260404,chat,takeshi.sato,55.0
hugesmoothtech-corp-20260404,chat,takeshi.sato,45.0
hugesmoothtech-corp-20260404,chat,takeshi.sato,66.0
hugesmoothtech-corp-20260404,chat,takeshi.sato,48.0
hugesmoothtech-corp-20260404,chat,takeshi.sato,53.0
hugesmoothtech-corp-20260404,chat,takeshi.sato,50.0
hugesmoothtech-corp-20260404,chat,takeshi.sato,40.0
hugesmoothtech-corp-20260404,chat,khoi_nguyen,125.0
hugesmoothtech-corp-20260404,chat,khoi_nguyen,125.0
hugesmoothtech-corp-20260404,chat,khoi_nguyen,170.0
hugesmoothtech-corp-20260404,chat,khoi_nguyen,150.0
hugesmoothtech-corp-20260404,chat,khoi_nguyen,100.0
hugesmoothtech-corp-20260404,chat,khoi_nguyen,150.0
hugesmoothtech-corp-20260404,chat,khoi_nguyen,80.0
hugesmoothtech-corp-20260404,chat,carlos_garcia,130.0
hugesmoothtech-corp-20260404,chat,carlos_garcia,105.0
hugesmoothtech-corp-20260404,chat,carlos_garcia,210.0
hugesmoothtech-corp-20260404,chat,carlos_garcia,95.0
hugesmoothtech-corp-20260404,chat,carlos_garcia,100.0
hugesmoothtech-corp-20260404,chat,carlos_garcia,145.0
hugesmoothtech-corp-20260404,chat,Mariana Garcia,117.0
hugesmoothtech-corp-20260404,chat,Mariana Garcia,121.0
hugesmoothtech-corp-20260404,chat,Mariana Garcia,147.0
hugesmoothtech-corp-20260404,chat,Mariana Garcia,90.0
hugesmoothtech-corp-20260404,chat,Mariana Garcia,124.0
hugesmoothtech-corp-20260404,chat,Mariana Garcia,116.0
hugesmoothtech-corp-20260404,chat,Mariana Garcia,168492.0
hugesmoothtech-corp-20260404,chat,Mariana Garcia,153.0
hugesmoothtech-corp-20260404,chat,Mariana Garcia,122.0
hugesmoothtech-corp-20260404,chat,Mariana Garcia,148.0
hugesmoothtech-corp-20260404,chat,Mariana Garcia,160.0
hugesmoothtech-corp-20260404,chat,Mariana Garcia,157.0
hugesmoothtech-corp-20260404,chat,Mariana Garcia,110.0
hugesmoothtech-corp-20260404,chat,Mariana Garcia,102713.0
hugesmoothtech-corp-20260404,chat,Mariana Garcia,90.0
hugesmoothtech-corp-20260404,chat,Mariana Garcia,55.0
hugesmoothtech-corp-20260404,chat,Mariana Garcia,58.0
hugesmoothtech-corp-20260404,chat,Mariana Garcia,62.0
hugesmoothtech-corp-20260404,chat,Mariana Garcia,58.0
hugesmoothtech-corp-20260404,chat,Mariana Garcia,57.0
hugesmoothtech-corp-20260404,chat,Mariana Garcia,55.0
hugesmoothtech-corp-20260404,chat,Mariana Garcia,75165.0
hugesmoothtech-corp-20260404,chat,Mariana Garcia,135.0
hugesmoothtech-corp-20260404,chat,Mariana Garcia,111.0
hugesmoothtech-corp-20260404,chat,Mariana Garcia,111.0
hugesmoothtech-corp-20260404,chat,Mariana Garcia,156.0
hugesmoothtech-corp-20260404,chat,Mariana Garcia,81.0
hugesmoothtech-corp-20260404,chat,Mariana Garcia,73.0
hugesmoothtech-corp-20260404,chat,Mariana Garcia,65.0
hugesmoothtech-corp-20260404,chat,Mariana Garcia,99096.0
hugesmoothtech-corp-20260404,chat,Mariana Garcia,87.0
hugesmoothtech-corp-20260404,chat,Mariana Garcia,89.0
hugesmoothtech-corp-20260404,chat,Mariana Garcia,86.0
hugesmoothtech-corp-20260404,chat,Mariana Garcia,83.0
hugesmoothtech-corp-20260404,chat,Mariana Garcia,87.0
hugesmoothtech-corp-20260404,chat,Mariana Garcia,90.0
hugesmoothtech-corp-20260404,chat,Mariana Garcia,45.0
hugesmoothtech-corp-20260404,chat,Mariana Garcia,72495.0
hugesmoothtech-corp-20260404,chat,Mariana Garcia,50.0
hugesmoothtech-corp-20260404,chat,Mariana Garcia,105.0
hugesmoothtech-corp-20260404,chat,Mariana Garcia,65.0
hugesmoothtech-corp-20260404,chat,Mariana Garcia,65.0
hugesmoothtech-corp-20260404,chat,Mariana Garcia,75.0
hugesmoothtech-corp-20260404,chat,Mariana Garcia,75.0
hugesmoothtech-corp-20260404,chat,Mariana Garcia,75.0
hugesmoothtech-corp-20260404,chat,Mariana Garcia,65.0
hugesmoothtech-corp-20260404,chat,Mariana Garcia,100227.0
hugesmoothtech-corp-20260404,chat,Mariana Garcia,51.0
hugesmoothtech-corp-20260404,chat,Mariana Garcia,49.0
hugesmoothtech-corp-20260404,chat,Mariana Garcia,34.0
hugesmoothtech-corp-20260404,chat,Mariana Garcia,37.0
hugesmoothtech-corp-20260404,chat,Mariana Garcia,45.0
hugesmoothtech-corp-20260404,chat,Mariana Garcia,42.0
hugesmoothtech-corp-20260404,chat,Mariana Garcia,39.0
hugesmoothtech-corp-20260404,chat,Mariana Garcia,46.0
hugesmoothtech-corp-20260404,chat,jamal_hassan,69.0
hugesmoothtech-corp-20260404,chat,jamal_hassan,101.0
hugesmoothtech-corp-20260404,chat,jamal_hassan,148.0
hugesmoothtech-corp-20260404,chat,jamal_hassan,108.0
hugesmoothtech-corp-20260404,chat,jamal_hassan,97.0
hugesmoothtech-corp-20260404,chat,jamal_hassan,67.0
hugesmoothtech-corp-20260404,chat,jamal_hassan,88.0
hugesmoothtech-corp-20260404,chat,jamal_hassan,55.0
hugesmoothtech-corp-20260404,chat,jamal_hassan,164867.0
hugesmoothtech-corp-20260404,chat,jamal_hassan,53.0
hugesmoothtech-corp-20260404,chat,jamal_hassan,56.0
hugesmoothtech-corp-20260404,chat,jamal_hassan,71.0
hugesmoothtech-corp-20260404,chat,jamal_hassan,63.0
hugesmoothtech-corp-20260404,chat,jamal_hassan,63.0
hugesmoothtech-corp-20260404,chat,jamal_hassan,56.0
hugesmoothtech-corp-20260404,chat,jamal_hassan,193271.0
hugesmoothtech-corp-20260404,chat,jamal_hassan,50.0
hugesmoothtech-corp-20260404,chat,jamal_hassan,160.0
hugesmoothtech-corp-20260404,chat,jamal_hassan,70.0
hugesmoothtech-corp-20260404,chat,jamal_hassan,70.0
hugesmoothtech-corp-20260404,chat,jamal_hassan,80.0
hugesmoothtech-corp-20260404,chat,jamal_hassan,65.0
hugesmoothtech-corp-20260404,chat,jamal_hassan,65.0
hugesmoothtech-corp-20260404,chat,jamal_hassan,65.0
hugesmoothtech-corp-20260404,chat,jamal_hassan,71924.0
hugesmoothtech-corp-20260404,chat,jamal_hassan,51.0
hugesmoothtech-corp-20260404,chat,jamal_hassan,40.0
hugesmoothtech-corp-20260404,chat,jamal_hassan,157.0
hugesmoothtech-corp-20260404,chat,jamal_hassan,56.0
hugesmoothtech-corp-20260404,chat,jamal_hassan,52.0
hugesmoothtech-corp-20260404,chat,jamal_hassan,60.0
hugesmoothtech-corp-20260404,chat,jamal_hassan,165.0
hugesmoothtech-corp-20260404,chat,jamal_hassan,55.0
hugesmoothtech-corp-20260404,chat,thiago_silva,27.0
hugesmoothtech-corp-20260404,chat,thiago_silva,50.0
hugesmoothtech-corp-20260404,chat,thiago_silva,52.0
hugesmoothtech-corp-20260404,chat,thiago_silva,38.0
hugesmoothtech-corp-20260404,chat,thiago_silva,38.0
hugesmoothtech-corp-20260404,chat,thiago_silva,34.0
hugesmoothtech-corp-20260404,chat,thiago_silva,26.0
hugesmoothtech-corp-20260404,chat,thiago_silva,71766.0
hugesmoothtech-corp-20260404,chat,thiago_silva,54.0
hugesmoothtech-corp-20260404,chat,thiago_silva,77.0
hugesmoothtech-corp-20260404,chat,thiago_silva,45.0
hugesmoothtech-corp-20260404,chat,thiago_silva,51.0
hugesmoothtech-corp-20260404,chat,thiago_silva,58.0
hugesmoothtech-corp-20260404,chat,thiago_silva,46.0
hugesmoothtech-corp-20260404,chat,thiago_silva,52.0
hugesmoothtech-corp-20260404,chat,thiago_silva,53.0
hugesmoothtech-corp-20260404,chat,thiago_silva,35.0
hugesmoothtech-corp-20260404,chat,thiago_silva,168847.0
hugesmoothtech-corp-20260404,chat,thiago_silva,73.0
hugesmoothtech-corp-20260404,chat,thiago_silva,200.0
hugesmoothtech-corp-20260404,chat,thiago_silva,105.0
hugesmoothtech-corp-20260404,chat,thiago_silva,73.0
hugesmoothtech-corp-20260404,chat,thiago_silva,87.0
hugesmoothtech-corp-20260404,chat,thiago_silva,392.0
hugesmoothtech-corp-20260404,chat,thiago_silva,73.0
hugesmoothtech-corp-20260404,chat,thiago_silva,117.0
hugesmoothtech-corp-20260404,chat,thiago_silva,98.0
hugesmoothtech-corp-20260404,chat,kai_park,44.0
hugesmoothtech-corp-20260404,chat,kai_park,43.0
hugesmoothtech-corp-20260404,chat,kai_park,45.0
hugesmoothtech-corp-20260404,chat,kai_park,40.0
hugesmoothtech-corp-20260404,chat,kai_park,35.0
hugesmoothtech-corp-20260404,chat,kai_park,30.0
hugesmoothtech-corp-20260404,chat,kai_park,71807.0
hugesmoothtech-corp-20260404,chat,kai_park,68.0
hugesmoothtech-corp-20260404,chat,kai_park,62.0
hugesmoothtech-corp-20260404,chat,kai_park,42.0
hugesmoothtech-corp-20260404,chat,kai_park,61.0
hugesmoothtech-corp-20260404,chat,kai_park,43.0
hugesmoothtech-corp-20260404,chat,kai_park,51.0
hugesmoothtech-corp-20260404,chat,kai_park,55.0
hugesmoothtech-corp-20260404,chat,kai_park,49.0
hugesmoothtech-corp-20260404,chat,Rose Mensah,110.0
hugesmoothtech-corp-20260404,chat,Rose Mensah,80.0
hugesmoothtech-corp-20260404,chat,Rose Mensah,85.0
hugesmoothtech-corp-20260404,chat,Rose Mensah,150.0
hugesmoothtech-corp-20260404,chat,Rose Mensah,80.0
hugesmoothtech-corp-20260404,chat,Rose Mensah,55.0
hugesmoothtech-corp-20260404,chat,Ana Patel,51.0
hugesmoothtech-corp-20260404,chat,Ana Patel,47.0
hugesmoothtech-corp-20260404,chat,Ana Patel,33.0
hugesmoothtech-corp-20260404,chat,Ana Patel,33.0
hugesmoothtech-corp-20260404,chat,Ana Patel,53.0
hugesmoothtech-corp-20260404,chat,Ana Patel,24.0
hugesmoothtech-corp-20260404,chat,Ana Patel,15.0
hugesmoothtech-corp-20260404,chat,Ana Patel,40.0
hugesmoothtech-corp-20260404,chat,Ana Patel,35.0
hugesmoothtech-corp-20260404,chat,yara.morales,57.0
hugesmoothtech-corp-20260404,chat,yara.morales,58.0
hugesmoothtech-corp-20260404,chat,yara.morales,41.0
hugesmoothtech-corp-20260404,chat,yara.morales,47.0
hugesmoothtech-corp-20260404,chat,yara.morales,27.0
hugesmoothtech-corp-20260404,chat,yara.morales,49.0
hugesmoothtech-corp-20260404,chat,yara.morales,46.0
hugesmoothtech-corp-20260404,chat,yara.morales,50.0
hugesmoothtech-corp-20260404,chat,yara.morales,50.0
hugesmoothtech-corp-20260404,chat,hyunjae_wang,58.0
hugesmoothtech-corp-20260404,chat,hyunjae_wang,52.0
hugesmoothtech-corp-20260404,chat,hyunjae_wang,38.0
hugesmoothtech-corp-20260404,chat,hyunjae_wang,44.0
hugesmoothtech-corp-20260404,chat,hyunjae_wang,51.0
hugesmoothtech-corp-20260404,chat,hyunjae_wang,50.0
hugesmoothtech-corp-20260404,chat,hyunjae_wang,47.0
hugesmoothtech-corp-20260404,chat,hyunjae_wang,45.0
hugesmoothtech-corp-20260404,chat,hyunjae_wang,119.0
hugesmoothtech-corp-20260404,chat,taro_kobayashi,50.0
hugesmoothtech-corp-20260404,chat,taro_kobayashi,52.0
hugesmoothtech-corp-20260404,chat,taro_kobayashi,28.0
hugesmoothtech-corp-20260404,chat,taro_kobayashi,53.0
hugesmoothtech-corp-20260404,chat,taro_kobayashi,50.0
hugesmoothtech-corp-20260404,chat,taro_kobayashi,50.0
hugesmoothtech-corp-20260404,chat,taro_kobayashi,45.0
hugesmoothtech-corp-20260404,chat,taro_kobayashi,45.0
hugesmoothtech-corp-20260404,chat,taro_kobayashi,74.0
hugesmoothtech-corp-20260404,chat,taro_kobayashi,155038.0
hugesmoothtech-corp-20260404,chat,taro_kobayashi,51.0
hugesmoothtech-corp-20260404,chat,taro_kobayashi,142.0
hugesmoothtech-corp-20260404,chat,taro_kobayashi,109.0
hugesmoothtech-corp-20260404,chat,taro_kobayashi,153.0
hugesmoothtech-corp-20260404,chat,taro_kobayashi,60.0
hugesmoothtech-corp-20260404,chat,taro_kobayashi,325.0
hugesmoothtech-corp-20260404,chat,taro_kobayashi,160.0
hugesmoothtech-corp-20260404,chat,taro_kobayashi,138.0
hugesmoothtech-corp-20260404,chat,taro_kobayashi,62.0
hugesmoothtech-corp-20260404,chat,jamal.okonkwo,78.0
hugesmoothtech-corp-20260404,chat,jamal.okonkwo,75.0
hugesmoothtech-corp-20260404,chat,jamal.okonkwo,78.0
hugesmoothtech-corp-20260404,chat,jamal.okonkwo,67.0
hugesmoothtech-corp-20260404,chat,jamal.okonkwo,115.0
hugesmoothtech-corp-20260404,chat,jamal.okonkwo,90.0
hugesmoothtech-corp-20260404,chat,jamal.okonkwo,95.0
hugesmoothtech-corp-20260404,chat,jamal.okonkwo,100.0
hugesmoothtech-corp-20260404,chat,jamal.okonkwo,85.0
hugesmoothtech-corp-20260404,chat,jamal.okonkwo,75.0
hugesmoothtech-corp-20260404,chat,jamal_okonkwo,164.0
hugesmoothtech-corp-20260404,chat,jamal_okonkwo,73.0
hugesmoothtech-corp-20260404,chat,jamal_okonkwo,101.0
hugesmoothtech-corp-20260404,chat,jamal_okonkwo,69.0
hugesmoothtech-corp-20260404,chat,jamal_okonkwo,137.0
hugesmoothtech-corp-20260404,chat,jamal_okonkwo,162.0
hugesmoothtech-corp-20260404,chat,jamal_okonkwo,78.0
hugesmoothtech-corp-20260404,chat,jamal_okonkwo,85.0
hugesmoothtech-corp-20260404,chat,jamal_okonkwo,71.0
hugesmoothtech-corp-20260404,chat,jamal_okonkwo,42.0
hugesmoothtech-corp-20260404,chat,ravi_patel,130.0
hugesmoothtech-corp-20260404,chat,ravi_patel,140.0
hugesmoothtech-corp-20260404,chat,ravi_patel,140.0
hugesmoothtech-corp-20260404,chat,ravi_patel,85.0
hugesmoothtech-corp-20260404,chat,ravi_patel,65.0
hugesmoothtech-corp-20260404,chat,ravi_patel,165.0
hugesmoothtech-corp-20260404,chat,ravi_patel,145.0
hugesmoothtech-corp-20260404,chat,ravi_patel,90.0
hugesmoothtech-corp-20260404,chat,ravi_patel,344532.0
hugesmoothtech-corp-20260404,chat,ravi_patel,58.0
hugesmoothtech-corp-20260404,chat,ravi_patel,41.0
hugesmoothtech-corp-20260404,chat,ravi_patel,52.0
hugesmoothtech-corp-20260404,chat,ravi_patel,55.0
hugesmoothtech-corp-20260404,chat,ravi_patel,44.0
hugesmoothtech-corp-20260404,chat,ravi_patel,43.0
hugesmoothtech-corp-20260404,chat,ravi_patel,37.0
hugesmoothtech-corp-20260404,chat,ravi_patel,48.0
hugesmoothtech-corp-20260404,chat,ravi_patel,35.0
hugesmoothtech-corp-20260404,chat,mona_sharif,130.0
hugesmoothtech-corp-20260404,chat,mona_sharif,83.0
hugesmoothtech-corp-20260404,chat,mona_sharif,90.0
hugesmoothtech-corp-20260404,chat,mona_sharif,90.0
hugesmoothtech-corp-20260404,chat,mona_sharif,80.0
hugesmoothtech-corp-20260404,chat,mona_sharif,65.0
hugesmoothtech-corp-20260404,chat,mona_sharif,60.0
hugesmoothtech-corp-20260404,chat,ritika_chowdhury,125.0
hugesmoothtech-corp-20260404,chat,ritika_chowdhury,80.0
hugesmoothtech-corp-20260404,chat,ritika_chowdhury,92.0
hugesmoothtech-corp-20260404,chat,ritika_chowdhury,78.0
hugesmoothtech-corp-20260404,chat,ritika_chowdhury,80.0
hugesmoothtech-corp-20260404,chat,ritika_chowdhury,65.0
hugesmoothtech-corp-20260404,chat,ritika_chowdhury,83007.0
hugesmoothtech-corp-20260404,chat,ritika_chowdhury,33.0
hugesmoothtech-corp-20260404,chat,ritika_chowdhury,140.0
hugesmoothtech-corp-20260404,chat,ritika_chowdhury,145.0
hugesmoothtech-corp-20260404,chat,ritika_chowdhury,75.0
hugesmoothtech-corp-20260404,chat,ritika_chowdhury,85.0
hugesmoothtech-corp-20260404,chat,ritika_chowdhury,85.0
hugesmoothtech-corp-20260404,chat,ritika_chowdhury,85526.0
hugesmoothtech-corp-20260404,chat,ritika_chowdhury,71.0
hugesmoothtech-corp-20260404,chat,ritika_chowdhury,50.0
hugesmoothtech-corp-20260404,chat,ritika_chowdhury,83.0
hugesmoothtech-corp-20260404,chat,ritika_chowdhury,65.0
hugesmoothtech-corp-20260404,chat,ritika_chowdhury,55.0
hugesmoothtech-corp-20260404,chat,ritika_chowdhury,65.0
hugesmoothtech-corp-20260404,chat,ritika_chowdhury,85534.0
hugesmoothtech-corp-20260404,chat,ritika_chowdhury,68.0
hugesmoothtech-corp-20260404,chat,ritika_chowdhury,78.0
hugesmoothtech-corp-20260404,chat,ritika_chowdhury,95.0
hugesmoothtech-corp-20260404,chat,ritika_chowdhury,65.0
hugesmoothtech-corp-20260404,chat,ritika_chowdhury,65.0
hugesmoothtech-corp-20260404,chat,ritika_chowdhury,65.0
hugesmoothtech-corp-20260404,chat,ritika_chowdhury,76.0
hugesmoothtech-corp-20260404,chat,Amélie_Dubois,73.0
hugesmoothtech-corp-20260404,chat,Amélie_Dubois,55.0
hugesmoothtech-corp-20260404,chat,Amélie_Dubois,50.0
hugesmoothtech-corp-20260404,chat,Amélie_Dubois,80.0
hugesmoothtech-corp-20260404,chat,Amélie_Dubois,57.0
hugesmoothtech-corp-20260404,chat,Amélie_Dubois,65.0
hugesmoothtech-corp-20260404,chat,Amélie_Dubois,76.0
hugesmoothtech-corp-20260404,chat,Amélie_Dubois,74.0
hugesmoothtech-corp-20260404,chat,Amélie_Dubois,43.0
hugesmoothtech-corp-20260404,chat,Ravi_Patel,69.0
hugesmoothtech-corp-20260404,chat,Ravi_Patel,53.0
hugesmoothtech-corp-20260404,chat,Ravi_Patel,67.0
hugesmoothtech-corp-20260404,chat,Ravi_Patel,69.0
hugesmoothtech-corp-20260404,chat,Ravi_Patel,54.0
hugesmoothtech-corp-20260404,chat,Ravi_Patel,75.0
hugesmoothtech-corp-20260404,chat,Ravi_Patel,80.0
hugesmoothtech-corp-20260404,chat,Ravi_Patel,58.0
hugesmoothtech-corp-20260404,chat,Ravi_Patel,30.0
hugesmoothtech-corp-20260404,chat,Kai Park,71.0
hugesmoothtech-corp-20260404,chat,Kai Park,40.0
hugesmoothtech-corp-20260404,chat,Kai Park,69.0
hugesmoothtech-corp-20260404,chat,Kai Park,69.0
hugesmoothtech-corp-20260404,chat,Kai Park,67.0
hugesmoothtech-corp-20260404,chat,Kai Park,62.0
hugesmoothtech-corp-20260404,chat,Kai Park,42.0
hugesmoothtech-corp-20260404,chat,lina_johansson,134.0
hugesmoothtech-corp-20260404,chat,lina_johansson,78.0
hugesmoothtech-corp-20260404,chat,lina_johansson,72.0
hugesmoothtech-corp-20260404,chat,lina_johansson,78.0
hugesmoothtech-corp-20260404,chat,lina_johansson,72.0
hugesmoothtech-corp-20260404,chat,lina_johansson,53.0
hugesmoothtech-corp-20260404,chat,lina_johansson,75.0
hugesmoothtech-corp-20260404,chat,lina_johansson,50.0
hugesmoothtech-corp-20260404,chat,thiago.silva,57.0
hugesmoothtech-corp-20260404,chat,thiago.silva,50.0
hugesmoothtech-corp-20260404,chat,thiago.silva,100.0
hugesmoothtech-corp-20260404,chat,thiago.silva,55.0
hugesmoothtech-corp-20260404,chat,thiago.silva,65.0
hugesmoothtech-corp-20260404,chat,thiago.silva,80.0
hugesmoothtech-corp-20260404,chat,thiago.silva,60.0
hugesmoothtech-corp-20260404,chat,jamal.hassan,50.0
hugesmoothtech-corp-20260404,chat,jamal.hassan,52.0
hugesmoothtech-corp-20260404,chat,jamal.hassan,43.0
hugesmoothtech-corp-20260404,chat,jamal.hassan,65.0
hugesmoothtech-corp-20260404,chat,jamal.hassan,50.0
hugesmoothtech-corp-20260404,chat,jamal.hassan,65.0
hugesmoothtech-corp-20260404,chat,jamal.hassan,85.0
hugesmoothtech-corp-20260404,chat,jamal.hassan,45.0
hugesmoothtech-corp-20260404,chat,amelie_dubois,84.0
hugesmoothtech-corp-20260404,chat,amelie_dubois,156.0
hugesmoothtech-corp-20260404,chat,amelie_dubois,80.0
hugesmoothtech-corp-20260404,chat,amelie_dubois,67.0
hugesmoothtech-corp-20260404,chat,amelie_dubois,86.0
hugesmoothtech-corp-20260404,chat,amelie_dubois,72.0
hugesmoothtech-corp-20260404,chat,amelie_dubois,55.0
hugesmoothtech-corp-20260404,chat,amelie_dubois,22.0
hugesmoothtech-corp-20260404,chat,amelie_dubois,38.0
hugesmoothtech-corp-20260404,chat,amelie_dubois,20.0
hugesmoothtech-corp-20260404,chat,amelie_dubois,34.0
hugesmoothtech-corp-20260404,chat,amelie_dubois,16.0
hugesmoothtech-corp-20260404,chat,amelie_dubois,15.0
hugesmoothtech-corp-20260404,chat,amelie_dubois,62.0
hugesmoothtech-corp-20260404,chat,amelie_dubois,53.0
hugesmoothtech-corp-20260404,chat,amelie_dubois,45.0
hugesmoothtech-corp-20260404,chat,amelie_dubois,35.0
hugesmoothtech-corp-20260404,chat,amelie_dubois,45.0
hugesmoothtech-corp-20260404,chat,amelie_dubois,40.0
hugesmoothtech-corp-20260404,group_chat,Takeshi Sato,435.0
hugesmoothtech-corp-20260404,group_chat,Takeshi Sato,17560.0
hugesmoothtech-corp-20260404,group_chat,Takeshi Sato,71.0
hugesmoothtech-corp-20260404,group_chat,Takeshi Sato,59.0
hugesmoothtech-corp-20260404,group_chat,Takeshi Sato,55.0
hugesmoothtech-corp-20260404,group_chat,Takeshi Sato,66.0
hugesmoothtech-corp-20260404,group_chat,Takeshi Sato,114.0
hugesmoothtech-corp-20260404,group_chat,Takeshi Sato,13.0
hugesmoothtech-corp-20260404,group_chat,Takeshi Sato,202.0
hugesmoothtech-corp-20260404,group_chat,Takeshi Sato,110.0
hugesmoothtech-corp-20260404,group_chat,Takeshi Sato,71315.0
hugesmoothtech-corp-20260404,group_chat,Takeshi Sato,90.0
hugesmoothtech-corp-20260404,group_chat,Takeshi Sato,30.0
hugesmoothtech-corp-20260404,group_chat,Takeshi Sato,130.0
hugesmoothtech-corp-20260404,group_chat,Takeshi Sato,90.0
hugesmoothtech-corp-20260404,group_chat,Takeshi Sato,35.0
hugesmoothtech-corp-20260404,group_chat,Takeshi Sato,42.0
hugesmoothtech-corp-20260404,group_chat,Takeshi Sato,2600.0
hugesmoothtech-corp-20260404,group_chat,Takeshi Sato,79798.0
hugesmoothtech-corp-20260404,group_chat,Takeshi Sato,260.0
hugesmoothtech-corp-20260404,group_chat,Takeshi Sato,30.0
hugesmoothtech-corp-20260404,group_chat,Takeshi Sato,300.0
hugesmoothtech-corp-20260404,group_chat,Takeshi Sato,160.0
hugesmoothtech-corp-20260404,group_chat,Takeshi Sato,185.0
hugesmoothtech-corp-20260404,group_chat,Takeshi Sato,205.0
hugesmoothtech-corp-20260404,group_chat,Takeshi Sato,255.0
hugesmoothtech-corp-20260404,group_chat,Takeshi Sato,205.0
hugesmoothtech-corp-20260404,group_chat,Takeshi Sato,16370.0
hugesmoothtech-corp-20260404,group_chat,Takeshi Sato,148.0
hugesmoothtech-corp-20260404,group_chat,Takeshi Sato,132.0
hugesmoothtech-corp-20260404,group_chat,Takeshi Sato,110.0
hugesmoothtech-corp-20260404,group_chat,Takeshi Sato,200.0
hugesmoothtech-corp-20260404,group_chat,Takeshi Sato,75.0
hugesmoothtech-corp-20260404,group_chat,Takeshi Sato,64960.0
hugesmoothtech-corp-20260404,group_chat,Takeshi Sato,137.0
hugesmoothtech-corp-20260404,group_chat,Takeshi Sato,133.0
hugesmoothtech-corp-20260404,group_chat,Takeshi Sato,120.0
hugesmoothtech-corp-20260404,group_chat,Takeshi Sato,110.0
hugesmoothtech-corp-20260404,group_chat,Takeshi Sato,88615.0
hugesmoothtech-corp-20260404,group_chat,Takeshi Sato,210.0
hugesmoothtech-corp-20260404,group_chat,Takeshi Sato,175.0
hugesmoothtech-corp-20260404,group_chat,Takeshi Sato,135.0
hugesmoothtech-corp-20260404,group_chat,Takeshi Sato,210.0
hugesmoothtech-corp-20260404,group_chat,Takeshi Sato,160.0
hugesmoothtech-corp-20260404,group_chat,Takeshi Sato,2832.0
hugesmoothtech-corp-20260404,group_chat,Takeshi Sato,10.0
hugesmoothtech-corp-20260404,group_chat,Takeshi Sato,143.0
hugesmoothtech-corp-20260404,group_chat,Takeshi Sato,10.0
hugesmoothtech-corp-20260404,group_chat,Takeshi Sato,119.0
hugesmoothtech-corp-20260404,group_chat,Takeshi Sato,77.0
hugesmoothtech-corp-20260404,group_chat,Takeshi Sato,64.0
hugesmoothtech-corp-20260404,group_chat,Takeshi Sato,45.0
hugesmoothtech-corp-20260404,group_chat,Takeshi Sato,82331.0
hugesmoothtech-corp-20260404,group_chat,Takeshi Sato,217.0
hugesmoothtech-corp-20260404,group_chat,Takeshi Sato,182.0
hugesmoothtech-corp-20260404,group_chat,Takeshi Sato,150.0
hugesmoothtech-corp-20260404,group_chat,Takeshi Sato,95.0
hugesmoothtech-corp-20260404,group_chat,Takeshi Sato,2990.0
hugesmoothtech-corp-20260404,group_chat,Takeshi Sato,110.0
hugesmoothtech-corp-20260404,group_chat,Takeshi Sato,155.0
hugesmoothtech-corp-20260404,group_chat,Takeshi Sato,55.0
hugesmoothtech-corp-20260404,group_chat,Takeshi Sato,25.0
hugesmoothtech-corp-20260404,group_chat,Takeshi Sato,320.0
hugesmoothtech-corp-20260404,group_chat,Takeshi Sato,145.0
hugesmoothtech-corp-20260404,group_chat,Takeshi Sato,82675.0
hugesmoothtech-corp-20260404,group_chat,Takeshi Sato,222.0
hugesmoothtech-corp-20260404,group_chat,Takeshi Sato,18.0
hugesmoothtech-corp-20260404,group_chat,Takeshi Sato,90.0
hugesmoothtech-corp-20260404,group_chat,Takeshi Sato,100.0
hugesmoothtech-corp-20260404,group_chat,Takeshi Sato,5.0
hugesmoothtech-corp-20260404,group_chat,Takeshi Sato,125.0
hugesmoothtech-corp-20260404,group_chat,Takeshi Sato,25.0
hugesmoothtech-corp-20260404,group_chat,Takeshi Sato,235.0
hugesmoothtech-corp-20260404,group_chat,Takeshi Sato,17070.0
hugesmoothtech-corp-20260404,group_chat,Takeshi Sato,130.0
hugesmoothtech-corp-20260404,group_chat,Takeshi Sato,130.0
hugesmoothtech-corp-20260404,group_chat,Takeshi Sato,67483.0
hugesmoothtech-corp-20260404,group_chat,Takeshi Sato,140.0
hugesmoothtech-corp-20260404,group_chat,Takeshi Sato,114.0
hugesmoothtech-corp-20260404,group_chat,Takeshi Sato,105.0
hugesmoothtech-corp-20260404,group_chat,Takeshi Sato,60.0
hugesmoothtech-corp-20260404,group_chat,Takeshi Sato,51.0
hugesmoothtech-corp-20260404,group_chat,Takeshi Sato,3192.0
hugesmoothtech-corp-20260404,group_chat,Takeshi Sato,140.0
hugesmoothtech-corp-20260404,group_chat,Takeshi Sato,189.0
hugesmoothtech-corp-20260404,group_chat,Takeshi Sato,306.0
hugesmoothtech-corp-20260404,group_chat,Takeshi Sato,13915.0
hugesmoothtech-corp-20260404,group_chat,Takeshi Sato,257.0
hugesmoothtech-corp-20260404,group_chat,Takeshi Sato,118.0
hugesmoothtech-corp-20260404,group_chat,Takeshi Sato,135.0
hugesmoothtech-corp-20260404,group_chat,Takeshi Sato,70.0
hugesmoothtech-corp-20260404,group_chat,Takeshi Sato,71445.0
hugesmoothtech-corp-20260404,group_chat,Takeshi Sato,240.0
hugesmoothtech-corp-20260404,group_chat,Takeshi Sato,14007.0
hugesmoothtech-corp-20260404,group_chat,Takeshi Sato,113.0
hugesmoothtech-corp-20260404,group_chat,Takeshi Sato,305.0
hugesmoothtech-corp-20260404,group_chat,Takeshi Sato,115.0
hugesmoothtech-corp-20260404,group_chat,Takeshi Sato,67950.0
hugesmoothtech-corp-20260404,group_chat,Takeshi Sato,240.0
hugesmoothtech-corp-20260404,group_chat,Takeshi Sato,170.0
hugesmoothtech-corp-20260404,group_chat,Takeshi Sato,120.0
hugesmoothtech-corp-20260404,group_chat,Takeshi Sato,170.0
hugesmoothtech-corp-20260404,group_chat,Takeshi Sato,2675.0
hugesmoothtech-corp-20260404,group_chat,Takeshi Sato,285.0
hugesmoothtech-corp-20260404,group_chat,Takeshi Sato,150.0
hugesmoothtech-corp-20260404,group_chat,Takeshi Sato,110.0
hugesmoothtech-corp-20260404,group_chat,Takeshi Sato,13970.0
hugesmoothtech-corp-20260404,group_chat,Takeshi Sato,125.0
hugesmoothtech-corp-20260404,group_chat,Takeshi Sato,1510.0
hugesmoothtech-corp-20260404,group_chat,Yara Morales,107.0
hugesmoothtech-corp-20260404,group_chat,Yara Morales,124.0
hugesmoothtech-corp-20260404,group_chat,Yara Morales,64.0
hugesmoothtech-corp-20260404,group_chat,Yara Morales,45.0
hugesmoothtech-corp-20260404,group_chat,Yara Morales,327170.0
hugesmoothtech-corp-20260404,group_chat,Yara Morales,175.0
hugesmoothtech-corp-20260404,group_chat,Yara Morales,62.0
hugesmoothtech-corp-20260404,group_chat,Yara Morales,108.0
hugesmoothtech-corp-20260404,group_chat,Yara Morales,135.0
hugesmoothtech-corp-20260404,group_chat,Yara Morales,135.0
hugesmoothtech-corp-20260404,group_chat,Yara Morales,75.0
hugesmoothtech-corp-20260404,group_chat,Yara Morales,95.0
hugesmoothtech-corp-20260404,group_chat,Yara Morales,85748.0
hugesmoothtech-corp-20260404,group_chat,Yara Morales,137.0
hugesmoothtech-corp-20260404,group_chat,Yara Morales,76.0
hugesmoothtech-corp-20260404,group_chat,Yara Morales,3549.0
hugesmoothtech-corp-20260404,group_chat,Yara Morales,355.0
hugesmoothtech-corp-20260404,group_chat,Yara Morales,185.0
hugesmoothtech-corp-20260404,group_chat,Yara Morales,145.0
hugesmoothtech-corp-20260404,group_chat,Yara Morales,341257.0
hugesmoothtech-corp-20260404,group_chat,Yara Morales,183.0
hugesmoothtech-corp-20260404,group_chat,Yara Morales,315.0
hugesmoothtech-corp-20260404,group_chat,Jamal Hassan,25.0
hugesmoothtech-corp-20260404,group_chat,Jamal Hassan,15.0
hugesmoothtech-corp-20260404,group_chat,Jamal Hassan,205.0
hugesmoothtech-corp-20260404,group_chat,Jamal Hassan,150.0
hugesmoothtech-corp-20260404,group_chat,Jamal Hassan,17640.0
hugesmoothtech-corp-20260404,group_chat,Jamal Hassan,16.0
hugesmoothtech-corp-20260404,group_chat,Jamal Hassan,34.0
hugesmoothtech-corp-20260404,group_chat,Jamal Hassan,73.0
hugesmoothtech-corp-20260404,group_chat,Jamal Hassan,77.0
hugesmoothtech-corp-20260404,group_chat,Jamal Hassan,68.0
hugesmoothtech-corp-20260404,group_chat,Jamal Hassan,55.0
hugesmoothtech-corp-20260404,group_chat,Jamal Hassan,62.0
hugesmoothtech-corp-20260404,group_chat,Jamal Hassan,190.0
hugesmoothtech-corp-20260404,group_chat,Jamal Hassan,71382.0
hugesmoothtech-corp-20260404,group_chat,Jamal Hassan,8.0
hugesmoothtech-corp-20260404,group_chat,Jamal Hassan,95.0
hugesmoothtech-corp-20260404,group_chat,Jamal Hassan,45.0
hugesmoothtech-corp-20260404,group_chat,Jamal Hassan,58.0
hugesmoothtech-corp-20260404,group_chat,Jamal Hassan,42.0
hugesmoothtech-corp-20260404,group_chat,Jamal Hassan,62.0
hugesmoothtech-corp-20260404,group_chat,Jamal Hassan,48.0
hugesmoothtech-corp-20260404,group_chat,Jamal Hassan,1725.0
hugesmoothtech-corp-20260404,group_chat,Jamal Hassan,80670.0
hugesmoothtech-corp-20260404,group_chat,Jamal Hassan,55.0
hugesmoothtech-corp-20260404,group_chat,Jamal Hassan,155.0
hugesmoothtech-corp-20260404,group_chat,Jamal Hassan,75.0
hugesmoothtech-corp-20260404,group_chat,Jamal Hassan,120.0
hugesmoothtech-corp-20260404,group_chat,Jamal Hassan,90.0
hugesmoothtech-corp-20260404,group_chat,Jamal Hassan,377.0
hugesmoothtech-corp-20260404,group_chat,Jamal Hassan,158.0
hugesmoothtech-corp-20260404,group_chat,Jamal Hassan,160.0
hugesmoothtech-corp-20260404,group_chat,Jamal Hassan,175.0
hugesmoothtech-corp-20260404,group_chat,Jamal Hassan,75.0
hugesmoothtech-corp-20260404,group_chat,Jamal Hassan,240.0
hugesmoothtech-corp-20260404,group_chat,Jamal Hassan,16375.0
hugesmoothtech-corp-20260404,group_chat,Jamal Hassan,120.0
hugesmoothtech-corp-20260404,group_chat,Jamal Hassan,66.0
hugesmoothtech-corp-20260404,group_chat,Jamal Hassan,109.0
hugesmoothtech-corp-20260404,group_chat,Jamal Hassan,205.0
hugesmoothtech-corp-20260404,group_chat,Jamal Hassan,244300.0
hugesmoothtech-corp-20260404,group_chat,Jamal Hassan,150.0
hugesmoothtech-corp-20260404,group_chat,Jamal Hassan,70.0
hugesmoothtech-corp-20260404,group_chat,Jamal Hassan,135.0
hugesmoothtech-corp-20260404,group_chat,Jamal Hassan,83227.0
hugesmoothtech-corp-20260404,group_chat,Jamal Hassan,188.0
hugesmoothtech-corp-20260404,group_chat,Jamal Hassan,125.0
hugesmoothtech-corp-20260404,group_chat,Jamal Hassan,155.0
hugesmoothtech-corp-20260404,group_chat,Jamal Hassan,2295.0
hugesmoothtech-corp-20260404,group_chat,Jamal Hassan,220.0
hugesmoothtech-corp-20260404,group_chat,Jamal Hassan,165.0
hugesmoothtech-corp-20260404,group_chat,Jamal Hassan,140.0
hugesmoothtech-corp-20260404,group_chat,Jamal Hassan,82305.0
hugesmoothtech-corp-20260404,group_chat,Jamal Hassan,147.0
hugesmoothtech-corp-20260404,group_chat,Jamal Hassan,121.0
hugesmoothtech-corp-20260404,group_chat,Jamal Hassan,75.0
hugesmoothtech-corp-20260404,group_chat,Jamal Hassan,79.0
hugesmoothtech-corp-20260404,group_chat,Jamal Hassan,3310.0
hugesmoothtech-corp-20260404,group_chat,Jamal Hassan,128.0
hugesmoothtech-corp-20260404,group_chat,Jamal Hassan,86130.0
hugesmoothtech-corp-20260404,group_chat,Jamal Hassan,183.0
hugesmoothtech-corp-20260404,group_chat,Jamal Hassan,147.0
hugesmoothtech-corp-20260404,group_chat,Jamal Hassan,160.0
hugesmoothtech-corp-20260404,group_chat,Jamal Hassan,82560.0
hugesmoothtech-corp-20260404,group_chat,Jamal Hassan,195.0
hugesmoothtech-corp-20260404,group_chat,Jamal Hassan,170.0
hugesmoothtech-corp-20260404,group_chat,Jamal Hassan,200.0
hugesmoothtech-corp-20260404,group_chat,Kai Park,150.0
hugesmoothtech-corp-20260404,group_chat,Kai Park,130.0
hugesmoothtech-corp-20260404,group_chat,Kai Park,17777.0
hugesmoothtech-corp-20260404,group_chat,Kai Park,32.0
hugesmoothtech-corp-20260404,group_chat,Kai Park,124.0
hugesmoothtech-corp-20260404,group_chat,Kai Park,55.0
hugesmoothtech-corp-20260404,group_chat,Kai Park,100.0
hugesmoothtech-corp-20260404,group_chat,Kai Park,71557.0
hugesmoothtech-corp-20260404,group_chat,Kai Park,125.0
hugesmoothtech-corp-20260404,group_chat,Kai Park,100.0
hugesmoothtech-corp-20260404,group_chat,Kai Park,55.0
hugesmoothtech-corp-20260404,group_chat,Kai Park,75.0
hugesmoothtech-corp-20260404,group_chat,Kai Park,82500.0
hugesmoothtech-corp-20260404,group_chat,Kai Park,75.0
hugesmoothtech-corp-20260404,group_chat,Kai Park,105.0
hugesmoothtech-corp-20260404,group_chat,Kai Park,110.0
hugesmoothtech-corp-20260404,group_chat,Kai Park,15.0
hugesmoothtech-corp-20260404,group_chat,Kai Park,225.0
hugesmoothtech-corp-20260404,group_chat,Kai Park,85900.0
hugesmoothtech-corp-20260404,group_chat,Kai Park,100.0
hugesmoothtech-corp-20260404,group_chat,Kai Park,80.0
hugesmoothtech-corp-20260404,group_chat,Kai Park,85.0
hugesmoothtech-corp-20260404,group_chat,Kai Park,89897.0
hugesmoothtech-corp-20260404,group_chat,Kai Park,113.0
hugesmoothtech-corp-20260404,group_chat,Kai Park,123.0
hugesmoothtech-corp-20260404,group_chat,Kai Park,142.0
hugesmoothtech-corp-20260404,group_chat,Kai Park,258642.0
hugesmoothtech-corp-20260404,group_chat,Kai Park,120.0
hugesmoothtech-corp-20260404,group_chat,Kai Park,113.0
hugesmoothtech-corp-20260404,group_chat,Kai Park,105.0
hugesmoothtech-corp-20260404,group_chat,Kai Park,86052.0
hugesmoothtech-corp-20260404,group_chat,Kai Park,203.0
hugesmoothtech-corp-20260404,group_chat,Kai Park,146.0
hugesmoothtech-corp-20260404,group_chat,Kai Park,44.0
hugesmoothtech-corp-20260404,group_chat,Kai Park,82690.0
hugesmoothtech-corp-20260404,group_chat,Kai Park,165.0
hugesmoothtech-corp-20260404,group_chat,Kai Park,155.0
hugesmoothtech-corp-20260404,group_chat,Kai Park,150.0
hugesmoothtech-corp-20260404,group_chat,Kai Park,2780.0
hugesmoothtech-corp-20260404,group_chat,Kai Park,125.0
hugesmoothtech-corp-20260404,group_chat,Kai Park,160.0
hugesmoothtech-corp-20260404,group_chat,Kai Park,220.0
hugesmoothtech-corp-20260404,group_chat,Taro Kobayashi,70.0
hugesmoothtech-corp-20260404,group_chat,Taro Kobayashi,140.0
hugesmoothtech-corp-20260404,group_chat,Taro Kobayashi,17817.0
hugesmoothtech-corp-20260404,group_chat,Taro Kobayashi,80.0
hugesmoothtech-corp-20260404,group_chat,Taro Kobayashi,73.0
hugesmoothtech-corp-20260404,group_chat,Taro Kobayashi,101.0
hugesmoothtech-corp-20260404,group_chat,Taro Kobayashi,71629.0
hugesmoothtech-corp-20260404,group_chat,Taro Kobayashi,44.0
hugesmoothtech-corp-20260404,group_chat,Taro Kobayashi,96.0
hugesmoothtech-corp-20260404,group_chat,Taro Kobayashi,10.0
hugesmoothtech-corp-20260404,group_chat,Taro Kobayashi,47.0
hugesmoothtech-corp-20260404,group_chat,Taro Kobayashi,103.0
hugesmoothtech-corp-20260404,group_chat,Taro Kobayashi,60.0
hugesmoothtech-corp-20260404,group_chat,Taro Kobayashi,1777.0
hugesmoothtech-corp-20260404,group_chat,Taro Kobayashi,80743.0
hugesmoothtech-corp-20260404,group_chat,Taro Kobayashi,315.0
hugesmoothtech-corp-20260404,group_chat,Taro Kobayashi,490.0
hugesmoothtech-corp-20260404,group_chat,Taro Kobayashi,151.0
hugesmoothtech-corp-20260404,group_chat,Taro Kobayashi,189.0
hugesmoothtech-corp-20260404,group_chat,Taro Kobayashi,310.0
hugesmoothtech-corp-20260404,group_chat,Taro Kobayashi,84958.0
hugesmoothtech-corp-20260404,group_chat,Taro Kobayashi,127.0
hugesmoothtech-corp-20260404,group_chat,Taro Kobayashi,125.0
hugesmoothtech-corp-20260404,group_chat,Taro Kobayashi,86118.0
hugesmoothtech-corp-20260404,group_chat,Taro Kobayashi,177.0
hugesmoothtech-corp-20260404,group_chat,Taro Kobayashi,145.0
hugesmoothtech-corp-20260404,group_chat,Taro Kobayashi,160.0
hugesmoothtech-corp-20260404,group_chat,Taro Kobayashi,180.0
hugesmoothtech-corp-20260404,group_chat,Taro Kobayashi,3028.0
hugesmoothtech-corp-20260404,group_chat,Taro Kobayashi,46.0
hugesmoothtech-corp-20260404,group_chat,Taro Kobayashi,177.0
hugesmoothtech-corp-20260404,group_chat,Taro Kobayashi,134.0
hugesmoothtech-corp-20260404,group_chat,Taro Kobayashi,127.0
hugesmoothtech-corp-20260404,group_chat,Taro Kobayashi,85733.0
hugesmoothtech-corp-20260404,group_chat,Taro Kobayashi,255.0
hugesmoothtech-corp-20260404,group_chat,Taro Kobayashi,135.0
hugesmoothtech-corp-20260404,group_chat,Taro Kobayashi,83317.0
hugesmoothtech-corp-20260404,group_chat,Taro Kobayashi,220.0
hugesmoothtech-corp-20260404,group_chat,Taro Kobayashi,123.0
hugesmoothtech-corp-20260404,group_chat,Taro Kobayashi,120.0
hugesmoothtech-corp-20260404,group_chat,Taro Kobayashi,2260.0
hugesmoothtech-corp-20260404,group_chat,Taro Kobayashi,25.0
hugesmoothtech-corp-20260404,group_chat,Taro Kobayashi,190.0
hugesmoothtech-corp-20260404,group_chat,Taro Kobayashi,220.0
hugesmoothtech-corp-20260404,group_chat,Taro Kobayashi,82400.0
hugesmoothtech-corp-20260404,group_chat,Taro Kobayashi,14.0
hugesmoothtech-corp-20260404,group_chat,Taro Kobayashi,124.0
hugesmoothtech-corp-20260404,group_chat,Taro Kobayashi,112.0
hugesmoothtech-corp-20260404,group_chat,Taro Kobayashi,120.0
hugesmoothtech-corp-20260404,group_chat,Taro Kobayashi,3312.0
hugesmoothtech-corp-20260404,group_chat,Taro Kobayashi,3.0
hugesmoothtech-corp-20260404,group_chat,Taro Kobayashi,25.0
hugesmoothtech-corp-20260404,group_chat,Taro Kobayashi,150.0
hugesmoothtech-corp-20260404,group_chat,Taro Kobayashi,86225.0
hugesmoothtech-corp-20260404,group_chat,Taro Kobayashi,135.0
hugesmoothtech-corp-20260404,group_chat,Taro Kobayashi,95.0
hugesmoothtech-corp-20260404,group_chat,Taro Kobayashi,160.0
hugesmoothtech-corp-20260404,group_chat,Taro Kobayashi,85890.0
hugesmoothtech-corp-20260404,group_chat,Taro Kobayashi,40.0
hugesmoothtech-corp-20260404,group_chat,Taro Kobayashi,227.0
hugesmoothtech-corp-20260404,group_chat,Taro Kobayashi,14220.0
hugesmoothtech-corp-20260404,group_chat,Taro Kobayashi,138.0
hugesmoothtech-corp-20260404,group_chat,Taro Kobayashi,1450.0
hugesmoothtech-corp-20260404,group_chat,Amélie Dubois,15.0
hugesmoothtech-corp-20260404,group_chat,Amélie Dubois,115.0
hugesmoothtech-corp-20260404,group_chat,Amélie Dubois,55.0
hugesmoothtech-corp-20260404,group_chat,Amélie Dubois,45.0
hugesmoothtech-corp-20260404,group_chat,Amélie Dubois,60.0
hugesmoothtech-corp-20260404,group_chat,Amélie Dubois,45.0
hugesmoothtech-corp-20260404,group_chat,Amélie Dubois,10.0
hugesmoothtech-corp-20260404,group_chat,Amélie Dubois,60.0
hugesmoothtech-corp-20260404,group_chat,Amélie Dubois,30.0
hugesmoothtech-corp-20260404,group_chat,Amélie Dubois,130.0
hugesmoothtech-corp-20260404,group_chat,Amélie Dubois,35.0
hugesmoothtech-corp-20260404,group_chat,Amélie Dubois,160.0
hugesmoothtech-corp-20260404,group_chat,Amélie Dubois,100.0
hugesmoothtech-corp-20260404,group_chat,Amélie Dubois,140.0
hugesmoothtech-corp-20260404,group_chat,Amélie Dubois,140.0
hugesmoothtech-corp-20260404,group_chat,Amélie Dubois,6075.0
hugesmoothtech-corp-20260404,group_chat,Amélie Dubois,245.0
hugesmoothtech-corp-20260404,group_chat,Amélie Dubois,185.0
hugesmoothtech-corp-20260404,group_chat,Amélie Dubois,155.0
hugesmoothtech-corp-20260404,group_chat,Amélie Dubois,78672.0
hugesmoothtech-corp-20260404,group_chat,Amélie Dubois,318.0
hugesmoothtech-corp-20260404,group_chat,Amélie Dubois,200.0
hugesmoothtech-corp-20260404,group_chat,Amélie Dubois,190.0
hugesmoothtech-corp-20260404,group_chat,Amélie Dubois,235.0
hugesmoothtech-corp-20260404,group_chat,Amélie Dubois,17090.0
hugesmoothtech-corp-20260404,group_chat,Amélie Dubois,160.0
hugesmoothtech-corp-20260404,group_chat,Amélie Dubois,110.0
hugesmoothtech-corp-20260404,group_chat,Amélie Dubois,205.0
hugesmoothtech-corp-20260404,group_chat,Amélie Dubois,85.0
hugesmoothtech-corp-20260404,group_chat,Amélie Dubois,67750.0
hugesmoothtech-corp-20260404,group_chat,Amélie Dubois,165.0
hugesmoothtech-corp-20260404,group_chat,Amélie Dubois,140.0
hugesmoothtech-corp-20260404,group_chat,Amélie Dubois,130.0
hugesmoothtech-corp-20260404,group_chat,Amélie Dubois,135.0
hugesmoothtech-corp-20260404,group_chat,Amélie Dubois,82230.0
hugesmoothtech-corp-20260404,group_chat,Amélie Dubois,227.0
hugesmoothtech-corp-20260404,group_chat,Amélie Dubois,243.0
hugesmoothtech-corp-20260404,group_chat,Amélie Dubois,58.0
hugesmoothtech-corp-20260404,group_chat,Amélie Dubois,179.0
hugesmoothtech-corp-20260404,group_chat,Amélie Dubois,58.0
hugesmoothtech-corp-20260404,group_chat,Amélie Dubois,95.0
hugesmoothtech-corp-20260404,group_chat,Amélie Dubois,30.0
hugesmoothtech-corp-20260404,group_chat,Amélie Dubois,105.0
hugesmoothtech-corp-20260404,group_chat,Amélie Dubois,72.0
hugesmoothtech-corp-20260404,group_chat,Amélie Dubois,83.0
hugesmoothtech-corp-20260404,group_chat,Amélie Dubois,130.0
hugesmoothtech-corp-20260404,group_chat,Amélie Dubois,45.0
hugesmoothtech-corp-20260404,group_chat,Amélie Dubois,92275.0
hugesmoothtech-corp-20260404,group_chat,Amélie Dubois,115.0
hugesmoothtech-corp-20260404,group_chat,Amélie Dubois,60.0
hugesmoothtech-corp-20260404,group_chat,Amélie Dubois,155.0
hugesmoothtech-corp-20260404,group_chat,Amélie Dubois,20.0
hugesmoothtech-corp-20260404,group_chat,Amélie Dubois,130.0
hugesmoothtech-corp-20260404,group_chat,Amélie Dubois,5.0
hugesmoothtech-corp-20260404,group_chat,Amélie Dubois,85.0
hugesmoothtech-corp-20260404,group_chat,Amélie Dubois,65.0
hugesmoothtech-corp-20260404,group_chat,Amélie Dubois,32.0
hugesmoothtech-corp-20260404,group_chat,Amélie Dubois,82133.0
hugesmoothtech-corp-20260404,group_chat,Amélie Dubois,30.0
hugesmoothtech-corp-20260404,group_chat,Amélie Dubois,172.0
hugesmoothtech-corp-20260404,group_chat,Amélie Dubois,86.0
hugesmoothtech-corp-20260404,group_chat,Amélie Dubois,22.0
hugesmoothtech-corp-20260404,group_chat,Amélie Dubois,105.0
hugesmoothtech-corp-20260404,group_chat,Amélie Dubois,155.0
hugesmoothtech-corp-20260404,group_chat,Amélie Dubois,145.0
hugesmoothtech-corp-20260404,group_chat,Amélie Dubois,2945.0
hugesmoothtech-corp-20260404,group_chat,Amélie Dubois,510.0
hugesmoothtech-corp-20260404,group_chat,Amélie Dubois,145.0
hugesmoothtech-corp-20260404,group_chat,Amélie Dubois,140.0
hugesmoothtech-corp-20260404,group_chat,Amélie Dubois,100.0
hugesmoothtech-corp-20260404,group_chat,Amélie Dubois,50.0
hugesmoothtech-corp-20260404,group_chat,Amélie Dubois,9960.0
hugesmoothtech-corp-20260404,group_chat,Amélie Dubois,140.0
hugesmoothtech-corp-20260404,group_chat,Amélie Dubois,130.0
hugesmoothtech-corp-20260404,group_chat,Amélie Dubois,60.0
hugesmoothtech-corp-20260404,group_chat,Amélie Dubois,105.0
hugesmoothtech-corp-20260404,group_chat,Amélie Dubois,90.0
hugesmoothtech-corp-20260404,group_chat,Amélie Dubois,90.0
hugesmoothtech-corp-20260404,group_chat,Amélie Dubois,71385.0
hugesmoothtech-corp-20260404,group_chat,Amélie Dubois,250.0
hugesmoothtech-corp-20260404,group_chat,Amélie Dubois,215.0
hugesmoothtech-corp-20260404,group_chat,Amélie Dubois,135.0
hugesmoothtech-corp-20260404,group_chat,Amélie Dubois,70.0
hugesmoothtech-corp-20260404,group_chat,Amélie Dubois,140.0
hugesmoothtech-corp-20260404,group_chat,Amélie Dubois,95.0
hugesmoothtech-corp-20260404,group_chat,Amélie Dubois,10.0
hugesmoothtech-corp-20260404,group_chat,Amélie Dubois,165.0
hugesmoothtech-corp-20260404,group_chat,Amélie Dubois,45.0
hugesmoothtech-corp-20260404,group_chat,Amélie Dubois,15.0
hugesmoothtech-corp-20260404,group_chat,Amélie Dubois,225.0
hugesmoothtech-corp-20260404,group_chat,Amélie Dubois,135.0
hugesmoothtech-corp-20260404,group_chat,Amélie Dubois,16835.0
hugesmoothtech-corp-20260404,group_chat,Amélie Dubois,250.0
hugesmoothtech-corp-20260404,group_chat,Amélie Dubois,145.0
hugesmoothtech-corp-20260404,group_chat,Amélie Dubois,71212.0
hugesmoothtech-corp-20260404,group_chat,Amélie Dubois,13.0
hugesmoothtech-corp-20260404,group_chat,Amélie Dubois,245.0
hugesmoothtech-corp-20260404,group_chat,Amélie Dubois,150.0
hugesmoothtech-corp-20260404,group_chat,Amélie Dubois,14073.0
hugesmoothtech-corp-20260404,group_chat,Amélie Dubois,217.0
hugesmoothtech-corp-20260404,group_chat,Amélie Dubois,132.0
hugesmoothtech-corp-20260404,group_chat,Amélie Dubois,109.0
hugesmoothtech-corp-20260404,group_chat,Amélie Dubois,1139.0
hugesmoothtech-corp-20260404,group_chat,Amélie Dubois,120.0
hugesmoothtech-corp-20260404,group_chat,Amélie Dubois,100.0
hugesmoothtech-corp-20260404,group_chat,Amélie Dubois,95.0
hugesmoothtech-corp-20260404,group_chat,Amélie Dubois,65.0
hugesmoothtech-corp-20260404,group_chat,Amélie Dubois,85.0
hugesmoothtech-corp-20260404,group_chat,Amélie Dubois,69817.0
hugesmoothtech-corp-20260404,group_chat,Amélie Dubois,223.0
hugesmoothtech-corp-20260404,group_chat,Amélie Dubois,160.0
hugesmoothtech-corp-20260404,group_chat,Amélie Dubois,14007.0
hugesmoothtech-corp-20260404,group_chat,Amélie Dubois,122.0
hugesmoothtech-corp-20260404,group_chat,Amélie Dubois,18.0
hugesmoothtech-corp-20260404,group_chat,Amélie Dubois,133.0
hugesmoothtech-corp-20260404,group_chat,Amélie Dubois,122.0
hugesmoothtech-corp-20260404,group_chat,Amélie Dubois,31.0
hugesmoothtech-corp-20260404,group_chat,Amélie Dubois,47.0
hugesmoothtech-corp-20260404,group_chat,Amélie Dubois,29.0
hugesmoothtech-corp-20260404,group_chat,Amélie Dubois,128.0
hugesmoothtech-corp-20260404,group_chat,Amélie Dubois,124.0
hugesmoothtech-corp-20260404,group_chat,Amélie Dubois,67574.0
hugesmoothtech-corp-20260404,group_chat,Amélie Dubois,142.0
hugesmoothtech-corp-20260404,group_chat,Amélie Dubois,123.0
hugesmoothtech-corp-20260404,group_chat,Amélie Dubois,170.0
hugesmoothtech-corp-20260404,group_chat,Amélie Dubois,310.0
hugesmoothtech-corp-20260404,group_chat,Amélie Dubois,2870.0
hugesmoothtech-corp-20260404,group_chat,Amélie Dubois,75.0
hugesmoothtech-corp-20260404,group_chat,Amélie Dubois,135.0
hugesmoothtech-corp-20260404,group_chat,Amélie Dubois,135.0
hugesmoothtech-corp-20260404,group_chat,Mariana Garcia,20.0
hugesmoothtech-corp-20260404,group_chat,Mariana Garcia,90.0
hugesmoothtech-corp-20260404,group_chat,Mariana Garcia,115.0
hugesmoothtech-corp-20260404,group_chat,Mariana Garcia,45.0
hugesmoothtech-corp-20260404,group_chat,Mariana Garcia,50.0
hugesmoothtech-corp-20260404,group_chat,Mariana Garcia,15.0
hugesmoothtech-corp-20260404,group_chat,Mariana Garcia,220.0
hugesmoothtech-corp-20260404,group_chat,Mariana Garcia,3007.0
hugesmoothtech-corp-20260404,group_chat,Mariana Garcia,108.0
hugesmoothtech-corp-20260404,group_chat,Mariana Garcia,90.0
hugesmoothtech-corp-20260404,group_chat,Mariana Garcia,105.0
hugesmoothtech-corp-20260404,group_chat,Mariana Garcia,3347.0
hugesmoothtech-corp-20260404,group_chat,Mariana Garcia,233.0
hugesmoothtech-corp-20260404,group_chat,Mariana Garcia,183.0
hugesmoothtech-corp-20260404,group_chat,Mariana Garcia,13862.0
hugesmoothtech-corp-20260404,group_chat,Mariana Garcia,165.0
hugesmoothtech-corp-20260404,group_chat,Mariana Garcia,115.0
hugesmoothtech-corp-20260404,group_chat,Mariana Garcia,100.0
hugesmoothtech-corp-20260404,group_chat,Mariana Garcia,120.0
hugesmoothtech-corp-20260404,group_chat,Mariana Garcia,70.0
hugesmoothtech-corp-20260404,group_chat,Mariana Garcia,120.0
hugesmoothtech-corp-20260404,group_chat,Mariana Garcia,64395.0
hugesmoothtech-corp-20260404,group_chat,Mariana Garcia,205.0
hugesmoothtech-corp-20260404,group_chat,Mariana Garcia,65.0
hugesmoothtech-corp-20260404,group_chat,Mariana Garcia,210.0
hugesmoothtech-corp-20260404,group_chat,Mariana Garcia,240.0
hugesmoothtech-corp-20260404,group_chat,Mariana Garcia,2610.0
hugesmoothtech-corp-20260404,group_chat,Mariana Garcia,226.0
hugesmoothtech-corp-20260404,group_chat,Mariana Garcia,224.0
hugesmoothtech-corp-20260404,group_chat,Mariana Garcia,14125.0
hugesmoothtech-corp-20260404,group_chat,Mariana Garcia,200.0
hugesmoothtech-corp-20260404,group_chat,Mariana Garcia,215.0
hugesmoothtech-corp-20260404,group_chat,Mariana Garcia,135.0
hugesmoothtech-corp-20260404,group_chat,Mariana Garcia,67735.0
hugesmoothtech-corp-20260404,group_chat,Mariana Garcia,57.0
hugesmoothtech-corp-20260404,group_chat,Mariana Garcia,88.0
hugesmoothtech-corp-20260404,group_chat,Mariana Garcia,45.0
hugesmoothtech-corp-20260404,group_chat,Mariana Garcia,75.0
hugesmoothtech-corp-20260404,group_chat,Mariana Garcia,38.0
hugesmoothtech-corp-20260404,group_chat,Mariana Garcia,62.0
hugesmoothtech-corp-20260404,group_chat,Mariana Garcia,17655.0
hugesmoothtech-corp-20260404,group_chat,Mariana Garcia,175.0
hugesmoothtech-corp-20260404,group_chat,Mariana Garcia,140.0
hugesmoothtech-corp-20260404,group_chat,Mariana Garcia,70.0
hugesmoothtech-corp-20260404,group_chat,Mariana Garcia,225.0
hugesmoothtech-corp-20260404,group_chat,Mariana Garcia,65005.0
hugesmoothtech-corp-20260404,group_chat,Mariana Garcia,67.0
hugesmoothtech-corp-20260404,group_chat,Mariana Garcia,133.0
hugesmoothtech-corp-20260404,group_chat,Mariana Garcia,95.0
hugesmoothtech-corp-20260404,group_chat,Mariana Garcia,50.0
hugesmoothtech-corp-20260404,group_chat,Mariana Garcia,80.0
hugesmoothtech-corp-20260404,group_chat,Mariana Garcia,80.0
hugesmoothtech-corp-20260404,group_chat,Mariana Garcia,20260.0
hugesmoothtech-corp-20260404,group_chat,Mariana Garcia,185.0
hugesmoothtech-corp-20260404,group_chat,Mariana Garcia,120.0
hugesmoothtech-corp-20260404,group_chat,Mariana Garcia,75.0
hugesmoothtech-corp-20260404,group_chat,Mariana Garcia,105.0
hugesmoothtech-corp-20260404,group_chat,Mariana Garcia,67972.0
hugesmoothtech-corp-20260404,group_chat,Mariana Garcia,151.0
hugesmoothtech-corp-20260404,group_chat,Mariana Garcia,219.0
hugesmoothtech-corp-20260404,group_chat,Mariana Garcia,133.0
hugesmoothtech-corp-20260404,group_chat,Mariana Garcia,227.0
hugesmoothtech-corp-20260404,group_chat,Mariana Garcia,2903.0
hugesmoothtech-corp-20260404,group_chat,Mariana Garcia,156.0
hugesmoothtech-corp-20260404,group_chat,Mariana Garcia,1.0
hugesmoothtech-corp-20260404,group_chat,Mariana Garcia,110.0
hugesmoothtech-corp-20260404,group_chat,Mariana Garcia,25.0
hugesmoothtech-corp-20260404,group_chat,Mariana Garcia,65.0
hugesmoothtech-corp-20260404,group_chat,Mariana Garcia,68.0
hugesmoothtech-corp-20260404,group_chat,Mariana Garcia,25.0
hugesmoothtech-corp-20260404,group_chat,Mariana Garcia,110.0
hugesmoothtech-corp-20260404,group_chat,Mariana Garcia,82220.0
hugesmoothtech-corp-20260404,group_chat,Mariana Garcia,47.0
hugesmoothtech-corp-20260404,group_chat,Mariana Garcia,51.0
hugesmoothtech-corp-20260404,group_chat,Mariana Garcia,59.0
hugesmoothtech-corp-20260404,group_chat,Mariana Garcia,123.0
hugesmoothtech-corp-20260404,group_chat,Mariana Garcia,14.0
hugesmoothtech-corp-20260404,group_chat,Mariana Garcia,31.0
hugesmoothtech-corp-20260404,group_chat,Mariana Garcia,85.0
hugesmoothtech-corp-20260404,group_chat,Mariana Garcia,140.0
hugesmoothtech-corp-20260404,group_chat,Mariana Garcia,120.0
hugesmoothtech-corp-20260404,group_chat,Mariana Garcia,3285.0
hugesmoothtech-corp-20260404,group_chat,Mariana Garcia,250.0
hugesmoothtech-corp-20260404,group_chat,Mariana Garcia,95.0
hugesmoothtech-corp-20260404,group_chat,Mariana Garcia,145.0
hugesmoothtech-corp-20260404,group_chat,Mariana Garcia,10155.0
hugesmoothtech-corp-20260404,group_chat,Mariana Garcia,120.0
hugesmoothtech-corp-20260404,group_chat,Mariana Garcia,135.0
hugesmoothtech-corp-20260404,group_chat,Mariana Garcia,105.0
hugesmoothtech-corp-20260404,group_chat,Mariana Garcia,90.0
hugesmoothtech-corp-20260404,group_chat,Mariana Garcia,90.0
hugesmoothtech-corp-20260404,group_chat,Mariana Garcia,2740.0
hugesmoothtech-corp-20260404,group_chat,Mariana Garcia,179.0
hugesmoothtech-corp-20260404,group_chat,Mariana Garcia,99.0
hugesmoothtech-corp-20260404,group_chat,Mariana Garcia,6967.0
hugesmoothtech-corp-20260404,group_chat,Mariana Garcia,205.0
hugesmoothtech-corp-20260404,group_chat,Mariana Garcia,185.0
hugesmoothtech-corp-20260404,group_chat,Mariana Garcia,95.0
hugesmoothtech-corp-20260404,group_chat,Mariana Garcia,110.0
hugesmoothtech-corp-20260404,group_chat,Mariana Garcia,155.0
hugesmoothtech-corp-20260404,group_chat,Mariana Garcia,60785.0
hugesmoothtech-corp-20260404,group_chat,Mariana Garcia,137.0
hugesmoothtech-corp-20260404,group_chat,Mariana Garcia,243.0
hugesmoothtech-corp-20260404,group_chat,Mariana Garcia,127.0
hugesmoothtech-corp-20260404,group_chat,Mariana Garcia,118.0
hugesmoothtech-corp-20260404,group_chat,Mariana Garcia,95.0
hugesmoothtech-corp-20260404,group_chat,Mariana Garcia,75.0
hugesmoothtech-corp-20260404,group_chat,Mariana Garcia,100.0
hugesmoothtech-corp-20260404,group_chat,Mariana Garcia,80.0
hugesmoothtech-corp-20260404,group_chat,Mariana Garcia,75.0
hugesmoothtech-corp-20260404,group_chat,Mariana Garcia,175.0
hugesmoothtech-corp-20260404,group_chat,Mariana Garcia,17045.0
hugesmoothtech-corp-20260404,group_chat,Mariana Garcia,95.0
hugesmoothtech-corp-20260404,group_chat,Mariana Garcia,135.0
hugesmoothtech-corp-20260404,group_chat,Mariana Garcia,71467.0
hugesmoothtech-corp-20260404,group_chat,Mariana Garcia,38.0
hugesmoothtech-corp-20260404,group_chat,Mariana Garcia,217.0
hugesmoothtech-corp-20260404,group_chat,Mariana Garcia,13848.0
hugesmoothtech-corp-20260404,group_chat,Mariana Garcia,250.0
hugesmoothtech-corp-20260404,group_chat,Mariana Garcia,49.0
hugesmoothtech-corp-20260404,group_chat,Mariana Garcia,148.0
hugesmoothtech-corp-20260404,group_chat,Mariana Garcia,38.0
hugesmoothtech-corp-20260404,group_chat,Mariana Garcia,125.0
hugesmoothtech-corp-20260404,group_chat,Mariana Garcia,125.0
hugesmoothtech-corp-20260404,group_chat,Mariana Garcia,1140.0
hugesmoothtech-corp-20260404,group_chat,Mariana Garcia,105.0
hugesmoothtech-corp-20260404,group_chat,Mariana Garcia,75.0
hugesmoothtech-corp-20260404,group_chat,Mariana Garcia,85.0
hugesmoothtech-corp-20260404,group_chat,Mariana Garcia,65.0
hugesmoothtech-corp-20260404,group_chat,Mariana Garcia,84323.0
hugesmoothtech-corp-20260404,group_chat,Mariana Garcia,33.0
hugesmoothtech-corp-20260404,group_chat,Mariana Garcia,279.0
hugesmoothtech-corp-20260404,group_chat,Mariana Garcia,75.0
hugesmoothtech-corp-20260404,group_chat,Mariana Garcia,80.0
hugesmoothtech-corp-20260404,group_chat,Jamal Okonkwo,220.0
hugesmoothtech-corp-20260404,group_chat,Jamal Okonkwo,100.0
hugesmoothtech-corp-20260404,group_chat,Jamal Okonkwo,6920.0
hugesmoothtech-corp-20260404,group_chat,Jamal Okonkwo,205.0
hugesmoothtech-corp-20260404,group_chat,Jamal Okonkwo,100.0
hugesmoothtech-corp-20260404,group_chat,Jamal Okonkwo,160.0
hugesmoothtech-corp-20260404,group_chat,Jamal Okonkwo,13845.0
hugesmoothtech-corp-20260404,group_chat,Jamal Okonkwo,110.0
hugesmoothtech-corp-20260404,group_chat,Jamal Okonkwo,155.0
hugesmoothtech-corp-20260404,group_chat,Jamal Okonkwo,180.0
hugesmoothtech-corp-20260404,group_chat,Jamal Okonkwo,140.0
hugesmoothtech-corp-20260404,group_chat,Jamal Okonkwo,82370.0
hugesmoothtech-corp-20260404,group_chat,Jamal Okonkwo,10.0
hugesmoothtech-corp-20260404,group_chat,Jamal Okonkwo,180.0
hugesmoothtech-corp-20260404,group_chat,Jamal Okonkwo,10.0
hugesmoothtech-corp-20260404,group_chat,Jamal Okonkwo,95.0
hugesmoothtech-corp-20260404,group_chat,Jamal Okonkwo,60.0
hugesmoothtech-corp-20260404,group_chat,Jamal Okonkwo,120.0
hugesmoothtech-corp-20260404,group_chat,Jamal Okonkwo,55.0
hugesmoothtech-corp-20260404,group_chat,Jamal Okonkwo,110.0
hugesmoothtech-corp-20260404,group_chat,Jamal Okonkwo,64770.0
hugesmoothtech-corp-20260404,group_chat,Jamal Okonkwo,210.0
hugesmoothtech-corp-20260404,group_chat,Jamal Okonkwo,172.0
hugesmoothtech-corp-20260404,group_chat,Jamal Okonkwo,233.0
hugesmoothtech-corp-20260404,group_chat,Jamal Okonkwo,195.0
hugesmoothtech-corp-20260404,group_chat,Jamal Okonkwo,155.0
hugesmoothtech-corp-20260404,group_chat,Jamal Okonkwo,205.0
hugesmoothtech-corp-20260404,group_chat,Jamal Okonkwo,85350.0
hugesmoothtech-corp-20260404,group_chat,Jamal Okonkwo,132.0
hugesmoothtech-corp-20260404,group_chat,Jamal Okonkwo,88.0
hugesmoothtech-corp-20260404,group_chat,Jamal Okonkwo,115.0
hugesmoothtech-corp-20260404,group_chat,Jamal Okonkwo,20495.0
hugesmoothtech-corp-20260404,group_chat,Jamal Okonkwo,125.0
hugesmoothtech-corp-20260404,group_chat,Jamal Okonkwo,175.0
hugesmoothtech-corp-20260404,group_chat,Jamal Okonkwo,71712.0
hugesmoothtech-corp-20260404,group_chat,Jamal Okonkwo,16.0
hugesmoothtech-corp-20260404,group_chat,Jamal Okonkwo,145.0
hugesmoothtech-corp-20260404,group_chat,Jamal Okonkwo,15.0
hugesmoothtech-corp-20260404,group_chat,Jamal Okonkwo,93.0
hugesmoothtech-corp-20260404,group_chat,Jamal Okonkwo,39.0
hugesmoothtech-corp-20260404,group_chat,Jamal Okonkwo,64.0
hugesmoothtech-corp-20260404,group_chat,Jamal Okonkwo,96.0
hugesmoothtech-corp-20260404,group_chat,Jamal Okonkwo,17270.0
hugesmoothtech-corp-20260404,group_chat,Jamal Okonkwo,85.0
hugesmoothtech-corp-20260404,group_chat,Jamal Okonkwo,80.0
hugesmoothtech-corp-20260404,group_chat,Jamal Okonkwo,45.0
hugesmoothtech-corp-20260404,group_chat,Jamal Okonkwo,25.0
hugesmoothtech-corp-20260404,group_chat,Jamal Okonkwo,65.0
hugesmoothtech-corp-20260404,group_chat,Jamal Okonkwo,50.0
hugesmoothtech-corp-20260404,group_chat,Jamal Okonkwo,64780.0
hugesmoothtech-corp-20260404,group_chat,Jamal Okonkwo,185.0
hugesmoothtech-corp-20260404,group_chat,Jamal Okonkwo,147.0
hugesmoothtech-corp-20260404,group_chat,Jamal Okonkwo,108.0
hugesmoothtech-corp-20260404,group_chat,Jamal Okonkwo,3232.0
hugesmoothtech-corp-20260404,group_chat,Jamal Okonkwo,348.0
hugesmoothtech-corp-20260404,group_chat,Jamal Okonkwo,180.0
hugesmoothtech-corp-20260404,group_chat,Jamal Okonkwo,135.0
hugesmoothtech-corp-20260404,group_chat,Jamal Okonkwo,13407.0
hugesmoothtech-corp-20260404,group_chat,Jamal Okonkwo,158.0
hugesmoothtech-corp-20260404,group_chat,Jamal Okonkwo,160.0
hugesmoothtech-corp-20260404,group_chat,Jamal Okonkwo,6895.0
hugesmoothtech-corp-20260404,group_chat,Jamal Okonkwo,205.0
hugesmoothtech-corp-20260404,group_chat,Jamal Okonkwo,160.0
hugesmoothtech-corp-20260404,group_chat,Jamal Okonkwo,240.0
hugesmoothtech-corp-20260404,group_chat,Jamal Okonkwo,165.0
hugesmoothtech-corp-20260404,group_chat,Jamal Okonkwo,60537.0
hugesmoothtech-corp-20260404,group_chat,Jamal Okonkwo,318.0
hugesmoothtech-corp-20260404,group_chat,Jamal Okonkwo,210.0
hugesmoothtech-corp-20260404,group_chat,Jamal Okonkwo,58.0
hugesmoothtech-corp-20260404,group_chat,Jamal Okonkwo,152.0
hugesmoothtech-corp-20260404,group_chat,Jamal Okonkwo,100.0
hugesmoothtech-corp-20260404,group_chat,Jamal Okonkwo,110.0
hugesmoothtech-corp-20260404,group_chat,Jamal Okonkwo,72.0
hugesmoothtech-corp-20260404,group_chat,Jamal Okonkwo,33.0
hugesmoothtech-corp-20260404,group_chat,Jamal Okonkwo,145.0
hugesmoothtech-corp-20260404,group_chat,Jamal Okonkwo,119.0
hugesmoothtech-corp-20260404,group_chat,Jamal Okonkwo,51.0
hugesmoothtech-corp-20260404,group_chat,Jamal Okonkwo,210.0
hugesmoothtech-corp-20260404,group_chat,Jamal Okonkwo,16870.0
hugesmoothtech-corp-20260404,group_chat,Jamal Okonkwo,230.0
hugesmoothtech-corp-20260404,group_chat,Jamal Okonkwo,225.0
hugesmoothtech-corp-20260404,group_chat,Jamal Okonkwo,71163.0
hugesmoothtech-corp-20260404,group_chat,Jamal Okonkwo,43.0
hugesmoothtech-corp-20260404,group_chat,Jamal Okonkwo,182.0
hugesmoothtech-corp-20260404,group_chat,Jamal Okonkwo,14230.0
hugesmoothtech-corp-20260404,group_chat,Jamal Okonkwo,155.0
hugesmoothtech-corp-20260404,group_chat,Jamal Okonkwo,59.0
hugesmoothtech-corp-20260404,group_chat,Jamal Okonkwo,118.0
hugesmoothtech-corp-20260404,group_chat,Jamal Okonkwo,33.0
hugesmoothtech-corp-20260404,group_chat,Jamal Okonkwo,232.0
hugesmoothtech-corp-20260404,group_chat,Jamal Okonkwo,1080.0
hugesmoothtech-corp-20260404,group_chat,Jamal Okonkwo,100.0
hugesmoothtech-corp-20260404,group_chat,Jamal Okonkwo,75.0
hugesmoothtech-corp-20260404,group_chat,Jamal Okonkwo,155.0
hugesmoothtech-corp-20260404,group_chat,Jamal Okonkwo,66561.0
hugesmoothtech-corp-20260404,group_chat,Jamal Okonkwo,182.0
hugesmoothtech-corp-20260404,group_chat,Jamal Okonkwo,17582.0
hugesmoothtech-corp-20260404,group_chat,Jamal Okonkwo,22.0
hugesmoothtech-corp-20260404,group_chat,Jamal Okonkwo,103.0
hugesmoothtech-corp-20260404,group_chat,Jamal Okonkwo,122.0
hugesmoothtech-corp-20260404,group_chat,Jamal Okonkwo,58.0
hugesmoothtech-corp-20260404,group_chat,Jamal Okonkwo,75.0
hugesmoothtech-corp-20260404,group_chat,Jamal Okonkwo,68.0
hugesmoothtech-corp-20260404,group_chat,Jamal Okonkwo,47.0
hugesmoothtech-corp-20260404,group_chat,Jamal Okonkwo,115.0
hugesmoothtech-corp-20260404,group_chat,Jamal Okonkwo,126.0
hugesmoothtech-corp-20260404,group_chat,Jamal Okonkwo,85674.0
hugesmoothtech-corp-20260404,group_chat,Jamal Okonkwo,123.0
hugesmoothtech-corp-20260404,group_chat,Jamal Okonkwo,114.0
hugesmoothtech-corp-20260404,group_chat,Jamal Okonkwo,109.0
hugesmoothtech-corp-20260404,group_chat,Ravi Patel,213.0
hugesmoothtech-corp-20260404,group_chat,Ravi Patel,170.0
hugesmoothtech-corp-20260404,group_chat,Ravi Patel,82300.0
hugesmoothtech-corp-20260404,group_chat,Ravi Patel,150.0
hugesmoothtech-corp-20260404,group_chat,Ravi Patel,145.0
hugesmoothtech-corp-20260404,group_chat,Ravi Patel,14245.0
hugesmoothtech-corp-20260404,group_chat,Ravi Patel,155.0
hugesmoothtech-corp-20260404,group_chat,Ravi Patel,190.0
hugesmoothtech-corp-20260404,group_chat,Ravi Patel,67970.0
hugesmoothtech-corp-20260404,group_chat,Ravi Patel,148.0
hugesmoothtech-corp-20260404,group_chat,Ravi Patel,132.0
hugesmoothtech-corp-20260404,group_chat,Ravi Patel,135.0
hugesmoothtech-corp-20260404,group_chat,Ravi Patel,130.0
hugesmoothtech-corp-20260404,group_chat,Ravi Patel,83048.0
hugesmoothtech-corp-20260404,group_chat,Ravi Patel,127.0
hugesmoothtech-corp-20260404,group_chat,Ravi Patel,75.0
hugesmoothtech-corp-20260404,group_chat,Ravi Patel,115.0
hugesmoothtech-corp-20260404,group_chat,Ravi Patel,70.0
hugesmoothtech-corp-20260404,group_chat,Ravi Patel,60.0
hugesmoothtech-corp-20260404,group_chat,Ravi Patel,20380.0
hugesmoothtech-corp-20260404,group_chat,Ravi Patel,135.0
hugesmoothtech-corp-20260404,group_chat,Ravi Patel,135.0
hugesmoothtech-corp-20260404,group_chat,Ravi Patel,105.0
hugesmoothtech-corp-20260404,group_chat,Ravi Patel,71597.0
hugesmoothtech-corp-20260404,group_chat,Ravi Patel,70.0
hugesmoothtech-corp-20260404,group_chat,Ravi Patel,58.0
hugesmoothtech-corp-20260404,group_chat,Ravi Patel,37.0
hugesmoothtech-corp-20260404,group_chat,Ravi Patel,3.0
hugesmoothtech-corp-20260404,group_chat,Ravi Patel,65.0
hugesmoothtech-corp-20260404,group_chat,Ravi Patel,45.0
hugesmoothtech-corp-20260404,group_chat,Ravi Patel,40.0
hugesmoothtech-corp-20260404,group_chat,Ravi Patel,13.0
hugesmoothtech-corp-20260404,group_chat,Ravi Patel,45.0
hugesmoothtech-corp-20260404,group_chat,Ravi Patel,37.0
hugesmoothtech-corp-20260404,group_chat,Ravi Patel,45.0
hugesmoothtech-corp-20260404,group_chat,Ravi Patel,120.0
hugesmoothtech-corp-20260404,group_chat,Ravi Patel,35.0
hugesmoothtech-corp-20260404,group_chat,Ravi Patel,82140.0
hugesmoothtech-corp-20260404,group_chat,Ravi Patel,57.0
hugesmoothtech-corp-20260404,group_chat,Ravi Patel,33.0
hugesmoothtech-corp-20260404,group_chat,Ravi Patel,147.0
hugesmoothtech-corp-20260404,group_chat,Ravi Patel,58.0
hugesmoothtech-corp-20260404,group_chat,Ravi Patel,30.0
hugesmoothtech-corp-20260404,group_chat,Ravi Patel,50.0
hugesmoothtech-corp-20260404,group_chat,Ravi Patel,10.0
hugesmoothtech-corp-20260404,group_chat,Ravi Patel,120.0
hugesmoothtech-corp-20260404,group_chat,Ravi Patel,40.0
hugesmoothtech-corp-20260404,group_chat,Ravi Patel,115.0
hugesmoothtech-corp-20260404,group_chat,Ravi Patel,90.0
hugesmoothtech-corp-20260404,group_chat,Ravi Patel,13890.0
hugesmoothtech-corp-20260404,group_chat,Ravi Patel,110.0
hugesmoothtech-corp-20260404,group_chat,Ravi Patel,115.0
hugesmoothtech-corp-20260404,group_chat,Ravi Patel,105.0
hugesmoothtech-corp-20260404,group_chat,Ravi Patel,90.0
hugesmoothtech-corp-20260404,group_chat,Ravi Patel,90.0
hugesmoothtech-corp-20260404,group_chat,Ravi Patel,90.0
hugesmoothtech-corp-20260404,group_chat,Ravi Patel,71397.0
hugesmoothtech-corp-20260404,group_chat,Ravi Patel,302.0
hugesmoothtech-corp-20260404,group_chat,Ravi Patel,126.0
hugesmoothtech-corp-20260404,group_chat,Ravi Patel,205.0
hugesmoothtech-corp-20260404,group_chat,Ravi Patel,60.0
hugesmoothtech-corp-20260404,group_chat,Ravi Patel,20.0
hugesmoothtech-corp-20260404,group_chat,Ravi Patel,205.0
hugesmoothtech-corp-20260404,group_chat,Ravi Patel,65.0
hugesmoothtech-corp-20260404,group_chat,Ravi Patel,55.0
hugesmoothtech-corp-20260404,group_chat,Ravi Patel,45.0
hugesmoothtech-corp-20260404,group_chat,Ravi Patel,175.0
hugesmoothtech-corp-20260404,group_chat,Ravi Patel,115.0
hugesmoothtech-corp-20260404,group_chat,Ravi Patel,17020.0
hugesmoothtech-corp-20260404,group_chat,Ravi Patel,130.0
hugesmoothtech-corp-20260404,group_chat,Ravi Patel,105.0
hugesmoothtech-corp-20260404,group_chat,Ravi Patel,71270.0
hugesmoothtech-corp-20260404,group_chat,Ravi Patel,120.0
hugesmoothtech-corp-20260404,group_chat,Ravi Patel,245.0
hugesmoothtech-corp-20260404,group_chat,Ravi Patel,14127.0
hugesmoothtech-corp-20260404,group_chat,Ravi Patel,148.0
hugesmoothtech-corp-20260404,group_chat,Ravi Patel,44.0
hugesmoothtech-corp-20260404,group_chat,Ravi Patel,206.0
hugesmoothtech-corp-20260404,group_chat,Ravi Patel,1205.0
hugesmoothtech-corp-20260404,group_chat,Ravi Patel,100.0
hugesmoothtech-corp-20260404,group_chat,Ravi Patel,145.0
hugesmoothtech-corp-20260404,group_chat,Ravi Patel,45.0
hugesmoothtech-corp-20260404,group_chat,Ravi Patel,110.0
hugesmoothtech-corp-20260404,group_chat,Ravi Patel,69860.0
hugesmoothtech-corp-20260404,group_chat,Ravi Patel,93.0
hugesmoothtech-corp-20260404,group_chat,Ravi Patel,121.0
hugesmoothtech-corp-20260404,group_chat,Ravi Patel,14246.0
hugesmoothtech-corp-20260404,group_chat,Ravi Patel,307.0
hugesmoothtech-corp-20260404,group_chat,Ravi Patel,113.0
hugesmoothtech-corp-20260404,group_chat,Ravi Patel,71452.0
hugesmoothtech-corp-20260404,group_chat,Ravi Patel,118.0
hugesmoothtech-corp-20260404,group_chat,Ravi Patel,170.0
hugesmoothtech-corp-20260404,group_chat,Ritika Chowdhury,57.0
hugesmoothtech-corp-20260404,group_chat,Ritika Chowdhury,98.0
hugesmoothtech-corp-20260404,group_chat,Ritika Chowdhury,55.0
hugesmoothtech-corp-20260404,group_chat,Ritika Chowdhury,85.0
hugesmoothtech-corp-20260404,group_chat,Ritika Chowdhury,265.0
hugesmoothtech-corp-20260404,group_chat,Ritika Chowdhury,145.0
hugesmoothtech-corp-20260404,group_chat,Ritika Chowdhury,140.0
hugesmoothtech-corp-20260404,group_chat,Ritika Chowdhury,140.0
hugesmoothtech-corp-20260404,group_chat,Ritika Chowdhury,115.0
hugesmoothtech-corp-20260404,group_chat,Ritika Chowdhury,6225.0
hugesmoothtech-corp-20260404,group_chat,Ritika Chowdhury,162.0
hugesmoothtech-corp-20260404,group_chat,Ritika Chowdhury,173.0
hugesmoothtech-corp-20260404,group_chat,Ritika Chowdhury,82387.0
hugesmoothtech-corp-20260404,group_chat,Ritika Chowdhury,133.0
hugesmoothtech-corp-20260404,group_chat,Ritika Chowdhury,14380.0
hugesmoothtech-corp-20260404,group_chat,Ritika Chowdhury,205.0
hugesmoothtech-corp-20260404,group_chat,Ritika Chowdhury,160.0
hugesmoothtech-corp-20260404,group_chat,Ritika Chowdhury,67895.0
hugesmoothtech-corp-20260404,group_chat,Ritika Chowdhury,35.0
hugesmoothtech-corp-20260404,group_chat,Ritika Chowdhury,70.0
hugesmoothtech-corp-20260404,group_chat,Ritika Chowdhury,20.0
hugesmoothtech-corp-20260404,group_chat,Ritika Chowdhury,75.0
hugesmoothtech-corp-20260404,group_chat,Ritika Chowdhury,17820.0
hugesmoothtech-corp-20260404,group_chat,Ritika Chowdhury,195.0
hugesmoothtech-corp-20260404,group_chat,Ritika Chowdhury,175.0
hugesmoothtech-corp-20260404,group_chat,Ritika Chowdhury,45.0
hugesmoothtech-corp-20260404,group_chat,Ritika Chowdhury,85.0
hugesmoothtech-corp-20260404,group_chat,Ritika Chowdhury,154540.0
hugesmoothtech-corp-20260404,group_chat,Ritika Chowdhury,198.0
hugesmoothtech-corp-20260404,group_chat,Ritika Chowdhury,212.0
hugesmoothtech-corp-20260404,group_chat,Ritika Chowdhury,17612.0
hugesmoothtech-corp-20260404,group_chat,Ritika Chowdhury,155.0
hugesmoothtech-corp-20260404,group_chat,Ritika Chowdhury,328.0
hugesmoothtech-corp-20260404,group_chat,Ritika Chowdhury,71200.0
hugesmoothtech-corp-20260404,group_chat,Ritika Chowdhury,235.0
hugesmoothtech-corp-20260404,group_chat,Ritika Chowdhury,155.0
hugesmoothtech-corp-20260404,group_chat,Ritika Chowdhury,175.0
hugesmoothtech-corp-20260404,group_chat,Ritika Chowdhury,13860.0
hugesmoothtech-corp-20260404,group_chat,Ritika Chowdhury,110.0
hugesmoothtech-corp-20260404,group_chat,Ritika Chowdhury,82.0
hugesmoothtech-corp-20260404,group_chat,Ritika Chowdhury,86075.0
hugesmoothtech-corp-20260404,group_chat,Ritika Chowdhury,138.0
hugesmoothtech-corp-20260404,group_chat,Ritika Chowdhury,130.0
hugesmoothtech-corp-20260404,group_chat,Ritika Chowdhury,130.0
hugesmoothtech-corp-20260404,group_chat,Ritika Chowdhury,68882.0
hugesmoothtech-corp-20260404,group_chat,Ritika Chowdhury,148.0
hugesmoothtech-corp-20260404,group_chat,Ritika Chowdhury,100.0
hugesmoothtech-corp-20260404,group_chat,Ritika Chowdhury,35.0
hugesmoothtech-corp-20260404,group_chat,Ritika Chowdhury,110.0
hugesmoothtech-corp-20260404,group_chat,Ritika Chowdhury,65.0
hugesmoothtech-corp-20260404,group_chat,Ritika Chowdhury,2915.0
hugesmoothtech-corp-20260404,group_chat,Lina Johansson,300.0
hugesmoothtech-corp-20260404,group_chat,Lina Johansson,17585.0
hugesmoothtech-corp-20260404,group_chat,Lina Johansson,205.0
hugesmoothtech-corp-20260404,group_chat,Lina Johansson,140.0
hugesmoothtech-corp-20260404,group_chat,Lina Johansson,145.0
hugesmoothtech-corp-20260404,group_chat,Lina Johansson,105.0
hugesmoothtech-corp-20260404,group_chat,Lina Johansson,154272.0
hugesmoothtech-corp-20260404,group_chat,Lina Johansson,140.0
hugesmoothtech-corp-20260404,group_chat,Lina Johansson,143.0
hugesmoothtech-corp-20260404,group_chat,Lina Johansson,130.0
hugesmoothtech-corp-20260404,group_chat,Lina Johansson,125.0
hugesmoothtech-corp-20260404,group_chat,Lina Johansson,182.0
hugesmoothtech-corp-20260404,group_chat,Lina Johansson,158.0
hugesmoothtech-corp-20260404,group_chat,Lina Johansson,115.0
hugesmoothtech-corp-20260404,group_chat,Lina Johansson,120.0
hugesmoothtech-corp-20260404,group_chat,Lina Johansson,255.0
hugesmoothtech-corp-20260404,group_chat,Lina Johansson,170.0
hugesmoothtech-corp-20260404,group_chat,Lina Johansson,261175.0
hugesmoothtech-corp-20260404,group_chat,Lina Johansson,105.0
hugesmoothtech-corp-20260404,group_chat,Lina Johansson,95.0
hugesmoothtech-corp-20260404,group_chat,Lina Johansson,95.0
hugesmoothtech-corp-20260404,group_chat,Lina Johansson,35.0
hugesmoothtech-corp-20260404,group_chat,Lina Johansson,345187.0
hugesmoothtech-corp-20260404,group_chat,Lina Johansson,183.0
hugesmoothtech-corp-20260404,group_chat,Lina Johansson,110.0
hugesmoothtech-corp-20260404,group_chat,Lina Johansson,185.0
hugesmoothtech-corp-20260404,group_chat,Lina Johansson,80.0
hugesmoothtech-corp-20260404,group_chat,Lina Johansson,13925.0
hugesmoothtech-corp-20260404,group_chat,Lina Johansson,185.0
hugesmoothtech-corp-20260404,group_chat,Lina Johansson,85.0
hugesmoothtech-corp-20260404,group_chat,Hyun-Jae Wang,150.0
hugesmoothtech-corp-20260404,group_chat,Hyun-Jae Wang,180.0
hugesmoothtech-corp-20260404,group_chat,Hyun-Jae Wang,71598.0
hugesmoothtech-corp-20260404,group_chat,Hyun-Jae Wang,197.0
hugesmoothtech-corp-20260404,group_chat,Hyun-Jae Wang,1726.0
hugesmoothtech-corp-20260404,group_chat,Hyun-Jae Wang,850.0
hugesmoothtech-corp-20260404,group_chat,Hyun-Jae Wang,80159.0
hugesmoothtech-corp-20260404,group_chat,Hyun-Jae Wang,300.0
hugesmoothtech-corp-20260404,group_chat,Hyun-Jae Wang,176042.0
hugesmoothtech-corp-20260404,group_chat,Hyun-Jae Wang,118.0
hugesmoothtech-corp-20260404,group_chat,Hyun-Jae Wang,130.0
hugesmoothtech-corp-20260404,group_chat,Hyun-Jae Wang,225.0
hugesmoothtech-corp-20260404,group_chat,Hyun-Jae Wang,169430.0
hugesmoothtech-corp-20260404,group_chat,Hyun-Jae Wang,170.0
hugesmoothtech-corp-20260404,group_chat,Hyun-Jae Wang,125.0
hugesmoothtech-corp-20260404,group_chat,Hyun-Jae Wang,100.0
hugesmoothtech-corp-20260404,group_chat,Hyun-Jae Wang,110.0
hugesmoothtech-corp-20260404,group_chat,Hyun-Jae Wang,2345.0
hugesmoothtech-corp-20260404,group_chat,Hyun-Jae Wang,160.0
hugesmoothtech-corp-20260404,group_chat,Hyun-Jae Wang,120.0
hugesmoothtech-corp-20260404,group_chat,Hyun-Jae Wang,90.0
hugesmoothtech-corp-20260404,group_chat,Hyun-Jae Wang,95.0
hugesmoothtech-corp-20260404,group_chat,Hyun-Jae Wang,82258.0
hugesmoothtech-corp-20260404,group_chat,Hyun-Jae Wang,42.0
hugesmoothtech-corp-20260404,group_chat,Hyun-Jae Wang,131.0
hugesmoothtech-corp-20260404,group_chat,Hyun-Jae Wang,113.0
hugesmoothtech-corp-20260404,group_chat,Hyun-Jae Wang,46.0
hugesmoothtech-corp-20260404,group_chat,Hyun-Jae Wang,3321.0
hugesmoothtech-corp-20260404,group_chat,Hyun-Jae Wang,149.0
hugesmoothtech-corp-20260404,group_chat,Hyun-Jae Wang,272.0
hugesmoothtech-corp-20260404,group_chat,Hyun-Jae Wang,172288.0
hugesmoothtech-corp-20260404,group_chat,Hyun-Jae Wang,150.0
hugesmoothtech-corp-20260404,group_chat,Hyun-Jae Wang,245.0
hugesmoothtech-corp-20260404,group_chat,Hyun-Jae Wang,14060.0
hugesmoothtech-corp-20260404,group_chat,Hyun-Jae Wang,165.0
hugesmoothtech-corp-20260404,group_chat,Hyun-Jae Wang,1432.0
hugesmoothtech-corp-20260404,group_chat,Ehsan Abbas,220.0
hugesmoothtech-corp-20260404,group_chat,Ehsan Abbas,185.0
hugesmoothtech-corp-20260404,group_chat,Ehsan Abbas,330735.0
hugesmoothtech-corp-20260404,group_chat,Ehsan Abbas,140.0
hugesmoothtech-corp-20260404,group_chat,Ehsan Abbas,165.0
hugesmoothtech-corp-20260404,group_chat,Ehsan Abbas,150.0
hugesmoothtech-corp-20260404,group_chat,Mona Sharif,165.0
hugesmoothtech-corp-20260404,group_chat,Mona Sharif,100.0
hugesmoothtech-corp-20260404,group_chat,Mona Sharif,252.0
hugesmoothtech-corp-20260404,group_chat,Mona Sharif,153.0
hugesmoothtech-corp-20260404,group_chat,Mona Sharif,140.0
hugesmoothtech-corp-20260404,group_chat,Mona Sharif,145.0
hugesmoothtech-corp-20260404,group_chat,Mona Sharif,100.0
hugesmoothtech-corp-20260404,group_chat,Mona Sharif,2480.0
hugesmoothtech-corp-20260404,group_chat,Mona Sharif,90.0
hugesmoothtech-corp-20260404,group_chat,Mona Sharif,95.0
hugesmoothtech-corp-20260404,group_chat,Mona Sharif,17775.0
hugesmoothtech-corp-20260404,group_chat,Mona Sharif,120.0
hugesmoothtech-corp-20260404,group_chat,Mona Sharif,170.0
hugesmoothtech-corp-20260404,group_chat,Mona Sharif,145.0
hugesmoothtech-corp-20260404,group_chat,Mona Sharif,64625.0
hugesmoothtech-corp-20260404,group_chat,Mona Sharif,230.0
hugesmoothtech-corp-20260404,group_chat,Mona Sharif,200.0
hugesmoothtech-corp-20260404,group_chat,Mona Sharif,240.0
hugesmoothtech-corp-20260404,group_chat,Mona Sharif,2707.0
hugesmoothtech-corp-20260404,group_chat,Mona Sharif,165.0
hugesmoothtech-corp-20260404,group_chat,Mona Sharif,168.0
hugesmoothtech-corp-20260404,group_chat,Mona Sharif,14180.0
hugesmoothtech-corp-20260404,group_chat,Mona Sharif,220.0
hugesmoothtech-corp-20260404,group_chat,Mona Sharif,154465.0
hugesmoothtech-corp-20260404,group_chat,Mona Sharif,102.0
hugesmoothtech-corp-20260404,group_chat,Mona Sharif,83.0
hugesmoothtech-corp-20260404,group_chat,Mona Sharif,48.0
hugesmoothtech-corp-20260404,group_chat,Mona Sharif,87.0
hugesmoothtech-corp-20260404,group_chat,Mona Sharif,86189.0
hugesmoothtech-corp-20260404,group_chat,Mona Sharif,58.0
hugesmoothtech-corp-20260404,group_chat,Mona Sharif,260.0
hugesmoothtech-corp-20260404,group_chat,Mona Sharif,133.0
hugesmoothtech-corp-20260404,group_chat,Mona Sharif,100.0
hugesmoothtech-corp-20260404,group_chat,Mona Sharif,167.0
hugesmoothtech-corp-20260404,group_chat,Mona Sharif,17373.0
hugesmoothtech-corp-20260404,group_chat,Mona Sharif,203.0
hugesmoothtech-corp-20260404,group_chat,Mona Sharif,324.0
hugesmoothtech-corp-20260404,group_chat,Mona Sharif,168.0
hugesmoothtech-corp-20260404,group_chat,Mona Sharif,67490.0
hugesmoothtech-corp-20260404,group_chat,Mona Sharif,350.0
hugesmoothtech-corp-20260404,group_chat,Mona Sharif,3195.0
hugesmoothtech-corp-20260404,group_chat,Mona Sharif,215.0
hugesmoothtech-corp-20260404,group_chat,Mona Sharif,115.0
hugesmoothtech-corp-20260404,group_chat,Mona Sharif,145.0
hugesmoothtech-corp-20260404,group_chat,Mona Sharif,110.0
hugesmoothtech-corp-20260404,group_chat,Mona Sharif,120.0
hugesmoothtech-corp-20260404,group_chat,Mona Sharif,99962.0
hugesmoothtech-corp-20260404,group_chat,Mona Sharif,130.0
hugesmoothtech-corp-20260404,group_chat,Mona Sharif,193.0
hugesmoothtech-corp-20260404,group_chat,Mona Sharif,175.0
hugesmoothtech-corp-20260404,group_chat,Mona Sharif,68823.0
hugesmoothtech-corp-20260404,group_chat,Mona Sharif,107.0
hugesmoothtech-corp-20260404,group_chat,Mona Sharif,130.0
hugesmoothtech-corp-20260404,group_chat,Mona Sharif,145.0
hugesmoothtech-corp-20260404,group_chat,Mona Sharif,100.0
hugesmoothtech-corp-20260404,group_chat,Mona Sharif,85.0
hugesmoothtech-corp-20260404,group_chat,Mona Sharif,2755.0
hugesmoothtech-corp-20260404,group_chat,Mona Sharif,14017.0
hugesmoothtech-corp-20260404,group_chat,Mona Sharif,196.0
hugesmoothtech-corp-20260404,group_chat,Mona Sharif,204.0
hugesmoothtech-corp-20260404,group_chat,Mona Sharif,154466.0
hugesmoothtech-corp-20260404,group_chat,Mona Sharif,187.0
hugesmoothtech-corp-20260404,group_chat,Mona Sharif,165.0
hugesmoothtech-corp-20260404,group_chat,Mona Sharif,138.0
hugesmoothtech-corp-20260404,group_chat,Mona Sharif,124.0
hugesmoothtech-corp-20260404,group_chat,Jacqueline Dubois,145.0
hugesmoothtech-corp-20260404,group_chat,Jacqueline Dubois,160.0
hugesmoothtech-corp-20260404,group_chat,Jacqueline Dubois,390.0
hugesmoothtech-corp-20260404,group_chat,Jacqueline Dubois,75.0
hugesmoothtech-corp-20260404,group_chat,Jacqueline Dubois,170.0
hugesmoothtech-corp-20260404,group_chat,Jacqueline Dubois,140.0
hugesmoothtech-corp-20260404,group_chat,Jacqueline Dubois,130.0
hugesmoothtech-corp-20260404,group_chat,Jacqueline Dubois,85495.0
hugesmoothtech-corp-20260404,group_chat,Jacqueline Dubois,205.0
hugesmoothtech-corp-20260404,group_chat,Jacqueline Dubois,200.0
hugesmoothtech-corp-20260404,group_chat,Jacqueline Dubois,245.0
hugesmoothtech-corp-20260404,group_chat,Jacqueline Dubois,17345.0
hugesmoothtech-corp-20260404,group_chat,Jacqueline Dubois,155.0
hugesmoothtech-corp-20260404,group_chat,Jacqueline Dubois,142.0
hugesmoothtech-corp-20260404,group_chat,Jacqueline Dubois,118.0
hugesmoothtech-corp-20260404,group_chat,Jacqueline Dubois,110.0
hugesmoothtech-corp-20260404,group_chat,Jacqueline Dubois,64872.0
hugesmoothtech-corp-20260404,group_chat,Jacqueline Dubois,223.0
hugesmoothtech-corp-20260404,group_chat,Jacqueline Dubois,125.0
hugesmoothtech-corp-20260404,group_chat,Jacqueline Dubois,240.0
hugesmoothtech-corp-20260404,group_chat,Jacqueline Dubois,250.0
hugesmoothtech-corp-20260404,group_chat,Jacqueline Dubois,220.0
hugesmoothtech-corp-20260404,group_chat,Jacqueline Dubois,84620.0
hugesmoothtech-corp-20260404,group_chat,Jacqueline Dubois,269.0
hugesmoothtech-corp-20260404,group_chat,Jacqueline Dubois,186.0
hugesmoothtech-corp-20260404,group_chat,Jacqueline Dubois,215.0
hugesmoothtech-corp-20260404,group_chat,Jacqueline Dubois,172.0
hugesmoothtech-corp-20260404,group_chat,Jacqueline Dubois,107090.0
hugesmoothtech-corp-20260404,group_chat,Jacqueline Dubois,188.0
hugesmoothtech-corp-20260404,group_chat,Jacqueline Dubois,155.0
hugesmoothtech-corp-20260404,group_chat,Jacqueline Dubois,137.0
hugesmoothtech-corp-20260404,group_chat,Jacqueline Dubois,63.0
hugesmoothtech-corp-20260404,group_chat,Jacqueline Dubois,154267.0
hugesmoothtech-corp-20260404,group_chat,Jacqueline Dubois,93.0
hugesmoothtech-corp-20260404,group_chat,Jacqueline Dubois,318.0
hugesmoothtech-corp-20260404,group_chat,Jacqueline Dubois,79.0
hugesmoothtech-corp-20260404,group_chat,Jacqueline Dubois,268.0
hugesmoothtech-corp-20260404,group_chat,Jacqueline Dubois,145.0
hugesmoothtech-corp-20260404,group_chat,Jacqueline Dubois,30.0
hugesmoothtech-corp-20260404,group_chat,Jacqueline Dubois,467.0
hugesmoothtech-corp-20260404,group_chat,Jacqueline Dubois,88720.0
hugesmoothtech-corp-20260404,group_chat,Jacqueline Dubois,178.0
hugesmoothtech-corp-20260404,group_chat,Jacqueline Dubois,245.0
hugesmoothtech-corp-20260404,group_chat,Jacqueline Dubois,190.0
hugesmoothtech-corp-20260404,group_chat,Jacqueline Dubois,85725.0
hugesmoothtech-corp-20260404,group_chat,Jacqueline Dubois,120.0
hugesmoothtech-corp-20260404,group_chat,Jacqueline Dubois,123.0
hugesmoothtech-corp-20260404,group_chat,Jacqueline Dubois,86089.0
hugesmoothtech-corp-20260404,group_chat,Jacqueline Dubois,140.0
hugesmoothtech-corp-20260404,group_chat,Jacqueline Dubois,138.0
hugesmoothtech-corp-20260404,group_chat,Carlos Garcia,180.0
hugesmoothtech-corp-20260404,group_chat,Carlos Garcia,150.0
hugesmoothtech-corp-20260404,group_chat,Carlos Garcia,90.0
hugesmoothtech-corp-20260404,group_chat,Carlos Garcia,180.0
hugesmoothtech-corp-20260404,group_chat,Carlos Garcia,67845.0
hugesmoothtech-corp-20260404,group_chat,Carlos Garcia,185.0
hugesmoothtech-corp-20260404,group_chat,Carlos Garcia,130.0
hugesmoothtech-corp-20260404,group_chat,Carlos Garcia,165.0
hugesmoothtech-corp-20260404,group_chat,Carlos Garcia,82435.0
hugesmoothtech-corp-20260404,group_chat,Carlos Garcia,22.0
hugesmoothtech-corp-20260404,group_chat,Carlos Garcia,38.0
hugesmoothtech-corp-20260404,group_chat,Carlos Garcia,60.0
hugesmoothtech-corp-20260404,group_chat,Carlos Garcia,15.0
hugesmoothtech-corp-20260404,group_chat,Carlos Garcia,140.0
hugesmoothtech-corp-20260404,group_chat,Carlos Garcia,30.0
hugesmoothtech-corp-20260404,group_chat,Carlos Garcia,17667.0
hugesmoothtech-corp-20260404,group_chat,Carlos Garcia,138.0
hugesmoothtech-corp-20260404,group_chat,Carlos Garcia,65.0
hugesmoothtech-corp-20260404,group_chat,Carlos Garcia,220.0
hugesmoothtech-corp-20260404,group_chat,Carlos Garcia,85.0
hugesmoothtech-corp-20260404,group_chat,Carlos Garcia,154312.0
hugesmoothtech-corp-20260404,group_chat,Carlos Garcia,283.0
hugesmoothtech-corp-20260404,group_chat,Carlos Garcia,137.0
hugesmoothtech-corp-20260404,group_chat,Carlos Garcia,174.0
hugesmoothtech-corp-20260404,group_chat,Carlos Garcia,157.0
hugesmoothtech-corp-20260404,group_chat,Carlos Garcia,89267.0
hugesmoothtech-corp-20260404,group_chat,Carlos Garcia,120.0
hugesmoothtech-corp-20260404,group_chat,Carlos Garcia,160.0
hugesmoothtech-corp-20260404,group_chat,Carlos Garcia,145.0
hugesmoothtech-corp-20260404,group_chat,Carlos Garcia,125.0
hugesmoothtech-corp-20260404,group_chat,Carlos Garcia,186571.0
hugesmoothtech-corp-20260404,group_chat,Carlos Garcia,182.0
hugesmoothtech-corp-20260404,group_chat,Carlos Garcia,188.0
hugesmoothtech-corp-20260404,group_chat,Carlos Garcia,174.0
hugesmoothtech-corp-20260404,group_chat,Khoi Nguyen,213.0
hugesmoothtech-corp-20260404,group_chat,Khoi Nguyen,127.0
hugesmoothtech-corp-20260404,group_chat,Khoi Nguyen,21310.0
hugesmoothtech-corp-20260404,group_chat,Khoi Nguyen,120.0
hugesmoothtech-corp-20260404,group_chat,Khoi Nguyen,50.0
hugesmoothtech-corp-20260404,group_chat,Khoi Nguyen,120.0
hugesmoothtech-corp-20260404,group_chat,Khoi Nguyen,50.0
hugesmoothtech-corp-20260404,group_chat,Khoi Nguyen,120.0
hugesmoothtech-corp-20260404,group_chat,Khoi Nguyen,67863.0
hugesmoothtech-corp-20260404,group_chat,Khoi Nguyen,147.0
hugesmoothtech-corp-20260404,group_chat,Khoi Nguyen,160.0
hugesmoothtech-corp-20260404,group_chat,Khoi Nguyen,155.0
hugesmoothtech-corp-20260404,group_chat,Khoi Nguyen,82440.0
hugesmoothtech-corp-20260404,group_chat,Khoi Nguyen,87.0
hugesmoothtech-corp-20260404,group_chat,Khoi Nguyen,98.0
hugesmoothtech-corp-20260404,group_chat,Khoi Nguyen,190822.0
hugesmoothtech-corp-20260404,group_chat,Khoi Nguyen,123.0
hugesmoothtech-corp-20260404,group_chat,Khoi Nguyen,342.0
hugesmoothtech-corp-20260404,group_chat,Khoi Nguyen,71328.0
hugesmoothtech-corp-20260404,group_chat,Khoi Nguyen,87.0
hugesmoothtech-corp-20260404,group_chat,Khoi Nguyen,188.0
hugesmoothtech-corp-20260404,group_chat,Khoi Nguyen,150.0
hugesmoothtech-corp-20260404,group_chat,Khoi Nguyen,135.0
hugesmoothtech-corp-20260404,group_chat,Khoi Nguyen,80.0
hugesmoothtech-corp-20260404,group_chat,Khoi Nguyen,99950.0
hugesmoothtech-corp-20260404,group_chat,Khoi Nguyen,170.0
hugesmoothtech-corp-20260404,group_chat,Khoi Nguyen,127.0
hugesmoothtech-corp-20260404,group_chat,Khoi Nguyen,80.0
hugesmoothtech-corp-20260404,group_chat,Khoi Nguyen,158.0
hugesmoothtech-corp-20260404,group_chat,Khoi Nguyen,68825.0
hugesmoothtech-corp-20260404,group_chat,Khoi Nguyen,110.0
hugesmoothtech-corp-20260404,group_chat,Khoi Nguyen,100.0
hugesmoothtech-corp-20260404,group_chat,Khoi Nguyen,145.0
hugesmoothtech-corp-20260404,group_chat,Khoi Nguyen,115.0
hugesmoothtech-corp-20260404,group_chat,Khoi Nguyen,2350.0
hugesmoothtech-corp-20260404,group_chat,Mandla Abebe,242.0
hugesmoothtech-corp-20260404,group_chat,Mandla Abebe,65.0
hugesmoothtech-corp-20260404,group_chat,Mandla Abebe,235.0
hugesmoothtech-corp-20260404,group_chat,Mandla Abebe,104277.0
hugesmoothtech-corp-20260404,group_chat,Mandla Abebe,183.0
hugesmoothtech-corp-20260404,group_chat,Mandla Abebe,145.0
hugesmoothtech-corp-20260404,group_chat,Mandla Abebe,95.0
hugesmoothtech-corp-20260404,group_chat,Mandla Abebe,65097.0
hugesmoothtech-corp-20260404,group_chat,Mandla Abebe,248.0
hugesmoothtech-corp-20260404,group_chat,Mandla Abebe,350.0
hugesmoothtech-corp-20260404,group_chat,Mandla Abebe,255.0
hugesmoothtech-corp-20260404,group_chat,Mandla Abebe,145.0
hugesmoothtech-corp-20260404,group_chat,Mandla Abebe,195875.0
hugesmoothtech-corp-20260404,group_chat,Mandla Abebe,110.0
hugesmoothtech-corp-20260404,group_chat,Mandla Abebe,130.0
hugesmoothtech-corp-20260404,group_chat,Mandla Abebe,55.0
hugesmoothtech-corp-20260404,group_chat,Mandla Abebe,82680.0
hugesmoothtech-corp-20260404,group_chat,Mandla Abebe,120.0
hugesmoothtech-corp-20260404,group_chat,Mandla Abebe,7135.0
hugesmoothtech-corp-20260404,group_chat,Mandla Abebe,240.0
hugesmoothtech-corp-20260404,group_chat,Mandla Abebe,170.0
hugesmoothtech-corp-20260404,group_chat,Mandla Abebe,95.0
hugesmoothtech-corp-20260404,group_chat,Mandla Abebe,150762.0
hugesmoothtech-corp-20260404,group_chat,Mandla Abebe,293.0
hugesmoothtech-corp-20260404,group_chat,Mandla Abebe,85.0
hugesmoothtech-corp-20260404,group_chat,Mandla Abebe,80.0
hugesmoothtech-corp-20260404,group_chat,Mandla Abebe,200.0
hugesmoothtech-corp-20260404,group_chat,Mandla Abebe,175.0
hugesmoothtech-corp-20260404,group_chat,Mandla Abebe,81967.0
hugesmoothtech-corp-20260404,group_chat,Mandla Abebe,241.0
hugesmoothtech-corp-20260404,group_chat,Mandla Abebe,168.0
hugesmoothtech-corp-20260404,group_chat,Mandla Abebe,17580.0
hugesmoothtech-corp-20260404,group_chat,Mandla Abebe,122.0
hugesmoothtech-corp-20260404,group_chat,Mandla Abebe,118.0
hugesmoothtech-corp-20260404,group_chat,Mandla Abebe,128.0
hugesmoothtech-corp-20260404,group_chat,Mandla Abebe,109.0
hugesmoothtech-corp-20260404,group_chat,Mandla Abebe,124.0
hugesmoothtech-corp-20260404,group_chat,Mandla Abebe,103.0
hugesmoothtech-corp-20260404,group_chat,Mandla Abebe,67395.0
hugesmoothtech-corp-20260404,group_chat,Mandla Abebe,140.0
hugesmoothtech-corp-20260404,group_chat,Mandla Abebe,30.0
hugesmoothtech-corp-20260404,group_chat,Mandla Abebe,175.0
hugesmoothtech-corp-20260404,group_chat,Mandla Abebe,120.0
hugesmoothtech-corp-20260404,group_chat,Mandla Abebe,30.0
hugesmoothtech-corp-20260404,group_chat,Mandla Abebe,135.0
hugesmoothtech-corp-20260404,group_chat,Mandla Abebe,20.0
hugesmoothtech-corp-20260404,group_chat,Mandla Abebe,250.0
hugesmoothtech-corp-20260404,group_chat,Amina Mustafa,162.0
hugesmoothtech-corp-20260404,group_chat,Amina Mustafa,258.0
hugesmoothtech-corp-20260404,group_chat,Amina Mustafa,265.0
hugesmoothtech-corp-20260404,group_chat,Amina Mustafa,89560.0
hugesmoothtech-corp-20260404,group_chat,Amina Mustafa,180.0
hugesmoothtech-corp-20260404,group_chat,Amina Mustafa,120.0
hugesmoothtech-corp-20260404,group_chat,Amina Mustafa,258873.0
hugesmoothtech-corp-20260404,group_chat,Amina Mustafa,237.0
hugesmoothtech-corp-20260404,group_chat,Amina Mustafa,150.0
hugesmoothtech-corp-20260404,group_chat,Amina Mustafa,13895.0
hugesmoothtech-corp-20260404,group_chat,Amina Mustafa,223.0
hugesmoothtech-corp-20260404,group_chat,Amina Mustafa,129.0
hugesmoothtech-corp-20260404,group_chat,Amina Mustafa,288.0
hugesmoothtech-corp-20260404,group_chat,Amina Mustafa,40.0
hugesmoothtech-corp-20260404,group_chat,Amina Mustafa,67782.0
hugesmoothtech-corp-20260404,group_chat,Amina Mustafa,378.0
hugesmoothtech-corp-20260404,group_chat,Amina Mustafa,290.0
hugesmoothtech-corp-20260404,group_chat,Amina Mustafa,103591.0
hugesmoothtech-corp-20260404,group_chat,Amina Mustafa,149.0
hugesmoothtech-corp-20260404,group_chat,Amina Mustafa,110.0
hugesmoothtech-corp-20260404,group_chat,Amina Mustafa,220.0
hugesmoothtech-corp-20260404,group_chat,Amina Mustafa,155000.0
hugesmoothtech-corp-20260404,group_chat,Amina Mustafa,102.0
hugesmoothtech-corp-20260404,group_chat,Amina Mustafa,95.0
hugesmoothtech-corp-20260404,group_chat,Amina Mustafa,95.0
hugesmoothtech-corp-20260404,group_chat,Amina Mustafa,95.0
hugesmoothtech-corp-20260404,group_chat,Amina Mustafa,2714.0
hugesmoothtech-corp-20260404,group_chat,Amina Mustafa,180.0
hugesmoothtech-corp-20260404,group_chat,Amina Mustafa,82724.0
hugesmoothtech-corp-20260404,group_chat,Amina Mustafa,138.0
hugesmoothtech-corp-20260404,group_chat,Amina Mustafa,177.0
hugesmoothtech-corp-20260404,group_chat,Amina Mustafa,120.0
hugesmoothtech-corp-20260404,group_chat,Amina Mustafa,125.0
hugesmoothtech-corp-20260404,group_chat,Amina Mustafa,2887.0
hugesmoothtech-corp-20260404,group_chat,Amina Mustafa,138.0
hugesmoothtech-corp-20260404,group_chat,Amina Mustafa,155.0
hugesmoothtech-corp-20260404,group_chat,Neha Khatri,155.0
hugesmoothtech-corp-20260404,group_chat,Neha Khatri,150.0
hugesmoothtech-corp-20260404,group_chat,Neha Khatri,315.0
hugesmoothtech-corp-20260404,group_chat,Neha Khatri,89470.0
hugesmoothtech-corp-20260404,group_chat,Neha Khatri,165.0
hugesmoothtech-corp-20260404,group_chat,Neha Khatri,165.0
hugesmoothtech-corp-20260404,group_chat,Neha Khatri,273398.0
hugesmoothtech-corp-20260404,group_chat,Neha Khatri,97.0
hugesmoothtech-corp-20260404,group_chat,Neha Khatri,185.0
hugesmoothtech-corp-20260404,group_chat,Neha Khatri,60.0
hugesmoothtech-corp-20260404,group_chat,Neha Khatri,68050.0
hugesmoothtech-corp-20260404,group_chat,Neha Khatri,65.0
hugesmoothtech-corp-20260404,group_chat,Neha Khatri,385.0
hugesmoothtech-corp-20260404,group_chat,Neha Khatri,175953.0
hugesmoothtech-corp-20260404,group_chat,Neha Khatri,127.0
hugesmoothtech-corp-20260404,group_chat,Neha Khatri,115.0
hugesmoothtech-corp-20260404,group_chat,Neha Khatri,82969.0
hugesmoothtech-corp-20260404,group_chat,Neha Khatri,101.0
hugesmoothtech-corp-20260404,group_chat,Neha Khatri,91.0
hugesmoothtech-corp-20260404,group_chat,Neha Khatri,101.0
hugesmoothtech-corp-20260404,group_chat,Neha Khatri,94.0
hugesmoothtech-corp-20260404,group_chat,Neha Khatri,85630.0
hugesmoothtech-corp-20260404,group_chat,Neha Khatri,216.0
hugesmoothtech-corp-20260404,group_chat,Neha Khatri,112.0
hugesmoothtech-corp-20260404,group_chat,Neha Khatri,45.0
hugesmoothtech-corp-20260404,group_chat,Neha Khatri,176.0
hugesmoothtech-corp-20260404,group_chat,Neha Khatri,2905.0
hugesmoothtech-corp-20260404,group_chat,Neha Khatri,145.0
hugesmoothtech-corp-20260404,group_chat,Neha Khatri,155.0
hugesmoothtech-corp-20260404,group_chat,Rose Mensah,75.0
hugesmoothtech-corp-20260404,group_chat,Rose Mensah,90.0
hugesmoothtech-corp-20260404,group_chat,Rose Mensah,45.0
hugesmoothtech-corp-20260404,group_chat,Rose Mensah,90.0
hugesmoothtech-corp-20260404,group_chat,Rose Mensah,166175.0
hugesmoothtech-corp-20260404,group_chat,Rose Mensah,215.0
hugesmoothtech-corp-20260404,group_chat,Rose Mensah,200.0
hugesmoothtech-corp-20260404,group_chat,Rose Mensah,190.0
hugesmoothtech-corp-20260404,group_chat,Rose Mensah,310.0
hugesmoothtech-corp-20260404,group_chat,Rose Mensah,160.0
hugesmoothtech-corp-20260404,group_chat,Rose Mensah,195930.0
hugesmoothtech-corp-20260404,group_chat,Rose Mensah,40.0
hugesmoothtech-corp-20260404,group_chat,Rose Mensah,40.0
hugesmoothtech-corp-20260404,group_chat,Rose Mensah,115.0
hugesmoothtech-corp-20260404,group_chat,Rose Mensah,20.0
hugesmoothtech-corp-20260404,group_chat,Rose Mensah,75.0
hugesmoothtech-corp-20260404,group_chat,Rose Mensah,82603.0
hugesmoothtech-corp-20260404,group_chat,Rose Mensah,129.0
hugesmoothtech-corp-20260404,group_chat,Rose Mensah,96.0
hugesmoothtech-corp-20260404,group_chat,Rose Mensah,7017.0
hugesmoothtech-corp-20260404,group_chat,Rose Mensah,200.0
hugesmoothtech-corp-20260404,group_chat,Rose Mensah,185.0
hugesmoothtech-corp-20260404,group_chat,Rose Mensah,270.0
hugesmoothtech-corp-20260404,group_chat,Rose Mensah,60685.0
hugesmoothtech-corp-20260404,group_chat,Rose Mensah,145.0
hugesmoothtech-corp-20260404,group_chat,Rose Mensah,2.0
hugesmoothtech-corp-20260404,group_chat,Rose Mensah,100.0
hugesmoothtech-corp-20260404,group_chat,Rose Mensah,397.0
hugesmoothtech-corp-20260404,group_chat,Rose Mensah,51.0
hugesmoothtech-corp-20260404,group_chat,Rose Mensah,425.0
hugesmoothtech-corp-20260404,group_chat,Rose Mensah,267.0
hugesmoothtech-corp-20260404,group_chat,Rose Mensah,88713.0
hugesmoothtech-corp-20260404,group_chat,Rose Mensah,245.0
hugesmoothtech-corp-20260404,group_chat,Rose Mensah,240.0
hugesmoothtech-corp-20260404,group_chat,Rose Mensah,125.0
hugesmoothtech-corp-20260404,group_chat,Rose Mensah,13610.0
hugesmoothtech-corp-20260404,group_chat,Rose Mensah,197.0
hugesmoothtech-corp-20260404,group_chat,Rose Mensah,181.0
hugesmoothtech-corp-20260404,group_chat,Rose Mensah,68158.0
hugesmoothtech-corp-20260404,group_chat,Rose Mensah,224.0
hugesmoothtech-corp-20260404,group_chat,Rose Mensah,97.0
hugesmoothtech-corp-20260404,group_chat,Rose Mensah,85763.0
hugesmoothtech-corp-20260404,group_chat,Rose Mensah,110.0
hugesmoothtech-corp-20260404,group_chat,Rose Mensah,40.0
hugesmoothtech-corp-20260404,group_chat,Rose Mensah,50.0
hugesmoothtech-corp-20260404,group_chat,Rose Mensah,125.0
hugesmoothtech-corp-20260404,group_chat,Rose Mensah,25.0
hugesmoothtech-corp-20260404,group_chat,Rose Mensah,145.0
hugesmoothtech-corp-20260404,group_chat,Rose Mensah,310.0
hugesmoothtech-corp-20260404,group_chat,Rose Mensah,17415.0
hugesmoothtech-corp-20260404,group_chat,Rose Mensah,96.0
hugesmoothtech-corp-20260404,group_chat,Rose Mensah,84.0
hugesmoothtech-corp-20260404,group_chat,Rose Mensah,60.0
hugesmoothtech-corp-20260404,group_chat,Rose Mensah,67.0
hugesmoothtech-corp-20260404,group_chat,Fabiana Pereira,105.0
hugesmoothtech-corp-20260404,group_chat,Fabiana Pereira,70.0
hugesmoothtech-corp-20260404,group_chat,Fabiana Pereira,80.0
hugesmoothtech-corp-20260404,group_chat,Fabiana Pereira,45.0
hugesmoothtech-corp-20260404,group_chat,Fabiana Pereira,363180.0
hugesmoothtech-corp-20260404,group_chat,Fabiana Pereira,90.0
hugesmoothtech-corp-20260404,group_chat,Fabiana Pereira,60.0
hugesmoothtech-corp-20260404,group_chat,Fabiana Pereira,90.0
hugesmoothtech-corp-20260404,group_chat,Fabiana Pereira,82682.0
hugesmoothtech-corp-20260404,group_chat,Fabiana Pereira,118.0
hugesmoothtech-corp-20260404,group_chat,Fabiana Pereira,90.0
hugesmoothtech-corp-20260404,group_chat,Fabiana Pereira,7025.0
hugesmoothtech-corp-20260404,group_chat,Fabiana Pereira,210.0
hugesmoothtech-corp-20260404,group_chat,Fabiana Pereira,175.0
hugesmoothtech-corp-20260404,group_chat,Fabiana Pereira,195.0
hugesmoothtech-corp-20260404,group_chat,Fabiana Pereira,60627.0
hugesmoothtech-corp-20260404,group_chat,Fabiana Pereira,273.0
hugesmoothtech-corp-20260404,group_chat,Fabiana Pereira,258.0
hugesmoothtech-corp-20260404,group_chat,Fabiana Pereira,192.0
hugesmoothtech-corp-20260404,group_chat,Fabiana Pereira,89523.0
hugesmoothtech-corp-20260404,group_chat,Fabiana Pereira,72.0
hugesmoothtech-corp-20260404,group_chat,Fabiana Pereira,320.0
hugesmoothtech-corp-20260404,group_chat,Fabiana Pereira,215.0
hugesmoothtech-corp-20260404,group_chat,Fabiana Pereira,13628.0
hugesmoothtech-corp-20260404,group_chat,Fabiana Pereira,197.0
hugesmoothtech-corp-20260404,group_chat,Fabiana Pereira,139.0
hugesmoothtech-corp-20260404,group_chat,Fabiana Pereira,68181.0
hugesmoothtech-corp-20260404,group_chat,Fabiana Pereira,207.0
hugesmoothtech-corp-20260404,group_chat,Fabiana Pereira,123.0
hugesmoothtech-corp-20260404,group_chat,Fabiana Pereira,85735.0
hugesmoothtech-corp-20260404,group_chat,Fabiana Pereira,150.0
hugesmoothtech-corp-20260404,group_chat,Fabiana Pereira,150.0
hugesmoothtech-corp-20260404,group_chat,Fabiana Pereira,145.0
hugesmoothtech-corp-20260404,group_chat,Fabiana Pereira,17797.0
hugesmoothtech-corp-20260404,group_chat,Fabiana Pereira,93.0
hugesmoothtech-corp-20260404,group_chat,Fabiana Pereira,60.0
hugesmoothtech-corp-20260404,group_chat,Fabiana Pereira,80.0
hugesmoothtech-corp-20260404,group_chat,Ade Okonkwo,95.0
hugesmoothtech-corp-20260404,group_chat,Ade Okonkwo,95.0
hugesmoothtech-corp-20260404,group_chat,Ade Okonkwo,514825.0
hugesmoothtech-corp-20260404,group_chat,Ade Okonkwo,415.0
hugesmoothtech-corp-20260404,group_chat,Ade Okonkwo,202.0
hugesmoothtech-corp-20260404,group_chat,Ade Okonkwo,172220.0
hugesmoothtech-corp-20260404,group_chat,Ade Okonkwo,193.0
hugesmoothtech-corp-20260404,group_chat,Ade Okonkwo,85855.0
hugesmoothtech-corp-20260404,group_chat,Ade Okonkwo,180.0
hugesmoothtech-corp-20260404,group_chat,Ade Okonkwo,150.0
hugesmoothtech-corp-20260404,group_chat,Ade Okonkwo,140.0
hugesmoothtech-corp-20260404,group_chat,Ade Okonkwo,17774.0
hugesmoothtech-corp-20260404,group_chat,Ade Okonkwo,89.0
hugesmoothtech-corp-20260404,group_chat,Ade Okonkwo,102.0
hugesmoothtech-corp-20260404,group_chat,Rohit Prasad,117.0
hugesmoothtech-corp-20260404,group_chat,Rohit Prasad,33.0
hugesmoothtech-corp-20260404,group_chat,Rohit Prasad,1670.0
hugesmoothtech-corp-20260404,group_chat,Rohit Prasad,983.0
hugesmoothtech-corp-20260404,group_chat,Rohit Prasad,80015.0
hugesmoothtech-corp-20260404,group_chat,Rohit Prasad,285.0
hugesmoothtech-corp-20260404,group_chat,Rohit Prasad,86040.0
hugesmoothtech-corp-20260404,group_chat,Rohit Prasad,133.0
hugesmoothtech-corp-20260404,group_chat,Rohit Prasad,124.0
hugesmoothtech-corp-20260404,group_chat,Rohit Prasad,86080.0
hugesmoothtech-corp-20260404,group_chat,Rohit Prasad,153.0
hugesmoothtech-corp-20260404,group_chat,Rohit Prasad,185.0
hugesmoothtech-corp-20260404,group_chat,Rohit Prasad,140.0
hugesmoothtech-corp-20260404,group_chat,Rohit Prasad,200.0
hugesmoothtech-corp-20260404,group_chat,Rohit Prasad,3065.0
hugesmoothtech-corp-20260404,group_chat,Rohit Prasad,120.0
hugesmoothtech-corp-20260404,group_chat,Rohit Prasad,160.0
hugesmoothtech-corp-20260404,group_chat,Rohit Prasad,86040.0
hugesmoothtech-corp-20260404,group_chat,Rohit Prasad,45.0
hugesmoothtech-corp-20260404,group_chat,Rohit Prasad,145.0
hugesmoothtech-corp-20260404,group_chat,Rohit Prasad,83455.0
hugesmoothtech-corp-20260404,group_chat,Rohit Prasad,51.0
hugesmoothtech-corp-20260404,group_chat,Rohit Prasad,64.0
hugesmoothtech-corp-20260404,group_chat,Rohit Prasad,155.0
hugesmoothtech-corp-20260404,group_chat,Rohit Prasad,125.0
hugesmoothtech-corp-20260404,group_chat,Rohit Prasad,2445.0
hugesmoothtech-corp-20260404,group_chat,Rohit Prasad,165.0
hugesmoothtech-corp-20260404,group_chat,Rohit Prasad,75.0
hugesmoothtech-corp-20260404,group_chat,Rohit Prasad,140.0
hugesmoothtech-corp-20260404,group_chat,Rohit Prasad,82342.0
hugesmoothtech-corp-20260404,group_chat,Rohit Prasad,42.0
hugesmoothtech-corp-20260404,group_chat,Rohit Prasad,116.0
hugesmoothtech-corp-20260404,group_chat,Rohit Prasad,127.0
hugesmoothtech-corp-20260404,group_chat,Rohit Prasad,3288.0
hugesmoothtech-corp-20260404,group_chat,Rohit Prasad,147.0
hugesmoothtech-corp-20260404,group_chat,Rohit Prasad,128.0
hugesmoothtech-corp-20260404,group_chat,Rohit Prasad,169203.0
hugesmoothtech-corp-20260404,group_chat,Rohit Prasad,162.0
hugesmoothtech-corp-20260404,group_chat,Rohit Prasad,225.0
hugesmoothtech-corp-20260404,group_chat,Rohit Prasad,17395.0
hugesmoothtech-corp-20260404,group_chat,Rohit Prasad,135.0
hugesmoothtech-corp-20260404,group_chat,Rohit Prasad,1440.0
hugesmoothtech-corp-20260404,group_chat,Liang Zhang,205.0
hugesmoothtech-corp-20260404,group_chat,Liang Zhang,255.0
hugesmoothtech-corp-20260404,group_chat,Liang Zhang,260.0
hugesmoothtech-corp-20260404,group_chat,Liang Zhang,165.0
hugesmoothtech-corp-20260404,group_chat,Liang Zhang,189815.0
hugesmoothtech-corp-20260404,group_chat,Liang Zhang,115.0
hugesmoothtech-corp-20260404,group_chat,Liang Zhang,135.0
hugesmoothtech-corp-20260404,group_chat,Liang Zhang,80.0
hugesmoothtech-corp-20260404,group_chat,Liang Zhang,105.0
hugesmoothtech-corp-20260404,group_chat,Liang Zhang,154445.0
hugesmoothtech-corp-20260404,group_chat,Liang Zhang,192.0
hugesmoothtech-corp-20260404,group_chat,Liang Zhang,348951.0
hugesmoothtech-corp-20260404,group_chat,Liang Zhang,107.0
hugesmoothtech-corp-20260404,group_chat,Liang Zhang,125.0
hugesmoothtech-corp-20260404,group_chat,mariana_garcia,133.0
hugesmoothtech-corp-20260404,group_chat,mariana_garcia,127.0
hugesmoothtech-corp-20260404,group_chat,mariana_garcia,127.0
hugesmoothtech-corp-20260404,group_chat,mariana_garcia,38.0
hugesmoothtech-corp-20260404,group_chat,mariana_garcia,171922.0
hugesmoothtech-corp-20260404,group_chat,mariana_garcia,169.0
hugesmoothtech-corp-20260404,group_chat,mariana_garcia,79.0
hugesmoothtech-corp-20260404,group_chat,mariana_garcia,225.0
hugesmoothtech-corp-20260404,group_chat,mariana_garcia,116.0
hugesmoothtech-corp-20260404,group_chat,mariana_garcia,148.0
hugesmoothtech-corp-20260404,group_chat,mariana_garcia,93.0
hugesmoothtech-corp-20260404,group_chat,mariana_garcia,89072.0
hugesmoothtech-corp-20260404,group_chat,mariana_garcia,258.0
hugesmoothtech-corp-20260404,group_chat,mariana_garcia,365.0
hugesmoothtech-corp-20260404,group_chat,mariana_garcia,164883.0
hugesmoothtech-corp-20260404,group_chat,mariana_garcia,400.0
hugesmoothtech-corp-20260404,group_chat,mariana_garcia,60.0
hugesmoothtech-corp-20260404,group_chat,mariana_garcia,150.0
hugesmoothtech-corp-20260404,group_chat,mariana_garcia,75.0
hugesmoothtech-corp-20260404,group_chat,mariana_garcia,95.0
hugesmoothtech-corp-20260404,group_chat,mariana_garcia,3138.0
hugesmoothtech-corp-20260404,group_chat,mariana_garcia,303.0
hugesmoothtech-corp-20260404,group_chat,mariana_garcia,280.0
hugesmoothtech-corp-20260404,group_chat,mariana_garcia,212.0
hugesmoothtech-corp-20260404,group_chat,mariana_garcia,171702.0
hugesmoothtech-corp-20260404,group_chat,mariana_garcia,100.0
hugesmoothtech-corp-20260404,group_chat,mariana_garcia,140.0
hugesmoothtech-corp-20260404,group_chat,mariana_garcia,90.0
hugesmoothtech-corp-20260404,group_chat,mariana_garcia,4035.0
hugesmoothtech-corp-20260404,group_chat,mariana_garcia,190.0
hugesmoothtech-corp-20260404,group_chat,mariana_garcia,145.0
hugesmoothtech-corp-20260404,group_chat,mariana_garcia,136.0
hugesmoothtech-corp-20260404,group_chat,mariana_garcia,141.0
hugesmoothtech-corp-20260404,group_chat,mariana_garcia,81423.0
hugesmoothtech-corp-20260404,group_chat,mariana_garcia,110.0
hugesmoothtech-corp-20260404,group_chat,mariana_garcia,45.0
hugesmoothtech-corp-20260404,group_chat,mariana_garcia,55.0
hugesmoothtech-corp-20260404,group_chat,mariana_garcia,115.0
hugesmoothtech-corp-20260404,group_chat,mariana_garcia,45.0
hugesmoothtech-corp-20260404,group_chat,carlos_garcia,153.0
hugesmoothtech-corp-20260404,group_chat,carlos_garcia,140.0
hugesmoothtech-corp-20260404,group_chat,carlos_garcia,120.0
hugesmoothtech-corp-20260404,group_chat,carlos_garcia,603800.0
hugesmoothtech-corp-20260404,group_chat,carlos_garcia,105.0
hugesmoothtech-corp-20260404,group_chat,carlos_garcia,110.0
hugesmoothtech-corp-20260404,group_chat,carlos_garcia,125.0
hugesmoothtech-corp-20260404,group_chat,carlos_garcia,86127.0
hugesmoothtech-corp-20260404,group_chat,carlos_garcia,118.0
hugesmoothtech-corp-20260404,group_chat,carlos_garcia,40.0
hugesmoothtech-corp-20260404,group_chat,carlos_garcia,50.0
hugesmoothtech-corp-20260404,group_chat,ritika_chowdhury,95.0
hugesmoothtech-corp-20260404,group_chat,ritika_chowdhury,132.0
hugesmoothtech-corp-20260404,group_chat,ritika_chowdhury,123.0
hugesmoothtech-corp-20260404,group_chat,ritika_chowdhury,89065.0
hugesmoothtech-corp-20260404,group_chat,ritika_chowdhury,195.0
hugesmoothtech-corp-20260404,group_chat,ritika_chowdhury,75.0
hugesmoothtech-corp-20260404,group_chat,ritika_chowdhury,104105.0
hugesmoothtech-corp-20260404,group_chat,ritika_chowdhury,148.0
hugesmoothtech-corp-20260404,group_chat,ritika_chowdhury,320.0
hugesmoothtech-corp-20260404,group_chat,ritika_chowdhury,233727.0
hugesmoothtech-corp-20260404,group_chat,ritika_chowdhury,205.0
hugesmoothtech-corp-20260404,group_chat,ritika_chowdhury,235.0
hugesmoothtech-corp-20260404,group_chat,ritika_chowdhury,200.0
hugesmoothtech-corp-20260404,group_chat,ritika_chowdhury,175500.0
hugesmoothtech-corp-20260404,group_chat,ritika_chowdhury,110.0
hugesmoothtech-corp-20260404,group_chat,ritika_chowdhury,125.0
hugesmoothtech-corp-20260404,group_chat,ritika_chowdhury,95.0
hugesmoothtech-corp-20260404,group_chat,ritika_chowdhury,4092.0
hugesmoothtech-corp-20260404,group_chat,ritika_chowdhury,144.0
hugesmoothtech-corp-20260404,group_chat,ritika_chowdhury,156.0
hugesmoothtech-corp-20260404,group_chat,ritika_chowdhury,135.0
hugesmoothtech-corp-20260404,group_chat,ritika_chowdhury,141.0
hugesmoothtech-corp-20260404,group_chat,khoi_nguyen,122.0
hugesmoothtech-corp-20260404,group_chat,khoi_nguyen,140.0
hugesmoothtech-corp-20260404,group_chat,khoi_nguyen,113.0
hugesmoothtech-corp-20260404,group_chat,khoi_nguyen,193416.0
hugesmoothtech-corp-20260404,group_chat,khoi_nguyen,192.0
hugesmoothtech-corp-20260404,group_chat,khoi_nguyen,152.0
hugesmoothtech-corp-20260404,group_chat,khoi_nguyen,410005.0
hugesmoothtech-corp-20260404,group_chat,khoi_nguyen,90.0
hugesmoothtech-corp-20260404,group_chat,khoi_nguyen,70.0
hugesmoothtech-corp-20260404,group_chat,khoi_nguyen,150.0
hugesmoothtech-corp-20260404,group_chat,khoi_nguyen,4115.0
hugesmoothtech-corp-20260404,group_chat,khoi_nguyen,140.0
hugesmoothtech-corp-20260404,group_chat,khoi_nguyen,153.0
hugesmoothtech-corp-20260404,group_chat,khoi_nguyen,133.0
hugesmoothtech-corp-20260404,group_chat,khoi_nguyen,141.0
hugesmoothtech-corp-20260404,group_chat,khoi_nguyen,81408.0
hugesmoothtech-corp-20260404,group_chat,khoi_nguyen,120.0
hugesmoothtech-corp-20260404,group_chat,khoi_nguyen,130.0
hugesmoothtech-corp-20260404,group_chat,khoi_nguyen,100.0
hugesmoothtech-corp-20260404,group_chat,luca_rossi,120.0
hugesmoothtech-corp-20260404,group_chat,luca_rossi,143.0
hugesmoothtech-corp-20260404,group_chat,luca_rossi,172052.0
hugesmoothtech-corp-20260404,group_chat,luca_rossi,106.0
hugesmoothtech-corp-20260404,group_chat,luca_rossi,205.0
hugesmoothtech-corp-20260404,group_chat,luca_rossi,152.0
hugesmoothtech-corp-20260404,group_chat,luca_rossi,144.0
hugesmoothtech-corp-20260404,group_chat,luca_rossi,124.0
hugesmoothtech-corp-20260404,group_chat,luca_rossi,254917.0
hugesmoothtech-corp-20260404,group_chat,luca_rossi,245.0
hugesmoothtech-corp-20260404,group_chat,luca_rossi,295.0
hugesmoothtech-corp-20260404,group_chat,luca_rossi,262050.0
hugesmoothtech-corp-20260404,group_chat,luca_rossi,140.0
hugesmoothtech-corp-20260404,group_chat,luca_rossi,45.0
hugesmoothtech-corp-20260404,group_chat,Chipo Ndlovu,97.0
hugesmoothtech-corp-20260404,group_chat,Chipo Ndlovu,148.0
hugesmoothtech-corp-20260404,group_chat,Chipo Ndlovu,160.0
hugesmoothtech-corp-20260404,group_chat,Chipo Ndlovu,413452.0
hugesmoothtech-corp-20260404,group_chat,Chipo Ndlovu,203.0
hugesmoothtech-corp-20260404,group_chat,Chipo Ndlovu,89.0
hugesmoothtech-corp-20260404,group_chat,Chipo Ndlovu,228.0
hugesmoothtech-corp-20260404,group_chat,Chipo Ndlovu,234.0
hugesmoothtech-corp-20260404,group_chat,Chipo Ndlovu,4.0
hugesmoothtech-corp-20260404,group_chat,Chipo Ndlovu,585.0
hugesmoothtech-corp-20260404,group_chat,Chipo Ndlovu,80.0
hugesmoothtech-corp-20260404,group_chat,Chipo Ndlovu,88825.0
hugesmoothtech-corp-20260404,group_chat,Chipo Ndlovu,230.0
hugesmoothtech-corp-20260404,group_chat,Chipo Ndlovu,305.0
hugesmoothtech-corp-20260404,group_chat,Chipo Ndlovu,168215.0
hugesmoothtech-corp-20260404,group_chat,Chipo Ndlovu,200.0
hugesmoothtech-corp-20260404,group_chat,Chipo Ndlovu,150.0
hugesmoothtech-corp-20260404,group_chat,Chipo Ndlovu,135.0
hugesmoothtech-corp-20260404,group_chat,ana_patel,187.0
hugesmoothtech-corp-20260404,group_chat,ana_patel,213.0
hugesmoothtech-corp-20260404,group_chat,ana_patel,170.0
hugesmoothtech-corp-20260404,group_chat,ana_patel,517876.0
hugesmoothtech-corp-20260404,group_chat,ana_patel,58.0
hugesmoothtech-corp-20260404,group_chat,ana_patel,81.0
hugesmoothtech-corp-20260404,group_chat,ana_patel,118.0
hugesmoothtech-corp-20260404,group_chat,ana_patel,82.0
hugesmoothtech-corp-20260404,group_chat,ana_patel,47.0
hugesmoothtech-corp-20260404,group_chat,kai_park,217.0
hugesmoothtech-corp-20260404,group_chat,kai_park,172.0
hugesmoothtech-corp-20260404,group_chat,kai_park,173.0
hugesmoothtech-corp-20260404,group_chat,kai_park,190319.0
hugesmoothtech-corp-20260404,group_chat,kai_park,221.0
hugesmoothtech-corp-20260404,group_chat,kai_park,179.0
hugesmoothtech-corp-20260404,group_chat,kai_park,123.0
hugesmoothtech-corp-20260404,group_chat,kai_park,233545.0
hugesmoothtech-corp-20260404,group_chat,kai_park,150.0
hugesmoothtech-corp-20260404,group_chat,kai_park,225.0
hugesmoothtech-corp-20260404,group_chat,kai_park,165.0
hugesmoothtech-corp-20260404,group_chat,kai_park,92895.0
hugesmoothtech-corp-20260404,group_chat,kai_park,107.0
hugesmoothtech-corp-20260404,group_chat,kai_park,98.0
hugesmoothtech-corp-20260404,group_chat,kai_park,31.0
hugesmoothtech-corp-20260404,group_chat,kai_park,82.0
hugesmoothtech-corp-20260404,group_chat,kai_park,102.0
hugesmoothtech-corp-20260404,group_chat,kai_park,169587.0
hugesmoothtech-corp-20260404,group_chat,kai_park,218.0
hugesmoothtech-corp-20260404,group_chat,kai_park,191.0
hugesmoothtech-corp-20260404,group_chat,kai_park,129.0
hugesmoothtech-corp-20260404,group_chat,taro_kobayashi,163.0
hugesmoothtech-corp-20260404,group_chat,taro_kobayashi,255.0
hugesmoothtech-corp-20260404,group_chat,taro_kobayashi,182.0
hugesmoothtech-corp-20260404,group_chat,taro_kobayashi,169245.0
hugesmoothtech-corp-20260404,group_chat,taro_kobayashi,109.0
hugesmoothtech-corp-20260404,group_chat,taro_kobayashi,114.0
hugesmoothtech-corp-20260404,group_chat,taro_kobayashi,127.0
hugesmoothtech-corp-20260404,group_chat,taro_kobayashi,20746.0
hugesmoothtech-corp-20260404,group_chat,taro_kobayashi,206.0
hugesmoothtech-corp-20260404,group_chat,taro_kobayashi,211.0
hugesmoothtech-corp-20260404,group_chat,taro_kobayashi,154396.0
hugesmoothtech-corp-20260404,group_chat,taro_kobayashi,226.0
hugesmoothtech-corp-20260404,group_chat,taro_kobayashi,198.0
hugesmoothtech-corp-20260404,group_chat,taro_kobayashi,240.0
hugesmoothtech-corp-20260404,group_chat,taro_kobayashi,78545.0
hugesmoothtech-corp-20260404,group_chat,taro_kobayashi,410.0
hugesmoothtech-corp-20260404,group_chat,taro_kobayashi,245.0
hugesmoothtech-corp-20260404,group_chat,taro_kobayashi,20996.0
hugesmoothtech-corp-20260404,group_chat,taro_kobayashi,121.0
hugesmoothtech-corp-20260404,group_chat,taro_kobayashi,118.0
hugesmoothtech-corp-20260404,group_chat,taro_kobayashi,150.0
hugesmoothtech-corp-20260404,group_chat,taro_kobayashi,71392.0
hugesmoothtech-corp-20260404,group_chat,taro_kobayashi,146.0
hugesmoothtech-corp-20260404,group_chat,taro_kobayashi,41.0
hugesmoothtech-corp-20260404,group_chat,taro_kobayashi,112.0
hugesmoothtech-corp-20260404,group_chat,taro_kobayashi,102.0
hugesmoothtech-corp-20260404,group_chat,taro_kobayashi,169627.0
hugesmoothtech-corp-20260404,group_chat,taro_kobayashi,185.0
hugesmoothtech-corp-20260404,group_chat,taro_kobayashi,215.0
hugesmoothtech-corp-20260404,group_chat,taro_kobayashi,160.0
hugesmoothtech-corp-20260404,group_chat,lina_johansson,185.0
hugesmoothtech-corp-20260404,group_chat,lina_johansson,167.0
hugesmoothtech-corp-20260404,group_chat,lina_johansson,188.0
hugesmoothtech-corp-20260404,group_chat,lina_johansson,258591.0
hugesmoothtech-corp-20260404,group_chat,lina_johansson,102.0
hugesmoothtech-corp-20260404,group_chat,lina_johansson,73.0
hugesmoothtech-corp-20260404,group_chat,lina_johansson,109.0
hugesmoothtech-corp-20260404,group_chat,lina_johansson,60.0
hugesmoothtech-corp-20260404,group_chat,lina_johansson,107.0
hugesmoothtech-corp-20260404,group_chat,lina_johansson,98.0
hugesmoothtech-corp-20260404,group_chat,lina_johansson,78.0
hugesmoothtech-corp-20260404,group_chat,lina_johansson,428675.0
hugesmoothtech-corp-20260404,group_chat,lina_johansson,189.0
hugesmoothtech-corp-20260404,group_chat,lina_johansson,133.0
hugesmoothtech-corp-20260404,group_chat,lina_johansson,155.0
hugesmoothtech-corp-20260404,group_chat,thiago_silva,198.0
hugesmoothtech-corp-20260404,group_chat,thiago_silva,189.0
hugesmoothtech-corp-20260404,group_chat,thiago_silva,168.0
hugesmoothtech-corp-20260404,group_chat,thiago_silva,424215.0
hugesmoothtech-corp-20260404,group_chat,thiago_silva,310.0
hugesmoothtech-corp-20260404,group_chat,thiago_silva,85.0
hugesmoothtech-corp-20260404,group_chat,thiago_silva,95.0
hugesmoothtech-corp-20260404,group_chat,thiago_silva,255.0
hugesmoothtech-corp-20260404,group_chat,thiago_silva,21060.0
hugesmoothtech-corp-20260404,group_chat,thiago_silva,150.0
hugesmoothtech-corp-20260404,group_chat,thiago_silva,130.0
hugesmoothtech-corp-20260404,group_chat,thiago_silva,90.0
hugesmoothtech-corp-20260404,group_chat,thiago_silva,71305.0
hugesmoothtech-corp-20260404,group_chat,thiago_silva,166.0
hugesmoothtech-corp-20260404,group_chat,thiago_silva,164.0
hugesmoothtech-corp-20260404,group_chat,thiago_silva,87.0
hugesmoothtech-corp-20260404,group_chat,jamal_okonkwo,61.0
hugesmoothtech-corp-20260404,group_chat,jamal_okonkwo,115.0
hugesmoothtech-corp-20260404,group_chat,jamal_okonkwo,110.0
hugesmoothtech-corp-20260404,group_chat,jamal_okonkwo,168920.0
hugesmoothtech-corp-20260404,group_chat,jamal_okonkwo,130.0
hugesmoothtech-corp-20260404,group_chat,jamal_okonkwo,110.0
hugesmoothtech-corp-20260404,group_chat,jamal_okonkwo,9.0
hugesmoothtech-corp-20260404,group_chat,jamal_okonkwo,116.0
hugesmoothtech-corp-20260404,group_chat,jamal_okonkwo,214.0
hugesmoothtech-corp-20260404,group_chat,jamal_okonkwo,111.0
hugesmoothtech-corp-20260404,group_chat,jamal_okonkwo,25.0
hugesmoothtech-corp-20260404,group_chat,jamal_okonkwo,148.0
hugesmoothtech-corp-20260404,group_chat,jamal_okonkwo,258744.0
hugesmoothtech-corp-20260404,group_chat,jamal_okonkwo,366.0
hugesmoothtech-corp-20260404,group_chat,jamal_okonkwo,434.0
hugesmoothtech-corp-20260404,group_chat,mandla_abebe,215.0
hugesmoothtech-corp-20260404,group_chat,mandla_abebe,190670.0
hugesmoothtech-corp-20260404,group_chat,mandla_abebe,194.0
hugesmoothtech-corp-20260404,group_chat,mandla_abebe,261.0
hugesmoothtech-corp-20260404,group_chat,mandla_abebe,68115.0
hugesmoothtech-corp-20260404,group_chat,mandla_abebe,238.0
hugesmoothtech-corp-20260404,group_chat,mandla_abebe,338637.0
hugesmoothtech-corp-20260404,group_chat,mandla_abebe,247.0
hugesmoothtech-corp-20260404,group_chat,mandla_abebe,203.0
hugesmoothtech-corp-20260404,group_chat,mandla_abebe,90.0
hugesmoothtech-corp-20260404,group_chat,mandla_abebe,215.0
hugesmoothtech-corp-20260404,group_chat,mandla_abebe,220.0
hugesmoothtech-corp-20260404,group_chat,mandla_abebe,150.0
hugesmoothtech-corp-20260404,group_chat,chipo_ndlovu,70.0
hugesmoothtech-corp-20260404,group_chat,chipo_ndlovu,83.0
hugesmoothtech-corp-20260404,group_chat,chipo_ndlovu,80.0
hugesmoothtech-corp-20260404,group_chat,fabiana_pereira,68.0
hugesmoothtech-corp-20260404,group_chat,fabiana_pereira,102.0
hugesmoothtech-corp-20260404,group_chat,fabiana_pereira,35.0
hugesmoothtech-corp-20260404,group_chat,fabiana_pereira,259258.0
hugesmoothtech-corp-20260404,group_chat,fabiana_pereira,276.0
hugesmoothtech-corp-20260404,group_chat,fabiana_pereira,338721.0
hugesmoothtech-corp-20260404,group_chat,fabiana_pereira,197.0
hugesmoothtech-corp-20260404,group_chat,fabiana_pereira,250.0
hugesmoothtech-corp-20260404,group_chat,fabiana_pereira,228.0
hugesmoothtech-corp-20260404,group_chat,fabiana_pereira,225.0
hugesmoothtech-corp-20260404,group_chat,rose_mensah,65.0
hugesmoothtech-corp-20260404,group_chat,rose_mensah,50.0
hugesmoothtech-corp-20260404,group_chat,rose_mensah,40.0
hugesmoothtech-corp-20260404,group_chat,rose_mensah,190742.0
hugesmoothtech-corp-20260404,group_chat,rose_mensah,149.0
hugesmoothtech-corp-20260404,group_chat,rose_mensah,263.0
hugesmoothtech-corp-20260404,group_chat,rose_mensah,67993.0
hugesmoothtech-corp-20260404,group_chat,rose_mensah,265.0
hugesmoothtech-corp-20260404,group_chat,rose_mensah,338760.0
hugesmoothtech-corp-20260404,group_chat,rose_mensah,242.0
hugesmoothtech-corp-20260404,group_chat,rose_mensah,181.0
hugesmoothtech-corp-20260404,group_chat,rose_mensah,214.0
hugesmoothtech-corp-20260404,group_chat,rose_mensah,221.0
hugesmoothtech-corp-20260404,group_chat,rose_mensah,162.0
hugesmoothtech-corp-20260404,group_chat,Mohammed Haddad,185.0
hugesmoothtech-corp-20260404,group_chat,Mohammed Haddad,150.0
hugesmoothtech-corp-20260404,group_chat,Mohammed Haddad,341770.0
hugesmoothtech-corp-20260404,group_chat,Mohammed Haddad,295.0
hugesmoothtech-corp-20260404,group_chat,Mohammed Haddad,176100.0
hugesmoothtech-corp-20260404,group_chat,Mohammed Haddad,245.0
hugesmoothtech-corp-20260404,group_chat,Mohammed Haddad,82971.0
hugesmoothtech-corp-20260404,group_chat,Mohammed Haddad,97.0
hugesmoothtech-corp-20260404,group_chat,Mohammed Haddad,94.0
hugesmoothtech-corp-20260404,group_chat,Mohammed Haddad,98.0
hugesmoothtech-corp-20260404,group_chat,Mohammed Haddad,98.0
hugesmoothtech-corp-20260404,group_chat,Femi Mensah,185.0
hugesmoothtech-corp-20260404,group_chat,Femi Mensah,75.0
hugesmoothtech-corp-20260404,group_chat,Klara Lundqvist,140.0
hugesmoothtech-corp-20260404,group_chat,Klara Lundqvist,140.0
hugesmoothtech-corp-20260404,group_chat,Klara Lundqvist,135.0
hugesmoothtech-corp-20260404,group_chat,Klara Lundqvist,125.0
hugesmoothtech-corp-20260404,group_chat,Klara Lundqvist,258870.0
hugesmoothtech-corp-20260404,group_chat,Klara Lundqvist,315.0
hugesmoothtech-corp-20260404,group_chat,Ana Patel,91.0
hugesmoothtech-corp-20260404,group_chat,Ana Patel,99.0
hugesmoothtech-corp-20260404,group_chat,Ana Patel,45.0
hugesmoothtech-corp-20260404,group_chat,Ana Patel,40.0
hugesmoothtech-corp-20260404,group_chat,Ana Patel,115.0
hugesmoothtech-corp-20260404,group_chat,Ana Patel,145.0
hugesmoothtech-corp-20260404,group_chat,Ana Patel,435480.0
hugesmoothtech-corp-20260404,group_chat,Ana Patel,172323.0
hugesmoothtech-corp-20260404,group_chat,Ana Patel,102.0
hugesmoothtech-corp-20260404,group_chat,Ana Patel,130.0
hugesmoothtech-corp-20260404,group_chat,Ana Patel,160.0
hugesmoothtech-corp-20260404,group_chat,Ana Patel,120.0
hugesmoothtech-corp-20260404,group_chat,Thiago Silva,110.0
hugesmoothtech-corp-20260404,group_chat,Thiago Silva,55.0
hugesmoothtech-corp-20260404,group_chat,Thiago Silva,60.0
hugesmoothtech-corp-20260404,group_chat,Thiago Silva,86082.0
hugesmoothtech-corp-20260404,group_chat,Thiago Silva,170.0
hugesmoothtech-corp-20260404,group_chat,Thiago Silva,68.0
hugesmoothtech-corp-20260404,group_chat,Thiago Silva,89902.0
hugesmoothtech-corp-20260404,group_chat,Thiago Silva,151.0
hugesmoothtech-corp-20260404,group_chat,Thiago Silva,179.0
hugesmoothtech-corp-20260404,group_chat,Thiago Silva,148.0
hugesmoothtech-corp-20260404,group_chat,Thiago Silva,172280.0
hugesmoothtech-corp-20260404,group_chat,Thiago Silva,170.0
hugesmoothtech-corp-20260404,group_chat,Thiago Silva,160.0
hugesmoothtech-corp-20260404,group_chat,Thiago Silva,60.0
hugesmoothtech-corp-20260404,group_chat,Thiago Silva,85990.0
hugesmoothtech-corp-20260404,group_chat,Thiago Silva,135.0
hugesmoothtech-corp-20260404,group_chat,Thiago Silva,73.0
hugesmoothtech-corp-20260404,group_chat,Thiago Silva,14.0
hugesmoothtech-corp-20260404,group_chat,Thiago Silva,86229.0
hugesmoothtech-corp-20260404,group_chat,Thiago Silva,121.0
hugesmoothtech-corp-20260404,group_chat,Thiago Silva,128.0
hugesmoothtech-corp-20260404,group_chat,Thiago Silva,82660.0
hugesmoothtech-corp-20260404,group_chat,Thiago Silva,189.0
hugesmoothtech-corp-20260404,group_chat,Thiago Silva,126.0
hugesmoothtech-corp-20260404,group_chat,Thiago Silva,175.0
hugesmoothtech-corp-20260404,group_chat,Amélie_Dubois,174.0
hugesmoothtech-corp-20260404,group_chat,Amélie_Dubois,131.0
hugesmoothtech-corp-20260404,group_chat,Amélie_Dubois,94.0
hugesmoothtech-corp-20260404,group_chat,Takeshi_Sato,115.0
hugesmoothtech-corp-20260404,group_chat,Takeshi_Sato,100.0
hugesmoothtech-corp-20260404,group_chat,Takeshi_Sato,120.0
hugesmoothtech-corp-20260404,group_chat,Mariana_Garcia,118.0
hugesmoothtech-corp-20260404,group_chat,Mariana_Garcia,77.0
hugesmoothtech-corp-20260404,group_chat,Mariana_Garcia,83.0
hugesmoothtech-corp-20260404,group_chat,Jacqueline_Dubois,117.0
hugesmoothtech-corp-20260404,group_chat,Jacqueline_Dubois,93.0
hugesmoothtech-corp-20260404,group_chat,Ravi_Patel,108.0
hugesmoothtech-corp-20260404,group_chat,Ravi_Patel,93.0
hugesmoothtech-corp-20260404,group_chat,amelie_dubois,185.0
hugesmoothtech-corp-20260404,group_chat,amelie_dubois,90.0
hugesmoothtech-corp-20260404,group_chat,amelie_dubois,341902.0
hugesmoothtech-corp-20260404,group_chat,amelie_dubois,361.0
hugesmoothtech-corp-20260404,group_chat,amelie_dubois,216.0
hugesmoothtech-corp-20260404,group_chat,amelie_dubois,305.0
hugesmoothtech-corp-20260404,group_chat,amelie_dubois,216.0
hugesmoothtech-corp-20260404,group_chat,ravi_patel,120.0
hugesmoothtech-corp-20260404,group_chat,ravi_patel,195.0
hugesmoothtech-corp-20260404,group_chat,ravi_patel,45.0
hugesmoothtech-corp-20260404,group_chat,ravi_patel,82410.0
hugesmoothtech-corp-20260404,group_chat,ravi_patel,95.0
hugesmoothtech-corp-20260404,group_chat,ravi_patel,85.0
hugesmoothtech-corp-20260404,group_chat,ravi_patel,110.0
hugesmoothtech-corp-20260404,group_chat,ravi_patel,440.0
hugesmoothtech-corp-20260404,group_chat,ravi_patel,258857.0
hugesmoothtech-corp-20260404,group_chat,ravi_patel,263.0
hugesmoothtech-corp-20260404,group_chat,ravi_patel,280.0
hugesmoothtech-corp-20260404,group_chat,ravi_patel,215.0
hugesmoothtech-corp-20260404,group_chat,nisha_singh,170.0
hugesmoothtech-corp-20260404,group_chat,nisha_singh,90.0
hugesmoothtech-corp-20260404,group_chat,mona_sharif,175.0
hugesmoothtech-corp-20260404,group_chat,mona_sharif,110.0
hugesmoothtech-corp-20260404,group_chat,mona_sharif,82664.0
hugesmoothtech-corp-20260404,group_chat,mona_sharif,71.0
hugesmoothtech-corp-20260404,group_chat,mona_sharif,106.0
hugesmoothtech-corp-20260404,group_chat,mona_sharif,181.0
hugesmoothtech-corp-20260404,group_chat,mona_sharif,80.0
hugesmoothtech-corp-20260404,group_chat,mona_sharif,170.0
hugesmoothtech-corp-20260404,group_chat,mona_sharif,113.0
hugesmoothtech-corp-20260404,group_chat,mona_sharif,20707.0
hugesmoothtech-corp-20260404,group_chat,mona_sharif,215.0
hugesmoothtech-corp-20260404,group_chat,mona_sharif,201.0
hugesmoothtech-corp-20260404,group_chat,mona_sharif,414446.0
hugesmoothtech-corp-20260404,group_chat,mona_sharif,148.0
hugesmoothtech-corp-20260404,group_chat,mona_sharif,133.0
hugesmoothtech-corp-20260404,group_chat,mona_sharif,140.0
hugesmoothtech-corp-20260404,group_chat,mona_sharif,142.0
hugesmoothtech-corp-20260404,group_chat,takeshi_sato,147.0
hugesmoothtech-corp-20260404,group_chat,takeshi_sato,140.0
hugesmoothtech-corp-20260404,group_chat,takeshi_sato,103.0
hugesmoothtech-corp-20260404,group_chat,takeshi_sato,175390.0
hugesmoothtech-corp-20260404,group_chat,takeshi_sato,313.0
hugesmoothtech-corp-20260404,group_chat,takeshi_sato,286.0
hugesmoothtech-corp-20260404,group_chat,takeshi_sato,236.0
hugesmoothtech-corp-20260404,group_chat,takeshi_sato,757.0
hugesmoothtech-corp-20260404,group_chat,takeshi_sato,81467.0
hugesmoothtech-corp-20260404,group_chat,takeshi_sato,204.0
hugesmoothtech-corp-20260404,group_chat,takeshi_sato,374.0
hugesmoothtech-corp-20260404,group_chat,takeshi_sato,118.0
hugesmoothtech-corp-20260404,group_chat,jamal_hassan,132.0
hugesmoothtech-corp-20260404,group_chat,jamal_hassan,110.0
hugesmoothtech-corp-20260404,group_chat,jamal_hassan,150.0
hugesmoothtech-corp-20260404,group_chat,jamal_hassan,35.0
hugesmoothtech-corp-20260404,group_chat,jamal_hassan,20577.0
hugesmoothtech-corp-20260404,group_chat,jamal_hassan,318.0
hugesmoothtech-corp-20260404,group_chat,jamal_hassan,220.0
hugesmoothtech-corp-20260404,group_chat,jamal_hassan,67805.0
hugesmoothtech-corp-20260404,group_chat,jamal_hassan,117.0
hugesmoothtech-corp-20260404,group_chat,jamal_hassan,140.0
hugesmoothtech-corp-20260404,group_chat,jamal_hassan,100.0
hugesmoothtech-corp-20260404,group_chat,jamal_hassan,102.0
hugesmoothtech-corp-20260404,group_chat,jamal_hassan,108.0
hugesmoothtech-corp-20260404,group_chat,jamal_hassan,90.0
hugesmoothtech-corp-20260404,group_chat,jamal_hassan,85858.0
hugesmoothtech-corp-20260404,group_chat,jamal_hassan,241.0
hugesmoothtech-corp-20260404,group_chat,jamal_hassan,201.0
hugesmoothtech-corp-20260404,group_chat,jamal_hassan,241.0
hugesmoothtech-corp-20260404,group_chat,jamal_hassan,759.0
hugesmoothtech-corp-20260404,group_chat,jamal_hassan,99440.0
hugesmoothtech-corp-20260404,group_chat,jamal_hassan,183.0
hugesmoothtech-corp-20260404,group_chat,jamal_hassan,175.0
hugesmoothtech-corp-20260404,group_chat,jamal_hassan,100.0
hugesmoothtech-corp-20260404,group_chat,jamal_hassan,241310.0
hugesmoothtech-corp-20260404,group_chat,jamal_hassan,270.0
hugesmoothtech-corp-20260404,group_chat,jamal_hassan,170.0
hugesmoothtech-corp-20260404,group_chat,jamal_hassan,145.0
hugesmoothtech-corp-20260404,group_chat,hyun_jae_wang,125.0
hugesmoothtech-corp-20260404,group_chat,hyun_jae_wang,40.0
hugesmoothtech-corp-20260404,group_chat,hyun_jae_wang,140.0
hugesmoothtech-corp-20260404,group_chat,hyun_jae_wang,175497.0
hugesmoothtech-corp-20260404,group_chat,hyun_jae_wang,323.0
hugesmoothtech-corp-20260404,group_chat,hyun_jae_wang,113.0
hugesmoothtech-corp-20260404,group_chat,hyun_jae_wang,199.0
hugesmoothtech-corp-20260404,group_chat,hyun_jae_wang,184.0
hugesmoothtech-corp-20260404,group_chat,hyun_jae_wang,627.0
hugesmoothtech-corp-20260404,group_chat,hyun_jae_wang,99507.0
hugesmoothtech-corp-20260404,group_chat,hyun_jae_wang,189.0
hugesmoothtech-corp-20260404,group_chat,hyun_jae_wang,161.0
hugesmoothtech-corp-20260404,group_chat,hyun_jae_wang,130.0
hugesmoothtech-corp-20260404,group_chat,rohit_prasad,138.0
hugesmoothtech-corp-20260404,group_chat,rohit_prasad,93.0
hugesmoothtech-corp-20260404,group_chat,rohit_prasad,20869.0
hugesmoothtech-corp-20260404,group_chat,rohit_prasad,255.0
hugesmoothtech-corp-20260404,group_chat,rohit_prasad,70.0
hugesmoothtech-corp-20260404,group_chat,rohit_prasad,110.0
hugesmoothtech-corp-20260404,group_chat,rohit_prasad,154318.0
hugesmoothtech-corp-20260404,group_chat,rohit_prasad,50.0
hugesmoothtech-corp-20260404,group_chat,rohit_prasad,252.0
hugesmoothtech-corp-20260404,group_chat,rohit_prasad,267.0
hugesmoothtech-corp-20260404,group_chat,rohit_prasad,197.0
hugesmoothtech-corp-20260404,group_chat,rohit_prasad,100203.0
hugesmoothtech-corp-20260404,group_chat,rohit_prasad,133.0
hugesmoothtech-corp-20260404,group_chat,rohit_prasad,137.0
hugesmoothtech-corp-20260404,group_chat,rohit_prasad,71488.0
hugesmoothtech-corp-20260404,group_chat,rohit_prasad,170.0
hugesmoothtech-corp-20260404,group_chat,rohit_prasad,115.0
hugesmoothtech-corp-20260404,group_chat,rohit_prasad,169801.0
hugesmoothtech-corp-20260404,group_chat,rohit_prasad,169.0
hugesmoothtech-corp-20260404,group_chat,rohit_prasad,230.0
hugesmoothtech-corp-20260404,group_chat,Nisha Singh,212.0
hugesmoothtech-corp-20260404,group_chat,Nisha Singh,208.0
hugesmoothtech-corp-20260404,group_chat,Nisha Singh,108.0
hugesmoothtech-corp-20260404,group_chat,Nisha Singh,128.0
hugesmoothtech-corp-20260404,group_chat,Nisha Singh,172.0
hugesmoothtech-corp-20260404,group_chat,Nisha Singh,92765.0
hugesmoothtech-corp-20260404,group_chat,Nisha Singh,175.0
hugesmoothtech-corp-20260404,group_chat,Nisha Singh,140.0
hugesmoothtech-corp-20260404,group_chat,Nisha Singh,140.0
hugesmoothtech-corp-20260404,group_chat,Adanna Okonkwo,227.0
hugesmoothtech-corp-20260404,group_chat,Adanna Okonkwo,243.0
hugesmoothtech-corp-20260404,group_chat,Adanna Okonkwo,175.0
hugesmoothtech-corp-20260404,group_chat,Adanna Okonkwo,145.0
hugesmoothtech-corp-20260404,group_chat,Adanna Okonkwo,279780.0
hugesmoothtech-corp-20260404,group_chat,Adanna Okonkwo,156.0
hugesmoothtech-corp-20260404,group_chat,Adanna Okonkwo,114.0
hugesmoothtech-corp-20260404,group_chat,Adanna Okonkwo,200.0
hugesmoothtech-corp-20260404,group_chat,Adanna Okonkwo,158097.0
hugesmoothtech-corp-20260404,group_chat,Adanna Okonkwo,101.0
hugesmoothtech-corp-20260404,group_chat,Adanna Okonkwo,204.0
hugesmoothtech-corp-20260404,group_chat,Adanna Okonkwo,23.0
hugesmoothtech-corp-20260404,group_chat,Adanna Okonkwo,82652.0
hugesmoothtech-corp-20260404,group_chat,Adanna Okonkwo,189.0
hugesmoothtech-corp-20260404,group_chat,Adanna Okonkwo,139.0
hugesmoothtech-corp-20260404,group_chat,Adanna Okonkwo,97.0
hugesmoothtech-corp-20260404,group_chat,jacqueline_dubois,65.0
hugesmoothtech-corp-20260404,group_chat,jacqueline_dubois,115.0
hugesmoothtech-corp-20260404,group_chat,jacqueline_dubois,405.0
hugesmoothtech-corp-20260404,group_chat,yara_morales,65.0
hugesmoothtech-corp-20260404,group_chat,yara_morales,115.0
hugesmoothtech-corp-20260404,group_chat,yara_morales,370.0
hugesmoothtech-corp-20260404,group_chat,yara_morales,60.0
hugesmoothtech-corp-20260404,group_chat,mohammed_haddad,125.0
hugesmoothtech-corp-20260404,group_chat,mohammed_haddad,450.0
hugesmoothtech-corp-20260404,group_chat,Luca Rossi,151.0
hugesmoothtech-corp-20260404,group_chat,Luca Rossi,129.0
hugesmoothtech-corp-20260404,group_chat,Luca Rossi,72.0
hugesmoothtech-corp-20260404,group_chat,Luca Rossi,163.0
hugesmoothtech-corp-20260404,group_chat,Luca Rossi,17518.0
hugesmoothtech-corp-20260404,group_chat,Luca Rossi,162.0
hugesmoothtech-corp-20260404,group_chat,Luca Rossi,325.0
hugesmoothtech-corp-20260404,group_chat,Luca Rossi,241233.0
hugesmoothtech-corp-20260404,group_chat,Luca Rossi,134.0
hugesmoothtech-corp-20260404,group_chat,Luca Rossi,90.0
hugesmoothtech-corp-20260404,group_chat,Luca Rossi,43.0
hugesmoothtech-corp-20260404,group_chat,Luca Rossi,110.0
hugesmoothtech-corp-20260404,group_chat,Luca Rossi,90.0
hugesmoothtech-corp-20260404,group_chat,Maria Silva,90.0
hugesmoothtech-corp-20260404,group_chat,Maria Silva,30.0
hugesmoothtech-corp-20260404,group_chat,Maria Silva,90.0
hugesmoothtech-corp-20260404,group_chat,Maria Silva,65.0
hugesmoothtech-corp-20260404,group_chat,Maria Silva,25.0
hugesmoothtech-corp-20260404,group_chat,Maria Silva,151209.0
hugesmoothtech-corp-20260404,group_chat,Maria Silva,161.0
hugesmoothtech-corp-20260404,group_chat,Maria Silva,337.0
hugesmoothtech-corp-20260404,group_chat,Maria Silva,127.0
hugesmoothtech-corp-20260404,group_chat,Maria Silva,360.0
hugesmoothtech-corp-20260404,group_chat,Maria Silva,257991.0
hugesmoothtech-corp-20260404,group_chat,Maria Silva,105.0
hugesmoothtech-corp-20260404,group_chat,Maria Silva,25.0
hugesmoothtech-corp-20260404,group_chat,Maria Silva,20.0
hugesmoothtech-corp-20260404,group_chat,Maria Silva,150.0
hugesmoothtech-corp-20260404,group_chat,Maria Silva,45.0
hugesmoothtech-corp-20260404,group_chat,Maria Silva,95.0
hugesmoothtech-corp-20260404,group_chat,Maria Silva,45.0
hugesmoothtech-corp-20260404,group_chat,Maria Silva,30.0
hugesmoothtech-corp-20260404,group_chat,Maria Silva,255.0
hugesmoothtech-corp-20260404,group_chat,ehsan_abbas,105.0
hugesmoothtech-corp-20260404,group_chat,ehsan_abbas,99.0
hugesmoothtech-corp-20260404,group_chat,ehsan_abbas,142.0
hugesmoothtech-corp-20260404,group_chat,ehsan_abbas,104.0
hugesmoothtech-corp-20260404,group_chat,ehsan_abbas,98.0
hugesmoothtech-corp-20260404,group_chat,ehsan_abbas,50.0
hugesmoothtech-corp-20260404,group_chat,ade_okonkwo,264.0
hugesmoothtech-corp-20260404,group_chat,ade_okonkwo,296.0
hugesmoothtech-corp-20260404,group_chat,ade_okonkwo,338699.0
hugesmoothtech-corp-20260404,group_chat,ade_okonkwo,194.0
hugesmoothtech-corp-20260404,group_chat,ade_okonkwo,260.0
hugesmoothtech-corp-20260404,group_chat,ade_okonkwo,137.0
hugesmoothtech-corp-20260404,group_chat,ade_okonkwo,83.0
hugesmoothtech-corp-20260404,group_chat,ade_okonkwo,135.0
hugesmoothtech-corp-20260404,group_chat,maria_silva,159.0
hugesmoothtech-corp-20260404,group_chat,maria_silva,226.0
hugesmoothtech-corp-20260404,group_chat,Mei-Lin Ou-Yang,175.0
hugesmoothtech-corp-20260404,group_chat,Mei-Lin Ou-Yang,155.0
hugesmoothtech-corp-20260404,group_chat,Mei-Lin Ou-Yang,215.0
hugesmoothtech-corp-20260404,group_chat,Mei-Lin Ou-Yang,327567.0
hugesmoothtech-corp-20260404,group_chat,Mei-Lin Ou-Yang,98.0
hugesmoothtech-corp-20260404,group_chat,Mei-Lin Ou-Yang,98.0
hugesmoothtech-corp-20260404,group_chat,Mei-Lin Ou-Yang,91.0
hugesmoothtech-corp-20260404,group_chat,Mei-Lin Ou-Yang,98.0
hugesmoothtech-corp-20260404,group_chat,Mei-Lin Ou-Yang,85678.0
hugesmoothtech-corp-20260404,group_chat,Mei-Lin Ou-Yang,122.0
hugesmoothtech-corp-20260404,group_chat,Mei-Lin Ou-Yang,46.0
hugesmoothtech-corp-20260404,group_chat,Mei-Lin Ou-Yang,137.0
hugesmoothtech-corp-20260404,group_chat,Mei-Lin Ou-Yang,101.0
hugesmoothtech-corp-20260404,group_chat,neha_khatri,105.0
hugesmoothtech-corp-20260404,group_chat,neha_khatri,92.0
hugesmoothtech-corp-20260404,group_chat,neha_khatri,36.0
hugesmoothtech-corp-20260404,group_chat,neha_khatri,83.0
hugesmoothtech-corp-20260404,group_chat,neha_khatri,99.0
hugesmoothtech-corp-20260404,group_chat,mei_lin_ou_yang,105.0
hugesmoothtech-corp-20260404,group_chat,mei_lin_ou_yang,129.0
hugesmoothtech-corp-20260404,group_chat,mei_lin_ou_yang,103.0
hugesmoothtech-corp-20260404,group_chat,mei_lin_ou_yang,76.0
hugesmoothtech-corp-20260404,group_chat,amina_mustafa,108.0
hugesmoothtech-corp-20260404,group_chat,amina_mustafa,175.0
hugesmoothtech-corp-20260404,group_chat,amina_mustafa,121.0
hugesmoothtech-corp-20260404,group_chat,adanna_okonkwo,91.0
hugesmoothtech-corp-20260404,group_chat,adanna_okonkwo,109.0
hugesmoothtech-corp-20260404,group_chat,adanna_okonkwo,99.0
hugesmoothtech-corp-20260404,group_chat,adanna_okonkwo,93.0
hugesmoothtech-corp-20260404,group_chat,Elena Rodriguez,215.0
hugesmoothtech-corp-20260404,group_chat,amélie_dubois,115.0
hugesmoothtech-corp-20260404,group_chat,amélie_dubois,100.0
hugesmoothtech-corp-20260404,group_chat,amélie_dubois,125.0
hugesmoothtech-corp-20260404,group_chat,hyunjae_wang,240.0
hugesmoothtech-corp-20260404,group_chat,hyunjae_wang,210.0
hugesmoothtech-corp-20260404,meeting,adubois,5400.0
hugesmoothtech-corp-20260404,meeting,adubois,5400.0
hugesmoothtech-corp-20260404,meeting,adubois,81000.0
hugesmoothtech-corp-20260404,meeting,adubois,95400.0
hugesmoothtech-corp-20260404,meeting,adubois,7200.0
hugesmoothtech-corp-20260404,meeting,adubois,252000.0
hugesmoothtech-corp-20260404,meeting,adubois,14400.0
hugesmoothtech-corp-20260404,meeting,adubois,75600.0
hugesmoothtech-corp-20260404,meeting,adubois,75600.0
hugesmoothtech-corp-20260404,meeting,adubois,7200.0
hugesmoothtech-corp-20260404,meeting,adubois,9000.0
hugesmoothtech-corp-20260404,meeting,adubois,68400.0
hugesmoothtech-corp-20260404,meeting,adubois,12600.0
hugesmoothtech-corp-20260404,meeting,adubois,7200.0
hugesmoothtech-corp-20260404,meeting,adubois,66600.0
hugesmoothtech-corp-20260404,meeting,adubois,23400.0
hugesmoothtech-corp-20260404,meeting,mgarcia,10800.0
hugesmoothtech-corp-20260404,meeting,mgarcia,14400.0
hugesmoothtech-corp-20260404,meeting,mgarcia,66600.0
hugesmoothtech-corp-20260404,meeting,mgarcia,18000.0
hugesmoothtech-corp-20260404,meeting,mgarcia,63000.0
hugesmoothtech-corp-20260404,meeting,mgarcia,14400.0
hugesmoothtech-corp-20260404,meeting,mgarcia,10800.0
hugesmoothtech-corp-20260404,meeting,mgarcia,68400.0
hugesmoothtech-corp-20260404,meeting,mgarcia,79200.0
hugesmoothtech-corp-20260404,meeting,mgarcia,21600.0
hugesmoothtech-corp-20260404,meeting,mgarcia,72000.0
hugesmoothtech-corp-20260404,meeting,mgarcia,7200.0
hugesmoothtech-corp-20260404,meeting,mgarcia,14400.0
hugesmoothtech-corp-20260404,meeting,mgarcia,75600.0
hugesmoothtech-corp-20260404,meeting,mgarcia,75600.0
hugesmoothtech-corp-20260404,meeting,mgarcia,7200.0
hugesmoothtech-corp-20260404,meeting,mgarcia,9000.0
hugesmoothtech-corp-20260404,meeting,mgarcia,5400.0
hugesmoothtech-corp-20260404,meeting,mgarcia,63000.0
hugesmoothtech-corp-20260404,meeting,mgarcia,19800.0
hugesmoothtech-corp-20260404,meeting,mgarcia,84600.0
hugesmoothtech-corp-20260404,meeting,jhassan,10800.0
hugesmoothtech-corp-20260404,meeting,jhassan,75600.0
hugesmoothtech-corp-20260404,meeting,jhassan,86400.0
hugesmoothtech-corp-20260404,meeting,jhassan,7200.0
hugesmoothtech-corp-20260404,meeting,jhassan,79200.0
hugesmoothtech-corp-20260404,meeting,jhassan,172800.0
hugesmoothtech-corp-20260404,meeting,jhassan,86400.0
hugesmoothtech-corp-20260404,meeting,jhassan,5400.0
hugesmoothtech-corp-20260404,meeting,jhassan,81000.0
hugesmoothtech-corp-20260404,meeting,jhassan,86400.0
hugesmoothtech-corp-20260404,meeting,kpark,86400.0
hugesmoothtech-corp-20260404,meeting,kpark,86400.0
hugesmoothtech-corp-20260404,meeting,kpark,7200.0
hugesmoothtech-corp-20260404,meeting,kpark,79200.0
hugesmoothtech-corp-20260404,meeting,kpark,14400.0
hugesmoothtech-corp-20260404,meeting,kpark,86400.0
hugesmoothtech-corp-20260404,meeting,kpark,244800.0
hugesmoothtech-corp-20260404,meeting,kpark,14400.0
hugesmoothtech-corp-20260404,meeting,kpark,72000.0
hugesmoothtech-corp-20260404,meeting,kpark,97200.0
hugesmoothtech-corp-20260404,meeting,tkobayashi,86400.0
hugesmoothtech-corp-20260404,meeting,tkobayashi,93600.0
hugesmoothtech-corp-20260404,meeting,tkobayashi,79200.0
hugesmoothtech-corp-20260404,meeting,tkobayashi,14400.0
hugesmoothtech-corp-20260404,meeting,tkobayashi,86400.0
hugesmoothtech-corp-20260404,meeting,tkobayashi,72000.0
hugesmoothtech-corp-20260404,meeting,tkobayashi,86400.0
hugesmoothtech-corp-20260404,meeting,tkobayashi,5400.0
hugesmoothtech-corp-20260404,meeting,tkobayashi,81000.0
hugesmoothtech-corp-20260404,meeting,tkobayashi,14400.0
hugesmoothtech-corp-20260404,meeting,tkobayashi,72000.0
hugesmoothtech-corp-20260404,meeting,tkobayashi,86400.0
hugesmoothtech-corp-20260404,meeting,tkobayashi,10800.0
hugesmoothtech-corp-20260404,meeting,jokonkwo,86400.0
hugesmoothtech-corp-20260404,meeting,jokonkwo,5400.0
hugesmoothtech-corp-20260404,meeting,jokonkwo,169200.0
hugesmoothtech-corp-20260404,meeting,jokonkwo,21600.0
hugesmoothtech-corp-20260404,meeting,jokonkwo,79200.0
hugesmoothtech-corp-20260404,meeting,jokonkwo,72000.0
hugesmoothtech-corp-20260404,meeting,jokonkwo,21600.0
hugesmoothtech-corp-20260404,meeting,jokonkwo,75600.0
hugesmoothtech-corp-20260404,meeting,jokonkwo,75600.0
hugesmoothtech-corp-20260404,meeting,jokonkwo,7200.0
hugesmoothtech-corp-20260404,meeting,jokonkwo,9000.0
hugesmoothtech-corp-20260404,meeting,jokonkwo,5400.0
hugesmoothtech-corp-20260404,meeting,jokonkwo,68400.0
hugesmoothtech-corp-20260404,meeting,jokonkwo,14400.0
hugesmoothtech-corp-20260404,meeting,jokonkwo,79200.0
hugesmoothtech-corp-20260404,meeting,msharif,19800.0
hugesmoothtech-corp-20260404,meeting,msharif,66600.0
hugesmoothtech-corp-20260404,meeting,msharif,18000.0
hugesmoothtech-corp-20260404,meeting,msharif,84600.0
hugesmoothtech-corp-20260404,meeting,msharif,79200.0
hugesmoothtech-corp-20260404,meeting,msharif,7200.0
hugesmoothtech-corp-20260404,meeting,msharif,72000.0
hugesmoothtech-corp-20260404,meeting,msharif,100800.0
hugesmoothtech-corp-20260404,meeting,msharif,88200.0
hugesmoothtech-corp-20260404,meeting,msharif,77400.0
hugesmoothtech-corp-20260404,meeting,msharif,14400.0
hugesmoothtech-corp-20260404,meeting,rchowdhury,12600.0
hugesmoothtech-corp-20260404,meeting,rchowdhury,73800.0
hugesmoothtech-corp-20260404,meeting,rchowdhury,18000.0
hugesmoothtech-corp-20260404,meeting,rchowdhury,63000.0
hugesmoothtech-corp-20260404,meeting,rchowdhury,21600.0
hugesmoothtech-corp-20260404,meeting,rchowdhury,3600.0
hugesmoothtech-corp-20260404,meeting,rchowdhury,82800.0
hugesmoothtech-corp-20260404,meeting,rchowdhury,72000.0
hugesmoothtech-corp-20260404,meeting,rchowdhury,86400.0
hugesmoothtech-corp-20260404,meeting,rchowdhury,102600.0
hugesmoothtech-corp-20260404,meeting,rchowdhury,77400.0
hugesmoothtech-corp-20260404,meeting,rchowdhury,77400.0
hugesmoothtech-corp-20260404,meeting,knguyen,104400.0
hugesmoothtech-corp-20260404,meeting,knguyen,88200.0
hugesmoothtech-corp-20260404,meeting,knguyen,82800.0
hugesmoothtech-corp-20260404,meeting,knguyen,72000.0
hugesmoothtech-corp-20260404,meeting,knguyen,189000.0
hugesmoothtech-corp-20260404,meeting,knguyen,77400.0
hugesmoothtech-corp-20260404,meeting,knguyen,77400.0
hugesmoothtech-corp-20260404,meeting,knguyen,104400.0
hugesmoothtech-corp-20260404,meeting,tsato,75600.0
hugesmoothtech-corp-20260404,meeting,tsato,86400.0
hugesmoothtech-corp-20260404,meeting,tsato,7200.0
hugesmoothtech-corp-20260404,meeting,tsato,7200.0
hugesmoothtech-corp-20260404,meeting,tsato,180000.0
hugesmoothtech-corp-20260404,meeting,tsato,64800.0
hugesmoothtech-corp-20260404,meeting,tsato,28800.0
hugesmoothtech-corp-20260404,meeting,tsato,75600.0
hugesmoothtech-corp-20260404,meeting,tsato,68400.0
hugesmoothtech-corp-20260404,meeting,tsato,14400.0
hugesmoothtech-corp-20260404,meeting,tsato,9000.0
hugesmoothtech-corp-20260404,meeting,tsato,63000.0
hugesmoothtech-corp-20260404,meeting,tsato,25200.0
hugesmoothtech-corp-20260404,meeting,tsato,61200.0
hugesmoothtech-corp-20260404,meeting,tsato,10800.0
hugesmoothtech-corp-20260404,meeting,ljohansson,421200.0
hugesmoothtech-corp-20260404,meeting,ljohansson,345600.0
hugesmoothtech-corp-20260404,meeting,ljohansson,10800.0
hugesmoothtech-corp-20260404,meeting,mabebe,79200.0
hugesmoothtech-corp-20260404,meeting,mabebe,183600.0
hugesmoothtech-corp-20260404,meeting,mabebe,64800.0
hugesmoothtech-corp-20260404,meeting,mabebe,93600.0
hugesmoothtech-corp-20260404,meeting,mabebe,262800.0
hugesmoothtech-corp-20260404,meeting,mabebe,104400.0
hugesmoothtech-corp-20260404,meeting,jdubois,169200.0
hugesmoothtech-corp-20260404,meeting,jdubois,100800.0
hugesmoothtech-corp-20260404,meeting,jdubois,86400.0
hugesmoothtech-corp-20260404,meeting,jdubois,154800.0
hugesmoothtech-corp-20260404,meeting,jdubois,90000.0
hugesmoothtech-corp-20260404,meeting,jdubois,90000.0
hugesmoothtech-corp-20260404,meeting,jdubois,73800.0
hugesmoothtech-corp-20260404,meeting,amustafa,86400.0
hugesmoothtech-corp-20260404,meeting,amustafa,270000.0
hugesmoothtech-corp-20260404,meeting,amustafa,79200.0
hugesmoothtech-corp-20260404,meeting,amustafa,88200.0
hugesmoothtech-corp-20260404,meeting,amustafa,167400.0
hugesmoothtech-corp-20260404,meeting,amustafa,73800.0
hugesmoothtech-corp-20260404,meeting,nkhatri,86400.0
hugesmoothtech-corp-20260404,meeting,nkhatri,270000.0
hugesmoothtech-corp-20260404,meeting,nkhatri,79200.0
hugesmoothtech-corp-20260404,meeting,nkhatri,158400.0
hugesmoothtech-corp-20260404,meeting,nkhatri,7200.0
hugesmoothtech-corp-20260404,meeting,nkhatri,163800.0
hugesmoothtech-corp-20260404,meeting,rmensah,72000.0
hugesmoothtech-corp-20260404,meeting,rmensah,183600.0
hugesmoothtech-corp-20260404,meeting,rmensah,64800.0
hugesmoothtech-corp-20260404,meeting,rmensah,93600.0
hugesmoothtech-corp-20260404,meeting,rmensah,90000.0
hugesmoothtech-corp-20260404,meeting,rmensah,104400.0
hugesmoothtech-corp-20260404,meeting,rmensah,68400.0
hugesmoothtech-corp-20260404,meeting,rmensah,93600.0
hugesmoothtech-corp-20260404,meeting,rmensah,10800.0
hugesmoothtech-corp-20260404,meeting,fpereira,72000.0
hugesmoothtech-corp-20260404,meeting,fpereira,248400.0
hugesmoothtech-corp-20260404,meeting,fpereira,93600.0
hugesmoothtech-corp-20260404,meeting,fpereira,90000.0
hugesmoothtech-corp-20260404,meeting,fpereira,104400.0
hugesmoothtech-corp-20260404,meeting,fpereira,68400.0
hugesmoothtech-corp-20260404,meeting,fpereira,93600.0
hugesmoothtech-corp-20260404,meeting,adeyokonkwo,320400.0
hugesmoothtech-corp-20260404,meeting,adeyokonkwo,183600.0
hugesmoothtech-corp-20260404,meeting,adeyokonkwo,172800.0
hugesmoothtech-corp-20260404,meeting,adeyokonkwo,93600.0
hugesmoothtech-corp-20260404,meeting,rpatel,12600.0
hugesmoothtech-corp-20260404,meeting,rpatel,82800.0
hugesmoothtech-corp-20260404,meeting,rpatel,7200.0
hugesmoothtech-corp-20260404,meeting,rpatel,72000.0
hugesmoothtech-corp-20260404,meeting,rpatel,21600.0
hugesmoothtech-corp-20260404,meeting,rpatel,79200.0
hugesmoothtech-corp-20260404,meeting,rpatel,79200.0
hugesmoothtech-corp-20260404,meeting,rpatel,7200.0
hugesmoothtech-corp-20260404,meeting,rpatel,82800.0
hugesmoothtech-corp-20260404,meeting,rpatel,75600.0
hugesmoothtech-corp-20260404,meeting,rpatel,7200.0
hugesmoothtech-corp-20260404,meeting,rpatel,9000.0
hugesmoothtech-corp-20260404,meeting,rpatel,81000.0
hugesmoothtech-corp-20260404,meeting,rpatel,7200.0
hugesmoothtech-corp-20260404,meeting,rpatel,66600.0
hugesmoothtech-corp-20260404,meeting,cndlovu,432000.0
hugesmoothtech-corp-20260404,meeting,mohammedhaddad,183600.0
hugesmoothtech-corp-20260404,meeting,mohammedhaddad,165600.0
hugesmoothtech-corp-20260404,meeting,mohammedhaddad,158400.0
hugesmoothtech-corp-20260404,meeting,carlosgarcia,63000.0
hugesmoothtech-corp-20260404,meeting,carlosgarcia,25200.0
hugesmoothtech-corp-20260404,meeting,carlosgarcia,435600.0
hugesmoothtech-corp-20260404,meeting,carlosgarcia,63000.0
hugesmoothtech-corp-20260404,meeting,carlosgarcia,104400.0
hugesmoothtech-corp-20260404,meeting,hwang,180000.0
hugesmoothtech-corp-20260404,meeting,hwang,158400.0
hugesmoothtech-corp-20260404,meeting,hwang,5400.0
hugesmoothtech-corp-20260404,meeting,hwang,81000.0
hugesmoothtech-corp-20260404,meeting,hwang,14400.0
hugesmoothtech-corp-20260404,meeting,hwang,158400.0
hugesmoothtech-corp-20260404,meeting,hwang,10800.0
hugesmoothtech-corp-20260404,meeting,rprasad,79200.0
hugesmoothtech-corp-20260404,meeting,rprasad,14400.0
hugesmoothtech-corp-20260404,meeting,rprasad,86400.0
hugesmoothtech-corp-20260404,meeting,rprasad,72000.0
hugesmoothtech-corp-20260404,meeting,rprasad,86400.0
hugesmoothtech-corp-20260404,meeting,rprasad,5400.0
hugesmoothtech-corp-20260404,meeting,rprasad,81000.0
hugesmoothtech-corp-20260404,meeting,rprasad,172800.0
hugesmoothtech-corp-20260404,meeting,tsilva,18000.0
hugesmoothtech-corp-20260404,meeting,tsilva,75600.0
hugesmoothtech-corp-20260404,meeting,tsilva,86400.0
hugesmoothtech-corp-20260404,meeting,tsilva,158400.0
hugesmoothtech-corp-20260404,meeting,tsilva,5400.0
hugesmoothtech-corp-20260404,meeting,tsilva,81000.0
hugesmoothtech-corp-20260404,meeting,tsilva,14400.0
hugesmoothtech-corp-20260404,meeting,tsilva,72000.0
hugesmoothtech-corp-20260404,meeting,anapatel,18000.0
hugesmoothtech-corp-20260404,meeting,anapatel,421200.0
hugesmoothtech-corp-20260404,meeting,anapatel,169200.0
hugesmoothtech-corp-20260404,meeting,lzhang,180000.0
hugesmoothtech-corp-20260404,meeting,lzhang,336600.0
hugesmoothtech-corp-20260404,meeting,ymorales,158400.0
hugesmoothtech-corp-20260404,meeting,ymorales,14400.0
hugesmoothtech-corp-20260404,meeting,msilva,460800.0
hugesmoothtech-corp-20260404,meeting,lrossi,448200.0
hugesmoothtech-corp-20260404,meeting,aokonkwo,167400.0
