tenant,channel,sender,iet_seconds
staff-office-the-university-of-cambford-20260407,email,smensah,7200.0
staff-office-the-university-of-cambford-20260407,email,smensah,163800.0
staff-office-the-university-of-cambford-20260407,email,smensah,85500.0
staff-office-the-university-of-cambford-20260407,email,smensah,2700.0
staff-office-the-university-of-cambford-20260407,email,smensah,1800.0
staff-office-the-university-of-cambford-20260407,email,smensah,90000.0
staff-office-the-university-of-cambford-20260407,email,smensah,596700.0
staff-office-the-university-of-cambford-20260407,email,smensah,175500.0
staff-office-the-university-of-cambford-20260407,email,smensah,5400.0
staff-office-the-university-of-cambford-20260407,email,lhaddad,12600.0
staff-office-the-university-of-cambford-20260407,email,lhaddad,75600.0
staff-office-the-university-of-cambford-20260407,email,lhaddad,9000.0
staff-office-the-university-of-cambford-20260407,email,lhaddad,76500.0
staff-office-the-university-of-cambford-20260407,email,lhaddad,88200.0
staff-office-the-university-of-cambford-20260407,email,lhaddad,92700.0
staff-office-the-university-of-cambford-20260407,email,lhaddad,168300.0
staff-office-the-university-of-cambford-20260407,email,lhaddad,170100.0
staff-office-the-university-of-cambford-20260407,email,lhaddad,5400.0
staff-office-the-university-of-cambford-20260407,email,lhaddad,167400.0
staff-office-the-university-of-cambford-20260407,email,lhaddad,86400.0
staff-office-the-university-of-cambford-20260407,email,lhaddad,82800.0
staff-office-the-university-of-cambford-20260407,email,lhaddad,10800.0
staff-office-the-university-of-cambford-20260407,email,lhaddad,79200.0
staff-office-the-university-of-cambford-20260407,email,ktanaka,7200.0
staff-office-the-university-of-cambford-20260407,email,ktanaka,81000.0
staff-office-the-university-of-cambford-20260407,email,ktanaka,85500.0
staff-office-the-university-of-cambford-20260407,email,ktanaka,180000.0
staff-office-the-university-of-cambford-20260407,email,ktanaka,72000.0
staff-office-the-university-of-cambford-20260407,email,ktanaka,177300.0
staff-office-the-university-of-cambford-20260407,email,ktanaka,81900.0
staff-office-the-university-of-cambford-20260407,email,ktanaka,9900.0
staff-office-the-university-of-cambford-20260407,email,ktanaka,253800.0
staff-office-the-university-of-cambford-20260407,email,ktanaka,91800.0
staff-office-the-university-of-cambford-20260407,email,ktanaka,83700.0
staff-office-the-university-of-cambford-20260407,email,cnguyen,89100.0
staff-office-the-university-of-cambford-20260407,email,cnguyen,77400.0
staff-office-the-university-of-cambford-20260407,email,cnguyen,84600.0
staff-office-the-university-of-cambford-20260407,email,cnguyen,4500.0
staff-office-the-university-of-cambford-20260407,email,cnguyen,87300.0
staff-office-the-university-of-cambford-20260407,email,cnguyen,3600.0
staff-office-the-university-of-cambford-20260407,email,cnguyen,172800.0
staff-office-the-university-of-cambford-20260407,email,cnguyen,88200.0
staff-office-the-university-of-cambford-20260407,email,cnguyen,88200.0
staff-office-the-university-of-cambford-20260407,email,cnguyen,166500.0
staff-office-the-university-of-cambford-20260407,email,cnguyen,78300.0
staff-office-the-university-of-cambford-20260407,email,cnguyen,12600.0
staff-office-the-university-of-cambford-20260407,email,cnguyen,161100.0
staff-office-the-university-of-cambford-20260407,email,cnguyen,3600.0
staff-office-the-university-of-cambford-20260407,email,cnguyen,7200.0
staff-office-the-university-of-cambford-20260407,email,mgarcia,7200.0
staff-office-the-university-of-cambford-20260407,email,mgarcia,86400.0
staff-office-the-university-of-cambford-20260407,email,mgarcia,67500.0
staff-office-the-university-of-cambford-20260407,email,mgarcia,6300.0
staff-office-the-university-of-cambford-20260407,email,mgarcia,856800.0
staff-office-the-university-of-cambford-20260407,email,drossi,75600.0
staff-office-the-university-of-cambford-20260407,email,drossi,5400.0
staff-office-the-university-of-cambford-20260407,email,drossi,7200.0
staff-office-the-university-of-cambford-20260407,email,drossi,159300.0
staff-office-the-university-of-cambford-20260407,email,drossi,4500.0
staff-office-the-university-of-cambford-20260407,email,drossi,85500.0
staff-office-the-university-of-cambford-20260407,email,drossi,81000.0
staff-office-the-university-of-cambford-20260407,email,drossi,91800.0
staff-office-the-university-of-cambford-20260407,email,drossi,186300.0
staff-office-the-university-of-cambford-20260407,email,drossi,240300.0
staff-office-the-university-of-cambford-20260407,email,drossi,90900.0
staff-office-the-university-of-cambford-20260407,email,mzhang,88200.0
staff-office-the-university-of-cambford-20260407,email,mzhang,4500.0
staff-office-the-university-of-cambford-20260407,email,mzhang,431100.0
staff-office-the-university-of-cambford-20260407,email,mzhang,86400.0
staff-office-the-university-of-cambford-20260407,email,mzhang,167400.0
staff-office-the-university-of-cambford-20260407,email,mzhang,900.0
staff-office-the-university-of-cambford-20260407,email,mzhang,5400.0
staff-office-the-university-of-cambford-20260407,email,mzhang,179100.0
staff-office-the-university-of-cambford-20260407,email,jokonkwo,333000.0
staff-office-the-university-of-cambford-20260407,email,jokonkwo,181800.0
staff-office-the-university-of-cambford-20260407,email,jokonkwo,81000.0
staff-office-the-university-of-cambford-20260407,email,jokonkwo,262800.0
staff-office-the-university-of-cambford-20260407,email,jokonkwo,82800.0
staff-office-the-university-of-cambford-20260407,email,fdubois,4500.0
staff-office-the-university-of-cambford-20260407,email,fdubois,84600.0
staff-office-the-university-of-cambford-20260407,email,fdubois,345600.0
staff-office-the-university-of-cambford-20260407,email,fdubois,81000.0
staff-office-the-university-of-cambford-20260407,email,fdubois,85500.0
staff-office-the-university-of-cambford-20260407,email,fdubois,86400.0
staff-office-the-university-of-cambford-20260407,email,fdubois,3900.0
staff-office-the-university-of-cambford-20260407,email,fdubois,85200.0
staff-office-the-university-of-cambford-20260407,email,fdubois,7200.0
staff-office-the-university-of-cambford-20260407,email,fdubois,172800.0
staff-office-the-university-of-cambford-20260407,email,akabir,88200.0
staff-office-the-university-of-cambford-20260407,email,akabir,173700.0
staff-office-the-university-of-cambford-20260407,email,akabir,171000.0
staff-office-the-university-of-cambford-20260407,email,akabir,90000.0
staff-office-the-university-of-cambford-20260407,email,akabir,163800.0
staff-office-the-university-of-cambford-20260407,email,akabir,100800.0
staff-office-the-university-of-cambford-20260407,email,akabir,75600.0
staff-office-the-university-of-cambford-20260407,email,akabir,3600.0
staff-office-the-university-of-cambford-20260407,email,yabdul,430200.0
staff-office-the-university-of-cambford-20260407,email,lgomez,77400.0
staff-office-the-university-of-cambford-20260407,email,jokafor,437400.0
staff-office-the-university-of-cambford-20260407,email,ksingh,261900.0
staff-office-the-university-of-cambford-20260407,email,ksingh,78300.0
staff-office-the-university-of-cambford-20260407,email,aramirez,9000.0
staff-office-the-university-of-cambford-20260407,chat,kenji_tanaka,58.0
staff-office-the-university-of-cambford-20260407,chat,kenji_tanaka,40.0
staff-office-the-university-of-cambford-20260407,chat,kenji_tanaka,53.0
staff-office-the-university-of-cambford-20260407,chat,kenji_tanaka,87.0
staff-office-the-university-of-cambford-20260407,chat,kenji_tanaka,144.0
staff-office-the-university-of-cambford-20260407,chat,kenji_tanaka,46.0
staff-office-the-university-of-cambford-20260407,chat,kenji_tanaka,43.0
staff-office-the-university-of-cambford-20260407,chat,kenji_tanaka,1257.0
staff-office-the-university-of-cambford-20260407,chat,kenji_tanaka,165.0
staff-office-the-university-of-cambford-20260407,chat,kenji_tanaka,85.0
staff-office-the-university-of-cambford-20260407,chat,kenji_tanaka,105.0
staff-office-the-university-of-cambford-20260407,chat,kenji_tanaka,252.0
staff-office-the-university-of-cambford-20260407,chat,kenji_tanaka,223.0
staff-office-the-university-of-cambford-20260407,chat,kenji_tanaka,73.0
staff-office-the-university-of-cambford-20260407,chat,kenji_tanaka,67.0
staff-office-the-university-of-cambford-20260407,chat,kenji_tanaka,65.0
staff-office-the-university-of-cambford-20260407,chat,kenji_tanaka,411945.0
staff-office-the-university-of-cambford-20260407,chat,kenji_tanaka,70.0
staff-office-the-university-of-cambford-20260407,chat,kenji_tanaka,50.0
staff-office-the-university-of-cambford-20260407,chat,kenji_tanaka,72.0
staff-office-the-university-of-cambford-20260407,chat,kenji_tanaka,113.0
staff-office-the-university-of-cambford-20260407,chat,kenji_tanaka,75.0
staff-office-the-university-of-cambford-20260407,chat,kenji_tanaka,70.0
staff-office-the-university-of-cambford-20260407,chat,kenji_tanaka,60.0
staff-office-the-university-of-cambford-20260407,chat,kenji_tanaka,65.0
staff-office-the-university-of-cambford-20260407,chat,kenji_tanaka,70.0
staff-office-the-university-of-cambford-20260407,chat,kenji_tanaka,65.0
staff-office-the-university-of-cambford-20260407,chat,kenji_tanaka,55.0
staff-office-the-university-of-cambford-20260407,chat,kenji_tanaka,45.0
staff-office-the-university-of-cambford-20260407,chat,kenji_tanaka,85410.0
staff-office-the-university-of-cambford-20260407,chat,kenji_tanaka,132.0
staff-office-the-university-of-cambford-20260407,chat,kenji_tanaka,51.0
staff-office-the-university-of-cambford-20260407,chat,kenji_tanaka,77.0
staff-office-the-university-of-cambford-20260407,chat,kenji_tanaka,80.0
staff-office-the-university-of-cambford-20260407,chat,kenji_tanaka,70.0
staff-office-the-university-of-cambford-20260407,chat,kenji_tanaka,80.0
staff-office-the-university-of-cambford-20260407,chat,kenji_tanaka,55.0
staff-office-the-university-of-cambford-20260407,chat,kenji_tanaka,55.0
staff-office-the-university-of-cambford-20260407,chat,kenji_tanaka,88815.0
staff-office-the-university-of-cambford-20260407,chat,kenji_tanaka,80.0
staff-office-the-university-of-cambford-20260407,chat,kenji_tanaka,70.0
staff-office-the-university-of-cambford-20260407,chat,kenji_tanaka,65.0
staff-office-the-university-of-cambford-20260407,chat,kenji_tanaka,55.0
staff-office-the-university-of-cambford-20260407,chat,kenji_tanaka,76.0
staff-office-the-university-of-cambford-20260407,chat,kenji_tanaka,84.0
staff-office-the-university-of-cambford-20260407,chat,kenji_tanaka,65.0
staff-office-the-university-of-cambford-20260407,chat,kenji_tanaka,72.0
staff-office-the-university-of-cambford-20260407,chat,kenji_tanaka,48.0
staff-office-the-university-of-cambford-20260407,chat,kenji_tanaka,87030.0
staff-office-the-university-of-cambford-20260407,chat,kenji_tanaka,70.0
staff-office-the-university-of-cambford-20260407,chat,kenji_tanaka,65.0
staff-office-the-university-of-cambford-20260407,chat,kenji_tanaka,195.0
staff-office-the-university-of-cambford-20260407,chat,kenji_tanaka,75.0
staff-office-the-university-of-cambford-20260407,chat,kenji_tanaka,45.0
staff-office-the-university-of-cambford-20260407,chat,kenji_tanaka,90.0
staff-office-the-university-of-cambford-20260407,chat,kenji_tanaka,60.0
staff-office-the-university-of-cambford-20260407,chat,kenji_tanaka,120.0
staff-office-the-university-of-cambford-20260407,chat,kenji_tanaka,60.0
staff-office-the-university-of-cambford-20260407,chat,kenji_tanaka,167940.0
staff-office-the-university-of-cambford-20260407,chat,kenji_tanaka,150.0
staff-office-the-university-of-cambford-20260407,chat,kenji_tanaka,160.0
staff-office-the-university-of-cambford-20260407,chat,kenji_tanaka,230.0
staff-office-the-university-of-cambford-20260407,chat,kenji_tanaka,120.0
staff-office-the-university-of-cambford-20260407,chat,kenji_tanaka,70.0
staff-office-the-university-of-cambford-20260407,chat,kenji_tanaka,550.0
staff-office-the-university-of-cambford-20260407,chat,kenji_tanaka,100.0
staff-office-the-university-of-cambford-20260407,chat,kenji_tanaka,2010.0
staff-office-the-university-of-cambford-20260407,chat,kenji_tanaka,85935.0
staff-office-the-university-of-cambford-20260407,chat,kenji_tanaka,157.0
staff-office-the-university-of-cambford-20260407,chat,kenji_tanaka,131.0
staff-office-the-university-of-cambford-20260407,chat,kenji_tanaka,138.0
staff-office-the-university-of-cambford-20260407,chat,kenji_tanaka,144.0
staff-office-the-university-of-cambford-20260407,chat,kenji_tanaka,145.0
staff-office-the-university-of-cambford-20260407,chat,kenji_tanaka,110.0
staff-office-the-university-of-cambford-20260407,chat,chi_nguyen,138.0
staff-office-the-university-of-cambford-20260407,chat,chi_nguyen,108.0
staff-office-the-university-of-cambford-20260407,chat,chi_nguyen,337.0
staff-office-the-university-of-cambford-20260407,chat,chi_nguyen,146.0
staff-office-the-university-of-cambford-20260407,chat,chi_nguyen,127.0
staff-office-the-university-of-cambford-20260407,chat,chi_nguyen,82.0
staff-office-the-university-of-cambford-20260407,chat,chi_nguyen,50.0
staff-office-the-university-of-cambford-20260407,chat,chi_nguyen,411920.0
staff-office-the-university-of-cambford-20260407,chat,chi_nguyen,105.0
staff-office-the-university-of-cambford-20260407,chat,chi_nguyen,80.0
staff-office-the-university-of-cambford-20260407,chat,chi_nguyen,150.0
staff-office-the-university-of-cambford-20260407,chat,chi_nguyen,70.0
staff-office-the-university-of-cambford-20260407,chat,chi_nguyen,85.0
staff-office-the-university-of-cambford-20260407,chat,chi_nguyen,85.0
staff-office-the-university-of-cambford-20260407,chat,chi_nguyen,55.0
staff-office-the-university-of-cambford-20260407,chat,chi_nguyen,262695.0
staff-office-the-university-of-cambford-20260407,chat,chi_nguyen,60.0
staff-office-the-university-of-cambford-20260407,chat,chi_nguyen,45.0
staff-office-the-university-of-cambford-20260407,chat,chi_nguyen,150.0
staff-office-the-university-of-cambford-20260407,chat,chi_nguyen,70.0
staff-office-the-university-of-cambford-20260407,chat,chi_nguyen,65.0
staff-office-the-university-of-cambford-20260407,chat,chi_nguyen,135.0
staff-office-the-university-of-cambford-20260407,chat,chi_nguyen,180.0
staff-office-the-university-of-cambford-20260407,chat,chi_nguyen,60.0
staff-office-the-university-of-cambford-20260407,chat,hiroshi_matsuda,53.0
staff-office-the-university-of-cambford-20260407,chat,hiroshi_matsuda,54.0
staff-office-the-university-of-cambford-20260407,chat,hiroshi_matsuda,40.0
staff-office-the-university-of-cambford-20260407,chat,hiroshi_matsuda,43.0
staff-office-the-university-of-cambford-20260407,chat,hiroshi_matsuda,193.0
staff-office-the-university-of-cambford-20260407,chat,hiroshi_matsuda,47.0
staff-office-the-university-of-cambford-20260407,chat,hiroshi_matsuda,849720.0
staff-office-the-university-of-cambford-20260407,chat,hiroshi_matsuda,63.0
staff-office-the-university-of-cambford-20260407,chat,hiroshi_matsuda,74.0
staff-office-the-university-of-cambford-20260407,chat,hiroshi_matsuda,48.0
staff-office-the-university-of-cambford-20260407,chat,hiroshi_matsuda,33.0
staff-office-the-university-of-cambford-20260407,chat,hiroshi_matsuda,60.0
staff-office-the-university-of-cambford-20260407,chat,hiroshi_matsuda,69.0
staff-office-the-university-of-cambford-20260407,chat,hiroshi_matsuda,93.0
staff-office-the-university-of-cambford-20260407,chat,hiroshi_matsuda,65.0
staff-office-the-university-of-cambford-20260407,chat,hiroshi_matsuda,112.0
staff-office-the-university-of-cambford-20260407,chat,hiroshi_matsuda,73.0
staff-office-the-university-of-cambford-20260407,chat,hiroshi_matsuda,40.0
staff-office-the-university-of-cambford-20260407,chat,Maria Garcia,130.0
staff-office-the-university-of-cambford-20260407,chat,Maria Garcia,52.0
staff-office-the-university-of-cambford-20260407,chat,Maria Garcia,210.0
staff-office-the-university-of-cambford-20260407,chat,Maria Garcia,89.0
staff-office-the-university-of-cambford-20260407,chat,Maria Garcia,79.0
staff-office-the-university-of-cambford-20260407,chat,Maria Garcia,75.0
staff-office-the-university-of-cambford-20260407,chat,Maria Garcia,85.0
staff-office-the-university-of-cambford-20260407,chat,Maria Garcia,90.0
staff-office-the-university-of-cambford-20260407,chat,Maria Garcia,135.0
staff-office-the-university-of-cambford-20260407,chat,Maria Garcia,189255.0
staff-office-the-university-of-cambford-20260407,chat,Maria Garcia,105.0
staff-office-the-university-of-cambford-20260407,chat,Maria Garcia,50.0
staff-office-the-university-of-cambford-20260407,chat,Maria Garcia,145.0
staff-office-the-university-of-cambford-20260407,chat,Maria Garcia,75.0
staff-office-the-university-of-cambford-20260407,chat,Maria Garcia,75.0
staff-office-the-university-of-cambford-20260407,chat,Maria Garcia,45.0
staff-office-the-university-of-cambford-20260407,chat,Maria Garcia,258897.0
staff-office-the-university-of-cambford-20260407,chat,Maria Garcia,127.0
staff-office-the-university-of-cambford-20260407,chat,Maria Garcia,75.0
staff-office-the-university-of-cambford-20260407,chat,Maria Garcia,84.0
staff-office-the-university-of-cambford-20260407,chat,Maria Garcia,85.0
staff-office-the-university-of-cambford-20260407,chat,Maria Garcia,99.0
staff-office-the-university-of-cambford-20260407,chat,Maria Garcia,80.0
staff-office-the-university-of-cambford-20260407,chat,Maria Garcia,63.0
staff-office-the-university-of-cambford-20260407,chat,Maria Garcia,67475.0
staff-office-the-university-of-cambford-20260407,chat,Maria Garcia,150.0
staff-office-the-university-of-cambford-20260407,chat,Maria Garcia,150.0
staff-office-the-university-of-cambford-20260407,chat,Maria Garcia,90.0
staff-office-the-university-of-cambford-20260407,chat,Maria Garcia,90.0
staff-office-the-university-of-cambford-20260407,chat,Maria Garcia,120.0
staff-office-the-university-of-cambford-20260407,chat,Maria Garcia,120.0
staff-office-the-university-of-cambford-20260407,chat,Maria Garcia,125.0
staff-office-the-university-of-cambford-20260407,chat,Maria Garcia,85.0
staff-office-the-university-of-cambford-20260407,chat,Maria Garcia,341970.0
staff-office-the-university-of-cambford-20260407,chat,Maria Garcia,154.0
staff-office-the-university-of-cambford-20260407,chat,Maria Garcia,376.0
staff-office-the-university-of-cambford-20260407,chat,Maria Garcia,142.0
staff-office-the-university-of-cambford-20260407,chat,Maria Garcia,168.0
staff-office-the-university-of-cambford-20260407,chat,Maria Garcia,130.0
staff-office-the-university-of-cambford-20260407,chat,Maria Garcia,70.0
staff-office-the-university-of-cambford-20260407,chat,Maria Garcia,110.0
staff-office-the-university-of-cambford-20260407,chat,Chi Nguyen,115.0
staff-office-the-university-of-cambford-20260407,chat,Chi Nguyen,95.0
staff-office-the-university-of-cambford-20260407,chat,Chi Nguyen,130.0
staff-office-the-university-of-cambford-20260407,chat,Chi Nguyen,90.0
staff-office-the-university-of-cambford-20260407,chat,Chi Nguyen,85.0
staff-office-the-university-of-cambford-20260407,chat,Chi Nguyen,65.0
staff-office-the-university-of-cambford-20260407,chat,Chi Nguyen,115.0
staff-office-the-university-of-cambford-20260407,chat,Chi Nguyen,185.0
staff-office-the-university-of-cambford-20260407,chat,Chi Nguyen,85710.0
staff-office-the-university-of-cambford-20260407,chat,Chi Nguyen,85.0
staff-office-the-university-of-cambford-20260407,chat,Chi Nguyen,95.0
staff-office-the-university-of-cambford-20260407,chat,Chi Nguyen,85.0
staff-office-the-university-of-cambford-20260407,chat,Chi Nguyen,110.0
staff-office-the-university-of-cambford-20260407,chat,Chi Nguyen,75.0
staff-office-the-university-of-cambford-20260407,chat,Chi Nguyen,90.0
staff-office-the-university-of-cambford-20260407,chat,Chi Nguyen,50.0
staff-office-the-university-of-cambford-20260407,chat,Chi Nguyen,604105.0
staff-office-the-university-of-cambford-20260407,chat,Chi Nguyen,150.0
staff-office-the-university-of-cambford-20260407,chat,Chi Nguyen,75.0
staff-office-the-university-of-cambford-20260407,chat,Chi Nguyen,145.0
staff-office-the-university-of-cambford-20260407,chat,Chi Nguyen,95.0
staff-office-the-university-of-cambford-20260407,chat,Chi Nguyen,80.0
staff-office-the-university-of-cambford-20260407,chat,Chi Nguyen,145.0
staff-office-the-university-of-cambford-20260407,chat,Chi Nguyen,90.0
staff-office-the-university-of-cambford-20260407,chat,Chi Nguyen,344175.0
staff-office-the-university-of-cambford-20260407,chat,Chi Nguyen,150.0
staff-office-the-university-of-cambford-20260407,chat,Chi Nguyen,85.0
staff-office-the-university-of-cambford-20260407,chat,Chi Nguyen,170.0
staff-office-the-university-of-cambford-20260407,chat,Chi Nguyen,105.0
staff-office-the-university-of-cambford-20260407,chat,Chi Nguyen,435.0
staff-office-the-university-of-cambford-20260407,chat,Chi Nguyen,300.0
staff-office-the-university-of-cambford-20260407,chat,Chi Nguyen,75.0
staff-office-the-university-of-cambford-20260407,chat,Chi Nguyen,75.0
staff-office-the-university-of-cambford-20260407,chat,Chi Nguyen,150.0
staff-office-the-university-of-cambford-20260407,chat,Chi Nguyen,90.0
staff-office-the-university-of-cambford-20260407,chat,Layla Haddad,59.0
staff-office-the-university-of-cambford-20260407,chat,Layla Haddad,46.0
staff-office-the-university-of-cambford-20260407,chat,Layla Haddad,52.0
staff-office-the-university-of-cambford-20260407,chat,Layla Haddad,53.0
staff-office-the-university-of-cambford-20260407,chat,Layla Haddad,52.0
staff-office-the-university-of-cambford-20260407,chat,Layla Haddad,74.0
staff-office-the-university-of-cambford-20260407,chat,Layla Haddad,48.0
staff-office-the-university-of-cambford-20260407,chat,Layla Haddad,63.0
staff-office-the-university-of-cambford-20260407,chat,Layla Haddad,45.0
staff-office-the-university-of-cambford-20260407,chat,Layla Haddad,68190.0
staff-office-the-university-of-cambford-20260407,chat,Layla Haddad,85.0
staff-office-the-university-of-cambford-20260407,chat,Layla Haddad,410.0
staff-office-the-university-of-cambford-20260407,chat,Layla Haddad,310.0
staff-office-the-university-of-cambford-20260407,chat,Layla Haddad,170.0
staff-office-the-university-of-cambford-20260407,chat,Layla Haddad,90.0
staff-office-the-university-of-cambford-20260407,chat,Layla Haddad,90.0
staff-office-the-university-of-cambford-20260407,chat,Layla Haddad,85210.0
staff-office-the-university-of-cambford-20260407,chat,Layla Haddad,62.0
staff-office-the-university-of-cambford-20260407,chat,Layla Haddad,53.0
staff-office-the-university-of-cambford-20260407,chat,Layla Haddad,40.0
staff-office-the-university-of-cambford-20260407,chat,Layla Haddad,85.0
staff-office-the-university-of-cambford-20260407,chat,Layla Haddad,80.0
staff-office-the-university-of-cambford-20260407,chat,Layla Haddad,30.0
staff-office-the-university-of-cambford-20260407,chat,Layla Haddad,552.0
staff-office-the-university-of-cambford-20260407,chat,Layla Haddad,78.0
staff-office-the-university-of-cambford-20260407,chat,Layla Haddad,75.0
staff-office-the-university-of-cambford-20260407,chat,Layla Haddad,40.0
staff-office-the-university-of-cambford-20260407,chat,Layla Haddad,278987.0
staff-office-the-university-of-cambford-20260407,chat,Layla Haddad,142.0
staff-office-the-university-of-cambford-20260407,chat,Layla Haddad,104.0
staff-office-the-university-of-cambford-20260407,chat,Layla Haddad,43.0
staff-office-the-university-of-cambford-20260407,chat,Layla Haddad,81.0
staff-office-the-university-of-cambford-20260407,chat,Layla Haddad,85.0
staff-office-the-university-of-cambford-20260407,chat,Layla Haddad,75.0
staff-office-the-university-of-cambford-20260407,chat,Layla Haddad,60.0
staff-office-the-university-of-cambford-20260407,chat,Layla Haddad,37.0
staff-office-the-university-of-cambford-20260407,chat,Yasmin Abdul,50.0
staff-office-the-university-of-cambford-20260407,chat,Yasmin Abdul,56.0
staff-office-the-university-of-cambford-20260407,chat,Yasmin Abdul,47.0
staff-office-the-university-of-cambford-20260407,chat,Yasmin Abdul,54.0
staff-office-the-university-of-cambford-20260407,chat,Yasmin Abdul,70.0
staff-office-the-university-of-cambford-20260407,chat,Yasmin Abdul,48.0
staff-office-the-university-of-cambford-20260407,chat,Yasmin Abdul,65.0
staff-office-the-university-of-cambford-20260407,chat,Yasmin Abdul,52.0
staff-office-the-university-of-cambford-20260407,chat,Yasmin Abdul,39.0
staff-office-the-university-of-cambford-20260407,chat,Yasmin Abdul,672934.0
staff-office-the-university-of-cambford-20260407,chat,Yasmin Abdul,95.0
staff-office-the-university-of-cambford-20260407,chat,Yasmin Abdul,65.0
staff-office-the-university-of-cambford-20260407,chat,Yasmin Abdul,70.0
staff-office-the-university-of-cambford-20260407,chat,Yasmin Abdul,65.0
staff-office-the-university-of-cambford-20260407,chat,Yasmin Abdul,65.0
staff-office-the-university-of-cambford-20260407,chat,Yasmin Abdul,50.0
staff-office-the-university-of-cambford-20260407,chat,Kenji Tanaka,150.0
staff-office-the-university-of-cambford-20260407,chat,Kenji Tanaka,90.0
staff-office-the-university-of-cambford-20260407,chat,Kenji Tanaka,90.0
staff-office-the-university-of-cambford-20260407,chat,Kenji Tanaka,195.0
staff-office-the-university-of-cambford-20260407,chat,Kenji Tanaka,75.0
staff-office-the-university-of-cambford-20260407,chat,Kenji Tanaka,70.0
staff-office-the-university-of-cambford-20260407,chat,Kenji Tanaka,445205.0
staff-office-the-university-of-cambford-20260407,chat,Kenji Tanaka,135.0
staff-office-the-university-of-cambford-20260407,chat,Kenji Tanaka,98.0
staff-office-the-university-of-cambford-20260407,chat,Kenji Tanaka,137.0
staff-office-the-university-of-cambford-20260407,chat,Kenji Tanaka,130.0
staff-office-the-university-of-cambford-20260407,chat,Kenji Tanaka,90.0
staff-office-the-university-of-cambford-20260407,chat,Kenji Tanaka,95.0
staff-office-the-university-of-cambford-20260407,chat,Kenji Tanaka,85.0
staff-office-the-university-of-cambford-20260407,chat,Kenji Tanaka,327427.0
staff-office-the-university-of-cambford-20260407,chat,Kenji Tanaka,110.0
staff-office-the-university-of-cambford-20260407,chat,Kenji Tanaka,285.0
staff-office-the-university-of-cambford-20260407,chat,Kenji Tanaka,128.0
staff-office-the-university-of-cambford-20260407,chat,Kenji Tanaka,155.0
staff-office-the-university-of-cambford-20260407,chat,Kenji Tanaka,170.0
staff-office-the-university-of-cambford-20260407,chat,Kenji Tanaka,85.0
staff-office-the-university-of-cambford-20260407,chat,Kenji Tanaka,77.0
staff-office-the-university-of-cambford-20260407,chat,Kenji Tanaka,98.0
staff-office-the-university-of-cambford-20260407,chat,Kenji Tanaka,88820.0
staff-office-the-university-of-cambford-20260407,chat,Kenji Tanaka,123.0
staff-office-the-university-of-cambford-20260407,chat,Kenji Tanaka,157.0
staff-office-the-university-of-cambford-20260407,chat,Kenji Tanaka,245.0
staff-office-the-university-of-cambford-20260407,chat,Kenji Tanaka,153.0
staff-office-the-university-of-cambford-20260407,chat,Kenji Tanaka,172.0
staff-office-the-university-of-cambford-20260407,chat,Kenji Tanaka,235.0
staff-office-the-university-of-cambford-20260407,chat,Kenji Tanaka,280.0
staff-office-the-university-of-cambford-20260407,chat,Kenji Tanaka,187.0
staff-office-the-university-of-cambford-20260407,chat,Kenji Tanaka,193.0
staff-office-the-university-of-cambford-20260407,chat,Kenji Tanaka,170.0
staff-office-the-university-of-cambford-20260407,chat,Kenji Tanaka,83765.0
staff-office-the-university-of-cambford-20260407,chat,Kenji Tanaka,150.0
staff-office-the-university-of-cambford-20260407,chat,Kenji Tanaka,110.0
staff-office-the-university-of-cambford-20260407,chat,Kenji Tanaka,75.0
staff-office-the-university-of-cambford-20260407,chat,Kenji Tanaka,25.0
staff-office-the-university-of-cambford-20260407,chat,Kenji Tanaka,180.0
staff-office-the-university-of-cambford-20260407,chat,Kenji Tanaka,70.0
staff-office-the-university-of-cambford-20260407,chat,Kenji Tanaka,35.0
staff-office-the-university-of-cambford-20260407,chat,Kenji Tanaka,450.0
staff-office-the-university-of-cambford-20260407,chat,Kenji Tanaka,285.0
staff-office-the-university-of-cambford-20260407,chat,Kenji Tanaka,130.0
staff-office-the-university-of-cambford-20260407,chat,Kenji Tanaka,170.0
staff-office-the-university-of-cambford-20260407,chat,aisha_kabir,123.0
staff-office-the-university-of-cambford-20260407,chat,aisha_kabir,167.0
staff-office-the-university-of-cambford-20260407,chat,aisha_kabir,1000.0
staff-office-the-university-of-cambford-20260407,chat,aisha_kabir,528.0
staff-office-the-university-of-cambford-20260407,chat,aisha_kabir,347.0
staff-office-the-university-of-cambford-20260407,chat,aisha_kabir,125.0
staff-office-the-university-of-cambford-20260407,chat,aisha_kabir,778955.0
staff-office-the-university-of-cambford-20260407,chat,aisha_kabir,80.0
staff-office-the-university-of-cambford-20260407,chat,aisha_kabir,65.0
staff-office-the-university-of-cambford-20260407,chat,aisha_kabir,440.0
staff-office-the-university-of-cambford-20260407,chat,aisha_kabir,80.0
staff-office-the-university-of-cambford-20260407,chat,aisha_kabir,50.0
staff-office-the-university-of-cambford-20260407,chat,aisha_kabir,60.0
staff-office-the-university-of-cambford-20260407,chat,aisha_kabir,35.0
staff-office-the-university-of-cambford-20260407,chat,aisha_kabir,168420.0
staff-office-the-university-of-cambford-20260407,chat,aisha_kabir,115.0
staff-office-the-university-of-cambford-20260407,chat,aisha_kabir,455.0
staff-office-the-university-of-cambford-20260407,chat,aisha_kabir,165.0
staff-office-the-university-of-cambford-20260407,chat,aisha_kabir,170.0
staff-office-the-university-of-cambford-20260407,chat,aisha_kabir,525.0
staff-office-the-university-of-cambford-20260407,chat,aisha_kabir,130.0
staff-office-the-university-of-cambford-20260407,chat,francois_dubois,130.0
staff-office-the-university-of-cambford-20260407,chat,francois_dubois,108.0
staff-office-the-university-of-cambford-20260407,chat,francois_dubois,935.0
staff-office-the-university-of-cambford-20260407,chat,francois_dubois,77.0
staff-office-the-university-of-cambford-20260407,chat,francois_dubois,588.0
staff-office-the-university-of-cambford-20260407,chat,francois_dubois,210.0
staff-office-the-university-of-cambford-20260407,chat,francois_dubois,130.0
staff-office-the-university-of-cambford-20260407,chat,francois_dubois,778950.0
staff-office-the-university-of-cambford-20260407,chat,francois_dubois,80.0
staff-office-the-university-of-cambford-20260407,chat,francois_dubois,90.0
staff-office-the-university-of-cambford-20260407,chat,francois_dubois,55.0
staff-office-the-university-of-cambford-20260407,chat,francois_dubois,445.0
staff-office-the-university-of-cambford-20260407,chat,francois_dubois,65.0
staff-office-the-university-of-cambford-20260407,chat,francois_dubois,50.0
staff-office-the-university-of-cambford-20260407,chat,francois_dubois,55.0
staff-office-the-university-of-cambford-20260407,chat,francois_dubois,168360.0
staff-office-the-university-of-cambford-20260407,chat,francois_dubois,150.0
staff-office-the-university-of-cambford-20260407,chat,francois_dubois,570.0
staff-office-the-university-of-cambford-20260407,chat,francois_dubois,180.0
staff-office-the-university-of-cambford-20260407,chat,francois_dubois,660.0
staff-office-the-university-of-cambford-20260407,chat,Hiroshi Matsuda,87.0
staff-office-the-university-of-cambford-20260407,chat,Hiroshi Matsuda,69.0
staff-office-the-university-of-cambford-20260407,chat,Hiroshi Matsuda,155.0
staff-office-the-university-of-cambford-20260407,chat,Hiroshi Matsuda,87.0
staff-office-the-university-of-cambford-20260407,chat,Hiroshi Matsuda,63.0
staff-office-the-university-of-cambford-20260407,chat,Hiroshi Matsuda,79.0
staff-office-the-university-of-cambford-20260407,chat,Hiroshi Matsuda,91.0
staff-office-the-university-of-cambford-20260407,chat,Hiroshi Matsuda,500610.0
staff-office-the-university-of-cambford-20260407,chat,Hiroshi Matsuda,70.0
staff-office-the-university-of-cambford-20260407,chat,Hiroshi Matsuda,80.0
staff-office-the-university-of-cambford-20260407,chat,Hiroshi Matsuda,370.0
staff-office-the-university-of-cambford-20260407,chat,Hiroshi Matsuda,120.0
staff-office-the-university-of-cambford-20260407,chat,Hiroshi Matsuda,210.0
staff-office-the-university-of-cambford-20260407,chat,Hiroshi Matsuda,320.0
staff-office-the-university-of-cambford-20260407,chat,Hiroshi Matsuda,1165.0
staff-office-the-university-of-cambford-20260407,chat,Hiroshi Matsuda,610.0
staff-office-the-university-of-cambford-20260407,chat,Hiroshi Matsuda,82652.0
staff-office-the-university-of-cambford-20260407,chat,Hiroshi Matsuda,121.0
staff-office-the-university-of-cambford-20260407,chat,Hiroshi Matsuda,57.0
staff-office-the-university-of-cambford-20260407,chat,Hiroshi Matsuda,62.0
staff-office-the-university-of-cambford-20260407,chat,Hiroshi Matsuda,518.0
staff-office-the-university-of-cambford-20260407,chat,Hiroshi Matsuda,135.0
staff-office-the-university-of-cambford-20260407,chat,Hiroshi Matsuda,126.0
staff-office-the-university-of-cambford-20260407,chat,Hiroshi Matsuda,114.0
staff-office-the-university-of-cambford-20260407,chat,Hiroshi Matsuda,127.0
staff-office-the-university-of-cambford-20260407,chat,Hiroshi Matsuda,85.0
staff-office-the-university-of-cambford-20260407,chat,Hiroshi Matsuda,95.0
staff-office-the-university-of-cambford-20260407,chat,Hiroshi Matsuda,93.0
staff-office-the-university-of-cambford-20260407,chat,Hiroshi Matsuda,138.0
staff-office-the-university-of-cambford-20260407,chat,François Dubois,71.0
staff-office-the-university-of-cambford-20260407,chat,François Dubois,69.0
staff-office-the-university-of-cambford-20260407,chat,François Dubois,89.0
staff-office-the-university-of-cambford-20260407,chat,François Dubois,89.0
staff-office-the-university-of-cambford-20260407,chat,François Dubois,87.0
staff-office-the-university-of-cambford-20260407,chat,François Dubois,65.0
staff-office-the-university-of-cambford-20260407,chat,François Dubois,70.0
staff-office-the-university-of-cambford-20260407,chat,François Dubois,93.0
staff-office-the-university-of-cambford-20260407,chat,François Dubois,244240.0
staff-office-the-university-of-cambford-20260407,chat,François Dubois,227.0
staff-office-the-university-of-cambford-20260407,chat,François Dubois,33.0
staff-office-the-university-of-cambford-20260407,chat,François Dubois,204.0
staff-office-the-university-of-cambford-20260407,chat,François Dubois,216.0
staff-office-the-university-of-cambford-20260407,chat,François Dubois,157.0
staff-office-the-university-of-cambford-20260407,chat,François Dubois,50.0
staff-office-the-university-of-cambford-20260407,chat,François Dubois,272643.0
staff-office-the-university-of-cambford-20260407,chat,François Dubois,55.0
staff-office-the-university-of-cambford-20260407,chat,François Dubois,50.0
staff-office-the-university-of-cambford-20260407,chat,François Dubois,210.0
staff-office-the-university-of-cambford-20260407,chat,François Dubois,65.0
staff-office-the-university-of-cambford-20260407,chat,François Dubois,50.0
staff-office-the-university-of-cambford-20260407,chat,François Dubois,80.0
staff-office-the-university-of-cambford-20260407,chat,François Dubois,45.0
staff-office-the-university-of-cambford-20260407,chat,Samuel Mensah,55.0
staff-office-the-university-of-cambford-20260407,chat,Samuel Mensah,73.0
staff-office-the-university-of-cambford-20260407,chat,Samuel Mensah,68.0
staff-office-the-university-of-cambford-20260407,chat,Samuel Mensah,74.0
staff-office-the-university-of-cambford-20260407,chat,Samuel Mensah,68.0
staff-office-the-university-of-cambford-20260407,chat,Samuel Mensah,120.0
staff-office-the-university-of-cambford-20260407,chat,Samuel Mensah,200.0
staff-office-the-university-of-cambford-20260407,chat,Samuel Mensah,55.0
staff-office-the-university-of-cambford-20260407,chat,Samuel Mensah,448664.0
staff-office-the-university-of-cambford-20260407,chat,Samuel Mensah,113.0
staff-office-the-university-of-cambford-20260407,chat,Samuel Mensah,101.0
staff-office-the-university-of-cambford-20260407,chat,Samuel Mensah,143.0
staff-office-the-university-of-cambford-20260407,chat,Samuel Mensah,147.0
staff-office-the-university-of-cambford-20260407,chat,Samuel Mensah,54.0
staff-office-the-university-of-cambford-20260407,chat,Samuel Mensah,237633.0
staff-office-the-university-of-cambford-20260407,chat,Samuel Mensah,90.0
staff-office-the-university-of-cambford-20260407,chat,Samuel Mensah,35.0
staff-office-the-university-of-cambford-20260407,chat,Samuel Mensah,70.0
staff-office-the-university-of-cambford-20260407,chat,Samuel Mensah,55.0
staff-office-the-university-of-cambford-20260407,chat,Samuel Mensah,85.0
staff-office-the-university-of-cambford-20260407,chat,Samuel Mensah,60.0
staff-office-the-university-of-cambford-20260407,chat,Samuel Mensah,65.0
staff-office-the-university-of-cambford-20260407,chat,Joy Okafor,41.0
staff-office-the-university-of-cambford-20260407,chat,Joy Okafor,27.0
staff-office-the-university-of-cambford-20260407,chat,Joy Okafor,51.0
staff-office-the-university-of-cambford-20260407,chat,Joy Okafor,72.0
staff-office-the-university-of-cambford-20260407,chat,Joy Okafor,92.0
staff-office-the-university-of-cambford-20260407,chat,Joy Okafor,107.0
staff-office-the-university-of-cambford-20260407,chat,Joy Okafor,188.0
staff-office-the-university-of-cambford-20260407,chat,Joy Okafor,83.0
staff-office-the-university-of-cambford-20260407,chat,Joy Okafor,167767.0
staff-office-the-university-of-cambford-20260407,chat,Joy Okafor,145.0
staff-office-the-university-of-cambford-20260407,chat,Joy Okafor,145.0
staff-office-the-university-of-cambford-20260407,chat,Joy Okafor,70.0
staff-office-the-university-of-cambford-20260407,chat,Joy Okafor,76.0
staff-office-the-university-of-cambford-20260407,chat,Joy Okafor,72.0
staff-office-the-university-of-cambford-20260407,chat,Joy Okafor,82.0
staff-office-the-university-of-cambford-20260407,chat,Joy Okafor,98.0
staff-office-the-university-of-cambford-20260407,chat,Daniela Rossi,150.0
staff-office-the-university-of-cambford-20260407,chat,Daniela Rossi,55.0
staff-office-the-university-of-cambford-20260407,chat,Daniela Rossi,425.0
staff-office-the-university-of-cambford-20260407,chat,Daniela Rossi,200.0
staff-office-the-university-of-cambford-20260407,chat,Daniela Rossi,175.0
staff-office-the-university-of-cambford-20260407,chat,Daniela Rossi,120.0
staff-office-the-university-of-cambford-20260407,chat,Daniela Rossi,85.0
staff-office-the-university-of-cambford-20260407,chat,Daniela Rossi,80.0
staff-office-the-university-of-cambford-20260407,chat,Daniela Rossi,16002.0
staff-office-the-university-of-cambford-20260407,chat,Daniela Rossi,58.0
staff-office-the-university-of-cambford-20260407,chat,Daniela Rossi,50.0
staff-office-the-university-of-cambford-20260407,chat,Daniela Rossi,75.0
staff-office-the-university-of-cambford-20260407,chat,Daniela Rossi,75.0
staff-office-the-university-of-cambford-20260407,chat,Daniela Rossi,90.0
staff-office-the-university-of-cambford-20260407,chat,Daniela Rossi,60.0
staff-office-the-university-of-cambford-20260407,chat,Daniela Rossi,327075.0
staff-office-the-university-of-cambford-20260407,chat,Daniela Rossi,150.0
staff-office-the-university-of-cambford-20260407,chat,Daniela Rossi,120.0
staff-office-the-university-of-cambford-20260407,chat,Daniela Rossi,85.0
staff-office-the-university-of-cambford-20260407,chat,Daniela Rossi,95.0
staff-office-the-university-of-cambford-20260407,chat,Daniela Rossi,25.0
staff-office-the-university-of-cambford-20260407,chat,Daniela Rossi,125.0
staff-office-the-university-of-cambford-20260407,chat,Daniela Rossi,125.0
staff-office-the-university-of-cambford-20260407,chat,Daniela Rossi,85.0
staff-office-the-university-of-cambford-20260407,chat,Daniela Rossi,75.0
staff-office-the-university-of-cambford-20260407,chat,Daniela Rossi,13740.0
staff-office-the-university-of-cambford-20260407,chat,Daniela Rossi,162.0
staff-office-the-university-of-cambford-20260407,chat,Daniela Rossi,90.0
staff-office-the-university-of-cambford-20260407,chat,Daniela Rossi,110.0
staff-office-the-university-of-cambford-20260407,chat,Daniela Rossi,128.0
staff-office-the-university-of-cambford-20260407,chat,Daniela Rossi,130.0
staff-office-the-university-of-cambford-20260407,chat,Daniela Rossi,95.0
staff-office-the-university-of-cambford-20260407,chat,Daniela Rossi,85.0
staff-office-the-university-of-cambford-20260407,chat,Daniela Rossi,70.0
staff-office-the-university-of-cambford-20260407,chat,Yolanda Silva,98.0
staff-office-the-university-of-cambford-20260407,chat,Yolanda Silva,76.0
staff-office-the-university-of-cambford-20260407,chat,Yolanda Silva,86.0
staff-office-the-university-of-cambford-20260407,chat,Yolanda Silva,62.0
staff-office-the-university-of-cambford-20260407,chat,Yolanda Silva,78.0
staff-office-the-university-of-cambford-20260407,chat,Yolanda Silva,150.0
staff-office-the-university-of-cambford-20260407,chat,Yolanda Silva,40.0
staff-office-the-university-of-cambford-20260407,chat,Yolanda Silva,50.0
staff-office-the-university-of-cambford-20260407,chat,Joy Okonkwo,82.0
staff-office-the-university-of-cambford-20260407,chat,Joy Okonkwo,63.0
staff-office-the-university-of-cambford-20260407,chat,Joy Okonkwo,42.0
staff-office-the-university-of-cambford-20260407,chat,Joy Okonkwo,152.0
staff-office-the-university-of-cambford-20260407,chat,Joy Okonkwo,43.0
staff-office-the-university-of-cambford-20260407,chat,Joy Okonkwo,615.0
staff-office-the-university-of-cambford-20260407,chat,Joy Okonkwo,72.0
staff-office-the-university-of-cambford-20260407,chat,Joy Okonkwo,58.0
staff-office-the-university-of-cambford-20260407,chat,Joy Okonkwo,189118.0
staff-office-the-university-of-cambford-20260407,chat,Joy Okonkwo,104.0
staff-office-the-university-of-cambford-20260407,chat,Joy Okonkwo,80.0
staff-office-the-university-of-cambford-20260407,chat,Joy Okonkwo,95.0
staff-office-the-university-of-cambford-20260407,chat,Joy Okonkwo,58.0
staff-office-the-university-of-cambford-20260407,chat,Joy Okonkwo,120.0
staff-office-the-university-of-cambford-20260407,chat,Joy Okonkwo,76.0
staff-office-the-university-of-cambford-20260407,chat,karan_singh,60.0
staff-office-the-university-of-cambford-20260407,chat,karan_singh,165.0
staff-office-the-university-of-cambford-20260407,chat,karan_singh,88.0
staff-office-the-university-of-cambford-20260407,chat,karan_singh,82.0
staff-office-the-university-of-cambford-20260407,chat,karan_singh,55.0
staff-office-the-university-of-cambford-20260407,chat,karan_singh,55.0
staff-office-the-university-of-cambford-20260407,chat,karan_singh,60.0
staff-office-the-university-of-cambford-20260407,chat,karan_singh,75.0
staff-office-the-university-of-cambford-20260407,chat,karan_singh,65.0
staff-office-the-university-of-cambford-20260407,chat,karan_singh,50.0
staff-office-the-university-of-cambford-20260407,chat,karan_singh,50.0
staff-office-the-university-of-cambford-20260407,chat,karan_singh,85485.0
staff-office-the-university-of-cambford-20260407,chat,karan_singh,120.0
staff-office-the-university-of-cambford-20260407,chat,karan_singh,80.0
staff-office-the-university-of-cambford-20260407,chat,karan_singh,75.0
staff-office-the-university-of-cambford-20260407,chat,karan_singh,70.0
staff-office-the-university-of-cambford-20260407,chat,karan_singh,70.0
staff-office-the-university-of-cambford-20260407,chat,karan_singh,50.0
staff-office-the-university-of-cambford-20260407,chat,karan_singh,88892.0
staff-office-the-university-of-cambford-20260407,chat,karan_singh,68.0
staff-office-the-university-of-cambford-20260407,chat,karan_singh,62.0
staff-office-the-university-of-cambford-20260407,chat,karan_singh,68.0
staff-office-the-university-of-cambford-20260407,chat,karan_singh,52.0
staff-office-the-university-of-cambford-20260407,chat,karan_singh,91.0
staff-office-the-university-of-cambford-20260407,chat,karan_singh,72.0
staff-office-the-university-of-cambford-20260407,chat,karan_singh,80.0
staff-office-the-university-of-cambford-20260407,chat,karan_singh,50.0
staff-office-the-university-of-cambford-20260407,chat,karan_singh,40.0
staff-office-the-university-of-cambford-20260407,chat,karan_singh,255807.0
staff-office-the-university-of-cambford-20260407,chat,karan_singh,113.0
staff-office-the-university-of-cambford-20260407,chat,karan_singh,75.0
staff-office-the-university-of-cambford-20260407,chat,karan_singh,85.0
staff-office-the-university-of-cambford-20260407,chat,karan_singh,145.0
staff-office-the-university-of-cambford-20260407,chat,karan_singh,125.0
staff-office-the-university-of-cambford-20260407,chat,karan_singh,90.0
staff-office-the-university-of-cambford-20260407,chat,karan_singh,495.0
staff-office-the-university-of-cambford-20260407,chat,karan_singh,135.0
staff-office-the-university-of-cambford-20260407,chat,karan_singh,2010.0
staff-office-the-university-of-cambford-20260407,chat,Mei Zhang,111.0
staff-office-the-university-of-cambford-20260407,chat,Mei Zhang,165.0
staff-office-the-university-of-cambford-20260407,chat,Mei Zhang,102.0
staff-office-the-university-of-cambford-20260407,chat,Mei Zhang,171.0
staff-office-the-university-of-cambford-20260407,chat,Mei Zhang,166.0
staff-office-the-university-of-cambford-20260407,chat,Mei Zhang,116.0
staff-office-the-university-of-cambford-20260407,chat,Mei Zhang,107.0
staff-office-the-university-of-cambford-20260407,chat,Mei Zhang,255370.0
staff-office-the-university-of-cambford-20260407,chat,Mei Zhang,130.0
staff-office-the-university-of-cambford-20260407,chat,Mei Zhang,70.0
staff-office-the-university-of-cambford-20260407,chat,Mei Zhang,80.0
staff-office-the-university-of-cambford-20260407,chat,Mei Zhang,410.0
staff-office-the-university-of-cambford-20260407,chat,Mei Zhang,80.0
staff-office-the-university-of-cambford-20260407,chat,Mei Zhang,80.0
staff-office-the-university-of-cambford-20260407,chat,Mei Zhang,130.0
staff-office-the-university-of-cambford-20260407,chat,Mei Zhang,230.0
staff-office-the-university-of-cambford-20260407,chat,Mei Zhang,90.0
staff-office-the-university-of-cambford-20260407,chat,Mei Zhang,1170.0
staff-office-the-university-of-cambford-20260407,chat,Mei Zhang,530.0
staff-office-the-university-of-cambford-20260407,chat,Mei Zhang,14220.0
staff-office-the-university-of-cambford-20260407,chat,Mei Zhang,105.0
staff-office-the-university-of-cambford-20260407,chat,Mei Zhang,50.0
staff-office-the-university-of-cambford-20260407,chat,Mei Zhang,40.0
staff-office-the-university-of-cambford-20260407,chat,Mei Zhang,235.0
staff-office-the-university-of-cambford-20260407,chat,Mei Zhang,50.0
staff-office-the-university-of-cambford-20260407,chat,Mei Zhang,60.0
staff-office-the-university-of-cambford-20260407,chat,Mei Zhang,70.0
staff-office-the-university-of-cambford-20260407,chat,daniela_rossi,80.0
staff-office-the-university-of-cambford-20260407,chat,daniela_rossi,55.0
staff-office-the-university-of-cambford-20260407,chat,daniela_rossi,95.0
staff-office-the-university-of-cambford-20260407,chat,daniela_rossi,80.0
staff-office-the-university-of-cambford-20260407,chat,daniela_rossi,160.0
staff-office-the-university-of-cambford-20260407,chat,daniela_rossi,65.0
staff-office-the-university-of-cambford-20260407,chat,daniela_rossi,55.0
staff-office-the-university-of-cambford-20260407,chat,daniela_rossi,521430.0
staff-office-the-university-of-cambford-20260407,chat,daniela_rossi,90.0
staff-office-the-university-of-cambford-20260407,chat,daniela_rossi,90.0
staff-office-the-university-of-cambford-20260407,chat,daniela_rossi,90.0
staff-office-the-university-of-cambford-20260407,chat,daniela_rossi,60.0
staff-office-the-university-of-cambford-20260407,chat,daniela_rossi,80.0
staff-office-the-university-of-cambford-20260407,chat,daniela_rossi,40.0
staff-office-the-university-of-cambford-20260407,chat,daniela_rossi,90.0
staff-office-the-university-of-cambford-20260407,chat,daniela_rossi,60.0
staff-office-the-university-of-cambford-20260407,chat,daniela_rossi,75.0
staff-office-the-university-of-cambford-20260407,chat,mei_zhang,130.0
staff-office-the-university-of-cambford-20260407,chat,mei_zhang,139.0
staff-office-the-university-of-cambford-20260407,chat,mei_zhang,76.0
staff-office-the-university-of-cambford-20260407,chat,mei_zhang,60.0
staff-office-the-university-of-cambford-20260407,chat,mei_zhang,90.0
staff-office-the-university-of-cambford-20260407,chat,mei_zhang,70.0
staff-office-the-university-of-cambford-20260407,chat,mei_zhang,75.0
staff-office-the-university-of-cambford-20260407,chat,mei_zhang,60.0
staff-office-the-university-of-cambford-20260407,chat,mei_zhang,262002.0
staff-office-the-university-of-cambford-20260407,chat,mei_zhang,48.0
staff-office-the-university-of-cambford-20260407,chat,mei_zhang,85.0
staff-office-the-university-of-cambford-20260407,chat,mei_zhang,90.0
staff-office-the-university-of-cambford-20260407,chat,mei_zhang,65.0
staff-office-the-university-of-cambford-20260407,chat,mei_zhang,145.0
staff-office-the-university-of-cambford-20260407,chat,mei_zhang,130.0
staff-office-the-university-of-cambford-20260407,chat,mei_zhang,53.0
staff-office-the-university-of-cambford-20260407,chat,mei_zhang,57.0
staff-office-the-university-of-cambford-20260407,chat,mei_zhang,37.0
staff-office-the-university-of-cambford-20260407,chat,layla_haddad,73.0
staff-office-the-university-of-cambford-20260407,chat,layla_haddad,87.0
staff-office-the-university-of-cambford-20260407,chat,layla_haddad,61.0
staff-office-the-university-of-cambford-20260407,chat,layla_haddad,67.0
staff-office-the-university-of-cambford-20260407,chat,layla_haddad,80.0
staff-office-the-university-of-cambford-20260407,chat,layla_haddad,90.0
staff-office-the-university-of-cambford-20260407,chat,layla_haddad,60.0
staff-office-the-university-of-cambford-20260407,chat,layla_haddad,75.0
staff-office-the-university-of-cambford-20260407,chat,layla_haddad,175748.0
staff-office-the-university-of-cambford-20260407,chat,layla_haddad,60.0
staff-office-the-university-of-cambford-20260407,chat,layla_haddad,47.0
staff-office-the-university-of-cambford-20260407,chat,layla_haddad,40.0
staff-office-the-university-of-cambford-20260407,chat,layla_haddad,50.0
staff-office-the-university-of-cambford-20260407,chat,layla_haddad,40.0
staff-office-the-university-of-cambford-20260407,chat,layla_haddad,342.0
staff-office-the-university-of-cambford-20260407,chat,layla_haddad,148.0
staff-office-the-university-of-cambford-20260407,chat,layla_haddad,40.0
staff-office-the-university-of-cambford-20260407,chat,layla_haddad,35.0
staff-office-the-university-of-cambford-20260407,chat,layla_haddad,81975.0
staff-office-the-university-of-cambford-20260407,chat,layla_haddad,165.0
staff-office-the-university-of-cambford-20260407,chat,layla_haddad,330.0
staff-office-the-university-of-cambford-20260407,chat,layla_haddad,255.0
staff-office-the-university-of-cambford-20260407,chat,layla_haddad,90.0
staff-office-the-university-of-cambford-20260407,chat,layla_haddad,285.0
staff-office-the-university-of-cambford-20260407,chat,layla_haddad,185.0
staff-office-the-university-of-cambford-20260407,chat,layla_haddad,110.0
staff-office-the-university-of-cambford-20260407,chat,layla_haddad,155.0
staff-office-the-university-of-cambford-20260407,chat,layla_haddad,84897.0
staff-office-the-university-of-cambford-20260407,chat,layla_haddad,118.0
staff-office-the-university-of-cambford-20260407,chat,layla_haddad,112.0
staff-office-the-university-of-cambford-20260407,chat,layla_haddad,158.0
staff-office-the-university-of-cambford-20260407,chat,layla_haddad,73.0
staff-office-the-university-of-cambford-20260407,chat,layla_haddad,147.0
staff-office-the-university-of-cambford-20260407,chat,layla_haddad,150.0
staff-office-the-university-of-cambford-20260407,chat,layla_haddad,85.0
staff-office-the-university-of-cambford-20260407,chat,layla_haddad,2685.0
staff-office-the-university-of-cambford-20260407,chat,layla_haddad,135.0
staff-office-the-university-of-cambford-20260407,chat,layla_haddad,90.0
staff-office-the-university-of-cambford-20260407,chat,layla_haddad,90.0
staff-office-the-university-of-cambford-20260407,chat,layla_haddad,75.0
staff-office-the-university-of-cambford-20260407,chat,layla_haddad,90.0
staff-office-the-university-of-cambford-20260407,chat,layla_haddad,105.0
staff-office-the-university-of-cambford-20260407,chat,layla_haddad,75.0
staff-office-the-university-of-cambford-20260407,chat,layla_haddad,60.0
staff-office-the-university-of-cambford-20260407,chat,layla_haddad,75.0
staff-office-the-university-of-cambford-20260407,chat,layla_haddad,168262.0
staff-office-the-university-of-cambford-20260407,chat,layla_haddad,141.0
staff-office-the-university-of-cambford-20260407,chat,layla_haddad,74.0
staff-office-the-university-of-cambford-20260407,chat,layla_haddad,308.0
staff-office-the-university-of-cambford-20260407,chat,layla_haddad,115.0
staff-office-the-university-of-cambford-20260407,chat,layla_haddad,152.0
staff-office-the-university-of-cambford-20260407,chat,layla_haddad,127.0
staff-office-the-university-of-cambford-20260407,chat,layla_haddad,78.0
staff-office-the-university-of-cambford-20260407,chat,layla_haddad,455.0
staff-office-the-university-of-cambford-20260407,chat,layla_haddad,61.0
staff-office-the-university-of-cambford-20260407,chat,joy_okafor,39.0
staff-office-the-university-of-cambford-20260407,chat,joy_okafor,55.0
staff-office-the-university-of-cambford-20260407,chat,joy_okafor,37.0
staff-office-the-university-of-cambford-20260407,chat,joy_okafor,53.0
staff-office-the-university-of-cambford-20260407,chat,joy_okafor,25.0
staff-office-the-university-of-cambford-20260407,chat,joy_okafor,345.0
staff-office-the-university-of-cambford-20260407,chat,joy_okafor,105.0
staff-office-the-university-of-cambford-20260407,chat,joy_okafor,45.0
staff-office-the-university-of-cambford-20260407,chat,joy_okafor,45.0
staff-office-the-university-of-cambford-20260407,chat,Karan Singh,120.0
staff-office-the-university-of-cambford-20260407,chat,Karan Singh,498.0
staff-office-the-university-of-cambford-20260407,chat,Karan Singh,102.0
staff-office-the-university-of-cambford-20260407,chat,Karan Singh,37.0
staff-office-the-university-of-cambford-20260407,chat,Karan Singh,48.0
staff-office-the-university-of-cambford-20260407,chat,Karan Singh,37.0
staff-office-the-university-of-cambford-20260407,chat,Karan Singh,103.0
staff-office-the-university-of-cambford-20260407,chat,Karan Singh,63.0
staff-office-the-university-of-cambford-20260407,chat,Karan Singh,27.0
staff-office-the-university-of-cambford-20260407,chat,Karan Singh,40.0
staff-office-the-university-of-cambford-20260407,chat,Karan Singh,40.0
staff-office-the-university-of-cambford-20260407,chat,Karan Singh,103.0
staff-office-the-university-of-cambford-20260407,chat,Karan Singh,102.0
staff-office-the-university-of-cambford-20260407,chat,Karan Singh,30.0
staff-office-the-university-of-cambford-20260407,chat,Karan Singh,48.0
staff-office-the-university-of-cambford-20260407,chat,Karan Singh,42.0
staff-office-the-university-of-cambford-20260407,chat,Karan Singh,87.0
staff-office-the-university-of-cambford-20260407,chat,Karan Singh,93.0
staff-office-the-university-of-cambford-20260407,chat,Karan Singh,258267.0
staff-office-the-university-of-cambford-20260407,chat,Karan Singh,133.0
staff-office-the-university-of-cambford-20260407,chat,Karan Singh,225.0
staff-office-the-university-of-cambford-20260407,chat,Karan Singh,162.0
staff-office-the-university-of-cambford-20260407,chat,Karan Singh,168.0
staff-office-the-university-of-cambford-20260407,chat,Karan Singh,220.0
staff-office-the-university-of-cambford-20260407,chat,Karan Singh,178.0
staff-office-the-university-of-cambford-20260407,chat,Karan Singh,102.0
staff-office-the-university-of-cambford-20260407,chat,Karan Singh,195.0
staff-office-the-university-of-cambford-20260407,chat,Karan Singh,195.0
staff-office-the-university-of-cambford-20260407,chat,Karan Singh,190.0
staff-office-the-university-of-cambford-20260407,chat,samuel_mensah,100.0
staff-office-the-university-of-cambford-20260407,chat,samuel_mensah,230.0
staff-office-the-university-of-cambford-20260407,chat,samuel_mensah,375.0
staff-office-the-university-of-cambford-20260407,chat,samuel_mensah,185.0
staff-office-the-university-of-cambford-20260407,chat,samuel_mensah,230.0
staff-office-the-university-of-cambford-20260407,chat,samuel_mensah,135.0
staff-office-the-university-of-cambford-20260407,chat,samuel_mensah,155.0
staff-office-the-university-of-cambford-20260407,chat,samuel_mensah,257642.0
staff-office-the-university-of-cambford-20260407,chat,samuel_mensah,95.0
staff-office-the-university-of-cambford-20260407,chat,samuel_mensah,308.0
staff-office-the-university-of-cambford-20260407,chat,samuel_mensah,76.0
staff-office-the-university-of-cambford-20260407,chat,samuel_mensah,122.0
staff-office-the-university-of-cambford-20260407,chat,samuel_mensah,147.0
staff-office-the-university-of-cambford-20260407,chat,samuel_mensah,135.0
staff-office-the-university-of-cambford-20260407,chat,samuel_mensah,383.0
staff-office-the-university-of-cambford-20260407,chat,samuel_mensah,133.0
staff-office-the-university-of-cambford-20260407,chat,joy_okonkwo,165.0
staff-office-the-university-of-cambford-20260407,chat,joy_okonkwo,225.0
staff-office-the-university-of-cambford-20260407,chat,joy_okonkwo,95.0
staff-office-the-university-of-cambford-20260407,chat,joy_okonkwo,125.0
staff-office-the-university-of-cambford-20260407,chat,joy_okonkwo,140.0
staff-office-the-university-of-cambford-20260407,chat,joy_okonkwo,130.0
staff-office-the-university-of-cambford-20260407,chat,joy_okonkwo,80.0
staff-office-the-university-of-cambford-20260407,chat,karan_sharma,176.0
staff-office-the-university-of-cambford-20260407,chat,karan_sharma,121.0
staff-office-the-university-of-cambford-20260407,chat,karan_sharma,155.0
staff-office-the-university-of-cambford-20260407,chat,karan_sharma,138.0
staff-office-the-university-of-cambford-20260407,chat,karan_sharma,145.0
staff-office-the-university-of-cambford-20260407,chat,karan_sharma,144.0
staff-office-the-university-of-cambford-20260407,chat,Alex,70.0
staff-office-the-university-of-cambford-20260407,chat,Alex,670.0
staff-office-the-university-of-cambford-20260407,chat,Alex,270.0
staff-office-the-university-of-cambford-20260407,chat,Alex,315.0
staff-office-the-university-of-cambford-20260407,group_chat,Maria Garcia,150.0
staff-office-the-university-of-cambford-20260407,group_chat,Maria Garcia,102.0
staff-office-the-university-of-cambford-20260407,group_chat,Maria Garcia,108.0
staff-office-the-university-of-cambford-20260407,group_chat,Maria Garcia,90.0
staff-office-the-university-of-cambford-20260407,group_chat,Maria Garcia,105.0
staff-office-the-university-of-cambford-20260407,group_chat,Maria Garcia,810.0
staff-office-the-university-of-cambford-20260407,group_chat,Maria Garcia,150.0
staff-office-the-university-of-cambford-20260407,group_chat,Maria Garcia,100.0
staff-office-the-university-of-cambford-20260407,group_chat,Maria Garcia,75.0
staff-office-the-university-of-cambford-20260407,group_chat,Maria Garcia,95.0
staff-office-the-university-of-cambford-20260407,group_chat,Maria Garcia,75.0
staff-office-the-university-of-cambford-20260407,group_chat,Maria Garcia,67305.0
staff-office-the-university-of-cambford-20260407,group_chat,Maria Garcia,195.0
staff-office-the-university-of-cambford-20260407,group_chat,Maria Garcia,175.0
staff-office-the-university-of-cambford-20260407,group_chat,Maria Garcia,180.0
staff-office-the-university-of-cambford-20260407,group_chat,Maria Garcia,130.0
staff-office-the-university-of-cambford-20260407,group_chat,Maria Garcia,85015.0
staff-office-the-university-of-cambford-20260407,group_chat,Maria Garcia,63.0
staff-office-the-university-of-cambford-20260407,group_chat,Maria Garcia,77.0
staff-office-the-university-of-cambford-20260407,group_chat,Maria Garcia,86.0
staff-office-the-university-of-cambford-20260407,group_chat,Maria Garcia,74.0
staff-office-the-university-of-cambford-20260407,group_chat,Maria Garcia,50.0
staff-office-the-university-of-cambford-20260407,group_chat,Maria Garcia,175.0
staff-office-the-university-of-cambford-20260407,group_chat,Maria Garcia,190.0
staff-office-the-university-of-cambford-20260407,group_chat,Maria Garcia,90.0
staff-office-the-university-of-cambford-20260407,group_chat,Maria Garcia,140.0
staff-office-the-university-of-cambford-20260407,group_chat,Maria Garcia,70.0
staff-office-the-university-of-cambford-20260407,group_chat,Maria Garcia,55.0
staff-office-the-university-of-cambford-20260407,group_chat,Maria Garcia,155.0
staff-office-the-university-of-cambford-20260407,group_chat,Maria Garcia,50.0
staff-office-the-university-of-cambford-20260407,group_chat,Maria Garcia,120.0
staff-office-the-university-of-cambford-20260407,group_chat,Maria Garcia,88545.0
staff-office-the-university-of-cambford-20260407,group_chat,Maria Garcia,165.0
staff-office-the-university-of-cambford-20260407,group_chat,Maria Garcia,150.0
staff-office-the-university-of-cambford-20260407,group_chat,Maria Garcia,346050.0
staff-office-the-university-of-cambford-20260407,group_chat,Maria Garcia,128.0
staff-office-the-university-of-cambford-20260407,group_chat,Maria Garcia,55.0
staff-office-the-university-of-cambford-20260407,group_chat,Maria Garcia,67.0
staff-office-the-university-of-cambford-20260407,group_chat,Maria Garcia,140.0
staff-office-the-university-of-cambford-20260407,group_chat,Maria Garcia,75.0
staff-office-the-university-of-cambford-20260407,group_chat,Maria Garcia,115.0
staff-office-the-university-of-cambford-20260407,group_chat,Maria Garcia,427055.0
staff-office-the-university-of-cambford-20260407,group_chat,Maria Garcia,127.0
staff-office-the-university-of-cambford-20260407,group_chat,Maria Garcia,63.0
staff-office-the-university-of-cambford-20260407,group_chat,Maria Garcia,58.0
staff-office-the-university-of-cambford-20260407,group_chat,Maria Garcia,102.0
staff-office-the-university-of-cambford-20260407,group_chat,Maria Garcia,105.0
staff-office-the-university-of-cambford-20260407,group_chat,Maria Garcia,70.0
staff-office-the-university-of-cambford-20260407,group_chat,Maria Garcia,105.0
staff-office-the-university-of-cambford-20260407,group_chat,Maria Garcia,105.0
staff-office-the-university-of-cambford-20260407,group_chat,Maria Garcia,30.0
staff-office-the-university-of-cambford-20260407,group_chat,Maria Garcia,60.0
staff-office-the-university-of-cambford-20260407,group_chat,Maria Garcia,70.0
staff-office-the-university-of-cambford-20260407,group_chat,Maria Garcia,55.0
staff-office-the-university-of-cambford-20260407,group_chat,Maria Garcia,20.0
staff-office-the-university-of-cambford-20260407,group_chat,Maria Garcia,65.0
staff-office-the-university-of-cambford-20260407,group_chat,Maria Garcia,180.0
staff-office-the-university-of-cambford-20260407,group_chat,Maria Garcia,210.0
staff-office-the-university-of-cambford-20260407,group_chat,Maria Garcia,170.0
staff-office-the-university-of-cambford-20260407,group_chat,Maria Garcia,85513.0
staff-office-the-university-of-cambford-20260407,group_chat,Maria Garcia,187.0
staff-office-the-university-of-cambford-20260407,group_chat,Maria Garcia,140.0
staff-office-the-university-of-cambford-20260407,group_chat,Maria Garcia,215.0
staff-office-the-university-of-cambford-20260407,group_chat,Maria Garcia,165.0
staff-office-the-university-of-cambford-20260407,group_chat,Maria Garcia,130.0
staff-office-the-university-of-cambford-20260407,group_chat,Layla Haddad,55.0
staff-office-the-university-of-cambford-20260407,group_chat,Layla Haddad,5.0
staff-office-the-university-of-cambford-20260407,group_chat,Layla Haddad,75.0
staff-office-the-university-of-cambford-20260407,group_chat,Layla Haddad,90.0
staff-office-the-university-of-cambford-20260407,group_chat,Layla Haddad,20.0
staff-office-the-university-of-cambford-20260407,group_chat,Layla Haddad,55.0
staff-office-the-university-of-cambford-20260407,group_chat,Layla Haddad,70.0
staff-office-the-university-of-cambford-20260407,group_chat,Layla Haddad,55.0
staff-office-the-university-of-cambford-20260407,group_chat,Layla Haddad,30.0
staff-office-the-university-of-cambford-20260407,group_chat,Layla Haddad,140.0
staff-office-the-university-of-cambford-20260407,group_chat,Layla Haddad,115.0
staff-office-the-university-of-cambford-20260407,group_chat,Layla Haddad,13780.0
staff-office-the-university-of-cambford-20260407,group_chat,Layla Haddad,85.0
staff-office-the-university-of-cambford-20260407,group_chat,Layla Haddad,132.0
staff-office-the-university-of-cambford-20260407,group_chat,Layla Haddad,110.0
staff-office-the-university-of-cambford-20260407,group_chat,Layla Haddad,109.0
staff-office-the-university-of-cambford-20260407,group_chat,Layla Haddad,884.0
staff-office-the-university-of-cambford-20260407,group_chat,Layla Haddad,80.0
staff-office-the-university-of-cambford-20260407,group_chat,Layla Haddad,150.0
staff-office-the-university-of-cambford-20260407,group_chat,Layla Haddad,90.0
staff-office-the-university-of-cambford-20260407,group_chat,Layla Haddad,155.0
staff-office-the-university-of-cambford-20260407,group_chat,Layla Haddad,63680.0
staff-office-the-university-of-cambford-20260407,group_chat,Layla Haddad,243.0
staff-office-the-university-of-cambford-20260407,group_chat,Layla Haddad,72.0
staff-office-the-university-of-cambford-20260407,group_chat,Layla Haddad,225.0
staff-office-the-university-of-cambford-20260407,group_chat,Layla Haddad,105.0
staff-office-the-university-of-cambford-20260407,group_chat,Layla Haddad,60.0
staff-office-the-university-of-cambford-20260407,group_chat,Layla Haddad,2130.0
staff-office-the-university-of-cambford-20260407,group_chat,Layla Haddad,175.0
staff-office-the-university-of-cambford-20260407,group_chat,Layla Haddad,230.0
staff-office-the-university-of-cambford-20260407,group_chat,Layla Haddad,120.0
staff-office-the-university-of-cambford-20260407,group_chat,Layla Haddad,180.0
staff-office-the-university-of-cambford-20260407,group_chat,Layla Haddad,40.0
staff-office-the-university-of-cambford-20260407,group_chat,Layla Haddad,86420.0
staff-office-the-university-of-cambford-20260407,group_chat,Layla Haddad,170.0
staff-office-the-university-of-cambford-20260407,group_chat,Layla Haddad,180.0
staff-office-the-university-of-cambford-20260407,group_chat,Layla Haddad,115.0
staff-office-the-university-of-cambford-20260407,group_chat,Layla Haddad,160.0
staff-office-the-university-of-cambford-20260407,group_chat,Layla Haddad,95.0
staff-office-the-university-of-cambford-20260407,group_chat,Layla Haddad,9430.0
staff-office-the-university-of-cambford-20260407,group_chat,Layla Haddad,143.0
staff-office-the-university-of-cambford-20260407,group_chat,Layla Haddad,269.0
staff-office-the-university-of-cambford-20260407,group_chat,Layla Haddad,180.0
staff-office-the-university-of-cambford-20260407,group_chat,Layla Haddad,10093.0
staff-office-the-university-of-cambford-20260407,group_chat,Layla Haddad,115.0
staff-office-the-university-of-cambford-20260407,group_chat,Layla Haddad,125.0
staff-office-the-university-of-cambford-20260407,group_chat,Layla Haddad,75.0
staff-office-the-university-of-cambford-20260407,group_chat,Layla Haddad,64542.0
staff-office-the-university-of-cambford-20260407,group_chat,Layla Haddad,230.0
staff-office-the-university-of-cambford-20260407,group_chat,Layla Haddad,130.0
staff-office-the-university-of-cambford-20260407,group_chat,Layla Haddad,186.0
staff-office-the-university-of-cambford-20260407,group_chat,Layla Haddad,164.0
staff-office-the-university-of-cambford-20260407,group_chat,Layla Haddad,2888.0
staff-office-the-university-of-cambford-20260407,group_chat,Layla Haddad,110.0
staff-office-the-university-of-cambford-20260407,group_chat,Layla Haddad,15.0
staff-office-the-university-of-cambford-20260407,group_chat,Layla Haddad,180.0
staff-office-the-university-of-cambford-20260407,group_chat,Layla Haddad,55.0
staff-office-the-university-of-cambford-20260407,group_chat,Layla Haddad,200.0
staff-office-the-university-of-cambford-20260407,group_chat,Layla Haddad,240.0
staff-office-the-university-of-cambford-20260407,group_chat,Layla Haddad,100.0
staff-office-the-university-of-cambford-20260407,group_chat,Layla Haddad,13440.0
staff-office-the-university-of-cambford-20260407,group_chat,Layla Haddad,75.0
staff-office-the-university-of-cambford-20260407,group_chat,Layla Haddad,50.0
staff-office-the-university-of-cambford-20260407,group_chat,Layla Haddad,170.0
staff-office-the-university-of-cambford-20260407,group_chat,Layla Haddad,65.0
staff-office-the-university-of-cambford-20260407,group_chat,Layla Haddad,300.0
staff-office-the-university-of-cambford-20260407,group_chat,Layla Haddad,85835.0
staff-office-the-university-of-cambford-20260407,group_chat,Layla Haddad,100.0
staff-office-the-university-of-cambford-20260407,group_chat,Layla Haddad,65.0
staff-office-the-university-of-cambford-20260407,group_chat,Layla Haddad,162.0
staff-office-the-university-of-cambford-20260407,group_chat,Layla Haddad,63.0
staff-office-the-university-of-cambford-20260407,group_chat,Layla Haddad,70.0
staff-office-the-university-of-cambford-20260407,group_chat,Layla Haddad,115.0
staff-office-the-university-of-cambford-20260407,group_chat,Layla Haddad,586300.0
staff-office-the-university-of-cambford-20260407,group_chat,Layla Haddad,135.0
staff-office-the-university-of-cambford-20260407,group_chat,Layla Haddad,125.0
staff-office-the-university-of-cambford-20260407,group_chat,Layla Haddad,225.0
staff-office-the-university-of-cambford-20260407,group_chat,Layla Haddad,135.0
staff-office-the-university-of-cambford-20260407,group_chat,Layla Haddad,235.0
staff-office-the-university-of-cambford-20260407,group_chat,Layla Haddad,85410.0
staff-office-the-university-of-cambford-20260407,group_chat,Layla Haddad,65.0
staff-office-the-university-of-cambford-20260407,group_chat,Layla Haddad,140.0
staff-office-the-university-of-cambford-20260407,group_chat,Layla Haddad,90.0
staff-office-the-university-of-cambford-20260407,group_chat,Layla Haddad,150.0
staff-office-the-university-of-cambford-20260407,group_chat,Layla Haddad,80.0
staff-office-the-university-of-cambford-20260407,group_chat,Layla Haddad,282.0
staff-office-the-university-of-cambford-20260407,group_chat,Layla Haddad,138.0
staff-office-the-university-of-cambford-20260407,group_chat,Layla Haddad,195.0
staff-office-the-university-of-cambford-20260407,group_chat,Layla Haddad,85.0
staff-office-the-university-of-cambford-20260407,group_chat,Layla Haddad,125.0
staff-office-the-university-of-cambford-20260407,group_chat,Layla Haddad,170.0
staff-office-the-university-of-cambford-20260407,group_chat,Samuel Mensah,15.0
staff-office-the-university-of-cambford-20260407,group_chat,Samuel Mensah,40.0
staff-office-the-university-of-cambford-20260407,group_chat,Samuel Mensah,37.0
staff-office-the-university-of-cambford-20260407,group_chat,Samuel Mensah,6.0
staff-office-the-university-of-cambford-20260407,group_chat,Samuel Mensah,52.0
staff-office-the-university-of-cambford-20260407,group_chat,Samuel Mensah,30.0
staff-office-the-university-of-cambford-20260407,group_chat,Samuel Mensah,20.0
staff-office-the-university-of-cambford-20260407,group_chat,Samuel Mensah,45.0
staff-office-the-university-of-cambford-20260407,group_chat,Samuel Mensah,55.0
staff-office-the-university-of-cambford-20260407,group_chat,Samuel Mensah,15.0
staff-office-the-university-of-cambford-20260407,group_chat,Samuel Mensah,25.0
staff-office-the-university-of-cambford-20260407,group_chat,Samuel Mensah,30.0
staff-office-the-university-of-cambford-20260407,group_chat,Samuel Mensah,80.0
staff-office-the-university-of-cambford-20260407,group_chat,Samuel Mensah,15.0
staff-office-the-university-of-cambford-20260407,group_chat,Samuel Mensah,150.0
staff-office-the-university-of-cambford-20260407,group_chat,Samuel Mensah,15207.0
staff-office-the-university-of-cambford-20260407,group_chat,Samuel Mensah,123.0
staff-office-the-university-of-cambford-20260407,group_chat,Samuel Mensah,105.0
staff-office-the-university-of-cambford-20260407,group_chat,Samuel Mensah,145.0
staff-office-the-university-of-cambford-20260407,group_chat,Samuel Mensah,63827.0
staff-office-the-university-of-cambford-20260407,group_chat,Samuel Mensah,290.0
staff-office-the-university-of-cambford-20260407,group_chat,Samuel Mensah,130.0
staff-office-the-university-of-cambford-20260407,group_chat,Samuel Mensah,178.0
staff-office-the-university-of-cambford-20260407,group_chat,Samuel Mensah,2184.0
staff-office-the-university-of-cambford-20260407,group_chat,Samuel Mensah,320.0
staff-office-the-university-of-cambford-20260407,group_chat,Samuel Mensah,141.0
staff-office-the-university-of-cambford-20260407,group_chat,Samuel Mensah,123.0
staff-office-the-university-of-cambford-20260407,group_chat,Samuel Mensah,112.0
staff-office-the-university-of-cambford-20260407,group_chat,Samuel Mensah,86495.0
staff-office-the-university-of-cambford-20260407,group_chat,Samuel Mensah,175.0
staff-office-the-university-of-cambford-20260407,group_chat,Samuel Mensah,200.0
staff-office-the-university-of-cambford-20260407,group_chat,Samuel Mensah,170.0
staff-office-the-university-of-cambford-20260407,group_chat,Samuel Mensah,100.0
staff-office-the-university-of-cambford-20260407,group_chat,Samuel Mensah,9532.0
staff-office-the-university-of-cambford-20260407,group_chat,Samuel Mensah,110.0
staff-office-the-university-of-cambford-20260407,group_chat,Samuel Mensah,293.0
staff-office-the-university-of-cambford-20260407,group_chat,Samuel Mensah,10225.0
staff-office-the-university-of-cambford-20260407,group_chat,Samuel Mensah,135.0
staff-office-the-university-of-cambford-20260407,group_chat,Samuel Mensah,110.0
staff-office-the-university-of-cambford-20260407,group_chat,Samuel Mensah,70.0
staff-office-the-university-of-cambford-20260407,group_chat,Samuel Mensah,64682.0
staff-office-the-university-of-cambford-20260407,group_chat,Samuel Mensah,146.0
staff-office-the-university-of-cambford-20260407,group_chat,Samuel Mensah,129.0
staff-office-the-university-of-cambford-20260407,group_chat,Samuel Mensah,228.0
staff-office-the-university-of-cambford-20260407,group_chat,Samuel Mensah,2965.0
staff-office-the-university-of-cambford-20260407,group_chat,Samuel Mensah,160.0
staff-office-the-university-of-cambford-20260407,group_chat,Samuel Mensah,10.0
staff-office-the-university-of-cambford-20260407,group_chat,Samuel Mensah,165.0
staff-office-the-university-of-cambford-20260407,group_chat,Samuel Mensah,50.0
staff-office-the-university-of-cambford-20260407,group_chat,Samuel Mensah,120.0
staff-office-the-university-of-cambford-20260407,group_chat,Samuel Mensah,150.0
staff-office-the-university-of-cambford-20260407,group_chat,Samuel Mensah,160.0
staff-office-the-university-of-cambford-20260407,group_chat,Samuel Mensah,13500.0
staff-office-the-university-of-cambford-20260407,group_chat,Samuel Mensah,5.0
staff-office-the-university-of-cambford-20260407,group_chat,Samuel Mensah,195.0
staff-office-the-university-of-cambford-20260407,group_chat,Samuel Mensah,110.0
staff-office-the-university-of-cambford-20260407,group_chat,Samuel Mensah,15.0
staff-office-the-university-of-cambford-20260407,group_chat,Samuel Mensah,310.0
staff-office-the-university-of-cambford-20260407,group_chat,Samuel Mensah,270.0
staff-office-the-university-of-cambford-20260407,group_chat,Samuel Mensah,67498.0
staff-office-the-university-of-cambford-20260407,group_chat,Samuel Mensah,59.0
staff-office-the-university-of-cambford-20260407,group_chat,Samuel Mensah,70.0
staff-office-the-university-of-cambford-20260407,group_chat,Samuel Mensah,66.0
staff-office-the-university-of-cambford-20260407,group_chat,Samuel Mensah,67.0
staff-office-the-university-of-cambford-20260407,group_chat,Samuel Mensah,40.0
staff-office-the-university-of-cambford-20260407,group_chat,Samuel Mensah,89775.0
staff-office-the-university-of-cambford-20260407,group_chat,Samuel Mensah,110.0
staff-office-the-university-of-cambford-20260407,group_chat,Samuel Mensah,75.0
staff-office-the-university-of-cambford-20260407,group_chat,Samuel Mensah,90.0
staff-office-the-university-of-cambford-20260407,group_chat,Samuel Mensah,35.0
staff-office-the-university-of-cambford-20260407,group_chat,Samuel Mensah,65.0
staff-office-the-university-of-cambford-20260407,group_chat,Samuel Mensah,82349.0
staff-office-the-university-of-cambford-20260407,group_chat,Samuel Mensah,116.0
staff-office-the-university-of-cambford-20260407,group_chat,Samuel Mensah,80.0
staff-office-the-university-of-cambford-20260407,group_chat,Samuel Mensah,55.0
staff-office-the-university-of-cambford-20260407,group_chat,Samuel Mensah,107.0
staff-office-the-university-of-cambford-20260407,group_chat,Samuel Mensah,93.0
staff-office-the-university-of-cambford-20260407,group_chat,Samuel Mensah,47.0
staff-office-the-university-of-cambford-20260407,group_chat,Samuel Mensah,104140.0
staff-office-the-university-of-cambford-20260407,group_chat,Samuel Mensah,53.0
staff-office-the-university-of-cambford-20260407,group_chat,Samuel Mensah,130.0
staff-office-the-university-of-cambford-20260407,group_chat,Samuel Mensah,327117.0
staff-office-the-university-of-cambford-20260407,group_chat,Samuel Mensah,93.0
staff-office-the-university-of-cambford-20260407,group_chat,Samuel Mensah,25.0
staff-office-the-university-of-cambford-20260407,group_chat,Samuel Mensah,51.0
staff-office-the-university-of-cambford-20260407,group_chat,Samuel Mensah,94.0
staff-office-the-university-of-cambford-20260407,group_chat,Samuel Mensah,40.0
staff-office-the-university-of-cambford-20260407,group_chat,Samuel Mensah,10.0
staff-office-the-university-of-cambford-20260407,group_chat,Samuel Mensah,125.0
staff-office-the-university-of-cambford-20260407,group_chat,Samuel Mensah,5.0
staff-office-the-university-of-cambford-20260407,group_chat,Samuel Mensah,40.0
staff-office-the-university-of-cambford-20260407,group_chat,Samuel Mensah,185.0
staff-office-the-university-of-cambford-20260407,group_chat,Samuel Mensah,150.0
staff-office-the-university-of-cambford-20260407,group_chat,Samuel Mensah,220.0
staff-office-the-university-of-cambford-20260407,group_chat,Samuel Mensah,17023.0
staff-office-the-university-of-cambford-20260407,group_chat,Samuel Mensah,62.0
staff-office-the-university-of-cambford-20260407,group_chat,Samuel Mensah,115.0
staff-office-the-university-of-cambford-20260407,group_chat,Samuel Mensah,120.0
staff-office-the-university-of-cambford-20260407,group_chat,Samuel Mensah,60.0
staff-office-the-university-of-cambford-20260407,group_chat,Samuel Mensah,60.0
staff-office-the-university-of-cambford-20260407,group_chat,Samuel Mensah,75.0
staff-office-the-university-of-cambford-20260407,group_chat,Samuel Mensah,68780.0
staff-office-the-university-of-cambford-20260407,group_chat,Samuel Mensah,145.0
staff-office-the-university-of-cambford-20260407,group_chat,Samuel Mensah,290.0
staff-office-the-university-of-cambford-20260407,group_chat,Samuel Mensah,160.0
staff-office-the-university-of-cambford-20260407,group_chat,Yasmin Abdul,125.0
staff-office-the-university-of-cambford-20260407,group_chat,Yasmin Abdul,65.0
staff-office-the-university-of-cambford-20260407,group_chat,Yasmin Abdul,160.0
staff-office-the-university-of-cambford-20260407,group_chat,Yasmin Abdul,130.0
staff-office-the-university-of-cambford-20260407,group_chat,Yasmin Abdul,15175.0
staff-office-the-university-of-cambford-20260407,group_chat,Yasmin Abdul,125.0
staff-office-the-university-of-cambford-20260407,group_chat,Yasmin Abdul,115.0
staff-office-the-university-of-cambford-20260407,group_chat,Yasmin Abdul,130.0
staff-office-the-university-of-cambford-20260407,group_chat,Yasmin Abdul,70.0
staff-office-the-university-of-cambford-20260407,group_chat,Yasmin Abdul,63785.0
staff-office-the-university-of-cambford-20260407,group_chat,Yasmin Abdul,280.0
staff-office-the-university-of-cambford-20260407,group_chat,Yasmin Abdul,170.0
staff-office-the-university-of-cambford-20260407,group_chat,Yasmin Abdul,160.0
staff-office-the-university-of-cambford-20260407,group_chat,Yasmin Abdul,2157.0
staff-office-the-university-of-cambford-20260407,group_chat,Yasmin Abdul,128.0
staff-office-the-university-of-cambford-20260407,group_chat,Yasmin Abdul,42.0
staff-office-the-university-of-cambford-20260407,group_chat,Yasmin Abdul,148.0
staff-office-the-university-of-cambford-20260407,group_chat,Yasmin Abdul,130.0
staff-office-the-university-of-cambford-20260407,group_chat,Yasmin Abdul,142.0
staff-office-the-university-of-cambford-20260407,group_chat,Yasmin Abdul,86648.0
staff-office-the-university-of-cambford-20260407,group_chat,Yasmin Abdul,55.0
staff-office-the-university-of-cambford-20260407,group_chat,Yasmin Abdul,115.0
staff-office-the-university-of-cambford-20260407,group_chat,Yasmin Abdul,210.0
staff-office-the-university-of-cambford-20260407,group_chat,Yasmin Abdul,20375.0
staff-office-the-university-of-cambford-20260407,group_chat,Yasmin Abdul,135.0
staff-office-the-university-of-cambford-20260407,group_chat,Yasmin Abdul,100.0
staff-office-the-university-of-cambford-20260407,group_chat,Yasmin Abdul,65.0
staff-office-the-university-of-cambford-20260407,group_chat,Yasmin Abdul,68440.0
staff-office-the-university-of-cambford-20260407,group_chat,Yasmin Abdul,155.0
staff-office-the-university-of-cambford-20260407,group_chat,Yasmin Abdul,145.0
staff-office-the-university-of-cambford-20260407,group_chat,Yasmin Abdul,135.0
staff-office-the-university-of-cambford-20260407,group_chat,Yasmin Abdul,13625.0
staff-office-the-university-of-cambford-20260407,group_chat,Yasmin Abdul,65.0
staff-office-the-university-of-cambford-20260407,group_chat,Yasmin Abdul,95.0
staff-office-the-university-of-cambford-20260407,group_chat,Yasmin Abdul,135.0
staff-office-the-university-of-cambford-20260407,group_chat,Yasmin Abdul,60.0
staff-office-the-university-of-cambford-20260407,group_chat,Yasmin Abdul,380.0
staff-office-the-university-of-cambford-20260407,group_chat,Yasmin Abdul,67700.0
staff-office-the-university-of-cambford-20260407,group_chat,Yasmin Abdul,90.0
staff-office-the-university-of-cambford-20260407,group_chat,Yasmin Abdul,122.0
staff-office-the-university-of-cambford-20260407,group_chat,Yasmin Abdul,148.0
staff-office-the-university-of-cambford-20260407,group_chat,Yasmin Abdul,80.0
staff-office-the-university-of-cambford-20260407,group_chat,Yasmin Abdul,90.0
staff-office-the-university-of-cambford-20260407,group_chat,Yasmin Abdul,60.0
staff-office-the-university-of-cambford-20260407,group_chat,Yasmin Abdul,89415.0
staff-office-the-university-of-cambford-20260407,group_chat,Yasmin Abdul,120.0
staff-office-the-university-of-cambford-20260407,group_chat,Yasmin Abdul,75.0
staff-office-the-university-of-cambford-20260407,group_chat,Yasmin Abdul,45.0
staff-office-the-university-of-cambford-20260407,group_chat,Yasmin Abdul,75.0
staff-office-the-university-of-cambford-20260407,group_chat,Yasmin Abdul,82485.0
staff-office-the-university-of-cambford-20260407,group_chat,Yasmin Abdul,87.0
staff-office-the-university-of-cambford-20260407,group_chat,Yasmin Abdul,118.0
staff-office-the-university-of-cambford-20260407,group_chat,Yasmin Abdul,35.0
staff-office-the-university-of-cambford-20260407,group_chat,Yasmin Abdul,93.0
staff-office-the-university-of-cambford-20260407,group_chat,Yasmin Abdul,107.0
staff-office-the-university-of-cambford-20260407,group_chat,Yasmin Abdul,104140.0
staff-office-the-university-of-cambford-20260407,group_chat,Yasmin Abdul,115.0
staff-office-the-university-of-cambford-20260407,group_chat,Yasmin Abdul,80.0
staff-office-the-university-of-cambford-20260407,group_chat,Yasmin Abdul,85.0
staff-office-the-university-of-cambford-20260407,group_chat,Yasmin Abdul,85960.0
staff-office-the-university-of-cambford-20260407,group_chat,Yasmin Abdul,125.0
staff-office-the-university-of-cambford-20260407,group_chat,Yasmin Abdul,65.0
staff-office-the-university-of-cambford-20260407,group_chat,Yasmin Abdul,172500.0
staff-office-the-university-of-cambford-20260407,group_chat,Yasmin Abdul,25.0
staff-office-the-university-of-cambford-20260407,group_chat,Yasmin Abdul,85.0
staff-office-the-university-of-cambford-20260407,group_chat,Yasmin Abdul,65.0
staff-office-the-university-of-cambford-20260407,group_chat,Yasmin Abdul,50.0
staff-office-the-university-of-cambford-20260407,group_chat,Yasmin Abdul,40.0
staff-office-the-university-of-cambford-20260407,group_chat,Yasmin Abdul,68085.0
staff-office-the-university-of-cambford-20260407,group_chat,Yasmin Abdul,110.0
staff-office-the-university-of-cambford-20260407,group_chat,Yasmin Abdul,125.0
staff-office-the-university-of-cambford-20260407,group_chat,Yasmin Abdul,42.0
staff-office-the-university-of-cambford-20260407,group_chat,Yasmin Abdul,8.0
staff-office-the-university-of-cambford-20260407,group_chat,Yasmin Abdul,95.0
staff-office-the-university-of-cambford-20260407,group_chat,Yasmin Abdul,25.0
staff-office-the-university-of-cambford-20260407,group_chat,Yasmin Abdul,35.0
staff-office-the-university-of-cambford-20260407,group_chat,Yasmin Abdul,135.0
staff-office-the-university-of-cambford-20260407,group_chat,Yasmin Abdul,190.0
staff-office-the-university-of-cambford-20260407,group_chat,Yasmin Abdul,180.0
staff-office-the-university-of-cambford-20260407,group_chat,Joy Okafor,27.0
staff-office-the-university-of-cambford-20260407,group_chat,Joy Okafor,53.0
staff-office-the-university-of-cambford-20260407,group_chat,Joy Okafor,10.0
staff-office-the-university-of-cambford-20260407,group_chat,Joy Okafor,55.0
staff-office-the-university-of-cambford-20260407,group_chat,Joy Okafor,5.0
staff-office-the-university-of-cambford-20260407,group_chat,Joy Okafor,55.0
staff-office-the-university-of-cambford-20260407,group_chat,Joy Okafor,50.0
staff-office-the-university-of-cambford-20260407,group_chat,Joy Okafor,60.0
staff-office-the-university-of-cambford-20260407,group_chat,Joy Okafor,25.0
staff-office-the-university-of-cambford-20260407,group_chat,Joy Okafor,35.0
staff-office-the-university-of-cambford-20260407,group_chat,Joy Okafor,30.0
staff-office-the-university-of-cambford-20260407,group_chat,Joy Okafor,5.0
staff-office-the-university-of-cambford-20260407,group_chat,Joy Okafor,85.0
staff-office-the-university-of-cambford-20260407,group_chat,Joy Okafor,135.0
staff-office-the-university-of-cambford-20260407,group_chat,Joy Okafor,79512.0
staff-office-the-university-of-cambford-20260407,group_chat,Joy Okafor,243.0
staff-office-the-university-of-cambford-20260407,group_chat,Joy Okafor,160.0
staff-office-the-university-of-cambford-20260407,group_chat,Joy Okafor,155.0
staff-office-the-university-of-cambford-20260407,group_chat,Joy Okafor,2160.0
staff-office-the-university-of-cambford-20260407,group_chat,Joy Okafor,76.0
staff-office-the-university-of-cambford-20260407,group_chat,Joy Okafor,77.0
staff-office-the-university-of-cambford-20260407,group_chat,Joy Okafor,204.0
staff-office-the-university-of-cambford-20260407,group_chat,Joy Okafor,141.0
staff-office-the-university-of-cambford-20260407,group_chat,Joy Okafor,77.0
staff-office-the-university-of-cambford-20260407,group_chat,Joy Okafor,86590.0
staff-office-the-university-of-cambford-20260407,group_chat,Joy Okafor,170.0
staff-office-the-university-of-cambford-20260407,group_chat,Joy Okafor,115.0
staff-office-the-university-of-cambford-20260407,group_chat,Joy Okafor,175.0
staff-office-the-university-of-cambford-20260407,group_chat,Joy Okafor,110.0
staff-office-the-university-of-cambford-20260407,group_chat,Joy Okafor,9587.0
staff-office-the-university-of-cambford-20260407,group_chat,Joy Okafor,143.0
staff-office-the-university-of-cambford-20260407,group_chat,Joy Okafor,320.0
staff-office-the-university-of-cambford-20260407,group_chat,Joy Okafor,10200.0
staff-office-the-university-of-cambford-20260407,group_chat,Joy Okafor,130.0
staff-office-the-university-of-cambford-20260407,group_chat,Joy Okafor,95.0
staff-office-the-university-of-cambford-20260407,group_chat,Joy Okafor,68415.0
staff-office-the-university-of-cambford-20260407,group_chat,Joy Okafor,195.0
staff-office-the-university-of-cambford-20260407,group_chat,Joy Okafor,150.0
staff-office-the-university-of-cambford-20260407,group_chat,Joy Okafor,115.0
staff-office-the-university-of-cambford-20260407,group_chat,Joy Okafor,155.0
staff-office-the-university-of-cambford-20260407,group_chat,Joy Okafor,45.0
staff-office-the-university-of-cambford-20260407,group_chat,Joy Okafor,13490.0
staff-office-the-university-of-cambford-20260407,group_chat,Joy Okafor,145.0
staff-office-the-university-of-cambford-20260407,group_chat,Joy Okafor,25.0
staff-office-the-university-of-cambford-20260407,group_chat,Joy Okafor,125.0
staff-office-the-university-of-cambford-20260407,group_chat,Joy Okafor,130.0
staff-office-the-university-of-cambford-20260407,group_chat,Joy Okafor,245.0
staff-office-the-university-of-cambford-20260407,group_chat,Joy Okafor,130.0
staff-office-the-university-of-cambford-20260407,group_chat,Joy Okafor,67547.0
staff-office-the-university-of-cambford-20260407,group_chat,Joy Okafor,63.0
staff-office-the-university-of-cambford-20260407,group_chat,Joy Okafor,100.0
staff-office-the-university-of-cambford-20260407,group_chat,Joy Okafor,68.0
staff-office-the-university-of-cambford-20260407,group_chat,Joy Okafor,42.0
staff-office-the-university-of-cambford-20260407,group_chat,Joy Okafor,89745.0
staff-office-the-university-of-cambford-20260407,group_chat,Joy Okafor,85.0
staff-office-the-university-of-cambford-20260407,group_chat,Joy Okafor,120.0
staff-office-the-university-of-cambford-20260407,group_chat,Joy Okafor,80.0
staff-office-the-university-of-cambford-20260407,group_chat,Joy Okafor,50.0
staff-office-the-university-of-cambford-20260407,group_chat,Joy Okafor,65.0
staff-office-the-university-of-cambford-20260407,group_chat,Joy Okafor,82417.0
staff-office-the-university-of-cambford-20260407,group_chat,Joy Okafor,92.0
staff-office-the-university-of-cambford-20260407,group_chat,Joy Okafor,87.0
staff-office-the-university-of-cambford-20260407,group_chat,Joy Okafor,91.0
staff-office-the-university-of-cambford-20260407,group_chat,Joy Okafor,68.0
staff-office-the-university-of-cambford-20260407,group_chat,Joy Okafor,95.0
staff-office-the-university-of-cambford-20260407,group_chat,Joy Okafor,70.0
staff-office-the-university-of-cambford-20260407,group_chat,Joy Okafor,175867.0
staff-office-the-university-of-cambford-20260407,group_chat,Joy Okafor,98.0
staff-office-the-university-of-cambford-20260407,group_chat,Joy Okafor,112.0
staff-office-the-university-of-cambford-20260407,group_chat,Joy Okafor,108.0
staff-office-the-university-of-cambford-20260407,group_chat,Joy Okafor,183265.0
staff-office-the-university-of-cambford-20260407,group_chat,Joy Okafor,55.0
staff-office-the-university-of-cambford-20260407,group_chat,Joy Okafor,30.0
staff-office-the-university-of-cambford-20260407,group_chat,Joy Okafor,115.0
staff-office-the-university-of-cambford-20260407,group_chat,Joy Okafor,50.0
staff-office-the-university-of-cambford-20260407,group_chat,Joy Okafor,50.0
staff-office-the-university-of-cambford-20260407,group_chat,Joy Okafor,71645.0
staff-office-the-university-of-cambford-20260407,group_chat,Joy Okafor,73.0
staff-office-the-university-of-cambford-20260407,group_chat,Joy Okafor,77.0
staff-office-the-university-of-cambford-20260407,group_chat,Joy Okafor,192.0
staff-office-the-university-of-cambford-20260407,group_chat,Joy Okafor,28.0
staff-office-the-university-of-cambford-20260407,group_chat,Joy Okafor,30.0
staff-office-the-university-of-cambford-20260407,group_chat,Joy Okafor,60.0
staff-office-the-university-of-cambford-20260407,group_chat,Joy Okafor,70.0
staff-office-the-university-of-cambford-20260407,group_chat,Joy Okafor,210.0
staff-office-the-university-of-cambford-20260407,group_chat,Joy Okafor,145.0
staff-office-the-university-of-cambford-20260407,group_chat,Joy Okafor,235.0
staff-office-the-university-of-cambford-20260407,group_chat,Joy Okafor,16982.0
staff-office-the-university-of-cambford-20260407,group_chat,Joy Okafor,83.0
staff-office-the-university-of-cambford-20260407,group_chat,Joy Okafor,143.0
staff-office-the-university-of-cambford-20260407,group_chat,Joy Okafor,57.0
staff-office-the-university-of-cambford-20260407,group_chat,Joy Okafor,75.0
staff-office-the-university-of-cambford-20260407,group_chat,Joy Okafor,172455.0
staff-office-the-university-of-cambford-20260407,group_chat,Joy Okafor,85.0
staff-office-the-university-of-cambford-20260407,group_chat,Joy Okafor,65.0
staff-office-the-university-of-cambford-20260407,group_chat,Joy Okafor,40.0
staff-office-the-university-of-cambford-20260407,group_chat,Joy Okafor,95.0
staff-office-the-university-of-cambford-20260407,group_chat,Chi Nguyen,38.0
staff-office-the-university-of-cambford-20260407,group_chat,Chi Nguyen,32.0
staff-office-the-university-of-cambford-20260407,group_chat,Chi Nguyen,68.0
staff-office-the-university-of-cambford-20260407,group_chat,Chi Nguyen,285.0
staff-office-the-university-of-cambford-20260407,group_chat,Chi Nguyen,145.0
staff-office-the-university-of-cambford-20260407,group_chat,Chi Nguyen,13701.0
staff-office-the-university-of-cambford-20260407,group_chat,Chi Nguyen,71.0
staff-office-the-university-of-cambford-20260407,group_chat,Chi Nguyen,162.0
staff-office-the-university-of-cambford-20260407,group_chat,Chi Nguyen,111.0
staff-office-the-university-of-cambford-20260407,group_chat,Chi Nguyen,105.0
staff-office-the-university-of-cambford-20260407,group_chat,Chi Nguyen,67830.0
staff-office-the-university-of-cambford-20260407,group_chat,Chi Nguyen,60.0
staff-office-the-university-of-cambford-20260407,group_chat,Chi Nguyen,35.0
staff-office-the-university-of-cambford-20260407,group_chat,Chi Nguyen,12.0
staff-office-the-university-of-cambford-20260407,group_chat,Chi Nguyen,85.0
staff-office-the-university-of-cambford-20260407,group_chat,Chi Nguyen,3.0
staff-office-the-university-of-cambford-20260407,group_chat,Chi Nguyen,57.0
staff-office-the-university-of-cambford-20260407,group_chat,Chi Nguyen,18.0
staff-office-the-university-of-cambford-20260407,group_chat,Chi Nguyen,45.0
staff-office-the-university-of-cambford-20260407,group_chat,Chi Nguyen,62.0
staff-office-the-university-of-cambford-20260407,group_chat,Chi Nguyen,61.0
staff-office-the-university-of-cambford-20260407,group_chat,Chi Nguyen,27.0
staff-office-the-university-of-cambford-20260407,group_chat,Chi Nguyen,55.0
staff-office-the-university-of-cambford-20260407,group_chat,Chi Nguyen,5.0
staff-office-the-university-of-cambford-20260407,group_chat,Chi Nguyen,45.0
staff-office-the-university-of-cambford-20260407,group_chat,Chi Nguyen,85975.0
staff-office-the-university-of-cambford-20260407,group_chat,Chi Nguyen,110.0
staff-office-the-university-of-cambford-20260407,group_chat,Chi Nguyen,175.0
staff-office-the-university-of-cambford-20260407,group_chat,Chi Nguyen,70.0
staff-office-the-university-of-cambford-20260407,group_chat,Chi Nguyen,250.0
staff-office-the-university-of-cambford-20260407,group_chat,Chi Nguyen,10215.0
staff-office-the-university-of-cambford-20260407,group_chat,Chi Nguyen,150.0
staff-office-the-university-of-cambford-20260407,group_chat,Chi Nguyen,90.0
staff-office-the-university-of-cambford-20260407,group_chat,Chi Nguyen,215.0
staff-office-the-university-of-cambford-20260407,group_chat,Chi Nguyen,185.0
staff-office-the-university-of-cambford-20260407,group_chat,Chi Nguyen,75105.0
staff-office-the-university-of-cambford-20260407,group_chat,Chi Nguyen,75.0
staff-office-the-university-of-cambford-20260407,group_chat,Chi Nguyen,130.0
staff-office-the-university-of-cambford-20260407,group_chat,Chi Nguyen,180.0
staff-office-the-university-of-cambford-20260407,group_chat,Chi Nguyen,118.0
staff-office-the-university-of-cambford-20260407,group_chat,Chi Nguyen,252.0
staff-office-the-university-of-cambford-20260407,group_chat,Chi Nguyen,2725.0
staff-office-the-university-of-cambford-20260407,group_chat,Chi Nguyen,110.0
staff-office-the-university-of-cambford-20260407,group_chat,Chi Nguyen,165.0
staff-office-the-university-of-cambford-20260407,group_chat,Chi Nguyen,83305.0
staff-office-the-university-of-cambford-20260407,group_chat,Chi Nguyen,130.0
staff-office-the-university-of-cambford-20260407,group_chat,Chi Nguyen,130.0
staff-office-the-university-of-cambford-20260407,group_chat,Chi Nguyen,390.0
staff-office-the-university-of-cambford-20260407,group_chat,Chi Nguyen,120.0
staff-office-the-university-of-cambford-20260407,group_chat,Chi Nguyen,102795.0
staff-office-the-university-of-cambford-20260407,group_chat,Chi Nguyen,90.0
staff-office-the-university-of-cambford-20260407,group_chat,Chi Nguyen,125.0
staff-office-the-university-of-cambford-20260407,group_chat,Chi Nguyen,40.0
staff-office-the-university-of-cambford-20260407,group_chat,Chi Nguyen,100.0
staff-office-the-university-of-cambford-20260407,group_chat,Chi Nguyen,30.0
staff-office-the-university-of-cambford-20260407,group_chat,Chi Nguyen,67955.0
staff-office-the-university-of-cambford-20260407,group_chat,Chi Nguyen,70.0
staff-office-the-university-of-cambford-20260407,group_chat,Chi Nguyen,50.0
staff-office-the-university-of-cambford-20260407,group_chat,Chi Nguyen,170.0
staff-office-the-university-of-cambford-20260407,group_chat,Chi Nguyen,55.0
staff-office-the-university-of-cambford-20260407,group_chat,Chi Nguyen,70.0
staff-office-the-university-of-cambford-20260407,group_chat,Chi Nguyen,50.0
staff-office-the-university-of-cambford-20260407,group_chat,Chi Nguyen,3137.0
staff-office-the-university-of-cambford-20260407,group_chat,Chi Nguyen,53.0
staff-office-the-university-of-cambford-20260407,group_chat,Chi Nguyen,113.0
staff-office-the-university-of-cambford-20260407,group_chat,Chi Nguyen,104.0
staff-office-the-university-of-cambford-20260407,group_chat,Chi Nguyen,78.0
staff-office-the-university-of-cambford-20260407,group_chat,Chi Nguyen,94.0
staff-office-the-university-of-cambford-20260407,group_chat,Chi Nguyen,46.0
staff-office-the-university-of-cambford-20260407,group_chat,Chi Nguyen,82367.0
staff-office-the-university-of-cambford-20260407,group_chat,Chi Nguyen,82.0
staff-office-the-university-of-cambford-20260407,group_chat,Chi Nguyen,75.0
staff-office-the-university-of-cambford-20260407,group_chat,Chi Nguyen,41.0
staff-office-the-university-of-cambford-20260407,group_chat,Chi Nguyen,60.0
staff-office-the-university-of-cambford-20260407,group_chat,Chi Nguyen,95.0
staff-office-the-university-of-cambford-20260407,group_chat,Chi Nguyen,104000.0
staff-office-the-university-of-cambford-20260407,group_chat,Chi Nguyen,125.0
staff-office-the-university-of-cambford-20260407,group_chat,Chi Nguyen,150.0
staff-office-the-university-of-cambford-20260407,group_chat,Chi Nguyen,70.0
staff-office-the-university-of-cambford-20260407,group_chat,Chi Nguyen,68045.0
staff-office-the-university-of-cambford-20260407,group_chat,Chi Nguyen,135.0
staff-office-the-university-of-cambford-20260407,group_chat,Chi Nguyen,45.0
staff-office-the-university-of-cambford-20260407,group_chat,Chi Nguyen,145.0
staff-office-the-university-of-cambford-20260407,group_chat,Chi Nguyen,40.0
staff-office-the-university-of-cambford-20260407,group_chat,Chi Nguyen,115.0
staff-office-the-university-of-cambford-20260407,group_chat,Chi Nguyen,50.0
staff-office-the-university-of-cambford-20260407,group_chat,Chi Nguyen,3127.0
staff-office-the-university-of-cambford-20260407,group_chat,Chi Nguyen,46.0
staff-office-the-university-of-cambford-20260407,group_chat,Chi Nguyen,17.0
staff-office-the-university-of-cambford-20260407,group_chat,Chi Nguyen,107.0
staff-office-the-university-of-cambford-20260407,group_chat,Chi Nguyen,43.0
staff-office-the-university-of-cambford-20260407,group_chat,Chi Nguyen,27.0
staff-office-the-university-of-cambford-20260407,group_chat,Chi Nguyen,33.0
staff-office-the-university-of-cambford-20260407,group_chat,Chi Nguyen,86100.0
staff-office-the-university-of-cambford-20260407,group_chat,Chi Nguyen,80.0
staff-office-the-university-of-cambford-20260407,group_chat,Chi Nguyen,75.0
staff-office-the-university-of-cambford-20260407,group_chat,Chi Nguyen,70.0
staff-office-the-university-of-cambford-20260407,group_chat,Chi Nguyen,80.0
staff-office-the-university-of-cambford-20260407,group_chat,Chi Nguyen,330.0
staff-office-the-university-of-cambford-20260407,group_chat,Chi Nguyen,80.0
staff-office-the-university-of-cambford-20260407,group_chat,Chi Nguyen,50.0
staff-office-the-university-of-cambford-20260407,group_chat,Chi Nguyen,82670.0
staff-office-the-university-of-cambford-20260407,group_chat,Chi Nguyen,170.0
staff-office-the-university-of-cambford-20260407,group_chat,Chi Nguyen,185.0
staff-office-the-university-of-cambford-20260407,group_chat,Chi Nguyen,310.0
staff-office-the-university-of-cambford-20260407,group_chat,Chi Nguyen,220.0
staff-office-the-university-of-cambford-20260407,group_chat,Chi Nguyen,235.0
staff-office-the-university-of-cambford-20260407,group_chat,Chi Nguyen,1815.0
staff-office-the-university-of-cambford-20260407,group_chat,Chi Nguyen,31.0
staff-office-the-university-of-cambford-20260407,group_chat,Chi Nguyen,39.0
staff-office-the-university-of-cambford-20260407,group_chat,Chi Nguyen,45.0
staff-office-the-university-of-cambford-20260407,group_chat,Chi Nguyen,80.0
staff-office-the-university-of-cambford-20260407,group_chat,Chi Nguyen,38.0
staff-office-the-university-of-cambford-20260407,group_chat,Chi Nguyen,55.0
staff-office-the-university-of-cambford-20260407,group_chat,Chi Nguyen,69.0
staff-office-the-university-of-cambford-20260407,group_chat,Chi Nguyen,82500.0
staff-office-the-university-of-cambford-20260407,group_chat,Chi Nguyen,109.0
staff-office-the-university-of-cambford-20260407,group_chat,Chi Nguyen,39.0
staff-office-the-university-of-cambford-20260407,group_chat,Chi Nguyen,85.0
staff-office-the-university-of-cambford-20260407,group_chat,Chi Nguyen,130.0
staff-office-the-university-of-cambford-20260407,group_chat,Chi Nguyen,80.0
staff-office-the-university-of-cambford-20260407,group_chat,Chi Nguyen,70.0
staff-office-the-university-of-cambford-20260407,group_chat,Chi Nguyen,335.0
staff-office-the-university-of-cambford-20260407,group_chat,Chi Nguyen,160.0
staff-office-the-university-of-cambford-20260407,group_chat,Chi Nguyen,280.0
staff-office-the-university-of-cambford-20260407,group_chat,Chi Nguyen,160.0
staff-office-the-university-of-cambford-20260407,group_chat,Chi Nguyen,85480.0
staff-office-the-university-of-cambford-20260407,group_chat,Chi Nguyen,165.0
staff-office-the-university-of-cambford-20260407,group_chat,Chi Nguyen,210.0
staff-office-the-university-of-cambford-20260407,group_chat,Chi Nguyen,135.0
staff-office-the-university-of-cambford-20260407,group_chat,Chi Nguyen,235.0
staff-office-the-university-of-cambford-20260407,group_chat,Chi Nguyen,290.0
staff-office-the-university-of-cambford-20260407,group_chat,Hiroshi Matsuda,45.0
staff-office-the-university-of-cambford-20260407,group_chat,Hiroshi Matsuda,55.0
staff-office-the-university-of-cambford-20260407,group_chat,Hiroshi Matsuda,65.0
staff-office-the-university-of-cambford-20260407,group_chat,Hiroshi Matsuda,320.0
staff-office-the-university-of-cambford-20260407,group_chat,Hiroshi Matsuda,168642.0
staff-office-the-university-of-cambford-20260407,group_chat,Hiroshi Matsuda,111.0
staff-office-the-university-of-cambford-20260407,group_chat,Hiroshi Matsuda,242.0
staff-office-the-university-of-cambford-20260407,group_chat,Hiroshi Matsuda,160.0
staff-office-the-university-of-cambford-20260407,group_chat,Hiroshi Matsuda,3598.0
staff-office-the-university-of-cambford-20260407,group_chat,Hiroshi Matsuda,107.0
staff-office-the-university-of-cambford-20260407,group_chat,Hiroshi Matsuda,115.0
staff-office-the-university-of-cambford-20260407,group_chat,Hiroshi Matsuda,105.0
staff-office-the-university-of-cambford-20260407,group_chat,Hiroshi Matsuda,53.0
staff-office-the-university-of-cambford-20260407,group_chat,Hiroshi Matsuda,89.0
staff-office-the-university-of-cambford-20260407,group_chat,Hiroshi Matsuda,272570.0
staff-office-the-university-of-cambford-20260407,group_chat,Hiroshi Matsuda,40.0
staff-office-the-university-of-cambford-20260407,group_chat,Hiroshi Matsuda,46.0
staff-office-the-university-of-cambford-20260407,group_chat,Hiroshi Matsuda,15.0
staff-office-the-university-of-cambford-20260407,group_chat,Hiroshi Matsuda,92.0
staff-office-the-university-of-cambford-20260407,group_chat,Hiroshi Matsuda,90.0
staff-office-the-university-of-cambford-20260407,group_chat,Hiroshi Matsuda,35.0
staff-office-the-university-of-cambford-20260407,group_chat,Hiroshi Matsuda,27.0
staff-office-the-university-of-cambford-20260407,group_chat,Hiroshi Matsuda,23.0
staff-office-the-university-of-cambford-20260407,group_chat,Hiroshi Matsuda,45.0
staff-office-the-university-of-cambford-20260407,group_chat,Hiroshi Matsuda,108.0
staff-office-the-university-of-cambford-20260407,group_chat,Hiroshi Matsuda,42.0
staff-office-the-university-of-cambford-20260407,group_chat,Hiroshi Matsuda,257.0
staff-office-the-university-of-cambford-20260407,group_chat,Hiroshi Matsuda,171923.0
staff-office-the-university-of-cambford-20260407,group_chat,Hiroshi Matsuda,105.0
staff-office-the-university-of-cambford-20260407,group_chat,Hiroshi Matsuda,110.0
staff-office-the-university-of-cambford-20260407,group_chat,Hiroshi Matsuda,135.0
staff-office-the-university-of-cambford-20260407,group_chat,Hiroshi Matsuda,60.0
staff-office-the-university-of-cambford-20260407,group_chat,Hiroshi Matsuda,67980.0
staff-office-the-university-of-cambford-20260407,group_chat,Hiroshi Matsuda,167.0
staff-office-the-university-of-cambford-20260407,group_chat,Hiroshi Matsuda,103.0
staff-office-the-university-of-cambford-20260407,group_chat,Hiroshi Matsuda,173.0
staff-office-the-university-of-cambford-20260407,group_chat,Hiroshi Matsuda,67.0
staff-office-the-university-of-cambford-20260407,group_chat,Hiroshi Matsuda,75.0
staff-office-the-university-of-cambford-20260407,group_chat,Hiroshi Matsuda,190215.0
staff-office-the-university-of-cambford-20260407,group_chat,Hiroshi Matsuda,15.0
staff-office-the-university-of-cambford-20260407,group_chat,Hiroshi Matsuda,113.0
staff-office-the-university-of-cambford-20260407,group_chat,Hiroshi Matsuda,62.0
staff-office-the-university-of-cambford-20260407,group_chat,Hiroshi Matsuda,110.0
staff-office-the-university-of-cambford-20260407,group_chat,Hiroshi Matsuda,55.0
staff-office-the-university-of-cambford-20260407,group_chat,Hiroshi Matsuda,50.0
staff-office-the-university-of-cambford-20260407,group_chat,Hiroshi Matsuda,68745.0
staff-office-the-university-of-cambford-20260407,group_chat,Hiroshi Matsuda,235.0
staff-office-the-university-of-cambford-20260407,group_chat,Hiroshi Matsuda,210.0
staff-office-the-university-of-cambford-20260407,group_chat,Hiroshi Matsuda,320.0
staff-office-the-university-of-cambford-20260407,group_chat,Hiroshi Matsuda,230.0
staff-office-the-university-of-cambford-20260407,group_chat,Hiroshi Matsuda,189122.0
staff-office-the-university-of-cambford-20260407,group_chat,Hiroshi Matsuda,83.0
staff-office-the-university-of-cambford-20260407,group_chat,Hiroshi Matsuda,120.0
staff-office-the-university-of-cambford-20260407,group_chat,Hiroshi Matsuda,76.0
staff-office-the-university-of-cambford-20260407,group_chat,Hiroshi Matsuda,74.0
staff-office-the-university-of-cambford-20260407,group_chat,Karan Singh,70.0
staff-office-the-university-of-cambford-20260407,group_chat,Karan Singh,45.0
staff-office-the-university-of-cambford-20260407,group_chat,Karan Singh,330.0
staff-office-the-university-of-cambford-20260407,group_chat,Karan Singh,55.0
staff-office-the-university-of-cambford-20260407,group_chat,Karan Singh,82035.0
staff-office-the-university-of-cambford-20260407,group_chat,Karan Singh,65.0
staff-office-the-university-of-cambford-20260407,group_chat,Karan Singh,40.0
staff-office-the-university-of-cambford-20260407,group_chat,Karan Singh,90.0
staff-office-the-university-of-cambford-20260407,group_chat,Karan Singh,40.0
staff-office-the-university-of-cambford-20260407,group_chat,Karan Singh,50.0
staff-office-the-university-of-cambford-20260407,group_chat,Karan Singh,150.0
staff-office-the-university-of-cambford-20260407,group_chat,Karan Singh,50.0
staff-office-the-university-of-cambford-20260407,group_chat,Karan Singh,40.0
staff-office-the-university-of-cambford-20260407,group_chat,Karan Singh,45.0
staff-office-the-university-of-cambford-20260407,group_chat,Karan Singh,258805.0
staff-office-the-university-of-cambford-20260407,group_chat,Karan Singh,20.0
staff-office-the-university-of-cambford-20260407,group_chat,Karan Singh,90.0
staff-office-the-university-of-cambford-20260407,group_chat,Karan Singh,205.0
staff-office-the-university-of-cambford-20260407,group_chat,Karan Singh,80.0
staff-office-the-university-of-cambford-20260407,group_chat,Karan Singh,80.0
staff-office-the-university-of-cambford-20260407,group_chat,Karan Singh,40.0
staff-office-the-university-of-cambford-20260407,group_chat,Karan Singh,65.0
staff-office-the-university-of-cambford-20260407,group_chat,Karan Singh,103768.0
staff-office-the-university-of-cambford-20260407,group_chat,Karan Singh,44.0
staff-office-the-university-of-cambford-20260407,group_chat,Karan Singh,68.0
staff-office-the-university-of-cambford-20260407,group_chat,Karan Singh,125.0
staff-office-the-university-of-cambford-20260407,group_chat,Karan Singh,70.0
staff-office-the-university-of-cambford-20260407,group_chat,Karan Singh,60.0
staff-office-the-university-of-cambford-20260407,group_chat,Karan Singh,40.0
staff-office-the-university-of-cambford-20260407,group_chat,Karan Singh,71560.0
staff-office-the-university-of-cambford-20260407,group_chat,Karan Singh,40.0
staff-office-the-university-of-cambford-20260407,group_chat,Karan Singh,167.0
staff-office-the-university-of-cambford-20260407,group_chat,Karan Singh,68.0
staff-office-the-university-of-cambford-20260407,group_chat,Karan Singh,115.0
staff-office-the-university-of-cambford-20260407,group_chat,Karan Singh,47.0
staff-office-the-university-of-cambford-20260407,group_chat,Karan Singh,168790.0
staff-office-the-university-of-cambford-20260407,group_chat,Karan Singh,128.0
staff-office-the-university-of-cambford-20260407,group_chat,Karan Singh,160.0
staff-office-the-university-of-cambford-20260407,group_chat,Karan Singh,65.0
staff-office-the-university-of-cambford-20260407,group_chat,Karan Singh,145.0
staff-office-the-university-of-cambford-20260407,group_chat,Karan Singh,85900.0
staff-office-the-university-of-cambford-20260407,group_chat,Karan Singh,100.0
staff-office-the-university-of-cambford-20260407,group_chat,Karan Singh,30.0
staff-office-the-university-of-cambford-20260407,group_chat,Karan Singh,165.0
staff-office-the-university-of-cambford-20260407,group_chat,Karan Singh,55.0
staff-office-the-university-of-cambford-20260407,group_chat,Karan Singh,90.0
staff-office-the-university-of-cambford-20260407,group_chat,Karan Singh,50.0
staff-office-the-university-of-cambford-20260407,group_chat,Karan Singh,3145.0
staff-office-the-university-of-cambford-20260407,group_chat,Karan Singh,43.0
staff-office-the-university-of-cambford-20260407,group_chat,Karan Singh,42.0
staff-office-the-university-of-cambford-20260407,group_chat,Karan Singh,80.0
staff-office-the-university-of-cambford-20260407,group_chat,Karan Singh,60.0
staff-office-the-university-of-cambford-20260407,group_chat,Karan Singh,32.0
staff-office-the-university-of-cambford-20260407,group_chat,Karan Singh,86108.0
staff-office-the-university-of-cambford-20260407,group_chat,Karan Singh,80.0
staff-office-the-university-of-cambford-20260407,group_chat,Karan Singh,90.0
staff-office-the-university-of-cambford-20260407,group_chat,Karan Singh,70.0
staff-office-the-university-of-cambford-20260407,group_chat,Karan Singh,60.0
staff-office-the-university-of-cambford-20260407,group_chat,Karan Singh,355.0
staff-office-the-university-of-cambford-20260407,group_chat,Karan Singh,65.0
staff-office-the-university-of-cambford-20260407,group_chat,Karan Singh,82732.0
staff-office-the-university-of-cambford-20260407,group_chat,Karan Singh,153.0
staff-office-the-university-of-cambford-20260407,group_chat,Karan Singh,235.0
staff-office-the-university-of-cambford-20260407,group_chat,Karan Singh,310.0
staff-office-the-university-of-cambford-20260407,group_chat,Karan Singh,185.0
staff-office-the-university-of-cambford-20260407,group_chat,Karan Singh,2029.0
staff-office-the-university-of-cambford-20260407,group_chat,Karan Singh,38.0
staff-office-the-university-of-cambford-20260407,group_chat,Karan Singh,109.0
staff-office-the-university-of-cambford-20260407,group_chat,Karan Singh,43.0
staff-office-the-university-of-cambford-20260407,group_chat,Karan Singh,40.0
staff-office-the-university-of-cambford-20260407,group_chat,Karan Singh,81.0
staff-office-the-university-of-cambford-20260407,group_chat,Karan Singh,186933.0
staff-office-the-university-of-cambford-20260407,group_chat,Karan Singh,47.0
staff-office-the-university-of-cambford-20260407,group_chat,Karan Singh,67.0
staff-office-the-university-of-cambford-20260407,group_chat,Karan Singh,113.0
staff-office-the-university-of-cambford-20260407,group_chat,Karan Singh,117.0
staff-office-the-university-of-cambford-20260407,group_chat,Karan Singh,23.0
staff-office-the-university-of-cambford-20260407,group_chat,Daniela Rossi,120.0
staff-office-the-university-of-cambford-20260407,group_chat,Daniela Rossi,150.0
staff-office-the-university-of-cambford-20260407,group_chat,Daniela Rossi,55.0
staff-office-the-university-of-cambford-20260407,group_chat,Daniela Rossi,345272.0
staff-office-the-university-of-cambford-20260407,group_chat,Daniela Rossi,180.0
staff-office-the-university-of-cambford-20260407,group_chat,Daniela Rossi,149.0
staff-office-the-university-of-cambford-20260407,group_chat,Daniela Rossi,61.0
staff-office-the-university-of-cambford-20260407,group_chat,Daniela Rossi,48.0
staff-office-the-university-of-cambford-20260407,group_chat,Daniela Rossi,48.0
staff-office-the-university-of-cambford-20260407,group_chat,Daniela Rossi,107.0
staff-office-the-university-of-cambford-20260407,group_chat,Daniela Rossi,157795.0
staff-office-the-university-of-cambford-20260407,group_chat,Daniela Rossi,210.0
staff-office-the-university-of-cambford-20260407,group_chat,Daniela Rossi,195.0
staff-office-the-university-of-cambford-20260407,group_chat,Daniela Rossi,135.0
staff-office-the-university-of-cambford-20260407,group_chat,Daniela Rossi,120.0
staff-office-the-university-of-cambford-20260407,group_chat,Daniela Rossi,150.0
staff-office-the-university-of-cambford-20260407,group_chat,Daniela Rossi,75.0
staff-office-the-university-of-cambford-20260407,group_chat,Daniela Rossi,210.0
staff-office-the-university-of-cambford-20260407,group_chat,Daniela Rossi,105825.0
staff-office-the-university-of-cambford-20260407,group_chat,Daniela Rossi,45.0
staff-office-the-university-of-cambford-20260407,group_chat,Daniela Rossi,65.0
staff-office-the-university-of-cambford-20260407,group_chat,Daniela Rossi,55.0
staff-office-the-university-of-cambford-20260407,group_chat,Daniela Rossi,50.0
staff-office-the-university-of-cambford-20260407,group_chat,Daniela Rossi,60.0
staff-office-the-university-of-cambford-20260407,group_chat,Daniela Rossi,65.0
staff-office-the-university-of-cambford-20260407,group_chat,Daniela Rossi,79895.0
staff-office-the-university-of-cambford-20260407,group_chat,Daniela Rossi,65.0
staff-office-the-university-of-cambford-20260407,group_chat,Daniela Rossi,120.0
staff-office-the-university-of-cambford-20260407,group_chat,Daniela Rossi,60.0
staff-office-the-university-of-cambford-20260407,group_chat,Daniela Rossi,95.0
staff-office-the-university-of-cambford-20260407,group_chat,Luis Gomez,50.0
staff-office-the-university-of-cambford-20260407,group_chat,Luis Gomez,110.0
staff-office-the-university-of-cambford-20260407,group_chat,Luis Gomez,140.0
staff-office-the-university-of-cambford-20260407,group_chat,Luis Gomez,50.0
staff-office-the-university-of-cambford-20260407,group_chat,Luis Gomez,158645.0
staff-office-the-university-of-cambford-20260407,group_chat,Luis Gomez,90.0
staff-office-the-university-of-cambford-20260407,group_chat,Luis Gomez,78.0
staff-office-the-university-of-cambford-20260407,group_chat,Luis Gomez,58.0
staff-office-the-university-of-cambford-20260407,group_chat,Luis Gomez,44.0
staff-office-the-university-of-cambford-20260407,group_chat,Luis Gomez,136.0
staff-office-the-university-of-cambford-20260407,group_chat,Luis Gomez,84.0
staff-office-the-university-of-cambford-20260407,group_chat,Luis Gomez,168905.0
staff-office-the-university-of-cambford-20260407,group_chat,Luis Gomez,90.0
staff-office-the-university-of-cambford-20260407,group_chat,Luis Gomez,130.0
staff-office-the-university-of-cambford-20260407,group_chat,Luis Gomez,110.0
staff-office-the-university-of-cambford-20260407,group_chat,Luis Gomez,300.0
staff-office-the-university-of-cambford-20260407,group_chat,Luis Gomez,130.0
staff-office-the-university-of-cambford-20260407,group_chat,Luis Gomez,140.0
staff-office-the-university-of-cambford-20260407,group_chat,Luis Gomez,16233.0
staff-office-the-university-of-cambford-20260407,group_chat,Luis Gomez,119.0
staff-office-the-university-of-cambford-20260407,group_chat,Luis Gomez,61.0
staff-office-the-university-of-cambford-20260407,group_chat,Luis Gomez,67.0
staff-office-the-university-of-cambford-20260407,group_chat,Luis Gomez,80.0
staff-office-the-university-of-cambford-20260407,group_chat,Luis Gomez,86142.0
staff-office-the-university-of-cambford-20260407,group_chat,Luis Gomez,19.0
staff-office-the-university-of-cambford-20260407,group_chat,Luis Gomez,44.0
staff-office-the-university-of-cambford-20260407,group_chat,Luis Gomez,247.0
staff-office-the-university-of-cambford-20260407,group_chat,Luis Gomez,113.0
staff-office-the-university-of-cambford-20260407,group_chat,Luis Gomez,123.0
staff-office-the-university-of-cambford-20260407,group_chat,Luis Gomez,257.0
staff-office-the-university-of-cambford-20260407,group_chat,Luis Gomez,125.0
staff-office-the-university-of-cambford-20260407,group_chat,Mei Zhang,97.0
staff-office-the-university-of-cambford-20260407,group_chat,Mei Zhang,153.0
staff-office-the-university-of-cambford-20260407,group_chat,Mei Zhang,50.0
staff-office-the-university-of-cambford-20260407,group_chat,Mei Zhang,60.0
staff-office-the-university-of-cambford-20260407,group_chat,Mei Zhang,327935.0
staff-office-the-university-of-cambford-20260407,group_chat,Mei Zhang,225.0
staff-office-the-university-of-cambford-20260407,group_chat,Mei Zhang,135.0
staff-office-the-university-of-cambford-20260407,group_chat,Mei Zhang,390.0
staff-office-the-university-of-cambford-20260407,group_chat,Mei Zhang,75.0
staff-office-the-university-of-cambford-20260407,group_chat,Mei Zhang,135.0
staff-office-the-university-of-cambford-20260407,group_chat,Mei Zhang,171090.0
staff-office-the-university-of-cambford-20260407,group_chat,Mei Zhang,40.0
staff-office-the-university-of-cambford-20260407,group_chat,Mei Zhang,50.0
staff-office-the-university-of-cambford-20260407,group_chat,Mei Zhang,165.0
staff-office-the-university-of-cambford-20260407,group_chat,Mei Zhang,45.0
staff-office-the-university-of-cambford-20260407,group_chat,Mei Zhang,75.0
staff-office-the-university-of-cambford-20260407,group_chat,Mei Zhang,45.0
staff-office-the-university-of-cambford-20260407,group_chat,Mei Zhang,103990.0
staff-office-the-university-of-cambford-20260407,group_chat,Mei Zhang,40.0
staff-office-the-university-of-cambford-20260407,group_chat,Mei Zhang,115.0
staff-office-the-university-of-cambford-20260407,group_chat,Mei Zhang,75.0
staff-office-the-university-of-cambford-20260407,group_chat,Mei Zhang,30.0
staff-office-the-university-of-cambford-20260407,group_chat,Mei Zhang,120.0
staff-office-the-university-of-cambford-20260407,group_chat,Mei Zhang,71595.0
staff-office-the-university-of-cambford-20260407,group_chat,Mei Zhang,70.0
staff-office-the-university-of-cambford-20260407,group_chat,Mei Zhang,113.0
staff-office-the-university-of-cambford-20260407,group_chat,Mei Zhang,114.0
staff-office-the-university-of-cambford-20260407,group_chat,Mei Zhang,78.0
staff-office-the-university-of-cambford-20260407,group_chat,Mei Zhang,186833.0
staff-office-the-university-of-cambford-20260407,group_chat,Mei Zhang,109.0
staff-office-the-university-of-cambford-20260407,group_chat,Mei Zhang,58.0
staff-office-the-university-of-cambford-20260407,group_chat,Mei Zhang,51.0
staff-office-the-university-of-cambford-20260407,group_chat,Mei Zhang,104.0
staff-office-the-university-of-cambford-20260407,group_chat,Mei Zhang,40.0
staff-office-the-university-of-cambford-20260407,group_chat,Mei Zhang,45.0
staff-office-the-university-of-cambford-20260407,group_chat,Mei Zhang,155095.0
staff-office-the-university-of-cambford-20260407,group_chat,Mei Zhang,63.0
staff-office-the-university-of-cambford-20260407,group_chat,Mei Zhang,2.0
staff-office-the-university-of-cambford-20260407,group_chat,Mei Zhang,95.0
staff-office-the-university-of-cambford-20260407,group_chat,Mei Zhang,75.0
staff-office-the-university-of-cambford-20260407,group_chat,Mei Zhang,65.0
staff-office-the-university-of-cambford-20260407,group_chat,Mei Zhang,55.0
staff-office-the-university-of-cambford-20260407,group_chat,Mei Zhang,5.0
staff-office-the-university-of-cambford-20260407,group_chat,Mei Zhang,67.0
staff-office-the-university-of-cambford-20260407,group_chat,Mei Zhang,573.0
staff-office-the-university-of-cambford-20260407,group_chat,Mei Zhang,680.0
staff-office-the-university-of-cambford-20260407,group_chat,Mei Zhang,805.0
staff-office-the-university-of-cambford-20260407,group_chat,Mei Zhang,14820.0
staff-office-the-university-of-cambford-20260407,group_chat,Mei Zhang,100.0
staff-office-the-university-of-cambford-20260407,group_chat,Mei Zhang,112.0
staff-office-the-university-of-cambford-20260407,group_chat,Mei Zhang,40.0
staff-office-the-university-of-cambford-20260407,group_chat,Mei Zhang,88.0
staff-office-the-university-of-cambford-20260407,group_chat,Mei Zhang,70.0
staff-office-the-university-of-cambford-20260407,group_chat,Mei Zhang,45.0
staff-office-the-university-of-cambford-20260407,group_chat,Mei Zhang,65200.0
staff-office-the-university-of-cambford-20260407,group_chat,Mei Zhang,145.0
staff-office-the-university-of-cambford-20260407,group_chat,Mei Zhang,90.0
staff-office-the-university-of-cambford-20260407,group_chat,Mei Zhang,140.0
staff-office-the-university-of-cambford-20260407,group_chat,Mei Zhang,165.0
staff-office-the-university-of-cambford-20260407,group_chat,Mei Zhang,85.0
staff-office-the-university-of-cambford-20260407,group_chat,Mei Zhang,110.0
staff-office-the-university-of-cambford-20260407,group_chat,Mei Zhang,135.0
staff-office-the-university-of-cambford-20260407,group_chat,Mei Zhang,60.0
staff-office-the-university-of-cambford-20260407,group_chat,Mei Zhang,19830.0
staff-office-the-university-of-cambford-20260407,group_chat,Mei Zhang,75.0
staff-office-the-university-of-cambford-20260407,group_chat,Mei Zhang,90.0
staff-office-the-university-of-cambford-20260407,group_chat,Mei Zhang,40.0
staff-office-the-university-of-cambford-20260407,group_chat,Mei Zhang,30.0
staff-office-the-university-of-cambford-20260407,group_chat,Mei Zhang,50.0
staff-office-the-university-of-cambford-20260407,group_chat,Mei Zhang,45.0
staff-office-the-university-of-cambford-20260407,group_chat,François Dubois,107.0
staff-office-the-university-of-cambford-20260407,group_chat,François Dubois,113.0
staff-office-the-university-of-cambford-20260407,group_chat,François Dubois,40.0
staff-office-the-university-of-cambford-20260407,group_chat,François Dubois,65.0
staff-office-the-university-of-cambford-20260407,group_chat,François Dubois,82405.0
staff-office-the-university-of-cambford-20260407,group_chat,François Dubois,365.0
staff-office-the-university-of-cambford-20260407,group_chat,François Dubois,245.0
staff-office-the-university-of-cambford-20260407,group_chat,François Dubois,160.0
staff-office-the-university-of-cambford-20260407,group_chat,François Dubois,40.0
staff-office-the-university-of-cambford-20260407,group_chat,François Dubois,95.0
staff-office-the-university-of-cambford-20260407,group_chat,François Dubois,143.0
staff-office-the-university-of-cambford-20260407,group_chat,François Dubois,132.0
staff-office-the-university-of-cambford-20260407,group_chat,François Dubois,210.0
staff-office-the-university-of-cambford-20260407,group_chat,François Dubois,542.0
staff-office-the-university-of-cambford-20260407,group_chat,François Dubois,156.0
staff-office-the-university-of-cambford-20260407,group_chat,François Dubois,159.0
staff-office-the-university-of-cambford-20260407,group_chat,François Dubois,163.0
staff-office-the-university-of-cambford-20260407,group_chat,François Dubois,84080.0
staff-office-the-university-of-cambford-20260407,group_chat,François Dubois,117.0
staff-office-the-university-of-cambford-20260407,group_chat,François Dubois,120.0
staff-office-the-university-of-cambford-20260407,group_chat,François Dubois,40.0
staff-office-the-university-of-cambford-20260407,group_chat,François Dubois,358.0
staff-office-the-university-of-cambford-20260407,group_chat,François Dubois,225.0
staff-office-the-university-of-cambford-20260407,group_chat,François Dubois,135.0
staff-office-the-university-of-cambford-20260407,group_chat,François Dubois,210.0
staff-office-the-university-of-cambford-20260407,group_chat,François Dubois,115.0
staff-office-the-university-of-cambford-20260407,group_chat,François Dubois,2833.0
staff-office-the-university-of-cambford-20260407,group_chat,François Dubois,35.0
staff-office-the-university-of-cambford-20260407,group_chat,François Dubois,37.0
staff-office-the-university-of-cambford-20260407,group_chat,François Dubois,42.0
staff-office-the-university-of-cambford-20260407,group_chat,François Dubois,60.0
staff-office-the-university-of-cambford-20260407,group_chat,François Dubois,77.0
staff-office-the-university-of-cambford-20260407,group_chat,François Dubois,41.0
staff-office-the-university-of-cambford-20260407,group_chat,François Dubois,52.0
staff-office-the-university-of-cambford-20260407,group_chat,François Dubois,33.0
staff-office-the-university-of-cambford-20260407,group_chat,François Dubois,95.0
staff-office-the-university-of-cambford-20260407,group_chat,François Dubois,51.0
staff-office-the-university-of-cambford-20260407,group_chat,François Dubois,319.0
staff-office-the-university-of-cambford-20260407,group_chat,François Dubois,99385.0
staff-office-the-university-of-cambford-20260407,group_chat,François Dubois,75.0
staff-office-the-university-of-cambford-20260407,group_chat,François Dubois,364.0
staff-office-the-university-of-cambford-20260407,group_chat,François Dubois,71.0
staff-office-the-university-of-cambford-20260407,group_chat,François Dubois,1995.0
staff-office-the-university-of-cambford-20260407,group_chat,François Dubois,66642.0
staff-office-the-university-of-cambford-20260407,group_chat,François Dubois,138.0
staff-office-the-university-of-cambford-20260407,group_chat,François Dubois,70.0
staff-office-the-university-of-cambford-20260407,group_chat,François Dubois,100.0
staff-office-the-university-of-cambford-20260407,group_chat,François Dubois,70.0
staff-office-the-university-of-cambford-20260407,group_chat,François Dubois,60.0
staff-office-the-university-of-cambford-20260407,group_chat,François Dubois,16755.0
staff-office-the-university-of-cambford-20260407,group_chat,François Dubois,44.0
staff-office-the-university-of-cambford-20260407,group_chat,François Dubois,46.0
staff-office-the-university-of-cambford-20260407,group_chat,François Dubois,53.0
staff-office-the-university-of-cambford-20260407,group_chat,François Dubois,40.0
staff-office-the-university-of-cambford-20260407,group_chat,François Dubois,70.0
staff-office-the-university-of-cambford-20260407,group_chat,François Dubois,4.0
staff-office-the-university-of-cambford-20260407,group_chat,François Dubois,58.0
staff-office-the-university-of-cambford-20260407,group_chat,François Dubois,90.0
staff-office-the-university-of-cambford-20260407,group_chat,François Dubois,20.0
staff-office-the-university-of-cambford-20260407,group_chat,François Dubois,60.0
staff-office-the-university-of-cambford-20260407,group_chat,François Dubois,110.0
staff-office-the-university-of-cambford-20260407,group_chat,François Dubois,71588.0
staff-office-the-university-of-cambford-20260407,group_chat,François Dubois,134.0
staff-office-the-university-of-cambford-20260407,group_chat,François Dubois,123.0
staff-office-the-university-of-cambford-20260407,group_chat,François Dubois,75.0
staff-office-the-university-of-cambford-20260407,group_chat,François Dubois,110.0
staff-office-the-university-of-cambford-20260407,group_chat,François Dubois,13873.0
staff-office-the-university-of-cambford-20260407,group_chat,François Dubois,142.0
staff-office-the-university-of-cambford-20260407,group_chat,François Dubois,210.0
staff-office-the-university-of-cambford-20260407,group_chat,François Dubois,103.0
staff-office-the-university-of-cambford-20260407,group_chat,François Dubois,132.0
staff-office-the-university-of-cambford-20260407,group_chat,François Dubois,85.0
staff-office-the-university-of-cambford-20260407,group_chat,François Dubois,71217.0
staff-office-the-university-of-cambford-20260407,group_chat,François Dubois,86.0
staff-office-the-university-of-cambford-20260407,group_chat,François Dubois,62.0
staff-office-the-university-of-cambford-20260407,group_chat,François Dubois,12.0
staff-office-the-university-of-cambford-20260407,group_chat,François Dubois,88.0
staff-office-the-university-of-cambford-20260407,group_chat,François Dubois,40.0
staff-office-the-university-of-cambford-20260407,group_chat,François Dubois,25.0
staff-office-the-university-of-cambford-20260407,group_chat,François Dubois,165.0
staff-office-the-university-of-cambford-20260407,group_chat,François Dubois,180.0
staff-office-the-university-of-cambford-20260407,group_chat,François Dubois,150.0
staff-office-the-university-of-cambford-20260407,group_chat,François Dubois,180.0
staff-office-the-university-of-cambford-20260407,group_chat,François Dubois,90.0
staff-office-the-university-of-cambford-20260407,group_chat,François Dubois,105.0
staff-office-the-university-of-cambford-20260407,group_chat,François Dubois,105795.0
staff-office-the-university-of-cambford-20260407,group_chat,François Dubois,55.0
staff-office-the-university-of-cambford-20260407,group_chat,François Dubois,65.0
staff-office-the-university-of-cambford-20260407,group_chat,François Dubois,50.0
staff-office-the-university-of-cambford-20260407,group_chat,François Dubois,40.0
staff-office-the-university-of-cambford-20260407,group_chat,François Dubois,60.0
staff-office-the-university-of-cambford-20260407,group_chat,François Dubois,65543.0
staff-office-the-university-of-cambford-20260407,group_chat,François Dubois,42.0
staff-office-the-university-of-cambford-20260407,group_chat,François Dubois,16.0
staff-office-the-university-of-cambford-20260407,group_chat,François Dubois,8.0
staff-office-the-university-of-cambford-20260407,group_chat,François Dubois,43.0
staff-office-the-university-of-cambford-20260407,group_chat,François Dubois,38.0
staff-office-the-university-of-cambford-20260407,group_chat,François Dubois,11.0
staff-office-the-university-of-cambford-20260407,group_chat,François Dubois,64.0
staff-office-the-university-of-cambford-20260407,group_chat,François Dubois,3.0
staff-office-the-university-of-cambford-20260407,group_chat,François Dubois,40.0
staff-office-the-university-of-cambford-20260407,group_chat,François Dubois,87.0
staff-office-the-university-of-cambford-20260407,group_chat,François Dubois,86337.0
staff-office-the-university-of-cambford-20260407,group_chat,François Dubois,62.0
staff-office-the-university-of-cambford-20260407,group_chat,François Dubois,48.0
staff-office-the-university-of-cambford-20260407,group_chat,François Dubois,17.0
staff-office-the-university-of-cambford-20260407,group_chat,François Dubois,86.0
staff-office-the-university-of-cambford-20260407,group_chat,François Dubois,60.0
staff-office-the-university-of-cambford-20260407,group_chat,François Dubois,40.0
staff-office-the-university-of-cambford-20260407,group_chat,François Dubois,79665.0
staff-office-the-university-of-cambford-20260407,group_chat,François Dubois,240.0
staff-office-the-university-of-cambford-20260407,group_chat,François Dubois,290.0
staff-office-the-university-of-cambford-20260407,group_chat,François Dubois,160.0
staff-office-the-university-of-cambford-20260407,group_chat,François Dubois,2675.0
staff-office-the-university-of-cambford-20260407,group_chat,François Dubois,125.0
staff-office-the-university-of-cambford-20260407,group_chat,François Dubois,90.0
staff-office-the-university-of-cambford-20260407,group_chat,François Dubois,115.0
staff-office-the-university-of-cambford-20260407,group_chat,François Dubois,65.0
staff-office-the-university-of-cambford-20260407,group_chat,François Dubois,80.0
staff-office-the-university-of-cambford-20260407,group_chat,François Dubois,16695.0
staff-office-the-university-of-cambford-20260407,group_chat,François Dubois,45.0
staff-office-the-university-of-cambford-20260407,group_chat,François Dubois,75.0
staff-office-the-university-of-cambford-20260407,group_chat,François Dubois,65.0
staff-office-the-university-of-cambford-20260407,group_chat,François Dubois,55.0
staff-office-the-university-of-cambford-20260407,group_chat,François Dubois,68960.0
staff-office-the-university-of-cambford-20260407,group_chat,François Dubois,90.0
staff-office-the-university-of-cambford-20260407,group_chat,François Dubois,105.0
staff-office-the-university-of-cambford-20260407,group_chat,François Dubois,105.0
staff-office-the-university-of-cambford-20260407,group_chat,François Dubois,45.0
staff-office-the-university-of-cambford-20260407,group_chat,François Dubois,105.0
staff-office-the-university-of-cambford-20260407,group_chat,François Dubois,16675.0
staff-office-the-university-of-cambford-20260407,group_chat,François Dubois,100.0
staff-office-the-university-of-cambford-20260407,group_chat,François Dubois,90.0
staff-office-the-university-of-cambford-20260407,group_chat,François Dubois,130.0
staff-office-the-university-of-cambford-20260407,group_chat,François Dubois,45.0
staff-office-the-university-of-cambford-20260407,group_chat,François Dubois,105.0
staff-office-the-university-of-cambford-20260407,group_chat,François Dubois,68655.0
staff-office-the-university-of-cambford-20260407,group_chat,François Dubois,260.0
staff-office-the-university-of-cambford-20260407,group_chat,François Dubois,315.0
staff-office-the-university-of-cambford-20260407,group_chat,François Dubois,1225.0
staff-office-the-university-of-cambford-20260407,group_chat,François Dubois,810.0
staff-office-the-university-of-cambford-20260407,group_chat,François Dubois,14777.0
staff-office-the-university-of-cambford-20260407,group_chat,François Dubois,87.0
staff-office-the-university-of-cambford-20260407,group_chat,François Dubois,6.0
staff-office-the-university-of-cambford-20260407,group_chat,François Dubois,70.0
staff-office-the-university-of-cambford-20260407,group_chat,François Dubois,37.0
staff-office-the-university-of-cambford-20260407,group_chat,François Dubois,48.0
staff-office-the-university-of-cambford-20260407,group_chat,François Dubois,32.0
staff-office-the-university-of-cambford-20260407,group_chat,François Dubois,76.0
staff-office-the-university-of-cambford-20260407,group_chat,François Dubois,2.0
staff-office-the-university-of-cambford-20260407,group_chat,François Dubois,50.0
staff-office-the-university-of-cambford-20260407,group_chat,François Dubois,65170.0
staff-office-the-university-of-cambford-20260407,group_chat,François Dubois,165.0
staff-office-the-university-of-cambford-20260407,group_chat,François Dubois,150.0
staff-office-the-university-of-cambford-20260407,group_chat,François Dubois,135.0
staff-office-the-university-of-cambford-20260407,group_chat,François Dubois,105.0
staff-office-the-university-of-cambford-20260407,group_chat,François Dubois,75.0
staff-office-the-university-of-cambford-20260407,group_chat,François Dubois,120.0
staff-office-the-university-of-cambford-20260407,group_chat,François Dubois,120.0
staff-office-the-university-of-cambford-20260407,group_chat,François Dubois,75.0
staff-office-the-university-of-cambford-20260407,group_chat,François Dubois,5485.0
staff-office-the-university-of-cambford-20260407,group_chat,François Dubois,70.0
staff-office-the-university-of-cambford-20260407,group_chat,François Dubois,405.0
staff-office-the-university-of-cambford-20260407,group_chat,François Dubois,100.0
staff-office-the-university-of-cambford-20260407,group_chat,chi_nguyen,84.0
staff-office-the-university-of-cambford-20260407,group_chat,chi_nguyen,51.0
staff-office-the-university-of-cambford-20260407,group_chat,chi_nguyen,93.0
staff-office-the-university-of-cambford-20260407,group_chat,chi_nguyen,100.0
staff-office-the-university-of-cambford-20260407,group_chat,chi_nguyen,83.0
staff-office-the-university-of-cambford-20260407,group_chat,chi_nguyen,82984.0
staff-office-the-university-of-cambford-20260407,group_chat,chi_nguyen,86.0
staff-office-the-university-of-cambford-20260407,group_chat,chi_nguyen,88.0
staff-office-the-university-of-cambford-20260407,group_chat,chi_nguyen,81.0
staff-office-the-university-of-cambford-20260407,group_chat,chi_nguyen,72.0
staff-office-the-university-of-cambford-20260407,group_chat,chi_nguyen,47.0
staff-office-the-university-of-cambford-20260407,group_chat,chi_nguyen,44.0
staff-office-the-university-of-cambford-20260407,group_chat,chi_nguyen,58.0
staff-office-the-university-of-cambford-20260407,group_chat,chi_nguyen,72.0
staff-office-the-university-of-cambford-20260407,group_chat,chi_nguyen,67.0
staff-office-the-university-of-cambford-20260407,group_chat,chi_nguyen,86003.0
staff-office-the-university-of-cambford-20260407,group_chat,chi_nguyen,77.0
staff-office-the-university-of-cambford-20260407,group_chat,chi_nguyen,48.0
staff-office-the-university-of-cambford-20260407,group_chat,chi_nguyen,82.0
staff-office-the-university-of-cambford-20260407,group_chat,chi_nguyen,113.0
staff-office-the-university-of-cambford-20260407,group_chat,chi_nguyen,75.0
staff-office-the-university-of-cambford-20260407,group_chat,chi_nguyen,89500.0
staff-office-the-university-of-cambford-20260407,group_chat,chi_nguyen,125.0
staff-office-the-university-of-cambford-20260407,group_chat,chi_nguyen,115.0
staff-office-the-university-of-cambford-20260407,group_chat,chi_nguyen,145.0
staff-office-the-university-of-cambford-20260407,group_chat,chi_nguyen,105.0
staff-office-the-university-of-cambford-20260407,group_chat,chi_nguyen,85022.0
staff-office-the-university-of-cambford-20260407,group_chat,chi_nguyen,178.0
staff-office-the-university-of-cambford-20260407,group_chat,chi_nguyen,12.0
staff-office-the-university-of-cambford-20260407,group_chat,chi_nguyen,83.0
staff-office-the-university-of-cambford-20260407,group_chat,chi_nguyen,30.0
staff-office-the-university-of-cambford-20260407,group_chat,chi_nguyen,19.0
staff-office-the-university-of-cambford-20260407,group_chat,chi_nguyen,91.0
staff-office-the-university-of-cambford-20260407,group_chat,chi_nguyen,27.0
staff-office-the-university-of-cambford-20260407,group_chat,chi_nguyen,98.0
staff-office-the-university-of-cambford-20260407,group_chat,chi_nguyen,362.0
staff-office-the-university-of-cambford-20260407,group_chat,chi_nguyen,215.0
staff-office-the-university-of-cambford-20260407,group_chat,chi_nguyen,105.0
staff-office-the-university-of-cambford-20260407,group_chat,chi_nguyen,171700.0
staff-office-the-university-of-cambford-20260407,group_chat,chi_nguyen,177.0
staff-office-the-university-of-cambford-20260407,group_chat,chi_nguyen,126.0
staff-office-the-university-of-cambford-20260407,group_chat,chi_nguyen,107.0
staff-office-the-university-of-cambford-20260407,group_chat,chi_nguyen,163.0
staff-office-the-university-of-cambford-20260407,group_chat,chi_nguyen,83.0
staff-office-the-university-of-cambford-20260407,group_chat,chi_nguyen,202.0
staff-office-the-university-of-cambford-20260407,group_chat,chi_nguyen,110.0
staff-office-the-university-of-cambford-20260407,group_chat,chi_nguyen,81840.0
staff-office-the-university-of-cambford-20260407,group_chat,chi_nguyen,190.0
staff-office-the-university-of-cambford-20260407,group_chat,chi_nguyen,90.0
staff-office-the-university-of-cambford-20260407,group_chat,chi_nguyen,240.0
staff-office-the-university-of-cambford-20260407,group_chat,chi_nguyen,155.0
staff-office-the-university-of-cambford-20260407,group_chat,chi_nguyen,168.0
staff-office-the-university-of-cambford-20260407,group_chat,chi_nguyen,187.0
staff-office-the-university-of-cambford-20260407,group_chat,chi_nguyen,75.0
staff-office-the-university-of-cambford-20260407,group_chat,chi_nguyen,105.0
staff-office-the-university-of-cambford-20260407,group_chat,chi_nguyen,158.0
staff-office-the-university-of-cambford-20260407,group_chat,chi_nguyen,112.0
staff-office-the-university-of-cambford-20260407,group_chat,chi_nguyen,102800.0
staff-office-the-university-of-cambford-20260407,group_chat,chi_nguyen,45.0
staff-office-the-university-of-cambford-20260407,group_chat,chi_nguyen,50.0
staff-office-the-university-of-cambford-20260407,group_chat,chi_nguyen,50.0
staff-office-the-university-of-cambford-20260407,group_chat,chi_nguyen,40.0
staff-office-the-university-of-cambford-20260407,group_chat,chi_nguyen,55.0
staff-office-the-university-of-cambford-20260407,group_chat,chi_nguyen,30.0
staff-office-the-university-of-cambford-20260407,group_chat,chi_nguyen,158352.0
staff-office-the-university-of-cambford-20260407,group_chat,chi_nguyen,183.0
staff-office-the-university-of-cambford-20260407,group_chat,chi_nguyen,110.0
staff-office-the-university-of-cambford-20260407,group_chat,chi_nguyen,32.0
staff-office-the-university-of-cambford-20260407,group_chat,chi_nguyen,154.0
staff-office-the-university-of-cambford-20260407,group_chat,chi_nguyen,118.0
staff-office-the-university-of-cambford-20260407,group_chat,chi_nguyen,124.0
staff-office-the-university-of-cambford-20260407,group_chat,chi_nguyen,186399.0
staff-office-the-university-of-cambford-20260407,group_chat,chi_nguyen,68.0
staff-office-the-university-of-cambford-20260407,group_chat,chi_nguyen,35.0
staff-office-the-university-of-cambford-20260407,group_chat,chi_nguyen,50.0
staff-office-the-university-of-cambford-20260407,group_chat,chi_nguyen,305.0
staff-office-the-university-of-cambford-20260407,group_chat,chi_nguyen,45.0
staff-office-the-university-of-cambford-20260407,group_chat,chi_nguyen,71537.0
staff-office-the-university-of-cambford-20260407,group_chat,chi_nguyen,168.0
staff-office-the-university-of-cambford-20260407,group_chat,chi_nguyen,95.0
staff-office-the-university-of-cambford-20260407,group_chat,chi_nguyen,45.0
staff-office-the-university-of-cambford-20260407,group_chat,yasmin_abdul,53.0
staff-office-the-university-of-cambford-20260407,group_chat,yasmin_abdul,104.0
staff-office-the-university-of-cambford-20260407,group_chat,yasmin_abdul,63.0
staff-office-the-university-of-cambford-20260407,group_chat,yasmin_abdul,55.0
staff-office-the-university-of-cambford-20260407,group_chat,yasmin_abdul,58.0
staff-office-the-university-of-cambford-20260407,group_chat,yasmin_abdul,79.0
staff-office-the-university-of-cambford-20260407,group_chat,yasmin_abdul,511552.0
staff-office-the-university-of-cambford-20260407,group_chat,yasmin_abdul,190.0
staff-office-the-university-of-cambford-20260407,group_chat,yasmin_abdul,63.0
staff-office-the-university-of-cambford-20260407,group_chat,yasmin_abdul,120.0
staff-office-the-university-of-cambford-20260407,group_chat,yasmin_abdul,35.0
staff-office-the-university-of-cambford-20260407,group_chat,yasmin_abdul,150.0
staff-office-the-university-of-cambford-20260407,group_chat,yasmin_abdul,150.0
staff-office-the-university-of-cambford-20260407,group_chat,yasmin_abdul,90.0
staff-office-the-university-of-cambford-20260407,group_chat,yasmin_abdul,179082.0
staff-office-the-university-of-cambford-20260407,group_chat,yasmin_abdul,99.0
staff-office-the-university-of-cambford-20260407,group_chat,yasmin_abdul,79.0
staff-office-the-university-of-cambford-20260407,group_chat,yasmin_abdul,52.0
staff-office-the-university-of-cambford-20260407,group_chat,yasmin_abdul,36.0
staff-office-the-university-of-cambford-20260407,group_chat,yasmin_abdul,42.0
staff-office-the-university-of-cambford-20260407,group_chat,yasmin_abdul,41.0
staff-office-the-university-of-cambford-20260407,group_chat,yasmin_abdul,1811.0
staff-office-the-university-of-cambford-20260407,group_chat,yasmin_abdul,169.0
staff-office-the-university-of-cambford-20260407,group_chat,yasmin_abdul,83354.0
staff-office-the-university-of-cambford-20260407,group_chat,yasmin_abdul,147.0
staff-office-the-university-of-cambford-20260407,group_chat,yasmin_abdul,93.0
staff-office-the-university-of-cambford-20260407,group_chat,yasmin_abdul,178.0
staff-office-the-university-of-cambford-20260407,group_chat,yasmin_abdul,179.0
staff-office-the-university-of-cambford-20260407,group_chat,yasmin_abdul,150.0
staff-office-the-university-of-cambford-20260407,group_chat,yasmin_abdul,188.0
staff-office-the-university-of-cambford-20260407,group_chat,yasmin_abdul,155.0
staff-office-the-university-of-cambford-20260407,group_chat,yasmin_abdul,160.0
staff-office-the-university-of-cambford-20260407,group_chat,yasmin_abdul,100.0
staff-office-the-university-of-cambford-20260407,group_chat,yasmin_abdul,55.0
staff-office-the-university-of-cambford-20260407,group_chat,yasmin_abdul,110.0
staff-office-the-university-of-cambford-20260407,group_chat,yasmin_abdul,125.0
staff-office-the-university-of-cambford-20260407,group_chat,yasmin_abdul,257675.0
staff-office-the-university-of-cambford-20260407,group_chat,yasmin_abdul,32.0
staff-office-the-university-of-cambford-20260407,group_chat,yasmin_abdul,78.0
staff-office-the-university-of-cambford-20260407,group_chat,yasmin_abdul,72.0
staff-office-the-university-of-cambford-20260407,group_chat,yasmin_abdul,123.0
staff-office-the-university-of-cambford-20260407,group_chat,yasmin_abdul,235.0
staff-office-the-university-of-cambford-20260407,group_chat,yasmin_abdul,112.0
staff-office-the-university-of-cambford-20260407,group_chat,yasmin_abdul,70.0
staff-office-the-university-of-cambford-20260407,group_chat,yasmin_abdul,928.0
staff-office-the-university-of-cambford-20260407,group_chat,yasmin_abdul,140.0
staff-office-the-university-of-cambford-20260407,group_chat,yasmin_abdul,81030.0
staff-office-the-university-of-cambford-20260407,group_chat,yasmin_abdul,125.0
staff-office-the-university-of-cambford-20260407,group_chat,yasmin_abdul,65.0
staff-office-the-university-of-cambford-20260407,group_chat,yasmin_abdul,85.0
staff-office-the-university-of-cambford-20260407,group_chat,yasmin_abdul,145.0
staff-office-the-university-of-cambford-20260407,group_chat,francois_dubois,85.0
staff-office-the-university-of-cambford-20260407,group_chat,francois_dubois,72.0
staff-office-the-university-of-cambford-20260407,group_chat,francois_dubois,50.0
staff-office-the-university-of-cambford-20260407,group_chat,francois_dubois,71.0
staff-office-the-university-of-cambford-20260407,group_chat,francois_dubois,47.0
staff-office-the-university-of-cambford-20260407,group_chat,francois_dubois,85.0
staff-office-the-university-of-cambford-20260407,group_chat,francois_dubois,168700.0
staff-office-the-university-of-cambford-20260407,group_chat,francois_dubois,75.0
staff-office-the-university-of-cambford-20260407,group_chat,francois_dubois,70.0
staff-office-the-university-of-cambford-20260407,group_chat,francois_dubois,50.0
staff-office-the-university-of-cambford-20260407,group_chat,francois_dubois,45.0
staff-office-the-university-of-cambford-20260407,group_chat,francois_dubois,165.0
staff-office-the-university-of-cambford-20260407,group_chat,francois_dubois,55.0
staff-office-the-university-of-cambford-20260407,group_chat,francois_dubois,89597.0
staff-office-the-university-of-cambford-20260407,group_chat,francois_dubois,137.0
staff-office-the-university-of-cambford-20260407,group_chat,francois_dubois,86.0
staff-office-the-university-of-cambford-20260407,group_chat,francois_dubois,90.0
staff-office-the-university-of-cambford-20260407,group_chat,francois_dubois,485.0
staff-office-the-university-of-cambford-20260407,group_chat,francois_dubois,115.0
staff-office-the-university-of-cambford-20260407,group_chat,francois_dubois,155.0
staff-office-the-university-of-cambford-20260407,group_chat,francois_dubois,105.0
staff-office-the-university-of-cambford-20260407,group_chat,francois_dubois,171687.0
staff-office-the-university-of-cambford-20260407,group_chat,francois_dubois,140.0
staff-office-the-university-of-cambford-20260407,group_chat,francois_dubois,90.0
staff-office-the-university-of-cambford-20260407,group_chat,francois_dubois,178.0
staff-office-the-university-of-cambford-20260407,group_chat,francois_dubois,130.0
staff-office-the-university-of-cambford-20260407,group_chat,francois_dubois,221.0
staff-office-the-university-of-cambford-20260407,group_chat,francois_dubois,279.0
staff-office-the-university-of-cambford-20260407,group_chat,francois_dubois,105.0
staff-office-the-university-of-cambford-20260407,group_chat,francois_dubois,13140.0
staff-office-the-university-of-cambford-20260407,group_chat,francois_dubois,150.0
staff-office-the-university-of-cambford-20260407,group_chat,francois_dubois,123.0
staff-office-the-university-of-cambford-20260407,group_chat,francois_dubois,74.0
staff-office-the-university-of-cambford-20260407,group_chat,francois_dubois,71743.0
staff-office-the-university-of-cambford-20260407,group_chat,francois_dubois,136.0
staff-office-the-university-of-cambford-20260407,group_chat,francois_dubois,269.0
staff-office-the-university-of-cambford-20260407,group_chat,francois_dubois,187.0
staff-office-the-university-of-cambford-20260407,group_chat,francois_dubois,205.0
staff-office-the-university-of-cambford-20260407,group_chat,francois_dubois,115.0
staff-office-the-university-of-cambford-20260407,group_chat,francois_dubois,82563.0
staff-office-the-university-of-cambford-20260407,group_chat,francois_dubois,105.0
staff-office-the-university-of-cambford-20260407,group_chat,francois_dubois,90.0
staff-office-the-university-of-cambford-20260407,group_chat,francois_dubois,105.0
staff-office-the-university-of-cambford-20260407,group_chat,francois_dubois,90.0
staff-office-the-university-of-cambford-20260407,group_chat,francois_dubois,135.0
staff-office-the-university-of-cambford-20260407,group_chat,francois_dubois,2340.0
staff-office-the-university-of-cambford-20260407,group_chat,francois_dubois,75.0
staff-office-the-university-of-cambford-20260407,group_chat,francois_dubois,72.0
staff-office-the-university-of-cambford-20260407,group_chat,francois_dubois,78.0
staff-office-the-university-of-cambford-20260407,group_chat,francois_dubois,17815.0
staff-office-the-university-of-cambford-20260407,group_chat,francois_dubois,47.0
staff-office-the-university-of-cambford-20260407,group_chat,francois_dubois,133.0
staff-office-the-university-of-cambford-20260407,group_chat,francois_dubois,65.0
staff-office-the-university-of-cambford-20260407,group_chat,francois_dubois,75.0
staff-office-the-university-of-cambford-20260407,group_chat,francois_dubois,65.0
staff-office-the-university-of-cambford-20260407,group_chat,francois_dubois,150910.0
staff-office-the-university-of-cambford-20260407,group_chat,francois_dubois,330.0
staff-office-the-university-of-cambford-20260407,group_chat,francois_dubois,175.0
staff-office-the-university-of-cambford-20260407,group_chat,francois_dubois,215.0
staff-office-the-university-of-cambford-20260407,group_chat,francois_dubois,120.0
staff-office-the-university-of-cambford-20260407,group_chat,francois_dubois,3360.0
staff-office-the-university-of-cambford-20260407,group_chat,francois_dubois,195.0
staff-office-the-university-of-cambford-20260407,group_chat,francois_dubois,55.0
staff-office-the-university-of-cambford-20260407,group_chat,francois_dubois,110.0
staff-office-the-university-of-cambford-20260407,group_chat,francois_dubois,70.0
staff-office-the-university-of-cambford-20260407,group_chat,francois_dubois,90.0
staff-office-the-university-of-cambford-20260407,group_chat,francois_dubois,190.0
staff-office-the-university-of-cambford-20260407,group_chat,francois_dubois,115.0
staff-office-the-university-of-cambford-20260407,group_chat,francois_dubois,81795.0
staff-office-the-university-of-cambford-20260407,group_chat,francois_dubois,72.0
staff-office-the-university-of-cambford-20260407,group_chat,francois_dubois,78.0
staff-office-the-university-of-cambford-20260407,group_chat,francois_dubois,48.0
staff-office-the-university-of-cambford-20260407,group_chat,francois_dubois,77.0
staff-office-the-university-of-cambford-20260407,group_chat,francois_dubois,1775.0
staff-office-the-university-of-cambford-20260407,group_chat,francois_dubois,50.0
staff-office-the-university-of-cambford-20260407,group_chat,francois_dubois,15330.0
staff-office-the-university-of-cambford-20260407,group_chat,francois_dubois,50.0
staff-office-the-university-of-cambford-20260407,group_chat,francois_dubois,70.0
staff-office-the-university-of-cambford-20260407,group_chat,francois_dubois,55.0
staff-office-the-university-of-cambford-20260407,group_chat,francois_dubois,320.0
staff-office-the-university-of-cambford-20260407,group_chat,francois_dubois,45.0
staff-office-the-university-of-cambford-20260407,group_chat,francois_dubois,71445.0
staff-office-the-university-of-cambford-20260407,group_chat,francois_dubois,208.0
staff-office-the-university-of-cambford-20260407,group_chat,francois_dubois,275.0
staff-office-the-university-of-cambford-20260407,group_chat,francois_dubois,67.0
staff-office-the-university-of-cambford-20260407,group_chat,francois_dubois,280.0
staff-office-the-university-of-cambford-20260407,group_chat,francois_dubois,180.0
staff-office-the-university-of-cambford-20260407,group_chat,francois_dubois,85460.0
staff-office-the-university-of-cambford-20260407,group_chat,francois_dubois,105.0
staff-office-the-university-of-cambford-20260407,group_chat,francois_dubois,65.0
staff-office-the-university-of-cambford-20260407,group_chat,francois_dubois,125.0
staff-office-the-university-of-cambford-20260407,group_chat,francois_dubois,78.0
staff-office-the-university-of-cambford-20260407,group_chat,francois_dubois,187.0
staff-office-the-university-of-cambford-20260407,group_chat,francois_dubois,105.0
staff-office-the-university-of-cambford-20260407,group_chat,francois_dubois,85.0
staff-office-the-university-of-cambford-20260407,group_chat,francois_dubois,90.0
staff-office-the-university-of-cambford-20260407,group_chat,francois_dubois,950.0
staff-office-the-university-of-cambford-20260407,group_chat,francois_dubois,120.0
staff-office-the-university-of-cambford-20260407,group_chat,francois_dubois,80997.0
staff-office-the-university-of-cambford-20260407,group_chat,francois_dubois,120.0
staff-office-the-university-of-cambford-20260407,group_chat,francois_dubois,88.0
staff-office-the-university-of-cambford-20260407,group_chat,francois_dubois,120.0
staff-office-the-university-of-cambford-20260407,group_chat,Joy Okonkwo,240.0
staff-office-the-university-of-cambford-20260407,group_chat,Joy Okonkwo,270.0
staff-office-the-university-of-cambford-20260407,group_chat,Joy Okonkwo,160.0
staff-office-the-university-of-cambford-20260407,group_chat,Joy Okonkwo,160.0
staff-office-the-university-of-cambford-20260407,group_chat,Joy Okonkwo,22.0
staff-office-the-university-of-cambford-20260407,group_chat,Joy Okonkwo,156.0
staff-office-the-university-of-cambford-20260407,group_chat,Joy Okonkwo,107.0
staff-office-the-university-of-cambford-20260407,group_chat,Joy Okonkwo,145.0
staff-office-the-university-of-cambford-20260407,group_chat,Joy Okonkwo,240.0
staff-office-the-university-of-cambford-20260407,group_chat,Joy Okonkwo,300.0
staff-office-the-university-of-cambford-20260407,group_chat,Joy Okonkwo,210.0
staff-office-the-university-of-cambford-20260407,group_chat,Joy Okonkwo,80.0
staff-office-the-university-of-cambford-20260407,group_chat,Joy Okonkwo,75.0
staff-office-the-university-of-cambford-20260407,group_chat,Joy Okonkwo,160.0
staff-office-the-university-of-cambford-20260407,group_chat,Joy Okonkwo,76.0
staff-office-the-university-of-cambford-20260407,group_chat,Joy Okonkwo,84087.0
staff-office-the-university-of-cambford-20260407,group_chat,Joy Okonkwo,94.0
staff-office-the-university-of-cambford-20260407,group_chat,Joy Okonkwo,73.0
staff-office-the-university-of-cambford-20260407,group_chat,Joy Okonkwo,63.0
staff-office-the-university-of-cambford-20260407,group_chat,Joy Okonkwo,77.0
staff-office-the-university-of-cambford-20260407,group_chat,Joy Okonkwo,277.0
staff-office-the-university-of-cambford-20260407,group_chat,Joy Okonkwo,143.0
staff-office-the-university-of-cambford-20260407,group_chat,Joy Okonkwo,135.0
staff-office-the-university-of-cambford-20260407,group_chat,Joy Okonkwo,115.0
staff-office-the-university-of-cambford-20260407,group_chat,Joy Okonkwo,105.0
staff-office-the-university-of-cambford-20260407,group_chat,Joy Okonkwo,225.0
staff-office-the-university-of-cambford-20260407,group_chat,Joy Okonkwo,2839.0
staff-office-the-university-of-cambford-20260407,group_chat,Joy Okonkwo,96.0
staff-office-the-university-of-cambford-20260407,group_chat,Joy Okonkwo,155.0
staff-office-the-university-of-cambford-20260407,group_chat,Joy Okonkwo,53.0
staff-office-the-university-of-cambford-20260407,group_chat,Joy Okonkwo,187.0
staff-office-the-university-of-cambford-20260407,group_chat,Joy Okonkwo,45.0
staff-office-the-university-of-cambford-20260407,group_chat,Joy Okonkwo,315.0
staff-office-the-university-of-cambford-20260407,group_chat,Joy Okonkwo,99346.0
staff-office-the-university-of-cambford-20260407,group_chat,Joy Okonkwo,101.0
staff-office-the-university-of-cambford-20260407,group_chat,Joy Okonkwo,78.0
staff-office-the-university-of-cambford-20260407,group_chat,Joy Okonkwo,350.0
staff-office-the-university-of-cambford-20260407,group_chat,Joy Okonkwo,110.0
staff-office-the-university-of-cambford-20260407,group_chat,Joy Okonkwo,1995.0
staff-office-the-university-of-cambford-20260407,group_chat,Joy Okonkwo,329387.0
staff-office-the-university-of-cambford-20260407,group_chat,Joy Okonkwo,83.0
staff-office-the-university-of-cambford-20260407,group_chat,Joy Okonkwo,51.0
staff-office-the-university-of-cambford-20260407,group_chat,Joy Okonkwo,139.0
staff-office-the-university-of-cambford-20260407,group_chat,Joy Okonkwo,75.0
staff-office-the-university-of-cambford-20260407,group_chat,Joy Okonkwo,70.0
staff-office-the-university-of-cambford-20260407,group_chat,Joy Okonkwo,55.0
staff-office-the-university-of-cambford-20260407,group_chat,Joy Okonkwo,55.0
staff-office-the-university-of-cambford-20260407,group_chat,Joy Okonkwo,13035.0
staff-office-the-university-of-cambford-20260407,group_chat,Joy Okonkwo,50.0
staff-office-the-university-of-cambford-20260407,group_chat,Joy Okonkwo,115.0
staff-office-the-university-of-cambford-20260407,group_chat,Joy Okonkwo,105.0
staff-office-the-university-of-cambford-20260407,group_chat,Joy Okonkwo,105.0
staff-office-the-university-of-cambford-20260407,group_chat,Joy Okonkwo,71625.0
staff-office-the-university-of-cambford-20260407,group_chat,Joy Okonkwo,15.0
staff-office-the-university-of-cambford-20260407,group_chat,Joy Okonkwo,75.0
staff-office-the-university-of-cambford-20260407,group_chat,Joy Okonkwo,65.0
staff-office-the-university-of-cambford-20260407,group_chat,Joy Okonkwo,50.0
staff-office-the-university-of-cambford-20260407,group_chat,Joy Okonkwo,35.0
staff-office-the-university-of-cambford-20260407,group_chat,Joy Okonkwo,256125.0
staff-office-the-university-of-cambford-20260407,group_chat,Joy Okonkwo,70.0
staff-office-the-university-of-cambford-20260407,group_chat,Joy Okonkwo,80.0
staff-office-the-university-of-cambford-20260407,group_chat,Joy Okonkwo,120.0
staff-office-the-university-of-cambford-20260407,group_chat,Joy Okonkwo,100.0
staff-office-the-university-of-cambford-20260407,group_chat,Joy Okonkwo,110.0
staff-office-the-university-of-cambford-20260407,group_chat,Joy Okonkwo,85740.0
staff-office-the-university-of-cambford-20260407,group_chat,Joy Okonkwo,80.0
staff-office-the-university-of-cambford-20260407,group_chat,Joy Okonkwo,82.0
staff-office-the-university-of-cambford-20260407,group_chat,Joy Okonkwo,3.0
staff-office-the-university-of-cambford-20260407,group_chat,Joy Okonkwo,95.0
staff-office-the-university-of-cambford-20260407,group_chat,Joy Okonkwo,50.0
staff-office-the-university-of-cambford-20260407,group_chat,Joy Okonkwo,15.0
staff-office-the-university-of-cambford-20260407,group_chat,Joy Okonkwo,75.0
staff-office-the-university-of-cambford-20260407,group_chat,Joy Okonkwo,65.0
staff-office-the-university-of-cambford-20260407,group_chat,Joy Okonkwo,50.0
staff-office-the-university-of-cambford-20260407,group_chat,Joy Okonkwo,645.0
staff-office-the-university-of-cambford-20260407,group_chat,Joy Okonkwo,1490.0
staff-office-the-university-of-cambford-20260407,group_chat,Joy Okonkwo,14765.0
staff-office-the-university-of-cambford-20260407,group_chat,Joy Okonkwo,70.0
staff-office-the-university-of-cambford-20260407,group_chat,Joy Okonkwo,107.0
staff-office-the-university-of-cambford-20260407,group_chat,Joy Okonkwo,68.0
staff-office-the-university-of-cambford-20260407,group_chat,Joy Okonkwo,75.0
staff-office-the-university-of-cambford-20260407,group_chat,Joy Okonkwo,50.0
staff-office-the-university-of-cambford-20260407,group_chat,Joy Okonkwo,70.0
staff-office-the-university-of-cambford-20260407,group_chat,Joy Okonkwo,65125.0
staff-office-the-university-of-cambford-20260407,group_chat,Joy Okonkwo,195.0
staff-office-the-university-of-cambford-20260407,group_chat,Joy Okonkwo,115.0
staff-office-the-university-of-cambford-20260407,group_chat,Joy Okonkwo,110.0
staff-office-the-university-of-cambford-20260407,group_chat,Joy Okonkwo,135.0
staff-office-the-university-of-cambford-20260407,group_chat,Joy Okonkwo,240.0
staff-office-the-university-of-cambford-20260407,group_chat,Joy Okonkwo,75.0
staff-office-the-university-of-cambford-20260407,group_chat,Joy Okonkwo,45.0
staff-office-the-university-of-cambford-20260407,group_chat,Joy Okonkwo,150.0
staff-office-the-university-of-cambford-20260407,group_chat,Joy Okonkwo,2555.0
staff-office-the-university-of-cambford-20260407,group_chat,Joy Okonkwo,145.0
staff-office-the-university-of-cambford-20260407,group_chat,Joy Okonkwo,140.0
staff-office-the-university-of-cambford-20260407,group_chat,Joy Okonkwo,215.0
staff-office-the-university-of-cambford-20260407,group_chat,Joy Okonkwo,100.0
staff-office-the-university-of-cambford-20260407,group_chat,Joy Okonkwo,115.0
staff-office-the-university-of-cambford-20260407,group_chat,Joy Okonkwo,85.0
staff-office-the-university-of-cambford-20260407,group_chat,Joy Okonkwo,16470.0
staff-office-the-university-of-cambford-20260407,group_chat,Joy Okonkwo,75.0
staff-office-the-university-of-cambford-20260407,group_chat,Joy Okonkwo,45.0
staff-office-the-university-of-cambford-20260407,group_chat,Joy Okonkwo,50.0
staff-office-the-university-of-cambford-20260407,group_chat,Joy Okonkwo,75.0
staff-office-the-university-of-cambford-20260407,group_chat,Joy Okonkwo,30.0
staff-office-the-university-of-cambford-20260407,group_chat,Aisha Kabir,232.0
staff-office-the-university-of-cambford-20260407,group_chat,Aisha Kabir,243.0
staff-office-the-university-of-cambford-20260407,group_chat,Aisha Kabir,245.0
staff-office-the-university-of-cambford-20260407,group_chat,Aisha Kabir,164.0
staff-office-the-university-of-cambford-20260407,group_chat,Aisha Kabir,138.0
staff-office-the-university-of-cambford-20260407,group_chat,Aisha Kabir,148.0
staff-office-the-university-of-cambford-20260407,group_chat,Aisha Kabir,190.0
staff-office-the-university-of-cambford-20260407,group_chat,Aisha Kabir,492.0
staff-office-the-university-of-cambford-20260407,group_chat,Aisha Kabir,172.0
staff-office-the-university-of-cambford-20260407,group_chat,Aisha Kabir,186.0
staff-office-the-university-of-cambford-20260407,group_chat,Aisha Kabir,130.0
staff-office-the-university-of-cambford-20260407,group_chat,Aisha Kabir,112.0
staff-office-the-university-of-cambford-20260407,group_chat,Aisha Kabir,84030.0
staff-office-the-university-of-cambford-20260407,group_chat,Aisha Kabir,97.0
staff-office-the-university-of-cambford-20260407,group_chat,Aisha Kabir,73.0
staff-office-the-university-of-cambford-20260407,group_chat,Aisha Kabir,453.0
staff-office-the-university-of-cambford-20260407,group_chat,Aisha Kabir,135.0
staff-office-the-university-of-cambford-20260407,group_chat,Aisha Kabir,180.0
staff-office-the-university-of-cambford-20260407,group_chat,Aisha Kabir,230.0
staff-office-the-university-of-cambford-20260407,group_chat,Aisha Kabir,140.0
staff-office-the-university-of-cambford-20260407,group_chat,Aisha Kabir,2852.0
staff-office-the-university-of-cambford-20260407,group_chat,Aisha Kabir,80.0
staff-office-the-university-of-cambford-20260407,group_chat,Aisha Kabir,83.0
staff-office-the-university-of-cambford-20260407,group_chat,Aisha Kabir,78.0
staff-office-the-university-of-cambford-20260407,group_chat,Aisha Kabir,249.0
staff-office-the-university-of-cambford-20260407,group_chat,Aisha Kabir,349.0
staff-office-the-university-of-cambford-20260407,group_chat,Aisha Kabir,99369.0
staff-office-the-university-of-cambford-20260407,group_chat,Aisha Kabir,80.0
staff-office-the-university-of-cambford-20260407,group_chat,Aisha Kabir,44.0
staff-office-the-university-of-cambford-20260407,group_chat,Aisha Kabir,66.0
staff-office-the-university-of-cambford-20260407,group_chat,Aisha Kabir,241.0
staff-office-the-university-of-cambford-20260407,group_chat,Aisha Kabir,39.0
staff-office-the-university-of-cambford-20260407,group_chat,Aisha Kabir,45.0
staff-office-the-university-of-cambford-20260407,group_chat,Aisha Kabir,60.0
staff-office-the-university-of-cambford-20260407,group_chat,Aisha Kabir,200.0
staff-office-the-university-of-cambford-20260407,group_chat,Aisha Kabir,1795.0
staff-office-the-university-of-cambford-20260407,group_chat,Aisha Kabir,65805.0
staff-office-the-university-of-cambford-20260407,group_chat,Aisha Kabir,80.0
staff-office-the-university-of-cambford-20260407,group_chat,Aisha Kabir,33.0
staff-office-the-university-of-cambford-20260407,group_chat,Aisha Kabir,84.0
staff-office-the-university-of-cambford-20260407,group_chat,Aisha Kabir,46.0
staff-office-the-university-of-cambford-20260407,group_chat,Aisha Kabir,492.0
staff-office-the-university-of-cambford-20260407,group_chat,Aisha Kabir,105.0
staff-office-the-university-of-cambford-20260407,group_chat,Aisha Kabir,80.0
staff-office-the-university-of-cambford-20260407,group_chat,Aisha Kabir,50.0
staff-office-the-university-of-cambford-20260407,group_chat,Aisha Kabir,60.0
staff-office-the-university-of-cambford-20260407,group_chat,Aisha Kabir,55.0
staff-office-the-university-of-cambford-20260407,group_chat,Aisha Kabir,60.0
staff-office-the-university-of-cambford-20260407,group_chat,Aisha Kabir,60.0
staff-office-the-university-of-cambford-20260407,group_chat,Aisha Kabir,55.0
staff-office-the-university-of-cambford-20260407,group_chat,Aisha Kabir,103165.0
staff-office-the-university-of-cambford-20260407,group_chat,Aisha Kabir,122.0
staff-office-the-university-of-cambford-20260407,group_chat,Aisha Kabir,138.0
staff-office-the-university-of-cambford-20260407,group_chat,Aisha Kabir,80.0
staff-office-the-university-of-cambford-20260407,group_chat,Aisha Kabir,120.0
staff-office-the-university-of-cambford-20260407,group_chat,Aisha Kabir,100.0
staff-office-the-university-of-cambford-20260407,group_chat,Aisha Kabir,150.0
staff-office-the-university-of-cambford-20260407,group_chat,Aisha Kabir,105.0
staff-office-the-university-of-cambford-20260407,group_chat,Aisha Kabir,71130.0
staff-office-the-university-of-cambford-20260407,group_chat,Aisha Kabir,55.0
staff-office-the-university-of-cambford-20260407,group_chat,Aisha Kabir,65.0
staff-office-the-university-of-cambford-20260407,group_chat,Aisha Kabir,30.0
staff-office-the-university-of-cambford-20260407,group_chat,Aisha Kabir,80.0
staff-office-the-university-of-cambford-20260407,group_chat,Aisha Kabir,57.0
staff-office-the-university-of-cambford-20260407,group_chat,Aisha Kabir,8.0
staff-office-the-university-of-cambford-20260407,group_chat,Aisha Kabir,120.0
staff-office-the-university-of-cambford-20260407,group_chat,Aisha Kabir,215.0
staff-office-the-university-of-cambford-20260407,group_chat,Aisha Kabir,165.0
staff-office-the-university-of-cambford-20260407,group_chat,Aisha Kabir,180.0
staff-office-the-university-of-cambford-20260407,group_chat,Aisha Kabir,195.0
staff-office-the-university-of-cambford-20260407,group_chat,Aisha Kabir,99795.0
staff-office-the-university-of-cambford-20260407,group_chat,Aisha Kabir,200.0
staff-office-the-university-of-cambford-20260407,group_chat,Aisha Kabir,70.0
staff-office-the-university-of-cambford-20260407,group_chat,Aisha Kabir,95.0
staff-office-the-university-of-cambford-20260407,group_chat,Aisha Kabir,5705.0
staff-office-the-university-of-cambford-20260407,group_chat,Aisha Kabir,65.0
staff-office-the-university-of-cambford-20260407,group_chat,Aisha Kabir,45.0
staff-office-the-university-of-cambford-20260407,group_chat,Aisha Kabir,80.0
staff-office-the-university-of-cambford-20260407,group_chat,Aisha Kabir,65.0
staff-office-the-university-of-cambford-20260407,group_chat,Aisha Kabir,65514.0
staff-office-the-university-of-cambford-20260407,group_chat,Aisha Kabir,51.0
staff-office-the-university-of-cambford-20260407,group_chat,Aisha Kabir,16.0
staff-office-the-university-of-cambford-20260407,group_chat,Aisha Kabir,29.0
staff-office-the-university-of-cambford-20260407,group_chat,Aisha Kabir,50.0
staff-office-the-university-of-cambford-20260407,group_chat,Aisha Kabir,40.0
staff-office-the-university-of-cambford-20260407,group_chat,Aisha Kabir,82667.0
staff-office-the-university-of-cambford-20260407,group_chat,Aisha Kabir,178.0
staff-office-the-university-of-cambford-20260407,group_chat,Aisha Kabir,195.0
staff-office-the-university-of-cambford-20260407,group_chat,Aisha Kabir,140.0
staff-office-the-university-of-cambford-20260407,group_chat,Aisha Kabir,125.0
staff-office-the-university-of-cambford-20260407,group_chat,Aisha Kabir,3220.0
staff-office-the-university-of-cambford-20260407,group_chat,Aisha Kabir,59.0
staff-office-the-university-of-cambford-20260407,group_chat,Aisha Kabir,46.0
staff-office-the-university-of-cambford-20260407,group_chat,Aisha Kabir,107.0
staff-office-the-university-of-cambford-20260407,group_chat,Aisha Kabir,66.0
staff-office-the-university-of-cambford-20260407,group_chat,Aisha Kabir,79462.0
staff-office-the-university-of-cambford-20260407,group_chat,Aisha Kabir,275.0
staff-office-the-university-of-cambford-20260407,group_chat,Aisha Kabir,430.0
staff-office-the-university-of-cambford-20260407,group_chat,Aisha Kabir,415.0
staff-office-the-university-of-cambford-20260407,group_chat,Aisha Kabir,2390.0
staff-office-the-university-of-cambford-20260407,group_chat,Aisha Kabir,122.0
staff-office-the-university-of-cambford-20260407,group_chat,Aisha Kabir,128.0
staff-office-the-university-of-cambford-20260407,group_chat,Aisha Kabir,115.0
staff-office-the-university-of-cambford-20260407,group_chat,Aisha Kabir,135.0
staff-office-the-university-of-cambford-20260407,group_chat,Aisha Kabir,75.0
staff-office-the-university-of-cambford-20260407,group_chat,Aisha Kabir,85915.0
staff-office-the-university-of-cambford-20260407,group_chat,Aisha Kabir,90.0
staff-office-the-university-of-cambford-20260407,group_chat,Aisha Kabir,120.0
staff-office-the-university-of-cambford-20260407,group_chat,Aisha Kabir,120.0
staff-office-the-university-of-cambford-20260407,group_chat,Aisha Kabir,16745.0
staff-office-the-university-of-cambford-20260407,group_chat,Aisha Kabir,78.0
staff-office-the-university-of-cambford-20260407,group_chat,Aisha Kabir,22.0
staff-office-the-university-of-cambford-20260407,group_chat,Aisha Kabir,30.0
staff-office-the-university-of-cambford-20260407,group_chat,Aisha Kabir,7.0
staff-office-the-university-of-cambford-20260407,group_chat,Aisha Kabir,48.0
staff-office-the-university-of-cambford-20260407,group_chat,Aisha Kabir,50.0
staff-office-the-university-of-cambford-20260407,group_chat,Aisha Kabir,10.0
staff-office-the-university-of-cambford-20260407,group_chat,Aisha Kabir,50.0
staff-office-the-university-of-cambford-20260407,group_chat,Aisha Kabir,50.0
staff-office-the-university-of-cambford-20260407,group_chat,Aisha Kabir,40.0
staff-office-the-university-of-cambford-20260407,group_chat,Aisha Kabir,40.0
staff-office-the-university-of-cambford-20260407,group_chat,Aisha Kabir,30.0
staff-office-the-university-of-cambford-20260407,group_chat,Aisha Kabir,86105.0
staff-office-the-university-of-cambford-20260407,group_chat,Aisha Kabir,139.0
staff-office-the-university-of-cambford-20260407,group_chat,Aisha Kabir,61.0
staff-office-the-university-of-cambford-20260407,group_chat,Aisha Kabir,89.0
staff-office-the-university-of-cambford-20260407,group_chat,Aisha Kabir,61.0
staff-office-the-university-of-cambford-20260407,group_chat,Aisha Kabir,71560.0
staff-office-the-university-of-cambford-20260407,group_chat,Aisha Kabir,75.0
staff-office-the-university-of-cambford-20260407,group_chat,Aisha Kabir,100.0
staff-office-the-university-of-cambford-20260407,group_chat,Aisha Kabir,430.0
staff-office-the-university-of-cambford-20260407,group_chat,kenji_tanaka,71.0
staff-office-the-university-of-cambford-20260407,group_chat,kenji_tanaka,120.0
staff-office-the-university-of-cambford-20260407,group_chat,kenji_tanaka,147.0
staff-office-the-university-of-cambford-20260407,group_chat,kenji_tanaka,148.0
staff-office-the-university-of-cambford-20260407,group_chat,kenji_tanaka,121.0
staff-office-the-university-of-cambford-20260407,group_chat,kenji_tanaka,69.0
staff-office-the-university-of-cambford-20260407,group_chat,kenji_tanaka,85942.0
staff-office-the-university-of-cambford-20260407,group_chat,kenji_tanaka,138.0
staff-office-the-university-of-cambford-20260407,group_chat,kenji_tanaka,75.0
staff-office-the-university-of-cambford-20260407,group_chat,kenji_tanaka,195.0
staff-office-the-university-of-cambford-20260407,group_chat,kenji_tanaka,88868.0
staff-office-the-university-of-cambford-20260407,group_chat,kenji_tanaka,122.0
staff-office-the-university-of-cambford-20260407,group_chat,kenji_tanaka,85.0
staff-office-the-university-of-cambford-20260407,group_chat,kenji_tanaka,490.0
staff-office-the-university-of-cambford-20260407,group_chat,kenji_tanaka,105.0
staff-office-the-university-of-cambford-20260407,group_chat,kenji_tanaka,110.0
staff-office-the-university-of-cambford-20260407,group_chat,kenji_tanaka,45.0
staff-office-the-university-of-cambford-20260407,group_chat,kenji_tanaka,115.0
staff-office-the-university-of-cambford-20260407,group_chat,kenji_tanaka,100.0
staff-office-the-university-of-cambford-20260407,group_chat,kenji_tanaka,85045.0
staff-office-the-university-of-cambford-20260407,group_chat,kenji_tanaka,70.0
staff-office-the-university-of-cambford-20260407,group_chat,kenji_tanaka,106.0
staff-office-the-university-of-cambford-20260407,group_chat,kenji_tanaka,54.0
staff-office-the-university-of-cambford-20260407,group_chat,kenji_tanaka,7.0
staff-office-the-university-of-cambford-20260407,group_chat,kenji_tanaka,70.0
staff-office-the-university-of-cambford-20260407,group_chat,kenji_tanaka,38.0
staff-office-the-university-of-cambford-20260407,group_chat,kenji_tanaka,71.0
staff-office-the-university-of-cambford-20260407,group_chat,kenji_tanaka,44.0
staff-office-the-university-of-cambford-20260407,group_chat,kenji_tanaka,465.0
staff-office-the-university-of-cambford-20260407,group_chat,kenji_tanaka,172.0
staff-office-the-university-of-cambford-20260407,group_chat,kenji_tanaka,254573.0
staff-office-the-university-of-cambford-20260407,group_chat,kenji_tanaka,60.0
staff-office-the-university-of-cambford-20260407,group_chat,kenji_tanaka,330.0
staff-office-the-university-of-cambford-20260407,group_chat,kenji_tanaka,95.0
staff-office-the-university-of-cambford-20260407,group_chat,kenji_tanaka,170.0
staff-office-the-university-of-cambford-20260407,group_chat,kenji_tanaka,110.0
staff-office-the-university-of-cambford-20260407,group_chat,kenji_tanaka,195.0
staff-office-the-university-of-cambford-20260407,group_chat,kenji_tanaka,177.0
staff-office-the-university-of-cambford-20260407,group_chat,kenji_tanaka,93.0
staff-office-the-university-of-cambford-20260407,group_chat,kenji_tanaka,180.0
staff-office-the-university-of-cambford-20260407,group_chat,kenji_tanaka,105.0
staff-office-the-university-of-cambford-20260407,group_chat,kenji_tanaka,89175.0
staff-office-the-university-of-cambford-20260407,group_chat,kenji_tanaka,62.0
staff-office-the-university-of-cambford-20260407,group_chat,kenji_tanaka,48.0
staff-office-the-university-of-cambford-20260407,group_chat,kenji_tanaka,47.0
staff-office-the-university-of-cambford-20260407,group_chat,kenji_tanaka,113.0
staff-office-the-university-of-cambford-20260407,group_chat,kenji_tanaka,87.0
staff-office-the-university-of-cambford-20260407,group_chat,kenji_tanaka,59.0
staff-office-the-university-of-cambford-20260407,group_chat,kenji_tanaka,1924.0
staff-office-the-university-of-cambford-20260407,group_chat,kenji_tanaka,11250.0
staff-office-the-university-of-cambford-20260407,group_chat,kenji_tanaka,15.0
staff-office-the-university-of-cambford-20260407,group_chat,kenji_tanaka,75.0
staff-office-the-university-of-cambford-20260407,group_chat,kenji_tanaka,20.0
staff-office-the-university-of-cambford-20260407,group_chat,kenji_tanaka,50.0
staff-office-the-university-of-cambford-20260407,group_chat,kenji_tanaka,45.0
staff-office-the-university-of-cambford-20260407,group_chat,kenji_tanaka,30.0
staff-office-the-university-of-cambford-20260407,group_chat,kenji_tanaka,158345.0
staff-office-the-university-of-cambford-20260407,group_chat,kenji_tanaka,115.0
staff-office-the-university-of-cambford-20260407,group_chat,kenji_tanaka,203.0
staff-office-the-university-of-cambford-20260407,group_chat,kenji_tanaka,97.0
staff-office-the-university-of-cambford-20260407,group_chat,kenji_tanaka,185.0
staff-office-the-university-of-cambford-20260407,group_chat,kenji_tanaka,117.0
staff-office-the-university-of-cambford-20260407,group_chat,kenji_tanaka,128.0
staff-office-the-university-of-cambford-20260407,group_chat,kenji_tanaka,186295.0
staff-office-the-university-of-cambford-20260407,group_chat,kenji_tanaka,70.0
staff-office-the-university-of-cambford-20260407,group_chat,kenji_tanaka,50.0
staff-office-the-university-of-cambford-20260407,group_chat,kenji_tanaka,45.0
staff-office-the-university-of-cambford-20260407,group_chat,kenji_tanaka,45.0
staff-office-the-university-of-cambford-20260407,group_chat,kenji_tanaka,305.0
staff-office-the-university-of-cambford-20260407,group_chat,kenji_tanaka,55.0
staff-office-the-university-of-cambford-20260407,group_chat,kenji_tanaka,71550.0
staff-office-the-university-of-cambford-20260407,group_chat,kenji_tanaka,130.0
staff-office-the-university-of-cambford-20260407,group_chat,kenji_tanaka,110.0
staff-office-the-university-of-cambford-20260407,group_chat,karan_singh,52.0
staff-office-the-university-of-cambford-20260407,group_chat,karan_singh,168.0
staff-office-the-university-of-cambford-20260407,group_chat,karan_singh,73.0
staff-office-the-university-of-cambford-20260407,group_chat,karan_singh,37.0
staff-office-the-university-of-cambford-20260407,group_chat,karan_singh,202.0
staff-office-the-university-of-cambford-20260407,group_chat,karan_singh,261668.0
staff-office-the-university-of-cambford-20260407,group_chat,karan_singh,173.0
staff-office-the-university-of-cambford-20260407,group_chat,karan_singh,102.0
staff-office-the-university-of-cambford-20260407,group_chat,karan_singh,503.0
staff-office-the-university-of-cambford-20260407,group_chat,karan_singh,177.0
staff-office-the-university-of-cambford-20260407,group_chat,karan_singh,254580.0
staff-office-the-university-of-cambford-20260407,group_chat,karan_singh,185.0
staff-office-the-university-of-cambford-20260407,group_chat,karan_singh,170.0
staff-office-the-university-of-cambford-20260407,group_chat,karan_singh,220.0
staff-office-the-university-of-cambford-20260407,group_chat,karan_singh,80.0
staff-office-the-university-of-cambford-20260407,group_chat,karan_singh,221.0
staff-office-the-university-of-cambford-20260407,group_chat,karan_singh,149.0
staff-office-the-university-of-cambford-20260407,group_chat,karan_singh,113.0
staff-office-the-university-of-cambford-20260407,group_chat,karan_singh,129.0
staff-office-the-university-of-cambford-20260407,group_chat,karan_singh,120.0
staff-office-the-university-of-cambford-20260407,group_chat,karan_singh,102850.0
staff-office-the-university-of-cambford-20260407,group_chat,karan_singh,56.0
staff-office-the-university-of-cambford-20260407,group_chat,karan_singh,72.0
staff-office-the-university-of-cambford-20260407,group_chat,karan_singh,40.0
staff-office-the-university-of-cambford-20260407,group_chat,karan_singh,45.0
staff-office-the-university-of-cambford-20260407,group_chat,karan_singh,40.0
staff-office-the-university-of-cambford-20260407,group_chat,karan_singh,158398.0
staff-office-the-university-of-cambford-20260407,group_chat,karan_singh,109.0
staff-office-the-university-of-cambford-20260407,group_chat,karan_singh,92.0
staff-office-the-university-of-cambford-20260407,group_chat,karan_singh,208.0
staff-office-the-university-of-cambford-20260407,group_chat,karan_singh,82.0
staff-office-the-university-of-cambford-20260407,group_chat,karan_singh,116.0
staff-office-the-university-of-cambford-20260407,group_chat,karan_singh,121.0
staff-office-the-university-of-cambford-20260407,group_chat,karan_singh,186389.0
staff-office-the-university-of-cambford-20260407,group_chat,karan_singh,52.0
staff-office-the-university-of-cambford-20260407,group_chat,karan_singh,28.0
staff-office-the-university-of-cambford-20260407,group_chat,karan_singh,60.0
staff-office-the-university-of-cambford-20260407,group_chat,karan_singh,305.0
staff-office-the-university-of-cambford-20260407,group_chat,karan_singh,55.0
staff-office-the-university-of-cambford-20260407,group_chat,Kenji Tanaka,75.0
staff-office-the-university-of-cambford-20260407,group_chat,Kenji Tanaka,85.0
staff-office-the-university-of-cambford-20260407,group_chat,Kenji Tanaka,66.0
staff-office-the-university-of-cambford-20260407,group_chat,Kenji Tanaka,121.0
staff-office-the-university-of-cambford-20260407,group_chat,Kenji Tanaka,83.0
staff-office-the-university-of-cambford-20260407,group_chat,Kenji Tanaka,85965.0
staff-office-the-university-of-cambford-20260407,group_chat,Kenji Tanaka,148.0
staff-office-the-university-of-cambford-20260407,group_chat,Kenji Tanaka,187.0
staff-office-the-university-of-cambford-20260407,group_chat,Kenji Tanaka,70.0
staff-office-the-university-of-cambford-20260407,group_chat,Kenji Tanaka,97.0
staff-office-the-university-of-cambford-20260407,group_chat,Kenji Tanaka,98.0
staff-office-the-university-of-cambford-20260407,group_chat,Kenji Tanaka,110.0
staff-office-the-university-of-cambford-20260407,group_chat,Kenji Tanaka,85965.0
staff-office-the-university-of-cambford-20260407,group_chat,Kenji Tanaka,120.0
staff-office-the-university-of-cambford-20260407,group_chat,Kenji Tanaka,140.0
staff-office-the-university-of-cambford-20260407,group_chat,Kenji Tanaka,117.0
staff-office-the-university-of-cambford-20260407,group_chat,Kenji Tanaka,323.0
staff-office-the-university-of-cambford-20260407,group_chat,Kenji Tanaka,2660.0
staff-office-the-university-of-cambford-20260407,group_chat,Kenji Tanaka,105.0
staff-office-the-university-of-cambford-20260407,group_chat,Kenji Tanaka,140.0
staff-office-the-university-of-cambford-20260407,group_chat,Kenji Tanaka,82525.0
staff-office-the-university-of-cambford-20260407,group_chat,Kenji Tanaka,130.0
staff-office-the-university-of-cambford-20260407,group_chat,Kenji Tanaka,70.0
staff-office-the-university-of-cambford-20260407,group_chat,Kenji Tanaka,146.0
staff-office-the-university-of-cambford-20260407,group_chat,Kenji Tanaka,139.0
staff-office-the-university-of-cambford-20260407,group_chat,Kenji Tanaka,55.0
staff-office-the-university-of-cambford-20260407,group_chat,Kenji Tanaka,115.0
staff-office-the-university-of-cambford-20260407,group_chat,Kenji Tanaka,258615.0
staff-office-the-university-of-cambford-20260407,group_chat,Kenji Tanaka,111.0
staff-office-the-university-of-cambford-20260407,group_chat,Kenji Tanaka,59.0
staff-office-the-university-of-cambford-20260407,group_chat,Kenji Tanaka,117.0
staff-office-the-university-of-cambford-20260407,group_chat,Kenji Tanaka,78.0
staff-office-the-university-of-cambford-20260407,group_chat,Kenji Tanaka,85995.0
staff-office-the-university-of-cambford-20260407,group_chat,Kenji Tanaka,105.0
staff-office-the-university-of-cambford-20260407,group_chat,Kenji Tanaka,100.0
staff-office-the-university-of-cambford-20260407,group_chat,Kenji Tanaka,130.0
staff-office-the-university-of-cambford-20260407,group_chat,Kenji Tanaka,115.0
staff-office-the-university-of-cambford-20260407,group_chat,Kenji Tanaka,50.0
staff-office-the-university-of-cambford-20260407,group_chat,Kenji Tanaka,259255.0
staff-office-the-university-of-cambford-20260407,group_chat,Kenji Tanaka,210.0
staff-office-the-university-of-cambford-20260407,group_chat,Kenji Tanaka,95.0
staff-office-the-university-of-cambford-20260407,group_chat,Kenji Tanaka,240.0
staff-office-the-university-of-cambford-20260407,group_chat,Kenji Tanaka,165.0
staff-office-the-university-of-cambford-20260407,group_chat,Kenji Tanaka,145.0
staff-office-the-university-of-cambford-20260407,group_chat,Kenji Tanaka,225.0
staff-office-the-university-of-cambford-20260407,group_chat,Kenji Tanaka,171795.0
staff-office-the-university-of-cambford-20260407,group_chat,Kenji Tanaka,160.0
staff-office-the-university-of-cambford-20260407,group_chat,Kenji Tanaka,27.0
staff-office-the-university-of-cambford-20260407,group_chat,Kenji Tanaka,148.0
staff-office-the-university-of-cambford-20260407,group_chat,Kenji Tanaka,200.0
staff-office-the-university-of-cambford-20260407,group_chat,Kenji Tanaka,160.0
staff-office-the-university-of-cambford-20260407,group_chat,Kenji Tanaka,295.0
staff-office-the-university-of-cambford-20260407,group_chat,Kenji Tanaka,16405.0
staff-office-the-university-of-cambford-20260407,group_chat,Kenji Tanaka,78.0
staff-office-the-university-of-cambford-20260407,group_chat,Kenji Tanaka,122.0
staff-office-the-university-of-cambford-20260407,group_chat,Kenji Tanaka,55.0
staff-office-the-university-of-cambford-20260407,group_chat,Kenji Tanaka,50.0
staff-office-the-university-of-cambford-20260407,group_chat,Yolanda Silva,79.0
staff-office-the-university-of-cambford-20260407,group_chat,Yolanda Silva,71.0
staff-office-the-university-of-cambford-20260407,group_chat,Yolanda Silva,105.0
staff-office-the-university-of-cambford-20260407,group_chat,Yolanda Silva,99.0
staff-office-the-university-of-cambford-20260407,group_chat,Yolanda Silva,17648.0
staff-office-the-university-of-cambford-20260407,group_chat,Yolanda Silva,153.0
staff-office-the-university-of-cambford-20260407,group_chat,Yolanda Silva,145.0
staff-office-the-university-of-cambford-20260407,group_chat,Yolanda Silva,30.0
staff-office-the-university-of-cambford-20260407,group_chat,Yolanda Silva,142.0
staff-office-the-university-of-cambford-20260407,group_chat,Yolanda Silva,499980.0
staff-office-the-university-of-cambford-20260407,group_chat,Yolanda Silva,119.0
staff-office-the-university-of-cambford-20260407,group_chat,Yolanda Silva,61.0
staff-office-the-university-of-cambford-20260407,group_chat,Yolanda Silva,103.0
staff-office-the-university-of-cambford-20260407,group_chat,Yolanda Silva,55.0
staff-office-the-university-of-cambford-20260407,group_chat,Yolanda Silva,104010.0
staff-office-the-university-of-cambford-20260407,group_chat,Yolanda Silva,110.0
staff-office-the-university-of-cambford-20260407,group_chat,Yolanda Silva,35.0
staff-office-the-university-of-cambford-20260407,group_chat,Yolanda Silva,50.0
staff-office-the-university-of-cambford-20260407,group_chat,Yolanda Silva,75.0
staff-office-the-university-of-cambford-20260407,group_chat,Neha Pande,135.0
staff-office-the-university-of-cambford-20260407,group_chat,Neha Pande,122.0
staff-office-the-university-of-cambford-20260407,group_chat,Neha Pande,70.0
staff-office-the-university-of-cambford-20260407,group_chat,Neha Pande,90.0
staff-office-the-university-of-cambford-20260407,group_chat,Neha Pande,58.0
staff-office-the-university-of-cambford-20260407,group_chat,Neha Pande,72.0
staff-office-the-university-of-cambford-20260407,group_chat,Neha Pande,172358.0
staff-office-the-university-of-cambford-20260407,group_chat,Neha Pande,150.0
staff-office-the-university-of-cambford-20260407,group_chat,Neha Pande,65.0
staff-office-the-university-of-cambford-20260407,group_chat,Ana Ramirez,145.0
staff-office-the-university-of-cambford-20260407,group_chat,Ana Ramirez,100.0
staff-office-the-university-of-cambford-20260407,group_chat,Ana Ramirez,25.0
staff-office-the-university-of-cambford-20260407,group_chat,Ana Ramirez,68.0
staff-office-the-university-of-cambford-20260407,group_chat,Ana Ramirez,82.0
staff-office-the-university-of-cambford-20260407,group_chat,Ana Ramirez,330927.0
staff-office-the-university-of-cambford-20260407,group_chat,Ana Ramirez,133.0
staff-office-the-university-of-cambford-20260407,group_chat,Ana Ramirez,142.0
staff-office-the-university-of-cambford-20260407,group_chat,Ana Ramirez,33.0
staff-office-the-university-of-cambford-20260407,group_chat,Ana Ramirez,105.0
staff-office-the-university-of-cambford-20260407,group_chat,Ana Ramirez,77.0
staff-office-the-university-of-cambford-20260407,group_chat,Ana Ramirez,56.0
staff-office-the-university-of-cambford-20260407,group_chat,Ana Ramirez,442090.0
staff-office-the-university-of-cambford-20260407,group_chat,Ana Ramirez,57.0
staff-office-the-university-of-cambford-20260407,group_chat,Ana Ramirez,107.0
staff-office-the-university-of-cambford-20260407,group_chat,Ana Ramirez,53.0
staff-office-the-university-of-cambford-20260407,group_chat,Ana Ramirez,45.0
staff-office-the-university-of-cambford-20260407,group_chat,Ana Ramirez,89745.0
staff-office-the-university-of-cambford-20260407,group_chat,Ana Ramirez,96.0
staff-office-the-university-of-cambford-20260407,group_chat,Ana Ramirez,112.0
staff-office-the-university-of-cambford-20260407,group_chat,Ana Ramirez,17.0
staff-office-the-university-of-cambford-20260407,group_chat,Ana Ramirez,70.0
staff-office-the-university-of-cambford-20260407,group_chat,Ana Ramirez,55.0
staff-office-the-university-of-cambford-20260407,group_chat,Ana Ramirez,100.0
staff-office-the-university-of-cambford-20260407,group_chat,karan_sharma,150.0
staff-office-the-university-of-cambford-20260407,group_chat,karan_sharma,110.0
staff-office-the-university-of-cambford-20260407,group_chat,karan_sharma,190.0
staff-office-the-university-of-cambford-20260407,group_chat,karan_sharma,90.0
staff-office-the-university-of-cambford-20260407,group_chat,aisha_kabir,60.0
staff-office-the-university-of-cambford-20260407,group_chat,aisha_kabir,70.0
staff-office-the-university-of-cambford-20260407,group_chat,aisha_kabir,60.0
staff-office-the-university-of-cambford-20260407,group_chat,aisha_kabir,80.0
staff-office-the-university-of-cambford-20260407,group_chat,aisha_kabir,175.0
staff-office-the-university-of-cambford-20260407,group_chat,aisha_kabir,50.0
staff-office-the-university-of-cambford-20260407,group_chat,aisha_kabir,89610.0
staff-office-the-university-of-cambford-20260407,group_chat,aisha_kabir,77.0
staff-office-the-university-of-cambford-20260407,group_chat,aisha_kabir,38.0
staff-office-the-university-of-cambford-20260407,group_chat,aisha_kabir,92.0
staff-office-the-university-of-cambford-20260407,group_chat,aisha_kabir,88.0
staff-office-the-university-of-cambford-20260407,group_chat,aisha_kabir,172625.0
staff-office-the-university-of-cambford-20260407,group_chat,aisha_kabir,180.0
staff-office-the-university-of-cambford-20260407,group_chat,aisha_kabir,87.0
staff-office-the-university-of-cambford-20260407,group_chat,aisha_kabir,69.0
staff-office-the-university-of-cambford-20260407,group_chat,aisha_kabir,161.0
staff-office-the-university-of-cambford-20260407,group_chat,aisha_kabir,122.0
staff-office-the-university-of-cambford-20260407,group_chat,aisha_kabir,128.0
staff-office-the-university-of-cambford-20260407,group_chat,aisha_kabir,153.0
staff-office-the-university-of-cambford-20260407,group_chat,aisha_kabir,123.0
staff-office-the-university-of-cambford-20260407,group_chat,aisha_kabir,168804.0
staff-office-the-university-of-cambford-20260407,group_chat,aisha_kabir,93.0
staff-office-the-university-of-cambford-20260407,group_chat,aisha_kabir,50.0
staff-office-the-university-of-cambford-20260407,group_chat,aisha_kabir,40.0
staff-office-the-university-of-cambford-20260407,group_chat,aisha_kabir,75.0
staff-office-the-university-of-cambford-20260407,group_chat,aisha_kabir,90.0
staff-office-the-university-of-cambford-20260407,group_chat,aisha_kabir,130.0
staff-office-the-university-of-cambford-20260407,group_chat,aisha_kabir,2340.0
staff-office-the-university-of-cambford-20260407,group_chat,aisha_kabir,72.0
staff-office-the-university-of-cambford-20260407,group_chat,aisha_kabir,68.0
staff-office-the-university-of-cambford-20260407,group_chat,aisha_kabir,17833.0
staff-office-the-university-of-cambford-20260407,group_chat,aisha_kabir,59.0
staff-office-the-university-of-cambford-20260407,group_chat,aisha_kabir,48.0
staff-office-the-university-of-cambford-20260407,group_chat,aisha_kabir,165.0
staff-office-the-university-of-cambford-20260407,group_chat,aisha_kabir,75.0
staff-office-the-university-of-cambford-20260407,group_chat,aisha_kabir,65.0
staff-office-the-university-of-cambford-20260407,group_chat,aisha_kabir,151045.0
staff-office-the-university-of-cambford-20260407,group_chat,aisha_kabir,165.0
staff-office-the-university-of-cambford-20260407,group_chat,aisha_kabir,175.0
staff-office-the-university-of-cambford-20260407,group_chat,aisha_kabir,160.0
staff-office-the-university-of-cambford-20260407,group_chat,aisha_kabir,170.0
staff-office-the-university-of-cambford-20260407,group_chat,aisha_kabir,70.0
staff-office-the-university-of-cambford-20260407,group_chat,aisha_kabir,3425.0
staff-office-the-university-of-cambford-20260407,group_chat,aisha_kabir,140.0
staff-office-the-university-of-cambford-20260407,group_chat,aisha_kabir,225.0
staff-office-the-university-of-cambford-20260407,group_chat,aisha_kabir,105.0
staff-office-the-university-of-cambford-20260407,group_chat,aisha_kabir,120.0
staff-office-the-university-of-cambford-20260407,group_chat,aisha_kabir,175.0
staff-office-the-university-of-cambford-20260407,group_chat,aisha_kabir,81807.0
staff-office-the-university-of-cambford-20260407,group_chat,aisha_kabir,88.0
staff-office-the-university-of-cambford-20260407,group_chat,aisha_kabir,105.0
staff-office-the-university-of-cambford-20260407,group_chat,aisha_kabir,1795.0
staff-office-the-university-of-cambford-20260407,group_chat,aisha_kabir,55.0
staff-office-the-university-of-cambford-20260407,group_chat,aisha_kabir,87402.0
staff-office-the-university-of-cambford-20260407,group_chat,aisha_kabir,48.0
staff-office-the-university-of-cambford-20260407,group_chat,aisha_kabir,122.0
staff-office-the-university-of-cambford-20260407,group_chat,aisha_kabir,169.0
staff-office-the-university-of-cambford-20260407,group_chat,aisha_kabir,121.0
staff-office-the-university-of-cambford-20260407,group_chat,aisha_kabir,38.0
staff-office-the-university-of-cambford-20260407,group_chat,aisha_kabir,70.0
staff-office-the-university-of-cambford-20260407,group_chat,aisha_kabir,133.0
staff-office-the-university-of-cambford-20260407,group_chat,aisha_kabir,97.0
staff-office-the-university-of-cambford-20260407,group_chat,aisha_kabir,92.0
staff-office-the-university-of-cambford-20260407,group_chat,aisha_kabir,71.0
staff-office-the-university-of-cambford-20260407,group_chat,samuel_mensah,110.0
staff-office-the-university-of-cambford-20260407,group_chat,samuel_mensah,150.0
staff-office-the-university-of-cambford-20260407,group_chat,samuel_mensah,110.0
staff-office-the-university-of-cambford-20260407,group_chat,samuel_mensah,100.0
staff-office-the-university-of-cambford-20260407,group_chat,samuel_mensah,251625.0
staff-office-the-university-of-cambford-20260407,group_chat,samuel_mensah,145.0
staff-office-the-university-of-cambford-20260407,group_chat,samuel_mensah,120.0
staff-office-the-university-of-cambford-20260407,group_chat,samuel_mensah,82.0
staff-office-the-university-of-cambford-20260407,group_chat,samuel_mensah,90.0
staff-office-the-university-of-cambford-20260407,group_chat,samuel_mensah,63.0
staff-office-the-university-of-cambford-20260407,group_chat,samuel_mensah,65.0
staff-office-the-university-of-cambford-20260407,group_chat,samuel_mensah,120.0
staff-office-the-university-of-cambford-20260407,group_chat,samuel_mensah,179158.0
staff-office-the-university-of-cambford-20260407,group_chat,samuel_mensah,61.0
staff-office-the-university-of-cambford-20260407,group_chat,samuel_mensah,81.0
staff-office-the-university-of-cambford-20260407,group_chat,samuel_mensah,80.0
staff-office-the-university-of-cambford-20260407,group_chat,samuel_mensah,95.0
staff-office-the-university-of-cambford-20260407,group_chat,samuel_mensah,1865.0
staff-office-the-university-of-cambford-20260407,group_chat,samuel_mensah,110.0
staff-office-the-university-of-cambford-20260407,group_chat,samuel_mensah,83375.0
staff-office-the-university-of-cambford-20260407,group_chat,samuel_mensah,135.0
staff-office-the-university-of-cambford-20260407,group_chat,samuel_mensah,138.0
staff-office-the-university-of-cambford-20260407,group_chat,samuel_mensah,262.0
staff-office-the-university-of-cambford-20260407,group_chat,samuel_mensah,195.0
staff-office-the-university-of-cambford-20260407,group_chat,samuel_mensah,125.0
staff-office-the-university-of-cambford-20260407,group_chat,samuel_mensah,170.0
staff-office-the-university-of-cambford-20260407,group_chat,samuel_mensah,90.0
staff-office-the-university-of-cambford-20260407,group_chat,samuel_mensah,220.0
staff-office-the-university-of-cambford-20260407,group_chat,samuel_mensah,170.0
staff-office-the-university-of-cambford-20260407,group_chat,samuel_mensah,120.0
staff-office-the-university-of-cambford-20260407,group_chat,samuel_mensah,168363.0
staff-office-the-university-of-cambford-20260407,group_chat,samuel_mensah,139.0
staff-office-the-university-of-cambford-20260407,group_chat,samuel_mensah,153.0
staff-office-the-university-of-cambford-20260407,group_chat,samuel_mensah,137.0
staff-office-the-university-of-cambford-20260407,group_chat,samuel_mensah,150.0
staff-office-the-university-of-cambford-20260407,group_chat,samuel_mensah,171500.0
staff-office-the-university-of-cambford-20260407,group_chat,samuel_mensah,128.0
staff-office-the-university-of-cambford-20260407,group_chat,samuel_mensah,146.0
staff-office-the-university-of-cambford-20260407,group_chat,samuel_mensah,99.0
staff-office-the-university-of-cambford-20260407,group_chat,samuel_mensah,3315.0
staff-office-the-university-of-cambford-20260407,group_chat,samuel_mensah,110.0
staff-office-the-university-of-cambford-20260407,group_chat,samuel_mensah,65.0
staff-office-the-university-of-cambford-20260407,group_chat,samuel_mensah,60.0
staff-office-the-university-of-cambford-20260407,group_chat,luis_gomez,120.0
staff-office-the-university-of-cambford-20260407,group_chat,luis_gomez,93.0
staff-office-the-university-of-cambford-20260407,group_chat,luis_gomez,186908.0
staff-office-the-university-of-cambford-20260407,group_chat,luis_gomez,114.0
staff-office-the-university-of-cambford-20260407,group_chat,luis_gomez,53.0
staff-office-the-university-of-cambford-20260407,group_chat,luis_gomez,65.0
staff-office-the-university-of-cambford-20260407,group_chat,luis_gomez,431815.0
staff-office-the-university-of-cambford-20260407,group_chat,luis_gomez,124.0
staff-office-the-university-of-cambford-20260407,group_chat,luis_gomez,112.0
staff-office-the-university-of-cambford-20260407,group_chat,luis_gomez,109.0
staff-office-the-university-of-cambford-20260407,group_chat,luis_gomez,72.0
staff-office-the-university-of-cambford-20260407,group_chat,luis_gomez,156.0
staff-office-the-university-of-cambford-20260407,group_chat,Joseph Okonkwo,110.0
staff-office-the-university-of-cambford-20260407,group_chat,Joseph Okonkwo,65.0
staff-office-the-university-of-cambford-20260407,group_chat,Joseph Okonkwo,110.0
staff-office-the-university-of-cambford-20260407,group_chat,Joseph Okonkwo,55.0
staff-office-the-university-of-cambford-20260407,group_chat,Joseph Okonkwo,16802.0
staff-office-the-university-of-cambford-20260407,group_chat,Joseph Okonkwo,58.0
staff-office-the-university-of-cambford-20260407,group_chat,Joseph Okonkwo,70.0
staff-office-the-university-of-cambford-20260407,group_chat,Joseph Okonkwo,85.0
staff-office-the-university-of-cambford-20260407,group_chat,Joseph Okonkwo,25.0
staff-office-the-university-of-cambford-20260407,group_chat,Joseph Okonkwo,71933.0
staff-office-the-university-of-cambford-20260407,group_chat,Joseph Okonkwo,192.0
staff-office-the-university-of-cambford-20260407,group_chat,Joseph Okonkwo,107.0
staff-office-the-university-of-cambford-20260407,group_chat,Joseph Okonkwo,83.0
staff-office-the-university-of-cambford-20260407,group_chat,Joseph Okonkwo,95.0
staff-office-the-university-of-cambford-20260407,group_chat,Joseph Okonkwo,13695.0
staff-office-the-university-of-cambford-20260407,group_chat,Joseph Okonkwo,70.0
staff-office-the-university-of-cambford-20260407,group_chat,Joseph Okonkwo,25.0
staff-office-the-university-of-cambford-20260407,group_chat,Joseph Okonkwo,58.0
staff-office-the-university-of-cambford-20260407,group_chat,Joseph Okonkwo,77.0
staff-office-the-university-of-cambford-20260407,group_chat,Joseph Okonkwo,127.0
staff-office-the-university-of-cambford-20260407,group_chat,Joseph Okonkwo,26.0
staff-office-the-university-of-cambford-20260407,group_chat,Joseph Okonkwo,44.0
staff-office-the-university-of-cambford-20260407,group_chat,Joseph Okonkwo,66.0
staff-office-the-university-of-cambford-20260407,group_chat,Joseph Okonkwo,57.0
staff-office-the-university-of-cambford-20260407,group_chat,Joseph Okonkwo,100.0
staff-office-the-university-of-cambford-20260407,group_chat,Joseph Okonkwo,80.0
staff-office-the-university-of-cambford-20260407,group_chat,Joseph Okonkwo,103.0
staff-office-the-university-of-cambford-20260407,group_chat,Joseph Okonkwo,4.0
staff-office-the-university-of-cambford-20260407,group_chat,Joseph Okonkwo,48.0
staff-office-the-university-of-cambford-20260407,group_chat,Joseph Okonkwo,87.0
staff-office-the-university-of-cambford-20260407,group_chat,Joseph Okonkwo,326648.0
staff-office-the-university-of-cambford-20260407,group_chat,Joseph Okonkwo,192.0
staff-office-the-university-of-cambford-20260407,group_chat,Joseph Okonkwo,136.0
staff-office-the-university-of-cambford-20260407,group_chat,Joseph Okonkwo,117.0
staff-office-the-university-of-cambford-20260407,group_chat,Joseph Okonkwo,27.0
staff-office-the-university-of-cambford-20260407,group_chat,Joseph Okonkwo,108.0
staff-office-the-university-of-cambford-20260407,group_chat,Joseph Okonkwo,115.0
staff-office-the-university-of-cambford-20260407,group_chat,Joseph Okonkwo,82850.0
staff-office-the-university-of-cambford-20260407,group_chat,Joseph Okonkwo,165.0
staff-office-the-university-of-cambford-20260407,group_chat,Joseph Okonkwo,345.0
staff-office-the-university-of-cambford-20260407,group_chat,Joseph Okonkwo,130.0
staff-office-the-university-of-cambford-20260407,group_chat,Joseph Okonkwo,285.0
staff-office-the-university-of-cambford-20260407,group_chat,Joseph Okonkwo,385.0
staff-office-the-university-of-cambford-20260407,group_chat,Joseph Okonkwo,2455.0
staff-office-the-university-of-cambford-20260407,group_chat,Joseph Okonkwo,165.0
staff-office-the-university-of-cambford-20260407,group_chat,Joseph Okonkwo,105.0
staff-office-the-university-of-cambford-20260407,group_chat,Joseph Okonkwo,95.0
staff-office-the-university-of-cambford-20260407,group_chat,Joseph Okonkwo,85990.0
staff-office-the-university-of-cambford-20260407,group_chat,Joseph Okonkwo,80.0
staff-office-the-university-of-cambford-20260407,group_chat,Joseph Okonkwo,120.0
staff-office-the-university-of-cambford-20260407,group_chat,Joseph Okonkwo,130.0
staff-office-the-university-of-cambford-20260407,group_chat,Joseph Okonkwo,16785.0
staff-office-the-university-of-cambford-20260407,group_chat,Joseph Okonkwo,55.0
staff-office-the-university-of-cambford-20260407,group_chat,Joseph Okonkwo,73.0
staff-office-the-university-of-cambford-20260407,group_chat,Joseph Okonkwo,62.0
staff-office-the-university-of-cambford-20260407,group_chat,Joseph Okonkwo,47.0
staff-office-the-university-of-cambford-20260407,group_chat,Joseph Okonkwo,93.0
staff-office-the-university-of-cambford-20260407,group_chat,Joseph Okonkwo,40.0
staff-office-the-university-of-cambford-20260407,group_chat,Joseph Okonkwo,68888.0
staff-office-the-university-of-cambford-20260407,group_chat,Joseph Okonkwo,397.0
staff-office-the-university-of-cambford-20260407,group_chat,Joseph Okonkwo,1170.0
staff-office-the-university-of-cambford-20260407,group_chat,Joseph Okonkwo,870.0
staff-office-the-university-of-cambford-20260407,group_chat,Joseph Okonkwo,14812.0
staff-office-the-university-of-cambford-20260407,group_chat,Joseph Okonkwo,73.0
staff-office-the-university-of-cambford-20260407,group_chat,Joseph Okonkwo,90.0
staff-office-the-university-of-cambford-20260407,group_chat,Joseph Okonkwo,85.0
staff-office-the-university-of-cambford-20260407,group_chat,Joseph Okonkwo,70.0
staff-office-the-university-of-cambford-20260407,group_chat,Joseph Okonkwo,65290.0
staff-office-the-university-of-cambford-20260407,group_chat,Joseph Okonkwo,135.0
staff-office-the-university-of-cambford-20260407,group_chat,Joseph Okonkwo,165.0
staff-office-the-university-of-cambford-20260407,group_chat,Joseph Okonkwo,135.0
staff-office-the-university-of-cambford-20260407,group_chat,Joseph Okonkwo,180.0
staff-office-the-university-of-cambford-20260407,group_chat,Joseph Okonkwo,195.0
staff-office-the-university-of-cambford-20260407,group_chat,Joseph Okonkwo,5505.0
staff-office-the-university-of-cambford-20260407,group_chat,Joseph Okonkwo,80.0
staff-office-the-university-of-cambford-20260407,group_chat,Joseph Okonkwo,400.0
staff-office-the-university-of-cambford-20260407,group_chat,yolanda_silva,130.0
staff-office-the-university-of-cambford-20260407,group_chat,yolanda_silva,150.0
staff-office-the-university-of-cambford-20260407,group_chat,yolanda_silva,75.0
staff-office-the-university-of-cambford-20260407,group_chat,yolanda_silva,110.0
staff-office-the-university-of-cambford-20260407,group_chat,yolanda_silva,70.0
staff-office-the-university-of-cambford-20260407,group_chat,joseph_okonkwo,133.0
staff-office-the-university-of-cambford-20260407,group_chat,joseph_okonkwo,195.0
staff-office-the-university-of-cambford-20260407,group_chat,joseph_okonkwo,161.0
staff-office-the-university-of-cambford-20260407,group_chat,joseph_okonkwo,133.0
staff-office-the-university-of-cambford-20260407,group_chat,joseph_okonkwo,280.0
staff-office-the-university-of-cambford-20260407,group_chat,joseph_okonkwo,13250.0
staff-office-the-university-of-cambford-20260407,group_chat,joseph_okonkwo,148.0
staff-office-the-university-of-cambford-20260407,group_chat,joseph_okonkwo,135.0
staff-office-the-university-of-cambford-20260407,group_chat,joseph_okonkwo,68085.0
staff-office-the-university-of-cambford-20260407,group_chat,joseph_okonkwo,175.0
staff-office-the-university-of-cambford-20260407,group_chat,joseph_okonkwo,290.0
staff-office-the-university-of-cambford-20260407,group_chat,joseph_okonkwo,210.0
staff-office-the-university-of-cambford-20260407,group_chat,joseph_okonkwo,135.0
staff-office-the-university-of-cambford-20260407,group_chat,joseph_okonkwo,150.0
staff-office-the-university-of-cambford-20260407,group_chat,joseph_okonkwo,120.0
staff-office-the-university-of-cambford-20260407,group_chat,joseph_okonkwo,86200.0
staff-office-the-university-of-cambford-20260407,group_chat,joseph_okonkwo,110.0
staff-office-the-university-of-cambford-20260407,group_chat,joseph_okonkwo,120.0
staff-office-the-university-of-cambford-20260407,group_chat,joseph_okonkwo,80.0
staff-office-the-university-of-cambford-20260407,group_chat,joseph_okonkwo,130.0
staff-office-the-university-of-cambford-20260407,group_chat,joseph_okonkwo,2348.0
staff-office-the-university-of-cambford-20260407,group_chat,joseph_okonkwo,67.0
staff-office-the-university-of-cambford-20260407,group_chat,joseph_okonkwo,80.0
staff-office-the-university-of-cambford-20260407,group_chat,joseph_okonkwo,17825.0
staff-office-the-university-of-cambford-20260407,group_chat,joseph_okonkwo,40.0
staff-office-the-university-of-cambford-20260407,group_chat,joseph_okonkwo,133.0
staff-office-the-university-of-cambford-20260407,group_chat,joseph_okonkwo,37.0
staff-office-the-university-of-cambford-20260407,group_chat,joseph_okonkwo,92.0
staff-office-the-university-of-cambford-20260407,group_chat,joseph_okonkwo,68.0
staff-office-the-university-of-cambford-20260407,group_chat,joseph_okonkwo,151150.0
staff-office-the-university-of-cambford-20260407,group_chat,joseph_okonkwo,165.0
staff-office-the-university-of-cambford-20260407,group_chat,joseph_okonkwo,215.0
staff-office-the-university-of-cambford-20260407,group_chat,joseph_okonkwo,75.0
staff-office-the-university-of-cambford-20260407,group_chat,joseph_okonkwo,85.0
staff-office-the-university-of-cambford-20260407,group_chat,joseph_okonkwo,135.0
staff-office-the-university-of-cambford-20260407,group_chat,joseph_okonkwo,86025.0
staff-office-the-university-of-cambford-20260407,group_chat,joseph_okonkwo,85.0
staff-office-the-university-of-cambford-20260407,group_chat,joseph_okonkwo,77.0
staff-office-the-university-of-cambford-20260407,group_chat,joseph_okonkwo,1731.0
staff-office-the-university-of-cambford-20260407,group_chat,joseph_okonkwo,82.0
staff-office-the-university-of-cambford-20260407,group_chat,joseph_okonkwo,15395.0
staff-office-the-university-of-cambford-20260407,group_chat,joseph_okonkwo,70.0
staff-office-the-university-of-cambford-20260407,group_chat,joseph_okonkwo,50.0
staff-office-the-university-of-cambford-20260407,group_chat,joseph_okonkwo,60.0
staff-office-the-university-of-cambford-20260407,group_chat,joseph_okonkwo,300.0
staff-office-the-university-of-cambford-20260407,group_chat,joseph_okonkwo,71575.0
staff-office-the-university-of-cambford-20260407,group_chat,joseph_okonkwo,272.0
staff-office-the-university-of-cambford-20260407,group_chat,joseph_okonkwo,228.0
staff-office-the-university-of-cambford-20260407,group_chat,joseph_okonkwo,185.0
staff-office-the-university-of-cambford-20260407,group_chat,joseph_okonkwo,190.0
staff-office-the-university-of-cambford-20260407,group_chat,joseph_okonkwo,80.0
staff-office-the-university-of-cambford-20260407,group_chat,layla_haddad,183.0
staff-office-the-university-of-cambford-20260407,group_chat,layla_haddad,215.0
staff-office-the-university-of-cambford-20260407,group_chat,layla_haddad,157.0
staff-office-the-university-of-cambford-20260407,group_chat,layla_haddad,145.0
staff-office-the-university-of-cambford-20260407,group_chat,layla_haddad,125.0
staff-office-the-university-of-cambford-20260407,group_chat,layla_haddad,434657.0
staff-office-the-university-of-cambford-20260407,group_chat,layla_haddad,139.0
staff-office-the-university-of-cambford-20260407,group_chat,layla_haddad,230.0
staff-office-the-university-of-cambford-20260407,group_chat,layla_haddad,184.0
staff-office-the-university-of-cambford-20260407,group_chat,layla_haddad,142.0
staff-office-the-university-of-cambford-20260407,group_chat,layla_haddad,171518.0
staff-office-the-university-of-cambford-20260407,group_chat,layla_haddad,150.0
staff-office-the-university-of-cambford-20260407,group_chat,layla_haddad,150.0
staff-office-the-university-of-cambford-20260407,group_chat,layla_haddad,95.0
staff-office-the-university-of-cambford-20260407,group_chat,layla_haddad,70.0
staff-office-the-university-of-cambford-20260407,group_chat,layla_haddad,3232.0
staff-office-the-university-of-cambford-20260407,group_chat,layla_haddad,131.0
staff-office-the-university-of-cambford-20260407,group_chat,layla_haddad,60.0
staff-office-the-university-of-cambford-20260407,group_chat,layla_haddad,67.0
staff-office-the-university-of-cambford-20260407,group_chat,daniela_rossi,135.0
staff-office-the-university-of-cambford-20260407,group_chat,daniela_rossi,275.0
staff-office-the-university-of-cambford-20260407,group_chat,daniela_rossi,178.0
staff-office-the-university-of-cambford-20260407,group_chat,daniela_rossi,92.0
staff-office-the-university-of-cambford-20260407,group_chat,daniela_rossi,123.0
staff-office-the-university-of-cambford-20260407,group_chat,daniela_rossi,105.0
staff-office-the-university-of-cambford-20260407,group_chat,daniela_rossi,428039.0
staff-office-the-university-of-cambford-20260407,group_chat,daniela_rossi,198.0
staff-office-the-university-of-cambford-20260407,group_chat,daniela_rossi,205.0
staff-office-the-university-of-cambford-20260407,group_chat,daniela_rossi,155.0
staff-office-the-university-of-cambford-20260407,group_chat,daniela_rossi,82.0
staff-office-the-university-of-cambford-20260407,group_chat,daniela_rossi,88746.0
staff-office-the-university-of-cambford-20260407,group_chat,daniela_rossi,75.0
staff-office-the-university-of-cambford-20260407,group_chat,daniela_rossi,52.0
staff-office-the-university-of-cambford-20260407,group_chat,daniela_rossi,99.0
staff-office-the-university-of-cambford-20260407,group_chat,daniela_rossi,94.0
staff-office-the-university-of-cambford-20260407,group_chat,daniela_rossi,50.0
staff-office-the-university-of-cambford-20260407,group_chat,hiroshi_matsuda,175.0
staff-office-the-university-of-cambford-20260407,group_chat,hiroshi_matsuda,160.0
staff-office-the-university-of-cambford-20260407,group_chat,hiroshi_matsuda,250.0
staff-office-the-university-of-cambford-20260407,group_chat,hiroshi_matsuda,130.0
staff-office-the-university-of-cambford-20260407,group_chat,hiroshi_matsuda,125.0
staff-office-the-university-of-cambford-20260407,group_chat,hiroshi_matsuda,155.0
staff-office-the-university-of-cambford-20260407,group_chat,hiroshi_matsuda,85.0
staff-office-the-university-of-cambford-20260407,group_chat,hiroshi_matsuda,362515.0
staff-office-the-university-of-cambford-20260407,group_chat,hiroshi_matsuda,155.0
staff-office-the-university-of-cambford-20260407,group_chat,hiroshi_matsuda,145.0
staff-office-the-university-of-cambford-20260407,group_chat,hiroshi_matsuda,82.0
staff-office-the-university-of-cambford-20260407,group_chat,hiroshi_matsuda,126.0
staff-office-the-university-of-cambford-20260407,group_chat,hiroshi_matsuda,85.0
staff-office-the-university-of-cambford-20260407,group_chat,hiroshi_matsuda,68.0
staff-office-the-university-of-cambford-20260407,group_chat,hiroshi_matsuda,76.0
staff-office-the-university-of-cambford-20260407,group_chat,Francois_Dubois,225.0
staff-office-the-university-of-cambford-20260407,group_chat,Francois_Dubois,120.0
staff-office-the-university-of-cambford-20260407,group_chat,Francois_Dubois,855.0
staff-office-the-university-of-cambford-20260407,group_chat,Francois_Dubois,270.0
staff-office-the-university-of-cambford-20260407,group_chat,Francois_Dubois,2130.0
staff-office-the-university-of-cambford-20260407,group_chat,Francois_Dubois,180.0
staff-office-the-university-of-cambford-20260407,group_chat,Aisha_Kabir,187.0
staff-office-the-university-of-cambford-20260407,group_chat,Aisha_Kabir,563.0
staff-office-the-university-of-cambford-20260407,group_chat,Aisha_Kabir,505.0
staff-office-the-university-of-cambford-20260407,group_chat,Aisha_Kabir,180.0
staff-office-the-university-of-cambford-20260407,group_chat,Aisha_Kabir,2180.0
staff-office-the-university-of-cambford-20260407,group_chat,Aisha_Kabir,120.0
staff-office-the-university-of-cambford-20260407,group_chat,Joseph_Okonkwo,160.0
staff-office-the-university-of-cambford-20260407,group_chat,Joseph_Okonkwo,470.0
staff-office-the-university-of-cambford-20260407,group_chat,Joseph_Okonkwo,645.0
staff-office-the-university-of-cambford-20260407,group_chat,Joseph_Okonkwo,135.0
staff-office-the-university-of-cambford-20260407,group_chat,Joseph_Okonkwo,2175.0
staff-office-the-university-of-cambford-20260407,group_chat,joy_okafor,40.0
staff-office-the-university-of-cambford-20260407,group_chat,joy_okafor,171.0
staff-office-the-university-of-cambford-20260407,group_chat,joy_okafor,184.0
staff-office-the-university-of-cambford-20260407,group_chat,joy_okafor,320.0
staff-office-the-university-of-cambford-20260407,group_chat,mei_zhang,126.0
staff-office-the-university-of-cambford-20260407,group_chat,mei_zhang,84.0
staff-office-the-university-of-cambford-20260407,group_chat,mei_zhang,143.0
staff-office-the-university-of-cambford-20260407,group_chat,mei_zhang,70.0
staff-office-the-university-of-cambford-20260407,group_chat,mei_zhang,74.0
staff-office-the-university-of-cambford-20260407,group_chat,mei_zhang,76.0
staff-office-the-university-of-cambford-20260407,group_chat,mei_zhang,77.0
staff-office-the-university-of-cambford-20260407,group_chat,maria_garcia,96.0
staff-office-the-university-of-cambford-20260407,group_chat,maria_garcia,185.0
staff-office-the-university-of-cambford-20260407,group_chat,maria_garcia,150.0
staff-office-the-university-of-cambford-20260407,group_chat,maria_garcia,115.0
staff-office-the-university-of-cambford-20260407,group_chat,maria_garcia,125.0
staff-office-the-university-of-cambford-20260407,group_chat,maria_garcia,85.0
staff-office-the-university-of-cambford-20260407,group_chat,maria_garcia,60.0
staff-office-the-university-of-cambford-20260407,group_chat,joy_okonkwo,125.0
staff-office-the-university-of-cambford-20260407,group_chat,joy_okonkwo,85.0
staff-office-the-university-of-cambford-20260407,group_chat,joy_okonkwo,90.0
staff-office-the-university-of-cambford-20260407,group_chat,joy_okonkwo,900.0
staff-office-the-university-of-cambford-20260407,group_chat,joy_okonkwo,165.0
staff-office-the-university-of-cambford-20260407,meeting,lhaddad,86400.0
staff-office-the-university-of-cambford-20260407,meeting,lhaddad,91800.0
staff-office-the-university-of-cambford-20260407,meeting,lhaddad,7200.0
staff-office-the-university-of-cambford-20260407,meeting,lhaddad,77400.0
staff-office-the-university-of-cambford-20260407,meeting,lhaddad,10800.0
staff-office-the-university-of-cambford-20260407,meeting,lhaddad,5400.0
staff-office-the-university-of-cambford-20260407,meeting,lhaddad,5400.0
staff-office-the-university-of-cambford-20260407,meeting,lhaddad,73800.0
staff-office-the-university-of-cambford-20260407,meeting,lhaddad,678600.0
staff-office-the-university-of-cambford-20260407,meeting,lhaddad,86400.0
staff-office-the-university-of-cambford-20260407,meeting,lhaddad,10800.0
staff-office-the-university-of-cambford-20260407,meeting,smensah,19800.0
staff-office-the-university-of-cambford-20260407,meeting,smensah,84600.0
staff-office-the-university-of-cambford-20260407,meeting,smensah,73800.0
staff-office-the-university-of-cambford-20260407,meeting,smensah,7200.0
staff-office-the-university-of-cambford-20260407,meeting,smensah,77400.0
staff-office-the-university-of-cambford-20260407,meeting,smensah,10800.0
staff-office-the-university-of-cambford-20260407,meeting,smensah,5400.0
staff-office-the-university-of-cambford-20260407,meeting,smensah,5400.0
staff-office-the-university-of-cambford-20260407,meeting,smensah,66600.0
staff-office-the-university-of-cambford-20260407,meeting,smensah,97200.0
staff-office-the-university-of-cambford-20260407,meeting,smensah,81000.0
staff-office-the-university-of-cambford-20260407,meeting,smensah,90000.0
staff-office-the-university-of-cambford-20260407,meeting,smensah,162000.0
staff-office-the-university-of-cambford-20260407,meeting,smensah,176400.0
staff-office-the-university-of-cambford-20260407,meeting,smensah,3600.0
staff-office-the-university-of-cambford-20260407,meeting,smensah,162000.0
staff-office-the-university-of-cambford-20260407,meeting,smensah,10800.0
staff-office-the-university-of-cambford-20260407,meeting,jokafor,19800.0
staff-office-the-university-of-cambford-20260407,meeting,jokafor,84600.0
staff-office-the-university-of-cambford-20260407,meeting,jokafor,73800.0
staff-office-the-university-of-cambford-20260407,meeting,jokafor,7200.0
staff-office-the-university-of-cambford-20260407,meeting,jokafor,88200.0
staff-office-the-university-of-cambford-20260407,meeting,jokafor,10800.0
staff-office-the-university-of-cambford-20260407,meeting,jokafor,66600.0
staff-office-the-university-of-cambford-20260407,meeting,jokafor,97200.0
staff-office-the-university-of-cambford-20260407,meeting,jokafor,81000.0
staff-office-the-university-of-cambford-20260407,meeting,jokafor,169200.0
staff-office-the-university-of-cambford-20260407,meeting,jokafor,82800.0
staff-office-the-university-of-cambford-20260407,meeting,jokafor,100800.0
staff-office-the-university-of-cambford-20260407,meeting,jokafor,75600.0
staff-office-the-university-of-cambford-20260407,meeting,jokafor,3600.0
staff-office-the-university-of-cambford-20260407,meeting,jokafor,176400.0
staff-office-the-university-of-cambford-20260407,meeting,cnguyen,19800.0
staff-office-the-university-of-cambford-20260407,meeting,cnguyen,68400.0
staff-office-the-university-of-cambford-20260407,meeting,cnguyen,7200.0
staff-office-the-university-of-cambford-20260407,meeting,cnguyen,82800.0
staff-office-the-university-of-cambford-20260407,meeting,cnguyen,1800.0
staff-office-the-university-of-cambford-20260407,meeting,cnguyen,77400.0
staff-office-the-university-of-cambford-20260407,meeting,cnguyen,16200.0
staff-office-the-university-of-cambford-20260407,meeting,cnguyen,75600.0
staff-office-the-university-of-cambford-20260407,meeting,cnguyen,82800.0
staff-office-the-university-of-cambford-20260407,meeting,cnguyen,84600.0
staff-office-the-university-of-cambford-20260407,meeting,cnguyen,14400.0
staff-office-the-university-of-cambford-20260407,meeting,cnguyen,68400.0
staff-office-the-university-of-cambford-20260407,meeting,cnguyen,18000.0
staff-office-the-university-of-cambford-20260407,meeting,cnguyen,68400.0
staff-office-the-university-of-cambford-20260407,meeting,cnguyen,18000.0
staff-office-the-university-of-cambford-20260407,meeting,cnguyen,75600.0
staff-office-the-university-of-cambford-20260407,meeting,cnguyen,7200.0
staff-office-the-university-of-cambford-20260407,meeting,cnguyen,75600.0
staff-office-the-university-of-cambford-20260407,meeting,cnguyen,86400.0
staff-office-the-university-of-cambford-20260407,meeting,cnguyen,82800.0
staff-office-the-university-of-cambford-20260407,meeting,cnguyen,7200.0
staff-office-the-university-of-cambford-20260407,meeting,cnguyen,79200.0
staff-office-the-university-of-cambford-20260407,meeting,ksingh,95400.0
staff-office-the-university-of-cambford-20260407,meeting,ksingh,262800.0
staff-office-the-university-of-cambford-20260407,meeting,ksingh,73800.0
staff-office-the-university-of-cambford-20260407,meeting,ksingh,84600.0
staff-office-the-university-of-cambford-20260407,meeting,ksingh,82800.0
staff-office-the-university-of-cambford-20260407,meeting,ksingh,86400.0
staff-office-the-university-of-cambford-20260407,meeting,ksingh,14400.0
staff-office-the-university-of-cambford-20260407,meeting,ksingh,79200.0
staff-office-the-university-of-cambford-20260407,meeting,ksingh,7200.0
staff-office-the-university-of-cambford-20260407,meeting,ksingh,75600.0
staff-office-the-university-of-cambford-20260407,meeting,ksingh,86400.0
staff-office-the-university-of-cambford-20260407,meeting,ksingh,90000.0
staff-office-the-university-of-cambford-20260407,meeting,ksingh,86400.0
staff-office-the-university-of-cambford-20260407,meeting,hmatsuda,178200.0
staff-office-the-university-of-cambford-20260407,meeting,hmatsuda,253800.0
staff-office-the-university-of-cambford-20260407,meeting,hmatsuda,5400.0
staff-office-the-university-of-cambford-20260407,meeting,hmatsuda,82800.0
staff-office-the-university-of-cambford-20260407,meeting,hmatsuda,86400.0
staff-office-the-university-of-cambford-20260407,meeting,hmatsuda,93600.0
staff-office-the-university-of-cambford-20260407,meeting,hmatsuda,167400.0
staff-office-the-university-of-cambford-20260407,meeting,hmatsuda,257400.0
staff-office-the-university-of-cambford-20260407,meeting,drossi,343800.0
staff-office-the-university-of-cambford-20260407,meeting,drossi,351000.0
staff-office-the-university-of-cambford-20260407,meeting,drossi,342000.0
staff-office-the-university-of-cambford-20260407,meeting,lgomez,253800.0
staff-office-the-university-of-cambford-20260407,meeting,lgomez,77400.0
staff-office-the-university-of-cambford-20260407,meeting,lgomez,86400.0
staff-office-the-university-of-cambford-20260407,meeting,lgomez,10800.0
staff-office-the-university-of-cambford-20260407,meeting,mzhang,522000.0
staff-office-the-university-of-cambford-20260407,meeting,mzhang,75600.0
staff-office-the-university-of-cambford-20260407,meeting,mzhang,86400.0
staff-office-the-university-of-cambford-20260407,meeting,mzhang,174600.0
staff-office-the-university-of-cambford-20260407,meeting,mzhang,174600.0
staff-office-the-university-of-cambford-20260407,meeting,mzhang,90000.0
staff-office-the-university-of-cambford-20260407,meeting,fdubois,5400.0
staff-office-the-university-of-cambford-20260407,meeting,fdubois,61200.0
staff-office-the-university-of-cambford-20260407,meeting,fdubois,86400.0
staff-office-the-university-of-cambford-20260407,meeting,fdubois,7200.0
staff-office-the-university-of-cambford-20260407,meeting,fdubois,88200.0
staff-office-the-university-of-cambford-20260407,meeting,fdubois,77400.0
staff-office-the-university-of-cambford-20260407,meeting,fdubois,12600.0
staff-office-the-university-of-cambford-20260407,meeting,fdubois,73800.0
staff-office-the-university-of-cambford-20260407,meeting,fdubois,21600.0
staff-office-the-university-of-cambford-20260407,meeting,fdubois,64800.0
staff-office-the-university-of-cambford-20260407,meeting,fdubois,90000.0
staff-office-the-university-of-cambford-20260407,meeting,fdubois,86400.0
staff-office-the-university-of-cambford-20260407,meeting,fdubois,3600.0
staff-office-the-university-of-cambford-20260407,meeting,fdubois,90000.0
staff-office-the-university-of-cambford-20260407,meeting,fdubois,75600.0
staff-office-the-university-of-cambford-20260407,meeting,fdubois,12600.0
staff-office-the-university-of-cambford-20260407,meeting,fdubois,91800.0
staff-office-the-university-of-cambford-20260407,meeting,fdubois,72000.0
staff-office-the-university-of-cambford-20260407,meeting,fdubois,7200.0
staff-office-the-university-of-cambford-20260407,meeting,fdubois,3600.0
staff-office-the-university-of-cambford-20260407,meeting,fdubois,75600.0
staff-office-the-university-of-cambford-20260407,meeting,fdubois,7200.0
staff-office-the-university-of-cambford-20260407,meeting,yabdul,79200.0
staff-office-the-university-of-cambford-20260407,meeting,yabdul,73800.0
staff-office-the-university-of-cambford-20260407,meeting,yabdul,95400.0
staff-office-the-university-of-cambford-20260407,meeting,yabdul,10800.0
staff-office-the-university-of-cambford-20260407,meeting,yabdul,79200.0
staff-office-the-university-of-cambford-20260407,meeting,yabdul,84600.0
staff-office-the-university-of-cambford-20260407,meeting,yabdul,81000.0
staff-office-the-university-of-cambford-20260407,meeting,yabdul,90000.0
staff-office-the-university-of-cambford-20260407,meeting,yabdul,90000.0
staff-office-the-university-of-cambford-20260407,meeting,yabdul,72000.0
staff-office-the-university-of-cambford-20260407,meeting,yabdul,95400.0
staff-office-the-university-of-cambford-20260407,meeting,yabdul,81000.0
staff-office-the-university-of-cambford-20260407,meeting,yabdul,93600.0
staff-office-the-university-of-cambford-20260407,meeting,yabdul,82800.0
staff-office-the-university-of-cambford-20260407,meeting,jokonkwo,86400.0
staff-office-the-university-of-cambford-20260407,meeting,jokonkwo,439200.0
staff-office-the-university-of-cambford-20260407,meeting,jokonkwo,82800.0
staff-office-the-university-of-cambford-20260407,meeting,jokonkwo,352800.0
staff-office-the-university-of-cambford-20260407,meeting,jokonkwo,90000.0
staff-office-the-university-of-cambford-20260407,meeting,akabir,86400.0
staff-office-the-university-of-cambford-20260407,meeting,akabir,7200.0
staff-office-the-university-of-cambford-20260407,meeting,akabir,88200.0
staff-office-the-university-of-cambford-20260407,meeting,akabir,5400.0
staff-office-the-university-of-cambford-20260407,meeting,akabir,77400.0
staff-office-the-university-of-cambford-20260407,meeting,akabir,167400.0
staff-office-the-university-of-cambford-20260407,meeting,akabir,90000.0
staff-office-the-university-of-cambford-20260407,meeting,akabir,10800.0
staff-office-the-university-of-cambford-20260407,meeting,akabir,75600.0
staff-office-the-university-of-cambford-20260407,meeting,akabir,82800.0
staff-office-the-university-of-cambford-20260407,meeting,akabir,10800.0
staff-office-the-university-of-cambford-20260407,meeting,akabir,162000.0
staff-office-the-university-of-cambford-20260407,meeting,akabir,18000.0
staff-office-the-university-of-cambford-20260407,meeting,akabir,72000.0
staff-office-the-university-of-cambford-20260407,meeting,akabir,86400.0
staff-office-the-university-of-cambford-20260407,meeting,ktanaka,90000.0
staff-office-the-university-of-cambford-20260407,meeting,ktanaka,79200.0
staff-office-the-university-of-cambford-20260407,meeting,ktanaka,5400.0
staff-office-the-university-of-cambford-20260407,meeting,ktanaka,10800.0
staff-office-the-university-of-cambford-20260407,meeting,ktanaka,75600.0
staff-office-the-university-of-cambford-20260407,meeting,ktanaka,9000.0
staff-office-the-university-of-cambford-20260407,meeting,ktanaka,241200.0
staff-office-the-university-of-cambford-20260407,meeting,ktanaka,18000.0
staff-office-the-university-of-cambford-20260407,meeting,ktanaka,68400.0
staff-office-the-university-of-cambford-20260407,meeting,ktanaka,14400.0
staff-office-the-university-of-cambford-20260407,meeting,ktanaka,338400.0
staff-office-the-university-of-cambford-20260407,meeting,ktanaka,79200.0
staff-office-the-university-of-cambford-20260407,meeting,ktanaka,7200.0
staff-office-the-university-of-cambford-20260407,meeting,ysilva,18000.0
staff-office-the-university-of-cambford-20260407,meeting,ysilva,243000.0
staff-office-the-university-of-cambford-20260407,meeting,ysilva,268200.0
staff-office-the-university-of-cambford-20260407,meeting,ysilva,86400.0
staff-office-the-university-of-cambford-20260407,meeting,npande,172800.0
staff-office-the-university-of-cambford-20260407,meeting,aramirez,342000.0
staff-office-the-university-of-cambford-20260407,meeting,aramirez,428400.0
staff-office-the-university-of-cambford-20260407,meeting,aramirez,79200.0
staff-office-the-university-of-cambford-20260407,meeting,mgarcia,90000.0
staff-office-the-university-of-cambford-20260407,meeting,mgarcia,774000.0
staff-office-the-university-of-cambford-20260407,meeting,jokonkwo_4,86400.0
staff-office-the-university-of-cambford-20260407,meeting,jokonkwo_4,10800.0
staff-office-the-university-of-cambford-20260407,meeting,jokonkwo_4,10800.0
staff-office-the-university-of-cambford-20260407,meeting,jokonkwo_4,72000.0
staff-office-the-university-of-cambford-20260407,meeting,jokonkwo_4,82800.0
staff-office-the-university-of-cambford-20260407,meeting,jokonkwo_4,169200.0
staff-office-the-university-of-cambford-20260407,meeting,jokonkwo_4,86400.0
staff-office-the-university-of-cambford-20260407,meeting,jokonkwo_4,86400.0
staff-office-the-university-of-cambford-20260407,meeting,jokonkwo_4,90000.0
staff-office-the-university-of-cambford-20260407,meeting,jokonkwo_4,86400.0
