tenant,channel,sender,iet_seconds
zai-intelligence-20260408,email,arendón,108900.0
zai-intelligence-20260408,email,arendón,153000.0
zai-intelligence-20260408,email,arendón,10800.0
zai-intelligence-20260408,email,arendón,347400.0
zai-intelligence-20260408,email,arendón,78300.0
zai-intelligence-20260408,email,arendón,94500.0
zai-intelligence-20260408,email,arendón,71100.0
zai-intelligence-20260408,email,arendón,258300.0
zai-intelligence-20260408,email,arendón,136800.0
zai-intelligence-20260408,email,arendón,39600.0
zai-intelligence-20260408,email,arendón,346500.0
zai-intelligence-20260408,email,arendón,94500.0
zai-intelligence-20260408,email,arendón,10800.0
zai-intelligence-20260408,email,arendón,153900.0
zai-intelligence-20260408,email,arendón,172800.0
zai-intelligence-20260408,email,arendón,172500.0
zai-intelligence-20260408,email,arendón,84000.0
zai-intelligence-20260408,email,arendón,90000.0
zai-intelligence-20260408,email,arendón,102600.0
zai-intelligence-20260408,email,kpetrov,261000.0
zai-intelligence-20260408,email,kpetrov,269100.0
zai-intelligence-20260408,email,kpetrov,83700.0
zai-intelligence-20260408,email,kpetrov,341100.0
zai-intelligence-20260408,email,kpetrov,694800.0
zai-intelligence-20260408,email,kpetrov,342900.0
zai-intelligence-20260408,email,kpetrov,441000.0
zai-intelligence-20260408,email,kpetrov,6300.0
zai-intelligence-20260408,email,mcarvalho,100800.0
zai-intelligence-20260408,email,mcarvalho,9000.0
zai-intelligence-20260408,email,mcarvalho,86400.0
zai-intelligence-20260408,email,mcarvalho,68400.0
zai-intelligence-20260408,email,mcarvalho,111600.0
zai-intelligence-20260408,email,mcarvalho,7200.0
zai-intelligence-20260408,email,mcarvalho,234000.0
zai-intelligence-20260408,email,mcarvalho,86400.0
zai-intelligence-20260408,email,mcarvalho,75600.0
zai-intelligence-20260408,email,mcarvalho,84600.0
zai-intelligence-20260408,email,mcarvalho,271800.0
zai-intelligence-20260408,email,mcarvalho,108000.0
zai-intelligence-20260408,email,mcarvalho,57600.0
zai-intelligence-20260408,email,mcarvalho,21600.0
zai-intelligence-20260408,email,mcarvalho,66600.0
zai-intelligence-20260408,email,mcarvalho,25200.0
zai-intelligence-20260408,email,mcarvalho,70200.0
zai-intelligence-20260408,email,mcarvalho,66600.0
zai-intelligence-20260408,email,mcarvalho,14400.0
zai-intelligence-20260408,email,mcarvalho,86400.0
zai-intelligence-20260408,email,mcarvalho,9000.0
zai-intelligence-20260408,email,mcarvalho,64800.0
zai-intelligence-20260408,email,mcarvalho,5400.0
zai-intelligence-20260408,email,mcarvalho,5400.0
zai-intelligence-20260408,email,mcarvalho,3600.0
zai-intelligence-20260408,email,mcarvalho,3600.0
zai-intelligence-20260408,email,mcarvalho,86400.0
zai-intelligence-20260408,email,mcarvalho,82800.0
zai-intelligence-20260408,email,mcarvalho,86400.0
zai-intelligence-20260408,email,mcarvalho,14400.0
zai-intelligence-20260408,email,mcarvalho,75600.0
zai-intelligence-20260408,email,mcarvalho,158400.0
zai-intelligence-20260408,email,mcarvalho,190800.0
zai-intelligence-20260408,email,mcarvalho,93600.0
zai-intelligence-20260408,email,mcarvalho,66600.0
zai-intelligence-20260408,email,hwang,81000.0
zai-intelligence-20260408,email,hwang,91800.0
zai-intelligence-20260408,email,hwang,19800.0
zai-intelligence-20260408,email,hwang,66600.0
zai-intelligence-20260408,email,hwang,108000.0
zai-intelligence-20260408,email,hwang,10800.0
zai-intelligence-20260408,email,hwang,58500.0
zai-intelligence-20260408,email,hwang,18900.0
zai-intelligence-20260408,email,hwang,59400.0
zai-intelligence-20260408,email,hwang,18000.0
zai-intelligence-20260408,email,hwang,68400.0
zai-intelligence-20260408,email,hwang,87300.0
zai-intelligence-20260408,email,hwang,85500.0
zai-intelligence-20260408,email,hwang,10800.0
zai-intelligence-20260408,email,hwang,82800.0
zai-intelligence-20260408,email,hwang,10800.0
zai-intelligence-20260408,email,hwang,75600.0
zai-intelligence-20260408,email,hwang,3600.0
zai-intelligence-20260408,email,hwang,169200.0
zai-intelligence-20260408,email,hwang,109800.0
zai-intelligence-20260408,email,hwang,73800.0
zai-intelligence-20260408,email,hwang,89100.0
zai-intelligence-20260408,email,hwang,85500.0
zai-intelligence-20260408,email,hwang,347400.0
zai-intelligence-20260408,email,hwang,72000.0
zai-intelligence-20260408,email,hwang,18000.0
zai-intelligence-20260408,email,hwang,88200.0
zai-intelligence-20260408,email,hwang,69300.0
zai-intelligence-20260408,email,hwang,6300.0
zai-intelligence-20260408,email,hwang,81000.0
zai-intelligence-20260408,email,hwang,3600.0
zai-intelligence-20260408,email,hwang,18000.0
zai-intelligence-20260408,email,hwang,53100.0
zai-intelligence-20260408,email,hwang,180900.0
zai-intelligence-20260408,email,hwang,8100.0
zai-intelligence-20260408,email,hwang,87300.0
zai-intelligence-20260408,email,hwang,71100.0
zai-intelligence-20260408,email,hwang,22500.0
zai-intelligence-20260408,email,jrodriguez,84600.0
zai-intelligence-20260408,email,jrodriguez,14400.0
zai-intelligence-20260408,email,jrodriguez,73800.0
zai-intelligence-20260408,email,jrodriguez,79200.0
zai-intelligence-20260408,email,jrodriguez,14400.0
zai-intelligence-20260408,email,jrodriguez,102600.0
zai-intelligence-20260408,email,jrodriguez,1800.0
zai-intelligence-20260408,email,jrodriguez,59400.0
zai-intelligence-20260408,email,jrodriguez,86400.0
zai-intelligence-20260408,email,jrodriguez,16200.0
zai-intelligence-20260408,email,jrodriguez,70200.0
zai-intelligence-20260408,email,jrodriguez,86400.0
zai-intelligence-20260408,email,jrodriguez,5400.0
zai-intelligence-20260408,email,jrodriguez,78300.0
zai-intelligence-20260408,email,jrodriguez,8100.0
zai-intelligence-20260408,email,jrodriguez,77400.0
zai-intelligence-20260408,email,jrodriguez,16200.0
zai-intelligence-20260408,email,jrodriguez,75600.0
zai-intelligence-20260408,email,jrodriguez,7200.0
zai-intelligence-20260408,email,jrodriguez,77400.0
zai-intelligence-20260408,email,jrodriguez,81000.0
zai-intelligence-20260408,email,jrodriguez,120600.0
zai-intelligence-20260408,email,jrodriguez,15300.0
zai-intelligence-20260408,email,jrodriguez,40500.0
zai-intelligence-20260408,email,jrodriguez,23400.0
zai-intelligence-20260408,email,jrodriguez,64800.0
zai-intelligence-20260408,email,jrodriguez,93600.0
zai-intelligence-20260408,email,jrodriguez,10800.0
zai-intelligence-20260408,email,jrodriguez,60300.0
zai-intelligence-20260408,email,jrodriguez,6300.0
zai-intelligence-20260408,email,jrodriguez,88200.0
zai-intelligence-20260408,email,jrodriguez,84600.0
zai-intelligence-20260408,email,jrodriguez,14400.0
zai-intelligence-20260408,email,jrodriguez,69300.0
zai-intelligence-20260408,email,jrodriguez,26100.0
zai-intelligence-20260408,email,jrodriguez,64800.0
zai-intelligence-20260408,email,jrodriguez,18000.0
zai-intelligence-20260408,email,jrodriguez,72000.0
zai-intelligence-20260408,email,jrodriguez,77400.0
zai-intelligence-20260408,email,jrodriguez,91800.0
zai-intelligence-20260408,email,jrodriguez,25200.0
zai-intelligence-20260408,email,jrodriguez,54900.0
zai-intelligence-20260408,email,jrodriguez,15300.0
zai-intelligence-20260408,email,jrodriguez,73800.0
zai-intelligence-20260408,email,jrodriguez,18000.0
zai-intelligence-20260408,email,jrodriguez,77400.0
zai-intelligence-20260408,email,jrodriguez,98100.0
zai-intelligence-20260408,email,jrodriguez,77400.0
zai-intelligence-20260408,email,tsharma,90000.0
zai-intelligence-20260408,email,tsharma,10800.0
zai-intelligence-20260408,email,tsharma,82800.0
zai-intelligence-20260408,email,tsharma,77400.0
zai-intelligence-20260408,email,tsharma,95400.0
zai-intelligence-20260408,email,tsharma,1800.0
zai-intelligence-20260408,email,tsharma,84600.0
zai-intelligence-20260408,email,tsharma,176400.0
zai-intelligence-20260408,email,tsharma,71100.0
zai-intelligence-20260408,email,tsharma,6300.0
zai-intelligence-20260408,email,tsharma,81000.0
zai-intelligence-20260408,email,tsharma,90000.0
zai-intelligence-20260408,email,tsharma,163800.0
zai-intelligence-20260408,email,tsharma,210600.0
zai-intelligence-20260408,email,tsharma,9000.0
zai-intelligence-20260408,email,tsharma,41400.0
zai-intelligence-20260408,email,tsharma,18000.0
zai-intelligence-20260408,email,tsharma,88200.0
zai-intelligence-20260408,email,tsharma,79200.0
zai-intelligence-20260408,email,tsharma,70200.0
zai-intelligence-20260408,email,tsharma,14400.0
zai-intelligence-20260408,email,tsharma,252000.0
zai-intelligence-20260408,email,tsharma,5400.0
zai-intelligence-20260408,email,tsharma,16200.0
zai-intelligence-20260408,email,tsharma,63000.0
zai-intelligence-20260408,email,tsharma,14400.0
zai-intelligence-20260408,email,tsharma,88200.0
zai-intelligence-20260408,email,tsharma,68400.0
zai-intelligence-20260408,email,tsharma,90000.0
zai-intelligence-20260408,email,tsharma,81000.0
zai-intelligence-20260408,email,tsharma,88200.0
zai-intelligence-20260408,email,tsharma,93600.0
zai-intelligence-20260408,email,tsharma,94500.0
zai-intelligence-20260408,email,tsharma,8100.0
zai-intelligence-20260408,email,tsharma,63000.0
zai-intelligence-20260408,email,tsharma,16200.0
zai-intelligence-20260408,email,okonkwo,618300.0
zai-intelligence-20260408,email,okonkwo,247500.0
zai-intelligence-20260408,email,okonkwo,382500.0
zai-intelligence-20260408,email,okonkwo,47700.0
zai-intelligence-20260408,email,okonkwo,948600.0
zai-intelligence-20260408,email,lzhao,169200.0
zai-intelligence-20260408,email,fribeiro,168300.0
zai-intelligence-20260408,email,fribeiro,18000.0
zai-intelligence-20260408,email,fribeiro,95400.0
zai-intelligence-20260408,email,fribeiro,75600.0
zai-intelligence-20260408,email,fribeiro,81900.0
zai-intelligence-20260408,email,fribeiro,95400.0
zai-intelligence-20260408,email,fribeiro,76500.0
zai-intelligence-20260408,email,fribeiro,170100.0
zai-intelligence-20260408,email,fribeiro,529500.0
zai-intelligence-20260408,email,fribeiro,96000.0
zai-intelligence-20260408,email,fribeiro,68400.0
zai-intelligence-20260408,email,fribeiro,169200.0
zai-intelligence-20260408,email,fribeiro,349200.0
zai-intelligence-20260408,email,fribeiro,176400.0
zai-intelligence-20260408,email,fribeiro,90000.0
zai-intelligence-20260408,email,fribeiro,184500.0
zai-intelligence-20260408,email,lkamau,447300.0
zai-intelligence-20260408,email,lkamau,338400.0
zai-intelligence-20260408,email,lkamau,514800.0
zai-intelligence-20260408,email,lkamau,18900.0
zai-intelligence-20260408,email,lkamau,247500.0
zai-intelligence-20260408,email,lkamau,160200.0
zai-intelligence-20260408,email,lkamau,190800.0
zai-intelligence-20260408,email,lkamau,516600.0
zai-intelligence-20260408,email,lkamau,79200.0
zai-intelligence-20260408,email,arendon,196200.0
zai-intelligence-20260408,email,arendon,66600.0
zai-intelligence-20260408,email,arendon,82800.0
zai-intelligence-20260408,email,arendon,16200.0
zai-intelligence-20260408,email,arendon,418500.0
zai-intelligence-20260408,email,arendon,85500.0
zai-intelligence-20260408,email,arendon,346500.0
zai-intelligence-20260408,email,arendon,94500.0
zai-intelligence-20260408,email,arendon,71100.0
zai-intelligence-20260408,email,arendon,2700.0
zai-intelligence-20260408,email,arendon,263700.0
zai-intelligence-20260408,email,arendon,173700.0
zai-intelligence-20260408,email,arendon,171000.0
zai-intelligence-20260408,email,arendon,21600.0
zai-intelligence-20260408,email,dschmidt,965700.0
zai-intelligence-20260408,email,achukwuma,258300.0
zai-intelligence-20260408,email,achukwuma,344700.0
zai-intelligence-20260408,email,achukwuma,340200.0
zai-intelligence-20260408,email,achukwuma,360000.0
zai-intelligence-20260408,email,achukwuma,593100.0
zai-intelligence-20260408,email,achukwuma,532800.0
zai-intelligence-20260408,email,mhamed,259200.0
zai-intelligence-20260408,email,mhamed,84600.0
zai-intelligence-20260408,email,mhamed,92700.0
zai-intelligence-20260408,email,mhamed,501300.0
zai-intelligence-20260408,email,mhamed,282600.0
zai-intelligence-20260408,email,mhamed,248400.0
zai-intelligence-20260408,email,mhamed,79200.0
zai-intelligence-20260408,email,mhamed,5400.0
zai-intelligence-20260408,email,mhamed,271800.0
zai-intelligence-20260408,email,mhamed,424800.0
zai-intelligence-20260408,email,mhamed,91800.0
zai-intelligence-20260408,email,mhamed,84600.0
zai-intelligence-20260408,email,hsingh,334800.0
zai-intelligence-20260408,email,nsharma,1730700.0
zai-intelligence-20260408,email,hnguyen,1215000.0
zai-intelligence-20260408,email,hnguyen,610200.0
zai-intelligence-20260408,email,hrteam,77400.0
zai-intelligence-20260408,email,hrteam,84600.0
zai-intelligence-20260408,email,mrodrigues,945000.0
zai-intelligence-20260408,email,mrodrigues,264600.0
zai-intelligence-20260408,email,hr,6600.0
zai-intelligence-20260408,email,hr,407400.0
zai-intelligence-20260408,email,hr,162000.0
zai-intelligence-20260408,email,hr,82800.0
zai-intelligence-20260408,email,hr,16200.0
zai-intelligence-20260408,email,hr,156600.0
zai-intelligence-20260408,email,hr,93600.0
zai-intelligence-20260408,email,hr,7200.0
zai-intelligence-20260408,email,hr,66600.0
zai-intelligence-20260408,email,hr,88200.0
zai-intelligence-20260408,email,hr,14400.0
zai-intelligence-20260408,email,hr,176400.0
zai-intelligence-20260408,email,coo,170100.0
zai-intelligence-20260408,email,coo,11700.0
zai-intelligence-20260408,email,coo,66600.0
zai-intelligence-20260408,chat,Katya Petrov,3.0
zai-intelligence-20260408,chat,Katya Petrov,57.0
zai-intelligence-20260408,chat,Katya Petrov,43.0
zai-intelligence-20260408,chat,Katya Petrov,34.0
zai-intelligence-20260408,chat,Katya Petrov,18.0
zai-intelligence-20260408,chat,Katya Petrov,45.0
zai-intelligence-20260408,chat,Katya Petrov,51.0
zai-intelligence-20260408,chat,Katya Petrov,22.0
zai-intelligence-20260408,chat,Katya Petrov,47.0
zai-intelligence-20260408,chat,Katya Petrov,33.0
zai-intelligence-20260408,chat,Katya Petrov,7.0
zai-intelligence-20260408,chat,Katya Petrov,49.0
zai-intelligence-20260408,chat,Katya Petrov,1.0
zai-intelligence-20260408,chat,Katya Petrov,43.0
zai-intelligence-20260408,chat,Katya Petrov,54.0
zai-intelligence-20260408,chat,Katya Petrov,33.0
zai-intelligence-20260408,chat,Katya Petrov,112.0
zai-intelligence-20260408,chat,Katya Petrov,74.0
zai-intelligence-20260408,chat,Katya Petrov,607854.0
zai-intelligence-20260408,chat,Katya Petrov,93.0
zai-intelligence-20260408,chat,Katya Petrov,115.0
zai-intelligence-20260408,chat,Katya Petrov,70.0
zai-intelligence-20260408,chat,Katya Petrov,75.0
zai-intelligence-20260408,chat,Katya Petrov,70.0
zai-intelligence-20260408,chat,Katya Petrov,50.0
zai-intelligence-20260408,chat,Katya Petrov,1101610.0
zai-intelligence-20260408,chat,Katya Petrov,135.0
zai-intelligence-20260408,chat,Katya Petrov,91.0
zai-intelligence-20260408,chat,Katya Petrov,144.0
zai-intelligence-20260408,chat,Katya Petrov,140.0
zai-intelligence-20260408,chat,Katya Petrov,85.0
zai-intelligence-20260408,chat,Katya Petrov,110.0
zai-intelligence-20260408,chat,Katya Petrov,170.0
zai-intelligence-20260408,chat,Katya Petrov,80.0
zai-intelligence-20260408,chat,Katya Petrov,95.0
zai-intelligence-20260408,chat,Katya Petrov,257760.0
zai-intelligence-20260408,chat,Katya Petrov,85.0
zai-intelligence-20260408,chat,Katya Petrov,125.0
zai-intelligence-20260408,chat,Katya Petrov,177.0
zai-intelligence-20260408,chat,Katya Petrov,86.0
zai-intelligence-20260408,chat,Katya Petrov,94.0
zai-intelligence-20260408,chat,Katya Petrov,66.0
zai-intelligence-20260408,chat,Katya Petrov,113.0
zai-intelligence-20260408,chat,Katya Petrov,87.0
zai-intelligence-20260408,chat,Katya Petrov,85414.0
zai-intelligence-20260408,chat,Katya Petrov,153.0
zai-intelligence-20260408,chat,Katya Petrov,99.0
zai-intelligence-20260408,chat,Katya Petrov,98.0
zai-intelligence-20260408,chat,Katya Petrov,163.0
zai-intelligence-20260408,chat,Katya Petrov,90.0
zai-intelligence-20260408,chat,Katya Petrov,93.0
zai-intelligence-20260408,chat,Katya Petrov,82.0
zai-intelligence-20260408,chat,Lilian Kamau,83.0
zai-intelligence-20260408,chat,Lilian Kamau,95.0
zai-intelligence-20260408,chat,Lilian Kamau,53.0
zai-intelligence-20260408,chat,Lilian Kamau,40.0
zai-intelligence-20260408,chat,Lilian Kamau,72.0
zai-intelligence-20260408,chat,Lilian Kamau,45.0
zai-intelligence-20260408,chat,Lilian Kamau,75.0
zai-intelligence-20260408,chat,Lilian Kamau,135.0
zai-intelligence-20260408,chat,Lilian Kamau,61.0
zai-intelligence-20260408,chat,Lilian Kamau,605879.0
zai-intelligence-20260408,chat,Lilian Kamau,45.0
zai-intelligence-20260408,chat,Lilian Kamau,65.0
zai-intelligence-20260408,chat,Lilian Kamau,65.0
zai-intelligence-20260408,chat,Lilian Kamau,40.0
zai-intelligence-20260408,chat,Lilian Kamau,42.0
zai-intelligence-20260408,chat,Lilian Kamau,43.0
zai-intelligence-20260408,chat,Lilian Kamau,55.0
zai-intelligence-20260408,chat,Lilian Kamau,66870.0
zai-intelligence-20260408,chat,Lilian Kamau,52.0
zai-intelligence-20260408,chat,Lilian Kamau,88.0
zai-intelligence-20260408,chat,Lilian Kamau,95.0
zai-intelligence-20260408,chat,Lilian Kamau,66.0
zai-intelligence-20260408,chat,Lilian Kamau,143.0
zai-intelligence-20260408,chat,Lilian Kamau,56.0
zai-intelligence-20260408,chat,Lilian Kamau,272.0
zai-intelligence-20260408,chat,Lilian Kamau,68.0
zai-intelligence-20260408,chat,Lilian Kamau,52.0
zai-intelligence-20260408,chat,Lilian Kamau,517590.0
zai-intelligence-20260408,chat,Lilian Kamau,142.0
zai-intelligence-20260408,chat,Lilian Kamau,171.0
zai-intelligence-20260408,chat,Lilian Kamau,154.0
zai-intelligence-20260408,chat,Lilian Kamau,82.0
zai-intelligence-20260408,chat,Lilian Kamau,121.0
zai-intelligence-20260408,chat,Lilian Kamau,136.0
zai-intelligence-20260408,chat,Lilian Kamau,124.0
zai-intelligence-20260408,chat,Lilian Kamau,1122343.0
zai-intelligence-20260408,chat,Lilian Kamau,85.0
zai-intelligence-20260408,chat,Lilian Kamau,65.0
zai-intelligence-20260408,chat,Lilian Kamau,55.0
zai-intelligence-20260408,chat,Lilian Kamau,55.0
zai-intelligence-20260408,chat,Lilian Kamau,70.0
zai-intelligence-20260408,chat,Lilian Kamau,60.0
zai-intelligence-20260408,chat,Lilian Kamau,75.0
zai-intelligence-20260408,chat,Lilian Kamau,45.0
zai-intelligence-20260408,chat,Lilian Kamau,55.0
zai-intelligence-20260408,chat,Lilian Kamau,175644.0
zai-intelligence-20260408,chat,Lilian Kamau,71.0
zai-intelligence-20260408,chat,Lilian Kamau,73.0
zai-intelligence-20260408,chat,Lilian Kamau,57.0
zai-intelligence-20260408,chat,Lilian Kamau,55.0
zai-intelligence-20260408,chat,Lilian Kamau,55.0
zai-intelligence-20260408,chat,Lilian Kamau,40.0
zai-intelligence-20260408,chat,Lilian Kamau,55.0
zai-intelligence-20260408,chat,Lilian Kamau,50.0
zai-intelligence-20260408,chat,Mateo Carvalho,162.0
zai-intelligence-20260408,chat,Mateo Carvalho,86.0
zai-intelligence-20260408,chat,Mateo Carvalho,137.0
zai-intelligence-20260408,chat,Mateo Carvalho,135.0
zai-intelligence-20260408,chat,Mateo Carvalho,148.0
zai-intelligence-20260408,chat,Mateo Carvalho,125.0
zai-intelligence-20260408,chat,Mateo Carvalho,16797.0
zai-intelligence-20260408,chat,Mateo Carvalho,33.0
zai-intelligence-20260408,chat,Mateo Carvalho,30.0
zai-intelligence-20260408,chat,Mateo Carvalho,27.0
zai-intelligence-20260408,chat,Mateo Carvalho,41.0
zai-intelligence-20260408,chat,Mateo Carvalho,42.0
zai-intelligence-20260408,chat,Mateo Carvalho,40.0
zai-intelligence-20260408,chat,Mateo Carvalho,50.0
zai-intelligence-20260408,chat,Mateo Carvalho,39.0
zai-intelligence-20260408,chat,Mateo Carvalho,1275706.0
zai-intelligence-20260408,chat,Mateo Carvalho,192.0
zai-intelligence-20260408,chat,Mateo Carvalho,128.0
zai-intelligence-20260408,chat,Mateo Carvalho,175.0
zai-intelligence-20260408,chat,Mateo Carvalho,175.0
zai-intelligence-20260408,chat,Mateo Carvalho,170.0
zai-intelligence-20260408,chat,Mateo Carvalho,200.0
zai-intelligence-20260408,chat,Mateo Carvalho,165.0
zai-intelligence-20260408,chat,Mateo Carvalho,160.0
zai-intelligence-20260408,chat,Mateo Carvalho,105.0
zai-intelligence-20260408,chat,Mateo Carvalho,87210.0
zai-intelligence-20260408,chat,Mateo Carvalho,123.0
zai-intelligence-20260408,chat,Mateo Carvalho,122.0
zai-intelligence-20260408,chat,Mateo Carvalho,140.0
zai-intelligence-20260408,chat,Mateo Carvalho,125.0
zai-intelligence-20260408,chat,Mateo Carvalho,90.0
zai-intelligence-20260408,chat,Mateo Carvalho,150.0
zai-intelligence-20260408,chat,Mateo Carvalho,130.0
zai-intelligence-20260408,chat,Mateo Carvalho,120.0
zai-intelligence-20260408,chat,Mateo Carvalho,65.0
zai-intelligence-20260408,chat,Mateo Carvalho,261150.0
zai-intelligence-20260408,chat,Mateo Carvalho,57.0
zai-intelligence-20260408,chat,Mateo Carvalho,49.0
zai-intelligence-20260408,chat,Mateo Carvalho,26.0
zai-intelligence-20260408,chat,Mateo Carvalho,43.0
zai-intelligence-20260408,chat,Mateo Carvalho,73.0
zai-intelligence-20260408,chat,Mateo Carvalho,47.0
zai-intelligence-20260408,chat,Mateo Carvalho,920.0
zai-intelligence-20260408,chat,Mateo Carvalho,55.0
zai-intelligence-20260408,chat,Mateo Carvalho,767.0
zai-intelligence-20260408,chat,Mateo Carvalho,60.0
zai-intelligence-20260408,chat,Mateo Carvalho,81288.0
zai-intelligence-20260408,chat,Mateo Carvalho,75.0
zai-intelligence-20260408,chat,Mateo Carvalho,150.0
zai-intelligence-20260408,chat,Mateo Carvalho,55.0
zai-intelligence-20260408,chat,Mateo Carvalho,65.0
zai-intelligence-20260408,chat,Mateo Carvalho,60.0
zai-intelligence-20260408,chat,Mateo Carvalho,60.0
zai-intelligence-20260408,chat,Mateo Carvalho,45.0
zai-intelligence-20260408,chat,Mateo Carvalho,90.0
zai-intelligence-20260408,chat,Mateo Carvalho,60.0
zai-intelligence-20260408,chat,Mateo Carvalho,50.0
zai-intelligence-20260408,chat,Mateo Carvalho,103693.0
zai-intelligence-20260408,chat,Mateo Carvalho,62.0
zai-intelligence-20260408,chat,Mateo Carvalho,77.0
zai-intelligence-20260408,chat,Mateo Carvalho,65.0
zai-intelligence-20260408,chat,Mateo Carvalho,74.0
zai-intelligence-20260408,chat,Mateo Carvalho,57.0
zai-intelligence-20260408,chat,Mateo Carvalho,47.0
zai-intelligence-20260408,chat,Mateo Carvalho,64295.0
zai-intelligence-20260408,chat,Mateo Carvalho,192.0
zai-intelligence-20260408,chat,Mateo Carvalho,108.0
zai-intelligence-20260408,chat,Mateo Carvalho,40.0
zai-intelligence-20260408,chat,Mateo Carvalho,90.0
zai-intelligence-20260408,chat,Mateo Carvalho,40.0
zai-intelligence-20260408,chat,Mateo Carvalho,100.0
zai-intelligence-20260408,chat,Mateo Carvalho,60.0
zai-intelligence-20260408,chat,Mateo Carvalho,105.0
zai-intelligence-20260408,chat,Mateo Carvalho,55.0
zai-intelligence-20260408,chat,Mateo Carvalho,122.0
zai-intelligence-20260408,chat,Mateo Carvalho,38.0
zai-intelligence-20260408,chat,Mateo Carvalho,115.0
zai-intelligence-20260408,chat,Mateo Carvalho,55.0
zai-intelligence-20260408,chat,Mateo Carvalho,65.0
zai-intelligence-20260408,chat,Mateo Carvalho,180.0
zai-intelligence-20260408,chat,Mateo Carvalho,85155.0
zai-intelligence-20260408,chat,Mateo Carvalho,130.0
zai-intelligence-20260408,chat,Mateo Carvalho,95.0
zai-intelligence-20260408,chat,Mateo Carvalho,90.0
zai-intelligence-20260408,chat,Mateo Carvalho,90.0
zai-intelligence-20260408,chat,Mateo Carvalho,85.0
zai-intelligence-20260408,chat,Mateo Carvalho,95.0
zai-intelligence-20260408,chat,Mateo Carvalho,85.0
zai-intelligence-20260408,chat,Mateo Carvalho,80.0
zai-intelligence-20260408,chat,Mateo Carvalho,60.0
zai-intelligence-20260408,chat,Mateo Carvalho,88605.0
zai-intelligence-20260408,chat,Mateo Carvalho,168.0
zai-intelligence-20260408,chat,Mateo Carvalho,89.0
zai-intelligence-20260408,chat,Mateo Carvalho,92.0
zai-intelligence-20260408,chat,Mateo Carvalho,81.0
zai-intelligence-20260408,chat,Mateo Carvalho,85.0
zai-intelligence-20260408,chat,Mateo Carvalho,45.0
zai-intelligence-20260408,chat,Mateo Carvalho,3806.0
zai-intelligence-20260408,chat,Mateo Carvalho,85.0
zai-intelligence-20260408,chat,Mateo Carvalho,69.0
zai-intelligence-20260408,chat,Mateo Carvalho,72.0
zai-intelligence-20260408,chat,Mateo Carvalho,58.0
zai-intelligence-20260408,chat,Mateo Carvalho,60.0
zai-intelligence-20260408,chat,Mateo Carvalho,63.0
zai-intelligence-20260408,chat,Mateo Carvalho,168826.0
zai-intelligence-20260408,chat,Mateo Carvalho,51.0
zai-intelligence-20260408,chat,Mateo Carvalho,47.0
zai-intelligence-20260408,chat,Mateo Carvalho,49.0
zai-intelligence-20260408,chat,Mateo Carvalho,44.0
zai-intelligence-20260408,chat,Mateo Carvalho,55.0
zai-intelligence-20260408,chat,Mateo Carvalho,50.0
zai-intelligence-20260408,chat,Mateo Carvalho,42.0
zai-intelligence-20260408,chat,Mateo Carvalho,38.0
zai-intelligence-20260408,chat,Mateo Carvalho,50.0
zai-intelligence-20260408,chat,Mateo Carvalho,50.0
zai-intelligence-20260408,chat,Mateo Carvalho,50.0
zai-intelligence-20260408,chat,Mateo Carvalho,40.0
zai-intelligence-20260408,chat,Mateo Carvalho,345000.0
zai-intelligence-20260408,chat,Mateo Carvalho,155.0
zai-intelligence-20260408,chat,Mateo Carvalho,90.0
zai-intelligence-20260408,chat,Mateo Carvalho,127.0
zai-intelligence-20260408,chat,Mateo Carvalho,108.0
zai-intelligence-20260408,chat,Mateo Carvalho,140.0
zai-intelligence-20260408,chat,Mateo Carvalho,100.0
zai-intelligence-20260408,chat,Julia Rodriguez,31.0
zai-intelligence-20260408,chat,Julia Rodriguez,28.0
zai-intelligence-20260408,chat,Julia Rodriguez,28.0
zai-intelligence-20260408,chat,Julia Rodriguez,50.0
zai-intelligence-20260408,chat,Julia Rodriguez,42.0
zai-intelligence-20260408,chat,Julia Rodriguez,43.0
zai-intelligence-20260408,chat,Julia Rodriguez,46.0
zai-intelligence-20260408,chat,Julia Rodriguez,29.0
zai-intelligence-20260408,chat,Julia Rodriguez,172218.0
zai-intelligence-20260408,chat,Julia Rodriguez,76.0
zai-intelligence-20260408,chat,Julia Rodriguez,64.0
zai-intelligence-20260408,chat,Julia Rodriguez,67.0
zai-intelligence-20260408,chat,Julia Rodriguez,33.0
zai-intelligence-20260408,chat,Julia Rodriguez,60.0
zai-intelligence-20260408,chat,Julia Rodriguez,76.0
zai-intelligence-20260408,chat,Julia Rodriguez,61.0
zai-intelligence-20260408,chat,Julia Rodriguez,78.0
zai-intelligence-20260408,chat,Julia Rodriguez,55.0
zai-intelligence-20260408,chat,Julia Rodriguez,83.0
zai-intelligence-20260408,chat,Julia Rodriguez,52.0
zai-intelligence-20260408,chat,Julia Rodriguez,158332.0
zai-intelligence-20260408,chat,Julia Rodriguez,101.0
zai-intelligence-20260408,chat,Julia Rodriguez,129.0
zai-intelligence-20260408,chat,Julia Rodriguez,130.0
zai-intelligence-20260408,chat,Julia Rodriguez,23.0
zai-intelligence-20260408,chat,Julia Rodriguez,83.0
zai-intelligence-20260408,chat,Julia Rodriguez,127.0
zai-intelligence-20260408,chat,Julia Rodriguez,179.0
zai-intelligence-20260408,chat,Julia Rodriguez,268.0
zai-intelligence-20260408,chat,Julia Rodriguez,89.0
zai-intelligence-20260408,chat,Julia Rodriguez,181.0
zai-intelligence-20260408,chat,Julia Rodriguez,96.0
zai-intelligence-20260408,chat,Julia Rodriguez,86.0
zai-intelligence-20260408,chat,Julia Rodriguez,81260.0
zai-intelligence-20260408,chat,Julia Rodriguez,61.0
zai-intelligence-20260408,chat,Julia Rodriguez,63.0
zai-intelligence-20260408,chat,Julia Rodriguez,70.0
zai-intelligence-20260408,chat,Julia Rodriguez,57.0
zai-intelligence-20260408,chat,Julia Rodriguez,60.0
zai-intelligence-20260408,chat,Julia Rodriguez,50.0
zai-intelligence-20260408,chat,Julia Rodriguez,50.0
zai-intelligence-20260408,chat,Julia Rodriguez,190355.0
zai-intelligence-20260408,chat,Julia Rodriguez,122.0
zai-intelligence-20260408,chat,Julia Rodriguez,128.0
zai-intelligence-20260408,chat,Julia Rodriguez,55.0
zai-intelligence-20260408,chat,Julia Rodriguez,160.0
zai-intelligence-20260408,chat,Julia Rodriguez,75.0
zai-intelligence-20260408,chat,Julia Rodriguez,120.0
zai-intelligence-20260408,chat,Julia Rodriguez,150.0
zai-intelligence-20260408,chat,Julia Rodriguez,71235.0
zai-intelligence-20260408,chat,Julia Rodriguez,78.0
zai-intelligence-20260408,chat,Julia Rodriguez,85.0
zai-intelligence-20260408,chat,Julia Rodriguez,77.0
zai-intelligence-20260408,chat,Julia Rodriguez,76.0
zai-intelligence-20260408,chat,Julia Rodriguez,64.0
zai-intelligence-20260408,chat,Julia Rodriguez,70.0
zai-intelligence-20260408,chat,Julia Rodriguez,70.0
zai-intelligence-20260408,chat,Julia Rodriguez,85307.0
zai-intelligence-20260408,chat,Julia Rodriguez,58.0
zai-intelligence-20260408,chat,Julia Rodriguez,40.0
zai-intelligence-20260408,chat,Julia Rodriguez,225.0
zai-intelligence-20260408,chat,Julia Rodriguez,65.0
zai-intelligence-20260408,chat,Julia Rodriguez,360.0
zai-intelligence-20260408,chat,Julia Rodriguez,54.0
zai-intelligence-20260408,chat,Julia Rodriguez,21.0
zai-intelligence-20260408,chat,Julia Rodriguez,17148.0
zai-intelligence-20260408,chat,Julia Rodriguez,64.0
zai-intelligence-20260408,chat,Julia Rodriguez,75.0
zai-intelligence-20260408,chat,Julia Rodriguez,56.0
zai-intelligence-20260408,chat,Julia Rodriguez,82.0
zai-intelligence-20260408,chat,Julia Rodriguez,45.0
zai-intelligence-20260408,chat,Julia Rodriguez,70.0
zai-intelligence-20260408,chat,Julia Rodriguez,53.0
zai-intelligence-20260408,chat,Julia Rodriguez,362.0
zai-intelligence-20260408,chat,Julia Rodriguez,115.0
zai-intelligence-20260408,chat,Julia Rodriguez,67450.0
zai-intelligence-20260408,chat,Julia Rodriguez,90.0
zai-intelligence-20260408,chat,Julia Rodriguez,139.0
zai-intelligence-20260408,chat,Julia Rodriguez,78.0
zai-intelligence-20260408,chat,Julia Rodriguez,78.0
zai-intelligence-20260408,chat,Julia Rodriguez,72.0
zai-intelligence-20260408,chat,Julia Rodriguez,90.0
zai-intelligence-20260408,chat,Julia Rodriguez,72.0
zai-intelligence-20260408,chat,Julia Rodriguez,254966.0
zai-intelligence-20260408,chat,Julia Rodriguez,125.0
zai-intelligence-20260408,chat,Julia Rodriguez,275.0
zai-intelligence-20260408,chat,Julia Rodriguez,100.0
zai-intelligence-20260408,chat,Julia Rodriguez,75.0
zai-intelligence-20260408,chat,Julia Rodriguez,85.0
zai-intelligence-20260408,chat,Julia Rodriguez,70.0
zai-intelligence-20260408,chat,Julia Rodriguez,60.0
zai-intelligence-20260408,chat,Julia Rodriguez,335.0
zai-intelligence-20260408,chat,Julia Rodriguez,60.0
zai-intelligence-20260408,chat,Julia Rodriguez,210.0
zai-intelligence-20260408,chat,Julia Rodriguez,125.0
zai-intelligence-20260408,chat,Julia Rodriguez,89283.0
zai-intelligence-20260408,chat,Julia Rodriguez,82.0
zai-intelligence-20260408,chat,Julia Rodriguez,63.0
zai-intelligence-20260408,chat,Julia Rodriguez,34.0
zai-intelligence-20260408,chat,Julia Rodriguez,68.0
zai-intelligence-20260408,chat,Julia Rodriguez,211.0
zai-intelligence-20260408,chat,Julia Rodriguez,69.0
zai-intelligence-20260408,chat,Julia Rodriguez,29.0
zai-intelligence-20260408,chat,Julia Rodriguez,79866.0
zai-intelligence-20260408,chat,Julia Rodriguez,165.0
zai-intelligence-20260408,chat,Julia Rodriguez,150.0
zai-intelligence-20260408,chat,Julia Rodriguez,170.0
zai-intelligence-20260408,chat,Julia Rodriguez,160.0
zai-intelligence-20260408,chat,Julia Rodriguez,195.0
zai-intelligence-20260408,chat,Julia Rodriguez,175.0
zai-intelligence-20260408,chat,Julia Rodriguez,170.0
zai-intelligence-20260408,chat,Julia Rodriguez,145.0
zai-intelligence-20260408,chat,Julia Rodriguez,87137.0
zai-intelligence-20260408,chat,Julia Rodriguez,123.0
zai-intelligence-20260408,chat,Julia Rodriguez,55.0
zai-intelligence-20260408,chat,Julia Rodriguez,95.0
zai-intelligence-20260408,chat,Julia Rodriguez,84.0
zai-intelligence-20260408,chat,Julia Rodriguez,51.0
zai-intelligence-20260408,chat,Julia Rodriguez,31.0
zai-intelligence-20260408,chat,Julia Rodriguez,31.0
zai-intelligence-20260408,chat,Julia Rodriguez,43.0
zai-intelligence-20260408,chat,Julia Rodriguez,25.0
zai-intelligence-20260408,chat,Julia Rodriguez,51.0
zai-intelligence-20260408,chat,Julia Rodriguez,43.0
zai-intelligence-20260408,chat,Julia Rodriguez,1.0
zai-intelligence-20260408,chat,Julia Rodriguez,60.0
zai-intelligence-20260408,chat,Julia Rodriguez,16.0
zai-intelligence-20260408,chat,Julia Rodriguez,39.0
zai-intelligence-20260408,chat,Julia Rodriguez,27.0
zai-intelligence-20260408,chat,Julia Rodriguez,18.0
zai-intelligence-20260408,chat,Julia Rodriguez,65.0
zai-intelligence-20260408,chat,Julia Rodriguez,40.0
zai-intelligence-20260408,chat,Julia Rodriguez,344990.0
zai-intelligence-20260408,chat,Julia Rodriguez,150.0
zai-intelligence-20260408,chat,Julia Rodriguez,2.0
zai-intelligence-20260408,chat,Julia Rodriguez,78.0
zai-intelligence-20260408,chat,Julia Rodriguez,40.0
zai-intelligence-20260408,chat,Julia Rodriguez,90.0
zai-intelligence-20260408,chat,Julia Rodriguez,30.0
zai-intelligence-20260408,chat,Julia Rodriguez,90.0
zai-intelligence-20260408,chat,Julia Rodriguez,90.0
zai-intelligence-20260408,chat,Julia Rodriguez,90.0
zai-intelligence-20260408,chat,Julia Rodriguez,5.0
zai-intelligence-20260408,chat,Julia Rodriguez,85.0
zai-intelligence-20260408,chat,Julia Rodriguez,70.0
zai-intelligence-20260408,chat,Julia Rodriguez,20.0
zai-intelligence-20260408,chat,Julia Rodriguez,85.0
zai-intelligence-20260408,chat,Julia Rodriguez,5.0
zai-intelligence-20260408,chat,Julia Rodriguez,158.0
zai-intelligence-20260408,chat,Julia Rodriguez,227.0
zai-intelligence-20260408,chat,Julia Rodriguez,110.0
zai-intelligence-20260408,chat,Julia Rodriguez,160.0
zai-intelligence-20260408,chat,Julia Rodriguez,175.0
zai-intelligence-20260408,chat,Julia Rodriguez,100.0
zai-intelligence-20260408,chat,Julia Rodriguez,84435.0
zai-intelligence-20260408,chat,Julia Rodriguez,67.0
zai-intelligence-20260408,chat,Julia Rodriguez,166.0
zai-intelligence-20260408,chat,Julia Rodriguez,73.0
zai-intelligence-20260408,chat,Julia Rodriguez,66.0
zai-intelligence-20260408,chat,Julia Rodriguez,54.0
zai-intelligence-20260408,chat,Julia Rodriguez,113.0
zai-intelligence-20260408,chat,Julia Rodriguez,48.0
zai-intelligence-20260408,chat,Julia Rodriguez,81718.0
zai-intelligence-20260408,chat,Julia Rodriguez,150.0
zai-intelligence-20260408,chat,Julia Rodriguez,140.0
zai-intelligence-20260408,chat,Julia Rodriguez,160.0
zai-intelligence-20260408,chat,Julia Rodriguez,170.0
zai-intelligence-20260408,chat,Julia Rodriguez,160.0
zai-intelligence-20260408,chat,Julia Rodriguez,165.0
zai-intelligence-20260408,chat,Julia Rodriguez,165.0
zai-intelligence-20260408,chat,Julia Rodriguez,85795.0
zai-intelligence-20260408,chat,Julia Rodriguez,96.0
zai-intelligence-20260408,chat,Julia Rodriguez,89.0
zai-intelligence-20260408,chat,Julia Rodriguez,95.0
zai-intelligence-20260408,chat,Julia Rodriguez,80.0
zai-intelligence-20260408,chat,Julia Rodriguez,95.0
zai-intelligence-20260408,chat,Julia Rodriguez,90.0
zai-intelligence-20260408,chat,Julia Rodriguez,80.0
zai-intelligence-20260408,chat,Julia Rodriguez,75.0
zai-intelligence-20260408,chat,Julia Rodriguez,2935.0
zai-intelligence-20260408,chat,Julia Rodriguez,30.0
zai-intelligence-20260408,chat,Julia Rodriguez,35.0
zai-intelligence-20260408,chat,Julia Rodriguez,75.0
zai-intelligence-20260408,chat,Julia Rodriguez,25.0
zai-intelligence-20260408,chat,Julia Rodriguez,25.0
zai-intelligence-20260408,chat,Julia Rodriguez,100.0
zai-intelligence-20260408,chat,Julia Rodriguez,40.0
zai-intelligence-20260408,chat,Julia Rodriguez,45.0
zai-intelligence-20260408,chat,Julia Rodriguez,85.0
zai-intelligence-20260408,chat,Julia Rodriguez,30.0
zai-intelligence-20260408,chat,Julia Rodriguez,50.0
zai-intelligence-20260408,chat,Julia Rodriguez,105.0
zai-intelligence-20260408,chat,Julia Rodriguez,35.0
zai-intelligence-20260408,chat,Julia Rodriguez,105.0
zai-intelligence-20260408,chat,Julia Rodriguez,25.0
zai-intelligence-20260408,chat,Julia Rodriguez,45.0
zai-intelligence-20260408,chat,Julia Rodriguez,85.0
zai-intelligence-20260408,chat,Julia Rodriguez,20.0
zai-intelligence-20260408,chat,Julia Rodriguez,85.0
zai-intelligence-20260408,chat,Julia Rodriguez,25.0
zai-intelligence-20260408,chat,Julia Rodriguez,25.0
zai-intelligence-20260408,chat,Julia Rodriguez,45.0
zai-intelligence-20260408,chat,Julia Rodriguez,84647.0
zai-intelligence-20260408,chat,Julia Rodriguez,122.0
zai-intelligence-20260408,chat,Julia Rodriguez,89.0
zai-intelligence-20260408,chat,Julia Rodriguez,80.0
zai-intelligence-20260408,chat,Julia Rodriguez,94.0
zai-intelligence-20260408,chat,Julia Rodriguez,72.0
zai-intelligence-20260408,chat,Julia Rodriguez,3778.0
zai-intelligence-20260408,chat,Julia Rodriguez,83.0
zai-intelligence-20260408,chat,Julia Rodriguez,78.0
zai-intelligence-20260408,chat,Julia Rodriguez,67.0
zai-intelligence-20260408,chat,Julia Rodriguez,65.0
zai-intelligence-20260408,chat,Julia Rodriguez,63.0
zai-intelligence-20260408,chat,Julia Rodriguez,54.0
zai-intelligence-20260408,chat,Julia Rodriguez,63.0
zai-intelligence-20260408,chat,Julia Rodriguez,254985.0
zai-intelligence-20260408,chat,Julia Rodriguez,122.0
zai-intelligence-20260408,chat,Julia Rodriguez,92.0
zai-intelligence-20260408,chat,Julia Rodriguez,6.0
zai-intelligence-20260408,chat,Julia Rodriguez,80.0
zai-intelligence-20260408,chat,Julia Rodriguez,2.0
zai-intelligence-20260408,chat,Julia Rodriguez,68.0
zai-intelligence-20260408,chat,Julia Rodriguez,20.0
zai-intelligence-20260408,chat,Julia Rodriguez,80.0
zai-intelligence-20260408,chat,Julia Rodriguez,75.0
zai-intelligence-20260408,chat,Julia Rodriguez,42.0
zai-intelligence-20260408,chat,Julia Rodriguez,43.0
zai-intelligence-20260408,chat,Julia Rodriguez,75.0
zai-intelligence-20260408,chat,Julia Rodriguez,35.0
zai-intelligence-20260408,chat,Julia Rodriguez,30.0
zai-intelligence-20260408,chat,Julia Rodriguez,55.0
zai-intelligence-20260408,chat,Julia Rodriguez,20.0
zai-intelligence-20260408,chat,Julia Rodriguez,35.0
zai-intelligence-20260408,chat,Julia Rodriguez,45.0
zai-intelligence-20260408,chat,Julia Rodriguez,20.0
zai-intelligence-20260408,chat,Julia Rodriguez,55.0
zai-intelligence-20260408,chat,Julia Rodriguez,85580.0
zai-intelligence-20260408,chat,Julia Rodriguez,80.0
zai-intelligence-20260408,chat,Julia Rodriguez,85.0
zai-intelligence-20260408,chat,Julia Rodriguez,90.0
zai-intelligence-20260408,chat,Julia Rodriguez,55.0
zai-intelligence-20260408,chat,Julia Rodriguez,80.0
zai-intelligence-20260408,chat,Julia Rodriguez,50.0
zai-intelligence-20260408,chat,Julia Rodriguez,85.0
zai-intelligence-20260408,chat,Julia Rodriguez,65.0
zai-intelligence-20260408,chat,Julia Rodriguez,75.0
zai-intelligence-20260408,chat,Julia Rodriguez,55.0
zai-intelligence-20260408,chat,Julia Rodriguez,171962.0
zai-intelligence-20260408,chat,Julia Rodriguez,43.0
zai-intelligence-20260408,chat,Julia Rodriguez,50.0
zai-intelligence-20260408,chat,Julia Rodriguez,43.0
zai-intelligence-20260408,chat,Julia Rodriguez,32.0
zai-intelligence-20260408,chat,Julia Rodriguez,28.0
zai-intelligence-20260408,chat,Julia Rodriguez,4.0
zai-intelligence-20260408,chat,Julia Rodriguez,25.0
zai-intelligence-20260408,chat,Julia Rodriguez,33.0
zai-intelligence-20260408,chat,Julia Rodriguez,21.0
zai-intelligence-20260408,chat,Julia Rodriguez,29.0
zai-intelligence-20260408,chat,Julia Rodriguez,140.0
zai-intelligence-20260408,chat,Julia Rodriguez,95.0
zai-intelligence-20260408,chat,Julia Rodriguez,124.0
zai-intelligence-20260408,chat,Julia Rodriguez,126.0
zai-intelligence-20260408,chat,Julia Rodriguez,95.0
zai-intelligence-20260408,chat,Tanvi Sharma,42.0
zai-intelligence-20260408,chat,Tanvi Sharma,51.0
zai-intelligence-20260408,chat,Tanvi Sharma,49.0
zai-intelligence-20260408,chat,Tanvi Sharma,66.0
zai-intelligence-20260408,chat,Tanvi Sharma,55.0
zai-intelligence-20260408,chat,Tanvi Sharma,48.0
zai-intelligence-20260408,chat,Tanvi Sharma,35.0
zai-intelligence-20260408,chat,Tanvi Sharma,55.0
zai-intelligence-20260408,chat,Tanvi Sharma,33.0
zai-intelligence-20260408,chat,Tanvi Sharma,67991.0
zai-intelligence-20260408,chat,Tanvi Sharma,121.0
zai-intelligence-20260408,chat,Tanvi Sharma,89.0
zai-intelligence-20260408,chat,Tanvi Sharma,79.0
zai-intelligence-20260408,chat,Tanvi Sharma,80.0
zai-intelligence-20260408,chat,Tanvi Sharma,101.0
zai-intelligence-20260408,chat,Tanvi Sharma,83.0
zai-intelligence-20260408,chat,Tanvi Sharma,95.0
zai-intelligence-20260408,chat,Tanvi Sharma,62.0
zai-intelligence-20260408,chat,Tanvi Sharma,103765.0
zai-intelligence-20260408,chat,Tanvi Sharma,95.0
zai-intelligence-20260408,chat,Tanvi Sharma,80.0
zai-intelligence-20260408,chat,Tanvi Sharma,83.0
zai-intelligence-20260408,chat,Tanvi Sharma,86.0
zai-intelligence-20260408,chat,Tanvi Sharma,79.0
zai-intelligence-20260408,chat,Tanvi Sharma,92.0
zai-intelligence-20260408,chat,Tanvi Sharma,65.0
zai-intelligence-20260408,chat,Tanvi Sharma,52.0
zai-intelligence-20260408,chat,Tanvi Sharma,154811.0
zai-intelligence-20260408,chat,Tanvi Sharma,93.0
zai-intelligence-20260408,chat,Tanvi Sharma,52.0
zai-intelligence-20260408,chat,Tanvi Sharma,65.0
zai-intelligence-20260408,chat,Tanvi Sharma,75.0
zai-intelligence-20260408,chat,Tanvi Sharma,67.0
zai-intelligence-20260408,chat,Tanvi Sharma,59.0
zai-intelligence-20260408,chat,Tanvi Sharma,64.0
zai-intelligence-20260408,chat,Tanvi Sharma,67.0
zai-intelligence-20260408,chat,Tanvi Sharma,56.0
zai-intelligence-20260408,chat,Tanvi Sharma,42.0
zai-intelligence-20260408,chat,Tanvi Sharma,279613.0
zai-intelligence-20260408,chat,Tanvi Sharma,67.0
zai-intelligence-20260408,chat,Tanvi Sharma,52.0
zai-intelligence-20260408,chat,Tanvi Sharma,78.0
zai-intelligence-20260408,chat,Tanvi Sharma,65.0
zai-intelligence-20260408,chat,Tanvi Sharma,80.0
zai-intelligence-20260408,chat,Tanvi Sharma,60.0
zai-intelligence-20260408,chat,Tanvi Sharma,40.0
zai-intelligence-20260408,chat,Tanvi Sharma,168587.0
zai-intelligence-20260408,chat,Tanvi Sharma,366.0
zai-intelligence-20260408,chat,Tanvi Sharma,135.0
zai-intelligence-20260408,chat,Tanvi Sharma,97.0
zai-intelligence-20260408,chat,Tanvi Sharma,192.0
zai-intelligence-20260408,chat,Tanvi Sharma,190.0
zai-intelligence-20260408,chat,Tanvi Sharma,73.0
zai-intelligence-20260408,chat,Tanvi Sharma,85.0
zai-intelligence-20260408,chat,Tanvi Sharma,140.0
zai-intelligence-20260408,chat,Tanvi Sharma,586365.0
zai-intelligence-20260408,chat,Tanvi Sharma,90.0
zai-intelligence-20260408,chat,Tanvi Sharma,50.0
zai-intelligence-20260408,chat,Tanvi Sharma,43.0
zai-intelligence-20260408,chat,Tanvi Sharma,52.0
zai-intelligence-20260408,chat,Tanvi Sharma,65.0
zai-intelligence-20260408,chat,Tanvi Sharma,50.0
zai-intelligence-20260408,chat,Tanvi Sharma,55.0
zai-intelligence-20260408,chat,Tanvi Sharma,50.0
zai-intelligence-20260408,chat,Tanvi Sharma,35.0
zai-intelligence-20260408,chat,Tanvi Sharma,2267.0
zai-intelligence-20260408,chat,Tanvi Sharma,118.0
zai-intelligence-20260408,chat,Tanvi Sharma,95.0
zai-intelligence-20260408,chat,Tanvi Sharma,27.0
zai-intelligence-20260408,chat,Tanvi Sharma,223.0
zai-intelligence-20260408,chat,Tanvi Sharma,101.0
zai-intelligence-20260408,chat,Tanvi Sharma,87.0
zai-intelligence-20260408,chat,Tanvi Sharma,132.0
zai-intelligence-20260408,chat,Tanvi Sharma,82579.0
zai-intelligence-20260408,chat,Tanvi Sharma,134.0
zai-intelligence-20260408,chat,Tanvi Sharma,77.0
zai-intelligence-20260408,chat,Tanvi Sharma,77.0
zai-intelligence-20260408,chat,Tanvi Sharma,88.0
zai-intelligence-20260408,chat,Tanvi Sharma,71.0
zai-intelligence-20260408,chat,Tanvi Sharma,74.0
zai-intelligence-20260408,chat,Tanvi Sharma,65.0
zai-intelligence-20260408,chat,Tanvi Sharma,45.0
zai-intelligence-20260408,chat,Tanvi Sharma,65.0
zai-intelligence-20260408,chat,Tanvi Sharma,258470.0
zai-intelligence-20260408,chat,Tanvi Sharma,122.0
zai-intelligence-20260408,chat,Tanvi Sharma,130.0
zai-intelligence-20260408,chat,Tanvi Sharma,148.0
zai-intelligence-20260408,chat,Tanvi Sharma,90.0
zai-intelligence-20260408,chat,Tanvi Sharma,140.0
zai-intelligence-20260408,chat,Tanvi Sharma,95.0
zai-intelligence-20260408,chat,Tanvi Sharma,132.0
zai-intelligence-20260408,chat,Tanvi Sharma,128.0
zai-intelligence-20260408,chat,Tanvi Sharma,100.0
zai-intelligence-20260408,chat,Tanvi Sharma,167770.0
zai-intelligence-20260408,chat,Tanvi Sharma,150.0
zai-intelligence-20260408,chat,Tanvi Sharma,145.0
zai-intelligence-20260408,chat,Tanvi Sharma,160.0
zai-intelligence-20260408,chat,Tanvi Sharma,175.0
zai-intelligence-20260408,chat,Tanvi Sharma,165.0
zai-intelligence-20260408,chat,Tanvi Sharma,150.0
zai-intelligence-20260408,chat,Tanvi Sharma,3180.0
zai-intelligence-20260408,chat,Tanvi Sharma,165.0
zai-intelligence-20260408,chat,Tanvi Sharma,85.0
zai-intelligence-20260408,chat,Tanvi Sharma,210.0
zai-intelligence-20260408,chat,Tanvi Sharma,80.0
zai-intelligence-20260408,chat,Tanvi Sharma,125.0
zai-intelligence-20260408,chat,Tanvi Sharma,130.0
zai-intelligence-20260408,chat,Tanvi Sharma,75.0
zai-intelligence-20260408,chat,Tanvi Sharma,84942.0
zai-intelligence-20260408,chat,Tanvi Sharma,130.0
zai-intelligence-20260408,chat,Tanvi Sharma,85.0
zai-intelligence-20260408,chat,Tanvi Sharma,45.0
zai-intelligence-20260408,chat,Tanvi Sharma,90.0
zai-intelligence-20260408,chat,Tanvi Sharma,88.0
zai-intelligence-20260408,chat,Tanvi Sharma,91.0
zai-intelligence-20260408,chat,Tanvi Sharma,80.0
zai-intelligence-20260408,chat,Tanvi Sharma,84.0
zai-intelligence-20260408,chat,Tanvi Sharma,77.0
zai-intelligence-20260408,chat,Tanvi Sharma,121.0
zai-intelligence-20260408,chat,Tanvi Sharma,172497.0
zai-intelligence-20260408,chat,Tanvi Sharma,150.0
zai-intelligence-20260408,chat,Tanvi Sharma,91.0
zai-intelligence-20260408,chat,Tanvi Sharma,69.0
zai-intelligence-20260408,chat,Tanvi Sharma,115.0
zai-intelligence-20260408,chat,Tanvi Sharma,100.0
zai-intelligence-20260408,chat,Tanvi Sharma,85.0
zai-intelligence-20260408,chat,Tanvi Sharma,95.0
zai-intelligence-20260408,chat,Tanvi Sharma,130.0
zai-intelligence-20260408,chat,Tanvi Sharma,125.0
zai-intelligence-20260408,chat,Tanvi Sharma,90.0
zai-intelligence-20260408,chat,Tanvi Sharma,81045.0
zai-intelligence-20260408,chat,Tanvi Sharma,150.0
zai-intelligence-20260408,chat,Tanvi Sharma,140.0
zai-intelligence-20260408,chat,Tanvi Sharma,165.0
zai-intelligence-20260408,chat,Tanvi Sharma,160.0
zai-intelligence-20260408,chat,Tanvi Sharma,150.0
zai-intelligence-20260408,chat,Tanvi Sharma,160.0
zai-intelligence-20260408,chat,Tanvi Sharma,150.0
zai-intelligence-20260408,chat,Tanvi Sharma,160.0
zai-intelligence-20260408,chat,Tanvi Sharma,262124.0
zai-intelligence-20260408,chat,Tanvi Sharma,71.0
zai-intelligence-20260408,chat,Tanvi Sharma,85.0
zai-intelligence-20260408,chat,Tanvi Sharma,65.0
zai-intelligence-20260408,chat,Tanvi Sharma,47.0
zai-intelligence-20260408,chat,Tanvi Sharma,138.0
zai-intelligence-20260408,chat,Tanvi Sharma,70.0
zai-intelligence-20260408,chat,Tanvi Sharma,75.0
zai-intelligence-20260408,chat,Tanvi Sharma,70.0
zai-intelligence-20260408,chat,Tanvi Sharma,60.0
zai-intelligence-20260408,chat,Tanvi Sharma,85157.0
zai-intelligence-20260408,chat,Tanvi Sharma,93.0
zai-intelligence-20260408,chat,Tanvi Sharma,85.0
zai-intelligence-20260408,chat,Tanvi Sharma,124.0
zai-intelligence-20260408,chat,Tanvi Sharma,156.0
zai-intelligence-20260408,chat,Tanvi Sharma,20.0
zai-intelligence-20260408,chat,Tanvi Sharma,140.0
zai-intelligence-20260408,chat,Tanvi Sharma,60.0
zai-intelligence-20260408,chat,Hyejin Wang,165.0
zai-intelligence-20260408,chat,Hyejin Wang,121.0
zai-intelligence-20260408,chat,Hyejin Wang,105.0
zai-intelligence-20260408,chat,Hyejin Wang,128.0
zai-intelligence-20260408,chat,Hyejin Wang,165.0
zai-intelligence-20260408,chat,Hyejin Wang,156.0
zai-intelligence-20260408,chat,Hyejin Wang,85073.0
zai-intelligence-20260408,chat,Hyejin Wang,95.0
zai-intelligence-20260408,chat,Hyejin Wang,78.0
zai-intelligence-20260408,chat,Hyejin Wang,84.0
zai-intelligence-20260408,chat,Hyejin Wang,86.0
zai-intelligence-20260408,chat,Hyejin Wang,97.0
zai-intelligence-20260408,chat,Hyejin Wang,85.0
zai-intelligence-20260408,chat,Hyejin Wang,85.0
zai-intelligence-20260408,chat,Hyejin Wang,100058.0
zai-intelligence-20260408,chat,Hyejin Wang,55.0
zai-intelligence-20260408,chat,Hyejin Wang,51.0
zai-intelligence-20260408,chat,Hyejin Wang,71.0
zai-intelligence-20260408,chat,Hyejin Wang,59.0
zai-intelligence-20260408,chat,Hyejin Wang,59.0
zai-intelligence-20260408,chat,Hyejin Wang,55.0
zai-intelligence-20260408,chat,Hyejin Wang,35.0
zai-intelligence-20260408,chat,Hyejin Wang,3272.0
zai-intelligence-20260408,chat,Hyejin Wang,123.0
zai-intelligence-20260408,chat,Hyejin Wang,92.0
zai-intelligence-20260408,chat,Hyejin Wang,72.0
zai-intelligence-20260408,chat,Hyejin Wang,94.0
zai-intelligence-20260408,chat,Hyejin Wang,72.0
zai-intelligence-20260408,chat,Hyejin Wang,89.0
zai-intelligence-20260408,chat,Hyejin Wang,81.0
zai-intelligence-20260408,chat,Hyejin Wang,63.0
zai-intelligence-20260408,chat,Hyejin Wang,154794.0
zai-intelligence-20260408,chat,Hyejin Wang,86.0
zai-intelligence-20260408,chat,Hyejin Wang,77.0
zai-intelligence-20260408,chat,Hyejin Wang,57.0
zai-intelligence-20260408,chat,Hyejin Wang,66.0
zai-intelligence-20260408,chat,Hyejin Wang,76.0
zai-intelligence-20260408,chat,Hyejin Wang,56.0
zai-intelligence-20260408,chat,Hyejin Wang,68.0
zai-intelligence-20260408,chat,Hyejin Wang,122.0
zai-intelligence-20260408,chat,Hyejin Wang,50.0
zai-intelligence-20260408,chat,Hyejin Wang,172112.0
zai-intelligence-20260408,chat,Hyejin Wang,157.0
zai-intelligence-20260408,chat,Hyejin Wang,85.0
zai-intelligence-20260408,chat,Hyejin Wang,127.0
zai-intelligence-20260408,chat,Hyejin Wang,210.0
zai-intelligence-20260408,chat,Hyejin Wang,86.0
zai-intelligence-20260408,chat,Hyejin Wang,143.0
zai-intelligence-20260408,chat,Hyejin Wang,102.0
zai-intelligence-20260408,chat,Hyejin Wang,89.0
zai-intelligence-20260408,chat,Hyejin Wang,102714.0
zai-intelligence-20260408,chat,Hyejin Wang,47.0
zai-intelligence-20260408,chat,Hyejin Wang,350.0
zai-intelligence-20260408,chat,Hyejin Wang,78.0
zai-intelligence-20260408,chat,Hyejin Wang,64.0
zai-intelligence-20260408,chat,Hyejin Wang,47.0
zai-intelligence-20260408,chat,Hyejin Wang,48.0
zai-intelligence-20260408,chat,Hyejin Wang,101.0
zai-intelligence-20260408,chat,Hyejin Wang,44.0
zai-intelligence-20260408,chat,Hyejin Wang,759461.0
zai-intelligence-20260408,chat,Hyejin Wang,127.0
zai-intelligence-20260408,chat,Hyejin Wang,138.0
zai-intelligence-20260408,chat,Hyejin Wang,90.0
zai-intelligence-20260408,chat,Hyejin Wang,125.0
zai-intelligence-20260408,chat,Hyejin Wang,150.0
zai-intelligence-20260408,chat,Hyejin Wang,125.0
zai-intelligence-20260408,chat,Hyejin Wang,80.0
zai-intelligence-20260408,chat,Hyejin Wang,50.0
zai-intelligence-20260408,chat,Hyejin Wang,75.0
zai-intelligence-20260408,chat,Hyejin Wang,85399.0
zai-intelligence-20260408,chat,Hyejin Wang,51.0
zai-intelligence-20260408,chat,Hyejin Wang,45.0
zai-intelligence-20260408,chat,Hyejin Wang,48.0
zai-intelligence-20260408,chat,Hyejin Wang,49.0
zai-intelligence-20260408,chat,Hyejin Wang,47.0
zai-intelligence-20260408,chat,Hyejin Wang,48.0
zai-intelligence-20260408,chat,Hyejin Wang,45.0
zai-intelligence-20260408,chat,Hyejin Wang,175478.0
zai-intelligence-20260408,chat,Hyejin Wang,55.0
zai-intelligence-20260408,chat,Hyejin Wang,38.0
zai-intelligence-20260408,chat,Hyejin Wang,92.0
zai-intelligence-20260408,chat,Hyejin Wang,65.0
zai-intelligence-20260408,chat,Hyejin Wang,20.0
zai-intelligence-20260408,chat,Hyejin Wang,946.0
zai-intelligence-20260408,chat,Hyejin Wang,46.0
zai-intelligence-20260408,chat,Hyejin Wang,778.0
zai-intelligence-20260408,chat,Hyejin Wang,60.0
zai-intelligence-20260408,chat,Hyejin Wang,81300.0
zai-intelligence-20260408,chat,Hyejin Wang,45.0
zai-intelligence-20260408,chat,Hyejin Wang,92.0
zai-intelligence-20260408,chat,Hyejin Wang,68.0
zai-intelligence-20260408,chat,Hyejin Wang,65.0
zai-intelligence-20260408,chat,Hyejin Wang,55.0
zai-intelligence-20260408,chat,Hyejin Wang,70.0
zai-intelligence-20260408,chat,Hyejin Wang,50.0
zai-intelligence-20260408,chat,Hyejin Wang,135.0
zai-intelligence-20260408,chat,Hyejin Wang,65.0
zai-intelligence-20260408,chat,Hyejin Wang,40.0
zai-intelligence-20260408,chat,Hyejin Wang,103706.0
zai-intelligence-20260408,chat,Hyejin Wang,72.0
zai-intelligence-20260408,chat,Hyejin Wang,71.0
zai-intelligence-20260408,chat,Hyejin Wang,46.0
zai-intelligence-20260408,chat,Hyejin Wang,27.0
zai-intelligence-20260408,chat,Hyejin Wang,57.0
zai-intelligence-20260408,chat,Hyejin Wang,56.0
zai-intelligence-20260408,chat,Hyejin Wang,37.0
zai-intelligence-20260408,chat,Hyejin Wang,64383.0
zai-intelligence-20260408,chat,Hyejin Wang,165.0
zai-intelligence-20260408,chat,Hyejin Wang,118.0
zai-intelligence-20260408,chat,Hyejin Wang,154.0
zai-intelligence-20260408,chat,Hyejin Wang,173.0
zai-intelligence-20260408,chat,Hyejin Wang,158.0
zai-intelligence-20260408,chat,Hyejin Wang,152.0
zai-intelligence-20260408,chat,Hyejin Wang,130.0
zai-intelligence-20260408,chat,Hyejin Wang,348345.0
zai-intelligence-20260408,chat,Hyejin Wang,62.0
zai-intelligence-20260408,chat,Hyejin Wang,48.0
zai-intelligence-20260408,chat,Hyejin Wang,45.0
zai-intelligence-20260408,chat,Hyejin Wang,48.0
zai-intelligence-20260408,chat,Hyejin Wang,49.0
zai-intelligence-20260408,chat,Hyejin Wang,53.0
zai-intelligence-20260408,chat,Hyejin Wang,45.0
zai-intelligence-20260408,chat,Hyejin Wang,40.0
zai-intelligence-20260408,chat,Hyejin Wang,45.0
zai-intelligence-20260408,chat,Hyejin Wang,50.0
zai-intelligence-20260408,chat,Hyejin Wang,50.0
zai-intelligence-20260408,chat,Hyejin Wang,45.0
zai-intelligence-20260408,chat,Hyejin Wang,85715.0
zai-intelligence-20260408,chat,Hyejin Wang,105.0
zai-intelligence-20260408,chat,Hyejin Wang,7.0
zai-intelligence-20260408,chat,Hyejin Wang,74.0
zai-intelligence-20260408,chat,Hyejin Wang,9.0
zai-intelligence-20260408,chat,Hyejin Wang,68.0
zai-intelligence-20260408,chat,Hyejin Wang,2.0
zai-intelligence-20260408,chat,Hyejin Wang,70.0
zai-intelligence-20260408,chat,Hyejin Wang,32.0
zai-intelligence-20260408,chat,Hyejin Wang,18.0
zai-intelligence-20260408,chat,Hyejin Wang,60.0
zai-intelligence-20260408,chat,Hyejin Wang,60.0
zai-intelligence-20260408,chat,Hyejin Wang,5.0
zai-intelligence-20260408,chat,Hyejin Wang,65.0
zai-intelligence-20260408,chat,Hyejin Wang,20.0
zai-intelligence-20260408,chat,Hyejin Wang,45.0
zai-intelligence-20260408,chat,Hyejin Wang,20.0
zai-intelligence-20260408,chat,Hyejin Wang,30.0
zai-intelligence-20260408,chat,Hyejin Wang,45.0
zai-intelligence-20260408,chat,Hyejin Wang,70.0
zai-intelligence-20260408,chat,Hyejin Wang,90.0
zai-intelligence-20260408,chat,Hyejin Wang,85655.0
zai-intelligence-20260408,chat,Hyejin Wang,76.0
zai-intelligence-20260408,chat,Hyejin Wang,89.0
zai-intelligence-20260408,chat,Hyejin Wang,80.0
zai-intelligence-20260408,chat,Hyejin Wang,75.0
zai-intelligence-20260408,chat,Hyejin Wang,115.0
zai-intelligence-20260408,chat,Hyejin Wang,75.0
zai-intelligence-20260408,chat,Hyejin Wang,70.0
zai-intelligence-20260408,chat,Hyejin Wang,75.0
zai-intelligence-20260408,chat,Hyejin Wang,45.0
zai-intelligence-20260408,chat,Hyejin Wang,171400.0
zai-intelligence-20260408,chat,Hyejin Wang,85.0
zai-intelligence-20260408,chat,Hyejin Wang,92.0
zai-intelligence-20260408,chat,Hyejin Wang,103.0
zai-intelligence-20260408,chat,Hyejin Wang,87.0
zai-intelligence-20260408,chat,Hyejin Wang,142.0
zai-intelligence-20260408,chat,Hyejin Wang,16.0
zai-intelligence-20260408,chat,Hyejin Wang,37.0
zai-intelligence-20260408,chat,Hyejin Wang,38.0
zai-intelligence-20260408,chat,Hyejin Wang,7.0
zai-intelligence-20260408,chat,Hyejin Wang,38.0
zai-intelligence-20260408,chat,Hyejin Wang,7.0
zai-intelligence-20260408,chat,Hyejin Wang,32.0
zai-intelligence-20260408,chat,Hyejin Wang,38.0
zai-intelligence-20260408,chat,Hyejin Wang,28.0
zai-intelligence-20260408,chat,Hyejin Wang,30.0
zai-intelligence-20260408,chat,Hyejin Wang,28.0
zai-intelligence-20260408,chat,mateo_carvalho,57.0
zai-intelligence-20260408,chat,mateo_carvalho,63.0
zai-intelligence-20260408,chat,mateo_carvalho,58.0
zai-intelligence-20260408,chat,mateo_carvalho,50.0
zai-intelligence-20260408,chat,mateo_carvalho,61.0
zai-intelligence-20260408,chat,mateo_carvalho,39.0
zai-intelligence-20260408,chat,mateo_carvalho,58.0
zai-intelligence-20260408,chat,mateo_carvalho,51.0
zai-intelligence-20260408,chat,mateo_carvalho,42.0
zai-intelligence-20260408,chat,mateo_carvalho,85864.0
zai-intelligence-20260408,chat,mateo_carvalho,106.0
zai-intelligence-20260408,chat,mateo_carvalho,71.0
zai-intelligence-20260408,chat,mateo_carvalho,51.0
zai-intelligence-20260408,chat,mateo_carvalho,67.0
zai-intelligence-20260408,chat,mateo_carvalho,71.0
zai-intelligence-20260408,chat,mateo_carvalho,74.0
zai-intelligence-20260408,chat,mateo_carvalho,57.0
zai-intelligence-20260408,chat,mateo_carvalho,55.0
zai-intelligence-20260408,chat,mateo_carvalho,38.0
zai-intelligence-20260408,chat,mateo_carvalho,85900.0
zai-intelligence-20260408,chat,mateo_carvalho,49.0
zai-intelligence-20260408,chat,mateo_carvalho,71.0
zai-intelligence-20260408,chat,mateo_carvalho,53.0
zai-intelligence-20260408,chat,mateo_carvalho,44.0
zai-intelligence-20260408,chat,mateo_carvalho,53.0
zai-intelligence-20260408,chat,mateo_carvalho,47.0
zai-intelligence-20260408,chat,mateo_carvalho,42.0
zai-intelligence-20260408,chat,mateo_carvalho,54.0
zai-intelligence-20260408,chat,mateo_carvalho,37.0
zai-intelligence-20260408,chat,mateo_carvalho,155127.0
zai-intelligence-20260408,chat,mateo_carvalho,83.0
zai-intelligence-20260408,chat,mateo_carvalho,130.0
zai-intelligence-20260408,chat,mateo_carvalho,145.0
zai-intelligence-20260408,chat,mateo_carvalho,152.0
zai-intelligence-20260408,chat,mateo_carvalho,148.0
zai-intelligence-20260408,chat,mateo_carvalho,82.0
zai-intelligence-20260408,chat,mateo_carvalho,123.0
zai-intelligence-20260408,chat,mateo_carvalho,70.0
zai-intelligence-20260408,chat,mateo_carvalho,171628.0
zai-intelligence-20260408,chat,mateo_carvalho,79.0
zai-intelligence-20260408,chat,mateo_carvalho,92.0
zai-intelligence-20260408,chat,mateo_carvalho,71.0
zai-intelligence-20260408,chat,mateo_carvalho,76.0
zai-intelligence-20260408,chat,mateo_carvalho,60.0
zai-intelligence-20260408,chat,mateo_carvalho,71.0
zai-intelligence-20260408,chat,mateo_carvalho,74.0
zai-intelligence-20260408,chat,mateo_carvalho,49.0
zai-intelligence-20260408,chat,mateo_carvalho,172219.0
zai-intelligence-20260408,chat,mateo_carvalho,107.0
zai-intelligence-20260408,chat,mateo_carvalho,86.0
zai-intelligence-20260408,chat,mateo_carvalho,85.0
zai-intelligence-20260408,chat,mateo_carvalho,258.0
zai-intelligence-20260408,chat,mateo_carvalho,92.0
zai-intelligence-20260408,chat,mateo_carvalho,91.0
zai-intelligence-20260408,chat,mateo_carvalho,77.0
zai-intelligence-20260408,chat,mateo_carvalho,175604.0
zai-intelligence-20260408,chat,mateo_carvalho,73.0
zai-intelligence-20260408,chat,mateo_carvalho,48.0
zai-intelligence-20260408,chat,mateo_carvalho,27.0
zai-intelligence-20260408,chat,mateo_carvalho,70.0
zai-intelligence-20260408,chat,mateo_carvalho,51.0
zai-intelligence-20260408,chat,mateo_carvalho,58.0
zai-intelligence-20260408,chat,mateo_carvalho,71.0
zai-intelligence-20260408,chat,mateo_carvalho,53.0
zai-intelligence-20260408,chat,mateo_carvalho,56.0
zai-intelligence-20260408,chat,mateo_carvalho,41.0
zai-intelligence-20260408,chat,mateo_carvalho,683418.0
zai-intelligence-20260408,chat,mateo_carvalho,150.0
zai-intelligence-20260408,chat,mateo_carvalho,110.0
zai-intelligence-20260408,chat,mateo_carvalho,110.0
zai-intelligence-20260408,chat,mateo_carvalho,140.0
zai-intelligence-20260408,chat,mateo_carvalho,105.0
zai-intelligence-20260408,chat,mateo_carvalho,115.0
zai-intelligence-20260408,chat,mateo_carvalho,90.0
zai-intelligence-20260408,chat,mateo_carvalho,110.0
zai-intelligence-20260408,chat,mateo_carvalho,105.0
zai-intelligence-20260408,chat,mateo_carvalho,175640.0
zai-intelligence-20260408,chat,mateo_carvalho,130.0
zai-intelligence-20260408,chat,mateo_carvalho,27.0
zai-intelligence-20260408,chat,mateo_carvalho,156.0
zai-intelligence-20260408,chat,mateo_carvalho,117.0
zai-intelligence-20260408,chat,mateo_carvalho,77.0
zai-intelligence-20260408,chat,mateo_carvalho,119.0
zai-intelligence-20260408,chat,mateo_carvalho,89.0
zai-intelligence-20260408,chat,mateo_carvalho,75.0
zai-intelligence-20260408,chat,mateo_carvalho,80.0
zai-intelligence-20260408,chat,mateo_carvalho,168089.0
zai-intelligence-20260408,chat,mateo_carvalho,88.0
zai-intelligence-20260408,chat,mateo_carvalho,81.0
zai-intelligence-20260408,chat,mateo_carvalho,98.0
zai-intelligence-20260408,chat,mateo_carvalho,71.0
zai-intelligence-20260408,chat,mateo_carvalho,73.0
zai-intelligence-20260408,chat,mateo_carvalho,71.0
zai-intelligence-20260408,chat,mateo_carvalho,58.0
zai-intelligence-20260408,chat,mateo_carvalho,71.0
zai-intelligence-20260408,chat,mateo_carvalho,261627.0
zai-intelligence-20260408,chat,mateo_carvalho,131.0
zai-intelligence-20260408,chat,mateo_carvalho,135.0
zai-intelligence-20260408,chat,mateo_carvalho,132.0
zai-intelligence-20260408,chat,mateo_carvalho,144.0
zai-intelligence-20260408,chat,mateo_carvalho,146.0
zai-intelligence-20260408,chat,mateo_carvalho,135.0
zai-intelligence-20260408,chat,mateo_carvalho,102.0
zai-intelligence-20260408,chat,mateo_carvalho,93.0
zai-intelligence-20260408,chat,mateo_carvalho,86000.0
zai-intelligence-20260408,chat,mateo_carvalho,110.0
zai-intelligence-20260408,chat,mateo_carvalho,12.0
zai-intelligence-20260408,chat,mateo_carvalho,73.0
zai-intelligence-20260408,chat,mateo_carvalho,76.0
zai-intelligence-20260408,chat,mateo_carvalho,4.0
zai-intelligence-20260408,chat,mateo_carvalho,70.0
zai-intelligence-20260408,chat,mateo_carvalho,55.0
zai-intelligence-20260408,chat,mateo_carvalho,55.0
zai-intelligence-20260408,chat,mateo_carvalho,85.0
zai-intelligence-20260408,chat,mateo_carvalho,70.0
zai-intelligence-20260408,chat,mateo_carvalho,15.0
zai-intelligence-20260408,chat,mateo_carvalho,65.0
zai-intelligence-20260408,chat,mateo_carvalho,15.0
zai-intelligence-20260408,chat,mateo_carvalho,106.0
zai-intelligence-20260408,chat,mateo_carvalho,194.0
zai-intelligence-20260408,chat,mateo_carvalho,225.0
zai-intelligence-20260408,chat,mateo_carvalho,140.0
zai-intelligence-20260408,chat,mateo_carvalho,75.0
zai-intelligence-20260408,chat,mateo_carvalho,82420.0
zai-intelligence-20260408,chat,mateo_carvalho,90.0
zai-intelligence-20260408,chat,mateo_carvalho,60.0
zai-intelligence-20260408,chat,mateo_carvalho,65.0
zai-intelligence-20260408,chat,mateo_carvalho,75.0
zai-intelligence-20260408,chat,mateo_carvalho,65.0
zai-intelligence-20260408,chat,mateo_carvalho,60.0
zai-intelligence-20260408,chat,mateo_carvalho,192302.0
zai-intelligence-20260408,chat,mateo_carvalho,50.0
zai-intelligence-20260408,chat,mateo_carvalho,170.0
zai-intelligence-20260408,chat,mateo_carvalho,107.0
zai-intelligence-20260408,chat,mateo_carvalho,47.0
zai-intelligence-20260408,chat,mateo_carvalho,55.0
zai-intelligence-20260408,chat,mateo_carvalho,51.0
zai-intelligence-20260408,chat,mateo_carvalho,51.0
zai-intelligence-20260408,chat,mateo_carvalho,42.0
zai-intelligence-20260408,chat,mateo_carvalho,30.0
zai-intelligence-20260408,chat,alejandro_rendon,53.0
zai-intelligence-20260408,chat,alejandro_rendon,69.0
zai-intelligence-20260408,chat,alejandro_rendon,48.0
zai-intelligence-20260408,chat,alejandro_rendon,52.0
zai-intelligence-20260408,chat,alejandro_rendon,58.0
zai-intelligence-20260408,chat,alejandro_rendon,47.0
zai-intelligence-20260408,chat,alejandro_rendon,49.0
zai-intelligence-20260408,chat,alejandro_rendon,51.0
zai-intelligence-20260408,chat,alejandro_rendon,86060.0
zai-intelligence-20260408,chat,alejandro_rendon,58.0
zai-intelligence-20260408,chat,alejandro_rendon,52.0
zai-intelligence-20260408,chat,alejandro_rendon,48.0
zai-intelligence-20260408,chat,alejandro_rendon,55.0
zai-intelligence-20260408,chat,alejandro_rendon,54.0
zai-intelligence-20260408,chat,alejandro_rendon,46.0
zai-intelligence-20260408,chat,alejandro_rendon,85929.0
zai-intelligence-20260408,chat,alejandro_rendon,71.0
zai-intelligence-20260408,chat,alejandro_rendon,51.0
zai-intelligence-20260408,chat,alejandro_rendon,52.0
zai-intelligence-20260408,chat,alejandro_rendon,79.0
zai-intelligence-20260408,chat,alejandro_rendon,53.0
zai-intelligence-20260408,chat,alejandro_rendon,55.0
zai-intelligence-20260408,chat,alejandro_rendon,45.0
zai-intelligence-20260408,chat,alejandro_rendon,45.0
zai-intelligence-20260408,chat,alejandro_rendon,45.0
zai-intelligence-20260408,chat,alejandro_rendon,157935.0
zai-intelligence-20260408,chat,alejandro_rendon,67.0
zai-intelligence-20260408,chat,alejandro_rendon,58.0
zai-intelligence-20260408,chat,alejandro_rendon,113.0
zai-intelligence-20260408,chat,alejandro_rendon,157.0
zai-intelligence-20260408,chat,alejandro_rendon,154.0
zai-intelligence-20260408,chat,alejandro_rendon,126.0
zai-intelligence-20260408,chat,alejandro_rendon,4588.0
zai-intelligence-20260408,chat,alejandro_rendon,174.0
zai-intelligence-20260408,chat,alejandro_rendon,743.0
zai-intelligence-20260408,chat,alejandro_rendon,1473.0
zai-intelligence-20260408,chat,alejandro_rendon,87.0
zai-intelligence-20260408,chat,alejandro_rendon,7198.0
zai-intelligence-20260408,chat,alejandro_rendon,72.0
zai-intelligence-20260408,chat,alejandro_rendon,32.0
zai-intelligence-20260408,chat,alejandro_rendon,36.0
zai-intelligence-20260408,chat,alejandro_rendon,66.0
zai-intelligence-20260408,chat,alejandro_rendon,68.0
zai-intelligence-20260408,chat,alejandro_rendon,104.0
zai-intelligence-20260408,chat,alejandro_rendon,64.0
zai-intelligence-20260408,chat,alejandro_rendon,69.0
zai-intelligence-20260408,chat,alejandro_rendon,96.0
zai-intelligence-20260408,chat,alejandro_rendon,12.0
zai-intelligence-20260408,chat,alejandro_rendon,759048.0
zai-intelligence-20260408,chat,alejandro_rendon,70.0
zai-intelligence-20260408,chat,alejandro_rendon,112.0
zai-intelligence-20260408,chat,alejandro_rendon,138.0
zai-intelligence-20260408,chat,alejandro_rendon,97.0
zai-intelligence-20260408,chat,alejandro_rendon,123.0
zai-intelligence-20260408,chat,alejandro_rendon,80.0
zai-intelligence-20260408,chat,alejandro_rendon,92.0
zai-intelligence-20260408,chat,alejandro_rendon,2880.0
zai-intelligence-20260408,chat,alejandro_rendon,69.0
zai-intelligence-20260408,chat,alejandro_rendon,69.0
zai-intelligence-20260408,chat,alejandro_rendon,52.0
zai-intelligence-20260408,chat,alejandro_rendon,53.0
zai-intelligence-20260408,chat,alejandro_rendon,117.0
zai-intelligence-20260408,chat,alejandro_rendon,73.0
zai-intelligence-20260408,chat,alejandro_rendon,90.0
zai-intelligence-20260408,chat,alejandro_rendon,123.0
zai-intelligence-20260408,chat,alejandro_rendon,82.0
zai-intelligence-20260408,chat,alejandro_rendon,62.0
zai-intelligence-20260408,chat,alejandro_rendon,171982.0
zai-intelligence-20260408,chat,alejandro_rendon,11.0
zai-intelligence-20260408,chat,alejandro_rendon,45.0
zai-intelligence-20260408,chat,alejandro_rendon,2.0
zai-intelligence-20260408,chat,alejandro_rendon,13.0
zai-intelligence-20260408,chat,alejandro_rendon,40.0
zai-intelligence-20260408,chat,alejandro_rendon,17.0
zai-intelligence-20260408,chat,alejandro_rendon,16.0
zai-intelligence-20260408,chat,alejandro_rendon,32.0
zai-intelligence-20260408,chat,alejandro_rendon,26.0
zai-intelligence-20260408,chat,alejandro_rendon,6.0
zai-intelligence-20260408,chat,alejandro_rendon,21.0
zai-intelligence-20260408,chat,alejandro_rendon,17.0
zai-intelligence-20260408,chat,alejandro_rendon,30.0
zai-intelligence-20260408,chat,alejandro_rendon,2.0
zai-intelligence-20260408,chat,alejandro_rendon,28.0
zai-intelligence-20260408,chat,alejandro_rendon,31.0
zai-intelligence-20260408,chat,alejandro_rendon,141.0
zai-intelligence-20260408,chat,alejandro_rendon,63.0
zai-intelligence-20260408,chat,alejandro_rendon,50.0
zai-intelligence-20260408,chat,alejandro_rendon,45.0
zai-intelligence-20260408,chat,alejandro_rendon,85942.0
zai-intelligence-20260408,chat,alejandro_rendon,73.0
zai-intelligence-20260408,chat,alejandro_rendon,53.0
zai-intelligence-20260408,chat,alejandro_rendon,161.0
zai-intelligence-20260408,chat,alejandro_rendon,99.0
zai-intelligence-20260408,chat,alejandro_rendon,77.0
zai-intelligence-20260408,chat,alejandro_rendon,68.0
zai-intelligence-20260408,chat,alejandro_rendon,56.0
zai-intelligence-20260408,chat,alejandro_rendon,607073.0
zai-intelligence-20260408,chat,alejandro_rendon,118.0
zai-intelligence-20260408,chat,alejandro_rendon,53.0
zai-intelligence-20260408,chat,alejandro_rendon,69.0
zai-intelligence-20260408,chat,alejandro_rendon,66.0
zai-intelligence-20260408,chat,alejandro_rendon,67.0
zai-intelligence-20260408,chat,alejandro_rendon,50.0
zai-intelligence-20260408,chat,alejandro_rendon,47.0
zai-intelligence-20260408,chat,alejandro_rendon,73.0
zai-intelligence-20260408,chat,alejandro_rendon,79437.0
zai-intelligence-20260408,chat,alejandro_rendon,138.0
zai-intelligence-20260408,chat,alejandro_rendon,95.0
zai-intelligence-20260408,chat,alejandro_rendon,115.0
zai-intelligence-20260408,chat,alejandro_rendon,90.0
zai-intelligence-20260408,chat,alejandro_rendon,100.0
zai-intelligence-20260408,chat,alejandro_rendon,70.0
zai-intelligence-20260408,chat,alejandro_rendon,84951.0
zai-intelligence-20260408,chat,alejandro_rendon,61.0
zai-intelligence-20260408,chat,alejandro_rendon,57.0
zai-intelligence-20260408,chat,alejandro_rendon,53.0
zai-intelligence-20260408,chat,alejandro_rendon,65.0
zai-intelligence-20260408,chat,alejandro_rendon,63.0
zai-intelligence-20260408,chat,alejandro_rendon,62.0
zai-intelligence-20260408,chat,alejandro_rendon,50.0
zai-intelligence-20260408,chat,alejandro_rendon,69.0
zai-intelligence-20260408,chat,alejandro_rendon,61.0
zai-intelligence-20260408,chat,alejandro_rendon,228.0
zai-intelligence-20260408,chat,alejandro_rendon,165.0
zai-intelligence-20260408,chat,alejandro_rendon,80.0
zai-intelligence-20260408,chat,alejandro_rendon,95.0
zai-intelligence-20260408,chat,alejandro_rendon,85.0
zai-intelligence-20260408,chat,alejandro_rendon,115.0
zai-intelligence-20260408,chat,alejandro_rendon,75.0
zai-intelligence-20260408,chat,alejandro_rendon,90.0
zai-intelligence-20260408,chat,alejandro_rendon,75.0
zai-intelligence-20260408,chat,alejandro_rendon,60.0
zai-intelligence-20260408,chat,alejandro_rendon,84852.0
zai-intelligence-20260408,chat,alejandro_rendon,110.0
zai-intelligence-20260408,chat,alejandro_rendon,59.0
zai-intelligence-20260408,chat,alejandro_rendon,20.0
zai-intelligence-20260408,chat,alejandro_rendon,100.0
zai-intelligence-20260408,chat,alejandro_rendon,61.0
zai-intelligence-20260408,chat,alejandro_rendon,73.0
zai-intelligence-20260408,chat,alejandro_rendon,116.0
zai-intelligence-20260408,chat,alejandro_rendon,64.0
zai-intelligence-20260408,chat,alejandro_rendon,50.0
zai-intelligence-20260408,chat,alejandro_rendon,73.0
zai-intelligence-20260408,chat,alejandro_rendon,83.0
zai-intelligence-20260408,chat,alejandro_rendon,61.0
zai-intelligence-20260408,chat,alejandro_rendon,85598.0
zai-intelligence-20260408,chat,alejandro_rendon,88.0
zai-intelligence-20260408,chat,alejandro_rendon,117.0
zai-intelligence-20260408,chat,alejandro_rendon,76.0
zai-intelligence-20260408,chat,alejandro_rendon,122.0
zai-intelligence-20260408,chat,alejandro_rendon,82.0
zai-intelligence-20260408,chat,alejandro_rendon,68.0
zai-intelligence-20260408,chat,alejandro_rendon,61.0
zai-intelligence-20260408,chat,alejandro_rendon,259226.0
zai-intelligence-20260408,chat,alejandro_rendon,130.0
zai-intelligence-20260408,chat,alejandro_rendon,152.0
zai-intelligence-20260408,chat,alejandro_rendon,80.0
zai-intelligence-20260408,chat,alejandro_rendon,190.0
zai-intelligence-20260408,chat,alejandro_rendon,138.0
zai-intelligence-20260408,chat,julia_rodriguez,155.0
zai-intelligence-20260408,chat,julia_rodriguez,181.0
zai-intelligence-20260408,chat,julia_rodriguez,255.0
zai-intelligence-20260408,chat,julia_rodriguez,58.0
zai-intelligence-20260408,chat,julia_rodriguez,68.0
zai-intelligence-20260408,chat,julia_rodriguez,188.0
zai-intelligence-20260408,chat,julia_rodriguez,13465.0
zai-intelligence-20260408,chat,julia_rodriguez,63.0
zai-intelligence-20260408,chat,julia_rodriguez,55.0
zai-intelligence-20260408,chat,julia_rodriguez,44.0
zai-intelligence-20260408,chat,julia_rodriguez,78.0
zai-intelligence-20260408,chat,julia_rodriguez,56.0
zai-intelligence-20260408,chat,julia_rodriguez,34.0
zai-intelligence-20260408,chat,julia_rodriguez,56.0
zai-intelligence-20260408,chat,julia_rodriguez,52.0
zai-intelligence-20260408,chat,julia_rodriguez,48.0
zai-intelligence-20260408,chat,julia_rodriguez,85884.0
zai-intelligence-20260408,chat,julia_rodriguez,58.0
zai-intelligence-20260408,chat,julia_rodriguez,62.0
zai-intelligence-20260408,chat,julia_rodriguez,51.0
zai-intelligence-20260408,chat,julia_rodriguez,56.0
zai-intelligence-20260408,chat,julia_rodriguez,56.0
zai-intelligence-20260408,chat,julia_rodriguez,35.0
zai-intelligence-20260408,chat,julia_rodriguez,55.0
zai-intelligence-20260408,chat,julia_rodriguez,47.0
zai-intelligence-20260408,chat,julia_rodriguez,46.0
zai-intelligence-20260408,chat,julia_rodriguez,155042.0
zai-intelligence-20260408,chat,julia_rodriguez,130.0
zai-intelligence-20260408,chat,julia_rodriguez,140.0
zai-intelligence-20260408,chat,julia_rodriguez,91.0
zai-intelligence-20260408,chat,julia_rodriguez,169.0
zai-intelligence-20260408,chat,julia_rodriguez,134.0
zai-intelligence-20260408,chat,julia_rodriguez,131.0
zai-intelligence-20260408,chat,julia_rodriguez,125.0
zai-intelligence-20260408,chat,julia_rodriguez,88.0
zai-intelligence-20260408,chat,julia_rodriguez,185457.0
zai-intelligence-20260408,chat,julia_rodriguez,70.0
zai-intelligence-20260408,chat,julia_rodriguez,66.0
zai-intelligence-20260408,chat,julia_rodriguez,69.0
zai-intelligence-20260408,chat,julia_rodriguez,65.0
zai-intelligence-20260408,chat,julia_rodriguez,50.0
zai-intelligence-20260408,chat,julia_rodriguez,60.0
zai-intelligence-20260408,chat,julia_rodriguez,60.0
zai-intelligence-20260408,chat,julia_rodriguez,55.0
zai-intelligence-20260408,chat,julia_rodriguez,158565.0
zai-intelligence-20260408,chat,julia_rodriguez,77.0
zai-intelligence-20260408,chat,julia_rodriguez,88.0
zai-intelligence-20260408,chat,julia_rodriguez,95.0
zai-intelligence-20260408,chat,julia_rodriguez,160.0
zai-intelligence-20260408,chat,julia_rodriguez,89.0
zai-intelligence-20260408,chat,julia_rodriguez,96.0
zai-intelligence-20260408,chat,julia_rodriguez,77.0
zai-intelligence-20260408,chat,julia_rodriguez,65.0
zai-intelligence-20260408,chat,julia_rodriguez,347820.0
zai-intelligence-20260408,chat,julia_rodriguez,118.0
zai-intelligence-20260408,chat,julia_rodriguez,65.0
zai-intelligence-20260408,chat,julia_rodriguez,65.0
zai-intelligence-20260408,chat,julia_rodriguez,110.0
zai-intelligence-20260408,chat,julia_rodriguez,72.0
zai-intelligence-20260408,chat,julia_rodriguez,70.0
zai-intelligence-20260408,chat,julia_rodriguez,133.0
zai-intelligence-20260408,chat,julia_rodriguez,80.0
zai-intelligence-20260408,chat,julia_rodriguez,93.0
zai-intelligence-20260408,chat,julia_rodriguez,72.0
zai-intelligence-20260408,chat,julia_rodriguez,42.0
zai-intelligence-20260408,chat,julia_rodriguez,172588.0
zai-intelligence-20260408,chat,julia_rodriguez,165.0
zai-intelligence-20260408,chat,julia_rodriguez,83.0
zai-intelligence-20260408,chat,julia_rodriguez,272.0
zai-intelligence-20260408,chat,julia_rodriguez,80.0
zai-intelligence-20260408,chat,julia_rodriguez,130.0
zai-intelligence-20260408,chat,julia_rodriguez,120.0
zai-intelligence-20260408,chat,julia_rodriguez,130.0
zai-intelligence-20260408,chat,julia_rodriguez,40.0
zai-intelligence-20260408,chat,julia_rodriguez,337275.0
zai-intelligence-20260408,chat,julia_rodriguez,105.0
zai-intelligence-20260408,chat,julia_rodriguez,5.0
zai-intelligence-20260408,chat,julia_rodriguez,118.0
zai-intelligence-20260408,chat,julia_rodriguez,2.0
zai-intelligence-20260408,chat,julia_rodriguez,114.0
zai-intelligence-20260408,chat,julia_rodriguez,46.0
zai-intelligence-20260408,chat,julia_rodriguez,25.0
zai-intelligence-20260408,chat,julia_rodriguez,61.0
zai-intelligence-20260408,chat,julia_rodriguez,39.0
zai-intelligence-20260408,chat,julia_rodriguez,40.0
zai-intelligence-20260408,chat,julia_rodriguez,30.0
zai-intelligence-20260408,chat,julia_rodriguez,40.0
zai-intelligence-20260408,chat,julia_rodriguez,75.0
zai-intelligence-20260408,chat,julia_rodriguez,17.0
zai-intelligence-20260408,chat,julia_rodriguez,48.0
zai-intelligence-20260408,chat,julia_rodriguez,50.0
zai-intelligence-20260408,chat,julia_rodriguez,75.0
zai-intelligence-20260408,chat,julia_rodriguez,115.0
zai-intelligence-20260408,chat,julia_rodriguez,92112.0
zai-intelligence-20260408,chat,julia_rodriguez,118.0
zai-intelligence-20260408,chat,julia_rodriguez,155.0
zai-intelligence-20260408,chat,julia_rodriguez,75.0
zai-intelligence-20260408,chat,julia_rodriguez,60.0
zai-intelligence-20260408,chat,julia_rodriguez,45.0
zai-intelligence-20260408,chat,julia_rodriguez,450.0
zai-intelligence-20260408,chat,julia_rodriguez,75.0
zai-intelligence-20260408,chat,julia_rodriguez,75.0
zai-intelligence-20260408,chat,julia_rodriguez,82297.0
zai-intelligence-20260408,chat,julia_rodriguez,221.0
zai-intelligence-20260408,chat,julia_rodriguez,138.0
zai-intelligence-20260408,chat,julia_rodriguez,237.0
zai-intelligence-20260408,chat,julia_rodriguez,112.0
zai-intelligence-20260408,chat,julia_rodriguez,95.0
zai-intelligence-20260408,chat,julia_rodriguez,87.0
zai-intelligence-20260408,chat,julia_rodriguez,70.0
zai-intelligence-20260408,chat,julia_rodriguez,86498.0
zai-intelligence-20260408,chat,julia_rodriguez,122.0
zai-intelligence-20260408,chat,julia_rodriguez,119.0
zai-intelligence-20260408,chat,julia_rodriguez,71.0
zai-intelligence-20260408,chat,julia_rodriguez,113.0
zai-intelligence-20260408,chat,julia_rodriguez,118.0
zai-intelligence-20260408,chat,julia_rodriguez,94.0
zai-intelligence-20260408,chat,julia_rodriguez,78.0
zai-intelligence-20260408,chat,julia_rodriguez,86.0
zai-intelligence-20260408,chat,julia_rodriguez,80874.0
zai-intelligence-20260408,chat,julia_rodriguez,95.0
zai-intelligence-20260408,chat,julia_rodriguez,80.0
zai-intelligence-20260408,chat,julia_rodriguez,85.0
zai-intelligence-20260408,chat,julia_rodriguez,72.0
zai-intelligence-20260408,chat,julia_rodriguez,74.0
zai-intelligence-20260408,chat,julia_rodriguez,64.0
zai-intelligence-20260408,chat,julia_rodriguez,65.0
zai-intelligence-20260408,chat,julia_rodriguez,62.0
zai-intelligence-20260408,chat,julia_rodriguez,261600.0
zai-intelligence-20260408,chat,julia_rodriguez,118.0
zai-intelligence-20260408,chat,julia_rodriguez,65.0
zai-intelligence-20260408,chat,julia_rodriguez,90.0
zai-intelligence-20260408,chat,julia_rodriguez,79.0
zai-intelligence-20260408,chat,julia_rodriguez,68.0
zai-intelligence-20260408,chat,julia_rodriguez,86.0
zai-intelligence-20260408,chat,julia_rodriguez,32.0
zai-intelligence-20260408,chat,julia_rodriguez,55.0
zai-intelligence-20260408,chat,julia_rodriguez,527.0
zai-intelligence-20260408,chat,julia_rodriguez,69.0
zai-intelligence-20260408,chat,julia_rodriguez,85739.0
zai-intelligence-20260408,chat,julia_rodriguez,165.0
zai-intelligence-20260408,chat,julia_rodriguez,97.0
zai-intelligence-20260408,chat,julia_rodriguez,78.0
zai-intelligence-20260408,chat,julia_rodriguez,59.0
zai-intelligence-20260408,chat,julia_rodriguez,61.0
zai-intelligence-20260408,chat,julia_rodriguez,50.0
zai-intelligence-20260408,chat,julia_rodriguez,91.0
zai-intelligence-20260408,chat,julia_rodriguez,79.0
zai-intelligence-20260408,chat,julia_rodriguez,65.0
zai-intelligence-20260408,chat,julia_rodriguez,5.0
zai-intelligence-20260408,chat,julia_rodriguez,70.0
zai-intelligence-20260408,chat,julia_rodriguez,60.0
zai-intelligence-20260408,chat,julia_rodriguez,310.0
zai-intelligence-20260408,chat,julia_rodriguez,175.0
zai-intelligence-20260408,chat,julia_rodriguez,135.0
zai-intelligence-20260408,chat,julia_rodriguez,70.0
zai-intelligence-20260408,chat,julia_rodriguez,82310.0
zai-intelligence-20260408,chat,julia_rodriguez,122.0
zai-intelligence-20260408,chat,julia_rodriguez,68.0
zai-intelligence-20260408,chat,julia_rodriguez,70.0
zai-intelligence-20260408,chat,julia_rodriguez,70.0
zai-intelligence-20260408,chat,julia_rodriguez,70.0
zai-intelligence-20260408,chat,julia_rodriguez,65.0
zai-intelligence-20260408,chat,julia_rodriguez,50.0
zai-intelligence-20260408,chat,julia_rodriguez,192310.0
zai-intelligence-20260408,chat,julia_rodriguez,162.0
zai-intelligence-20260408,chat,julia_rodriguez,52.0
zai-intelligence-20260408,chat,julia_rodriguez,52.0
zai-intelligence-20260408,chat,julia_rodriguez,53.0
zai-intelligence-20260408,chat,julia_rodriguez,54.0
zai-intelligence-20260408,chat,julia_rodriguez,45.0
zai-intelligence-20260408,chat,julia_rodriguez,62.0
zai-intelligence-20260408,chat,julia_rodriguez,40.0
zai-intelligence-20260408,chat,julia_rodriguez,36.0
zai-intelligence-20260408,chat,mariam_hamed,114.0
zai-intelligence-20260408,chat,mariam_hamed,108.0
zai-intelligence-20260408,chat,mariam_hamed,67.0
zai-intelligence-20260408,chat,mariam_hamed,202.0
zai-intelligence-20260408,chat,mariam_hamed,55.0
zai-intelligence-20260408,chat,mariam_hamed,56.0
zai-intelligence-20260408,chat,mariam_hamed,71.0
zai-intelligence-20260408,chat,mariam_hamed,88.0
zai-intelligence-20260408,chat,mariam_hamed,949583.0
zai-intelligence-20260408,chat,mariam_hamed,79.0
zai-intelligence-20260408,chat,mariam_hamed,78.0
zai-intelligence-20260408,chat,mariam_hamed,101.0
zai-intelligence-20260408,chat,mariam_hamed,132.0
zai-intelligence-20260408,chat,mariam_hamed,55.0
zai-intelligence-20260408,chat,mariam_hamed,78.0
zai-intelligence-20260408,chat,mariam_hamed,74.0
zai-intelligence-20260408,chat,mariam_hamed,110.0
zai-intelligence-20260408,chat,mariam_hamed,68.0
zai-intelligence-20260408,chat,mariam_hamed,55.0
zai-intelligence-20260408,chat,mariam_hamed,172677.0
zai-intelligence-20260408,chat,mariam_hamed,138.0
zai-intelligence-20260408,chat,mariam_hamed,264.0
zai-intelligence-20260408,chat,mariam_hamed,81.0
zai-intelligence-20260408,chat,mariam_hamed,140.0
zai-intelligence-20260408,chat,mariam_hamed,107.0
zai-intelligence-20260408,chat,mariam_hamed,106.0
zai-intelligence-20260408,chat,mariam_hamed,97.0
zai-intelligence-20260408,chat,mariam_hamed,337469.0
zai-intelligence-20260408,chat,mariam_hamed,91.0
zai-intelligence-20260408,chat,mariam_hamed,37.0
zai-intelligence-20260408,chat,mariam_hamed,75.0
zai-intelligence-20260408,chat,mariam_hamed,68.0
zai-intelligence-20260408,chat,mariam_hamed,57.0
zai-intelligence-20260408,chat,mariam_hamed,28.0
zai-intelligence-20260408,chat,mariam_hamed,55.0
zai-intelligence-20260408,chat,mariam_hamed,60.0
zai-intelligence-20260408,chat,mariam_hamed,42.0
zai-intelligence-20260408,chat,mariam_hamed,43.0
zai-intelligence-20260408,chat,mariam_hamed,55.0
zai-intelligence-20260408,chat,mariam_hamed,92405.0
zai-intelligence-20260408,chat,mariam_hamed,75.0
zai-intelligence-20260408,chat,mariam_hamed,77.0
zai-intelligence-20260408,chat,mariam_hamed,88.0
zai-intelligence-20260408,chat,mariam_hamed,55.0
zai-intelligence-20260408,chat,mariam_hamed,65.0
zai-intelligence-20260408,chat,mariam_hamed,510.0
zai-intelligence-20260408,chat,mariam_hamed,70.0
zai-intelligence-20260408,chat,mariam_hamed,60.0
zai-intelligence-20260408,chat,mariam_hamed,169805.0
zai-intelligence-20260408,chat,mariam_hamed,132.0
zai-intelligence-20260408,chat,mariam_hamed,78.0
zai-intelligence-20260408,chat,mariam_hamed,105.0
zai-intelligence-20260408,chat,mariam_hamed,108.0
zai-intelligence-20260408,chat,mariam_hamed,87.0
zai-intelligence-20260408,chat,mariam_hamed,85.0
zai-intelligence-20260408,chat,mariam_hamed,82.0
zai-intelligence-20260408,chat,neha_sharma,49.0
zai-intelligence-20260408,chat,neha_sharma,54.0
zai-intelligence-20260408,chat,neha_sharma,44.0
zai-intelligence-20260408,chat,neha_sharma,58.0
zai-intelligence-20260408,chat,neha_sharma,55.0
zai-intelligence-20260408,chat,neha_sharma,30.0
zai-intelligence-20260408,chat,neha_sharma,590488.0
zai-intelligence-20260408,chat,neha_sharma,69.0
zai-intelligence-20260408,chat,neha_sharma,70.0
zai-intelligence-20260408,chat,neha_sharma,121.0
zai-intelligence-20260408,chat,neha_sharma,67.0
zai-intelligence-20260408,chat,neha_sharma,60.0
zai-intelligence-20260408,chat,neha_sharma,59.0
zai-intelligence-20260408,chat,neha_sharma,42.0
zai-intelligence-20260408,chat,neha_sharma,604381.0
zai-intelligence-20260408,chat,neha_sharma,50.0
zai-intelligence-20260408,chat,neha_sharma,38.0
zai-intelligence-20260408,chat,neha_sharma,34.0
zai-intelligence-20260408,chat,neha_sharma,30.0
zai-intelligence-20260408,chat,neha_sharma,51.0
zai-intelligence-20260408,chat,neha_sharma,17.0
zai-intelligence-20260408,chat,neha_sharma,30.0
zai-intelligence-20260408,chat,neha_sharma,28.0
zai-intelligence-20260408,chat,AlejandroRendon,130.0
zai-intelligence-20260408,chat,AlejandroRendon,132.0
zai-intelligence-20260408,chat,AlejandroRendon,68.0
zai-intelligence-20260408,chat,AlejandroRendon,90.0
zai-intelligence-20260408,chat,AlejandroRendon,65.0
zai-intelligence-20260408,chat,AlejandroRendon,70.0
zai-intelligence-20260408,chat,TanviSharma,112.0
zai-intelligence-20260408,chat,TanviSharma,88.0
zai-intelligence-20260408,chat,TanviSharma,65.0
zai-intelligence-20260408,chat,TanviSharma,80.0
zai-intelligence-20260408,chat,TanviSharma,70.0
zai-intelligence-20260408,chat,TanviSharma,65.0
zai-intelligence-20260408,chat,katya_petrov,58.0
zai-intelligence-20260408,chat,katya_petrov,52.0
zai-intelligence-20260408,chat,katya_petrov,59.0
zai-intelligence-20260408,chat,katya_petrov,74.0
zai-intelligence-20260408,chat,katya_petrov,57.0
zai-intelligence-20260408,chat,katya_petrov,42.0
zai-intelligence-20260408,chat,katya_petrov,53.0
zai-intelligence-20260408,chat,katya_petrov,41.0
zai-intelligence-20260408,chat,katya_petrov,172337.0
zai-intelligence-20260408,chat,katya_petrov,43.0
zai-intelligence-20260408,chat,katya_petrov,42.0
zai-intelligence-20260408,chat,katya_petrov,45.0
zai-intelligence-20260408,chat,katya_petrov,27.0
zai-intelligence-20260408,chat,katya_petrov,63.0
zai-intelligence-20260408,chat,katya_petrov,40.0
zai-intelligence-20260408,chat,katya_petrov,40.0
zai-intelligence-20260408,chat,katya_petrov,25.0
zai-intelligence-20260408,chat,katya_petrov,25.0
zai-intelligence-20260408,chat,katya_petrov,86687.0
zai-intelligence-20260408,chat,katya_petrov,73.0
zai-intelligence-20260408,chat,katya_petrov,94.0
zai-intelligence-20260408,chat,katya_petrov,125.0
zai-intelligence-20260408,chat,katya_petrov,133.0
zai-intelligence-20260408,chat,katya_petrov,138.0
zai-intelligence-20260408,chat,katya_petrov,69.0
zai-intelligence-20260408,chat,katya_petrov,158.0
zai-intelligence-20260408,chat,katya_petrov,89.0
zai-intelligence-20260408,chat,katya_petrov,491.0
zai-intelligence-20260408,chat,katya_petrov,416.0
zai-intelligence-20260408,chat,katya_petrov,113.0
zai-intelligence-20260408,chat,katya_petrov,83854.0
zai-intelligence-20260408,chat,katya_petrov,70.0
zai-intelligence-20260408,chat,katya_petrov,67.0
zai-intelligence-20260408,chat,katya_petrov,55.0
zai-intelligence-20260408,chat,katya_petrov,58.0
zai-intelligence-20260408,chat,katya_petrov,57.0
zai-intelligence-20260408,chat,katya_petrov,81.0
zai-intelligence-20260408,chat,katya_petrov,66.0
zai-intelligence-20260408,chat,katya_petrov,66.0
zai-intelligence-20260408,chat,katya_petrov,90.0
zai-intelligence-20260408,chat,katya_petrov,49.0
zai-intelligence-20260408,chat,katya_petrov,413940.0
zai-intelligence-20260408,chat,katya_petrov,73.0
zai-intelligence-20260408,chat,katya_petrov,48.0
zai-intelligence-20260408,chat,katya_petrov,53.0
zai-intelligence-20260408,chat,katya_petrov,44.0
zai-intelligence-20260408,chat,katya_petrov,35.0
zai-intelligence-20260408,chat,katya_petrov,33.0
zai-intelligence-20260408,chat,katya_petrov,43.0
zai-intelligence-20260408,chat,katya_petrov,39.0
zai-intelligence-20260408,chat,katya_petrov,172578.0
zai-intelligence-20260408,chat,katya_petrov,130.0
zai-intelligence-20260408,chat,katya_petrov,95.0
zai-intelligence-20260408,chat,katya_petrov,87.0
zai-intelligence-20260408,chat,katya_petrov,138.0
zai-intelligence-20260408,chat,katya_petrov,130.0
zai-intelligence-20260408,chat,katya_petrov,135.0
zai-intelligence-20260408,chat,katya_petrov,127.0
zai-intelligence-20260408,chat,katya_petrov,118.0
zai-intelligence-20260408,chat,katya_petrov,171208.0
zai-intelligence-20260408,chat,katya_petrov,87.0
zai-intelligence-20260408,chat,katya_petrov,50.0
zai-intelligence-20260408,chat,katya_petrov,76.0
zai-intelligence-20260408,chat,katya_petrov,329.0
zai-intelligence-20260408,chat,katya_petrov,48.0
zai-intelligence-20260408,chat,katya_petrov,45.0
zai-intelligence-20260408,chat,katya_petrov,127.0
zai-intelligence-20260408,chat,katya_petrov,62.0
zai-intelligence-20260408,chat,katya_petrov,53.0
zai-intelligence-20260408,chat,katya_petrov,603956.0
zai-intelligence-20260408,chat,katya_petrov,62.0
zai-intelligence-20260408,chat,katya_petrov,79.0
zai-intelligence-20260408,chat,katya_petrov,128.0
zai-intelligence-20260408,chat,katya_petrov,75.0
zai-intelligence-20260408,chat,katya_petrov,87.0
zai-intelligence-20260408,chat,katya_petrov,88.0
zai-intelligence-20260408,chat,katya_petrov,65.0
zai-intelligence-20260408,chat,katya_petrov,78.0
zai-intelligence-20260408,chat,katya_petrov,87.0
zai-intelligence-20260408,chat,katya_petrov,75.0
zai-intelligence-20260408,chat,katya_petrov,434520.0
zai-intelligence-20260408,chat,katya_petrov,80.0
zai-intelligence-20260408,chat,katya_petrov,75.0
zai-intelligence-20260408,chat,katya_petrov,70.0
zai-intelligence-20260408,chat,katya_petrov,70.0
zai-intelligence-20260408,chat,katya_petrov,80.0
zai-intelligence-20260408,chat,katya_petrov,70.0
zai-intelligence-20260408,chat,katya_petrov,70.0
zai-intelligence-20260408,chat,Alejandro Rendón,52.0
zai-intelligence-20260408,chat,Alejandro Rendón,55.0
zai-intelligence-20260408,chat,Alejandro Rendón,72.0
zai-intelligence-20260408,chat,Alejandro Rendón,63.0
zai-intelligence-20260408,chat,Alejandro Rendón,55.0
zai-intelligence-20260408,chat,Alejandro Rendón,45.0
zai-intelligence-20260408,chat,Alejandro Rendón,331449.0
zai-intelligence-20260408,chat,Alejandro Rendón,193.0
zai-intelligence-20260408,chat,Alejandro Rendón,85.0
zai-intelligence-20260408,chat,Alejandro Rendón,128.0
zai-intelligence-20260408,chat,Alejandro Rendón,103.0
zai-intelligence-20260408,chat,Alejandro Rendón,72.0
zai-intelligence-20260408,chat,Alejandro Rendón,124.0
zai-intelligence-20260408,chat,Alejandro Rendón,153.0
zai-intelligence-20260408,chat,Alejandro Rendón,69.0
zai-intelligence-20260408,chat,Alejandro Rendón,124.0
zai-intelligence-20260408,chat,Alejandro Rendón,65.0
zai-intelligence-20260408,chat,Alejandro Rendón,102720.0
zai-intelligence-20260408,chat,Alejandro Rendón,337.0
zai-intelligence-20260408,chat,Alejandro Rendón,78.0
zai-intelligence-20260408,chat,Alejandro Rendón,57.0
zai-intelligence-20260408,chat,Alejandro Rendón,63.0
zai-intelligence-20260408,chat,Alejandro Rendón,137.0
zai-intelligence-20260408,chat,Alejandro Rendón,50.0
zai-intelligence-20260408,chat,Alejandro Rendón,49.0
zai-intelligence-20260408,chat,Alejandro Rendón,969.0
zai-intelligence-20260408,chat,Alejandro Rendón,58.0
zai-intelligence-20260408,chat,Alejandro Rendón,64.0
zai-intelligence-20260408,chat,Alejandro Rendón,58.0
zai-intelligence-20260408,chat,Alejandro Rendón,55.0
zai-intelligence-20260408,chat,Alejandro Rendón,73.0
zai-intelligence-20260408,chat,Alejandro Rendón,57.0
zai-intelligence-20260408,chat,Alejandro Rendón,45.0
zai-intelligence-20260408,chat,Alejandro Rendón,66814.0
zai-intelligence-20260408,chat,Alejandro Rendón,71.0
zai-intelligence-20260408,chat,Alejandro Rendón,93.0
zai-intelligence-20260408,chat,Alejandro Rendón,144.0
zai-intelligence-20260408,chat,Alejandro Rendón,48.0
zai-intelligence-20260408,chat,Alejandro Rendón,102.0
zai-intelligence-20260408,chat,Alejandro Rendón,49.0
zai-intelligence-20260408,chat,Alejandro Rendón,286.0
zai-intelligence-20260408,chat,Alejandro Rendón,58.0
zai-intelligence-20260408,chat,Alejandro Rendón,60.0
zai-intelligence-20260408,chat,Alejandro Rendón,88523.0
zai-intelligence-20260408,chat,Alejandro Rendón,134.0
zai-intelligence-20260408,chat,Alejandro Rendón,79.0
zai-intelligence-20260408,chat,Alejandro Rendón,84.0
zai-intelligence-20260408,chat,Alejandro Rendón,170.0
zai-intelligence-20260408,chat,Alejandro Rendón,80.0
zai-intelligence-20260408,chat,Alejandro Rendón,70.0
zai-intelligence-20260408,chat,Alejandro Rendón,140.0
zai-intelligence-20260408,chat,Alejandro Rendón,137.0
zai-intelligence-20260408,chat,Alejandro Rendón,163.0
zai-intelligence-20260408,chat,Alejandro Rendón,85.0
zai-intelligence-20260408,chat,Alejandro Rendón,82235.0
zai-intelligence-20260408,chat,Alejandro Rendón,33.0
zai-intelligence-20260408,chat,Alejandro Rendón,32.0
zai-intelligence-20260408,chat,Alejandro Rendón,25.0
zai-intelligence-20260408,chat,Alejandro Rendón,84.0
zai-intelligence-20260408,chat,Alejandro Rendón,31.0
zai-intelligence-20260408,chat,Alejandro Rendón,53.0
zai-intelligence-20260408,chat,Alejandro Rendón,29.0
zai-intelligence-20260408,chat,Alejandro Rendón,62.0
zai-intelligence-20260408,chat,Alejandro Rendón,31.0
zai-intelligence-20260408,chat,Alejandro Rendón,604437.0
zai-intelligence-20260408,chat,Alejandro Rendón,46.0
zai-intelligence-20260408,chat,Alejandro Rendón,50.0
zai-intelligence-20260408,chat,Alejandro Rendón,43.0
zai-intelligence-20260408,chat,Alejandro Rendón,47.0
zai-intelligence-20260408,chat,Alejandro Rendón,51.0
zai-intelligence-20260408,chat,Alejandro Rendón,46.0
zai-intelligence-20260408,chat,Alejandro Rendón,89089.0
zai-intelligence-20260408,chat,Alejandro Rendón,81.0
zai-intelligence-20260408,chat,Alejandro Rendón,77.0
zai-intelligence-20260408,chat,Alejandro Rendón,86.0
zai-intelligence-20260408,chat,Alejandro Rendón,67.0
zai-intelligence-20260408,chat,Alejandro Rendón,52.0
zai-intelligence-20260408,chat,Alejandro Rendón,65.0
zai-intelligence-20260408,chat,Alejandro Rendón,60.0
zai-intelligence-20260408,chat,Alejandro Rendón,38.0
zai-intelligence-20260408,chat,Alejandro Rendón,1036902.0
zai-intelligence-20260408,chat,Alejandro Rendón,70.0
zai-intelligence-20260408,chat,Alejandro Rendón,65.0
zai-intelligence-20260408,chat,Alejandro Rendón,64.0
zai-intelligence-20260408,chat,Alejandro Rendón,64.0
zai-intelligence-20260408,chat,Alejandro Rendón,58.0
zai-intelligence-20260408,chat,Alejandro Rendón,72.0
zai-intelligence-20260408,chat,Alejandro Rendón,67.0
zai-intelligence-20260408,chat,Alejandro Rendón,63.0
zai-intelligence-20260408,chat,Alejandro Rendón,30.0
zai-intelligence-20260408,chat,Mariam Hamed,86.0
zai-intelligence-20260408,chat,Mariam Hamed,62.0
zai-intelligence-20260408,chat,Mariam Hamed,98.0
zai-intelligence-20260408,chat,Mariam Hamed,74.0
zai-intelligence-20260408,chat,Mariam Hamed,58.0
zai-intelligence-20260408,chat,Mariam Hamed,78.0
zai-intelligence-20260408,chat,Mariam Hamed,57.0
zai-intelligence-20260408,chat,Mariam Hamed,76.0
zai-intelligence-20260408,chat,Mariam Hamed,71.0
zai-intelligence-20260408,chat,Mariam Hamed,38.0
zai-intelligence-20260408,chat,Mariam Hamed,158359.0
zai-intelligence-20260408,chat,Mariam Hamed,156.0
zai-intelligence-20260408,chat,Mariam Hamed,76.0
zai-intelligence-20260408,chat,Mariam Hamed,156.0
zai-intelligence-20260408,chat,Mariam Hamed,265.0
zai-intelligence-20260408,chat,Mariam Hamed,123.0
zai-intelligence-20260408,chat,Mariam Hamed,258.0
zai-intelligence-20260408,chat,Mariam Hamed,185.0
zai-intelligence-20260408,chat,Mariam Hamed,95.0
zai-intelligence-20260408,chat,Mariam Hamed,87.0
zai-intelligence-20260408,chat,Mariam Hamed,272148.0
zai-intelligence-20260408,chat,Mariam Hamed,132.0
zai-intelligence-20260408,chat,Mariam Hamed,70.0
zai-intelligence-20260408,chat,Mariam Hamed,50.0
zai-intelligence-20260408,chat,Mariam Hamed,90.0
zai-intelligence-20260408,chat,Mariam Hamed,80.0
zai-intelligence-20260408,chat,Mariam Hamed,115.0
zai-intelligence-20260408,chat,Mariam Hamed,75.0
zai-intelligence-20260408,chat,Mariam Hamed,90.0
zai-intelligence-20260408,chat,Mariam Hamed,60.0
zai-intelligence-20260408,chat,Mariam Hamed,71232.0
zai-intelligence-20260408,chat,Mariam Hamed,93.0
zai-intelligence-20260408,chat,Mariam Hamed,82.0
zai-intelligence-20260408,chat,Mariam Hamed,75.0
zai-intelligence-20260408,chat,Mariam Hamed,75.0
zai-intelligence-20260408,chat,Mariam Hamed,67.0
zai-intelligence-20260408,chat,Mariam Hamed,63.0
zai-intelligence-20260408,chat,Mariam Hamed,61.0
zai-intelligence-20260408,chat,Mariam Hamed,103282.0
zai-intelligence-20260408,chat,Mariam Hamed,62.0
zai-intelligence-20260408,chat,Mariam Hamed,75.0
zai-intelligence-20260408,chat,Mariam Hamed,48.0
zai-intelligence-20260408,chat,Mariam Hamed,47.0
zai-intelligence-20260408,chat,Mariam Hamed,95.0
zai-intelligence-20260408,chat,Mariam Hamed,65.0
zai-intelligence-20260408,chat,Mariam Hamed,43.0
zai-intelligence-20260408,chat,Mariam Hamed,307.0
zai-intelligence-20260408,chat,Mariam Hamed,118.0
zai-intelligence-20260408,chat,Mariam Hamed,60.0
zai-intelligence-20260408,chat,Mariam Hamed,67471.0
zai-intelligence-20260408,chat,Mariam Hamed,69.0
zai-intelligence-20260408,chat,Mariam Hamed,82.0
zai-intelligence-20260408,chat,Mariam Hamed,76.0
zai-intelligence-20260408,chat,Mariam Hamed,72.0
zai-intelligence-20260408,chat,Mariam Hamed,75.0
zai-intelligence-20260408,chat,Mariam Hamed,55.0
zai-intelligence-20260408,chat,Mariam Hamed,110.0
zai-intelligence-20260408,chat,Mariam Hamed,65.0
zai-intelligence-20260408,chat,Mariam Hamed,169315.0
zai-intelligence-20260408,chat,Mariam Hamed,100.0
zai-intelligence-20260408,chat,Mariam Hamed,28.0
zai-intelligence-20260408,chat,Mariam Hamed,114.0
zai-intelligence-20260408,chat,Mariam Hamed,34.0
zai-intelligence-20260408,chat,Mariam Hamed,159.0
zai-intelligence-20260408,chat,Mariam Hamed,90.0
zai-intelligence-20260408,chat,Mariam Hamed,610.0
zai-intelligence-20260408,chat,Mariam Hamed,80.0
zai-intelligence-20260408,chat,Mariam Hamed,55.0
zai-intelligence-20260408,chat,Mariam Hamed,310.0
zai-intelligence-20260408,chat,Mariam Hamed,80.0
zai-intelligence-20260408,chat,Mariam Hamed,689645.0
zai-intelligence-20260408,chat,Mariam Hamed,205.0
zai-intelligence-20260408,chat,Mariam Hamed,120.0
zai-intelligence-20260408,chat,Mariam Hamed,185.0
zai-intelligence-20260408,chat,Mariam Hamed,90.0
zai-intelligence-20260408,chat,Mariam Hamed,90.0
zai-intelligence-20260408,chat,Mariam Hamed,90.0
zai-intelligence-20260408,chat,Mariam Hamed,90.0
zai-intelligence-20260408,chat,Mariam Hamed,168307.0
zai-intelligence-20260408,chat,Mariam Hamed,103.0
zai-intelligence-20260408,chat,Mariam Hamed,177.0
zai-intelligence-20260408,chat,Mariam Hamed,158.0
zai-intelligence-20260408,chat,Mariam Hamed,170.0
zai-intelligence-20260408,chat,Mariam Hamed,140.0
zai-intelligence-20260408,chat,Mariam Hamed,140.0
zai-intelligence-20260408,chat,Mariam Hamed,140.0
zai-intelligence-20260408,chat,Mariam Hamed,434560.0
zai-intelligence-20260408,chat,Mariam Hamed,95.0
zai-intelligence-20260408,chat,Mariam Hamed,80.0
zai-intelligence-20260408,chat,Mariam Hamed,67.0
zai-intelligence-20260408,chat,Mariam Hamed,138.0
zai-intelligence-20260408,chat,Mariam Hamed,75.0
zai-intelligence-20260408,chat,Mariam Hamed,77.0
zai-intelligence-20260408,chat,Mariam Hamed,73.0
zai-intelligence-20260408,chat,Mariam Hamed,60.0
zai-intelligence-20260408,chat,Mariam Hamed,55.0
zai-intelligence-20260408,chat,amara_chukwuma,151.0
zai-intelligence-20260408,chat,amara_chukwuma,217.0
zai-intelligence-20260408,chat,amara_chukwuma,100.0
zai-intelligence-20260408,chat,amara_chukwuma,177.0
zai-intelligence-20260408,chat,amara_chukwuma,128.0
zai-intelligence-20260408,chat,amara_chukwuma,4625.0
zai-intelligence-20260408,chat,amara_chukwuma,115.0
zai-intelligence-20260408,chat,amara_chukwuma,677.0
zai-intelligence-20260408,chat,amara_chukwuma,1553.0
zai-intelligence-20260408,chat,amara_chukwuma,87.0
zai-intelligence-20260408,chat,amara_chukwuma,7198.0
zai-intelligence-20260408,chat,amara_chukwuma,55.0
zai-intelligence-20260408,chat,amara_chukwuma,85.0
zai-intelligence-20260408,chat,amara_chukwuma,56.0
zai-intelligence-20260408,chat,amara_chukwuma,62.0
zai-intelligence-20260408,chat,amara_chukwuma,56.0
zai-intelligence-20260408,chat,amara_chukwuma,55.0
zai-intelligence-20260408,chat,amara_chukwuma,18.0
zai-intelligence-20260408,chat,amara_chukwuma,58.0
zai-intelligence-20260408,chat,amara_chukwuma,51.0
zai-intelligence-20260408,chat,amara_chukwuma,46.0
zai-intelligence-20260408,chat,amara_chukwuma,44.0
zai-intelligence-20260408,chat,amara_chukwuma,330614.0
zai-intelligence-20260408,chat,amara_chukwuma,73.0
zai-intelligence-20260408,chat,amara_chukwuma,41.0
zai-intelligence-20260408,chat,amara_chukwuma,82.0
zai-intelligence-20260408,chat,amara_chukwuma,43.0
zai-intelligence-20260408,chat,amara_chukwuma,78.0
zai-intelligence-20260408,chat,amara_chukwuma,59.0
zai-intelligence-20260408,chat,amara_chukwuma,42.0
zai-intelligence-20260408,chat,amara_chukwuma,79.0
zai-intelligence-20260408,chat,amara_chukwuma,431501.0
zai-intelligence-20260408,chat,amara_chukwuma,62.0
zai-intelligence-20260408,chat,amara_chukwuma,73.0
zai-intelligence-20260408,chat,amara_chukwuma,49.0
zai-intelligence-20260408,chat,amara_chukwuma,52.0
zai-intelligence-20260408,chat,amara_chukwuma,128.0
zai-intelligence-20260408,chat,amara_chukwuma,136.0
zai-intelligence-20260408,chat,amara_chukwuma,74.0
zai-intelligence-20260408,chat,amara_chukwuma,55.0
zai-intelligence-20260408,chat,amara_chukwuma,158.0
zai-intelligence-20260408,chat,amara_chukwuma,360578.0
zai-intelligence-20260408,chat,amara_chukwuma,77.0
zai-intelligence-20260408,chat,amara_chukwuma,47.0
zai-intelligence-20260408,chat,amara_chukwuma,43.0
zai-intelligence-20260408,chat,amara_chukwuma,47.0
zai-intelligence-20260408,chat,amara_chukwuma,38.0
zai-intelligence-20260408,chat,amara_chukwuma,30.0
zai-intelligence-20260408,chat,amara_chukwuma,80.0
zai-intelligence-20260408,chat,amara_chukwuma,50.0
zai-intelligence-20260408,chat,amara_chukwuma,45.0
zai-intelligence-20260408,chat,felipe_ribeiro,119.0
zai-intelligence-20260408,chat,felipe_ribeiro,98.0
zai-intelligence-20260408,chat,felipe_ribeiro,84.0
zai-intelligence-20260408,chat,felipe_ribeiro,28.0
zai-intelligence-20260408,chat,felipe_ribeiro,75.0
zai-intelligence-20260408,chat,felipe_ribeiro,70.0
zai-intelligence-20260408,chat,felipe_ribeiro,145.0
zai-intelligence-20260408,chat,felipe_ribeiro,35.0
zai-intelligence-20260408,chat,felipe_ribeiro,205.0
zai-intelligence-20260408,chat,felipe_ribeiro,55.0
zai-intelligence-20260408,chat,felipe_ribeiro,86080.0
zai-intelligence-20260408,chat,felipe_ribeiro,123.0
zai-intelligence-20260408,chat,felipe_ribeiro,175.0
zai-intelligence-20260408,chat,felipe_ribeiro,118.0
zai-intelligence-20260408,chat,felipe_ribeiro,121.0
zai-intelligence-20260408,chat,felipe_ribeiro,137.0
zai-intelligence-20260408,chat,felipe_ribeiro,231.0
zai-intelligence-20260408,chat,felipe_ribeiro,93.0
zai-intelligence-20260408,chat,felipe_ribeiro,545.0
zai-intelligence-20260408,chat,felipe_ribeiro,267.0
zai-intelligence-20260408,chat,felipe_ribeiro,127.0
zai-intelligence-20260408,chat,felipe_ribeiro,83930.0
zai-intelligence-20260408,chat,felipe_ribeiro,66.0
zai-intelligence-20260408,chat,felipe_ribeiro,62.0
zai-intelligence-20260408,chat,felipe_ribeiro,55.0
zai-intelligence-20260408,chat,felipe_ribeiro,61.0
zai-intelligence-20260408,chat,felipe_ribeiro,139.0
zai-intelligence-20260408,chat,felipe_ribeiro,69.0
zai-intelligence-20260408,chat,felipe_ribeiro,51.0
zai-intelligence-20260408,chat,felipe_ribeiro,35.0
zai-intelligence-20260408,chat,felipe_ribeiro,62.0
zai-intelligence-20260408,chat,felipe_ribeiro,85739.0
zai-intelligence-20260408,chat,felipe_ribeiro,104.0
zai-intelligence-20260408,chat,felipe_ribeiro,67.0
zai-intelligence-20260408,chat,felipe_ribeiro,133.0
zai-intelligence-20260408,chat,felipe_ribeiro,117.0
zai-intelligence-20260408,chat,felipe_ribeiro,59.0
zai-intelligence-20260408,chat,felipe_ribeiro,86.0
zai-intelligence-20260408,chat,felipe_ribeiro,71.0
zai-intelligence-20260408,chat,felipe_ribeiro,241197.0
zai-intelligence-20260408,chat,felipe_ribeiro,78.0
zai-intelligence-20260408,chat,felipe_ribeiro,47.0
zai-intelligence-20260408,chat,felipe_ribeiro,82.0
zai-intelligence-20260408,chat,felipe_ribeiro,53.0
zai-intelligence-20260408,chat,felipe_ribeiro,70.0
zai-intelligence-20260408,chat,felipe_ribeiro,137.0
zai-intelligence-20260408,chat,felipe_ribeiro,76.0
zai-intelligence-20260408,chat,felipe_ribeiro,80.0
zai-intelligence-20260408,chat,felipe_ribeiro,99.0
zai-intelligence-20260408,chat,felipe_ribeiro,258467.0
zai-intelligence-20260408,chat,felipe_ribeiro,88.0
zai-intelligence-20260408,chat,felipe_ribeiro,103.0
zai-intelligence-20260408,chat,felipe_ribeiro,70.0
zai-intelligence-20260408,chat,felipe_ribeiro,137.0
zai-intelligence-20260408,chat,felipe_ribeiro,93.0
zai-intelligence-20260408,chat,felipe_ribeiro,120.0
zai-intelligence-20260408,chat,felipe_ribeiro,90.0
zai-intelligence-20260408,chat,felipe_ribeiro,90.0
zai-intelligence-20260408,chat,felipe_ribeiro,175645.0
zai-intelligence-20260408,chat,felipe_ribeiro,55.0
zai-intelligence-20260408,chat,felipe_ribeiro,65.0
zai-intelligence-20260408,chat,felipe_ribeiro,75.0
zai-intelligence-20260408,chat,felipe_ribeiro,80.0
zai-intelligence-20260408,chat,felipe_ribeiro,54.0
zai-intelligence-20260408,chat,felipe_ribeiro,84.0
zai-intelligence-20260408,chat,felipe_ribeiro,65.0
zai-intelligence-20260408,chat,felipe_ribeiro,54.0
zai-intelligence-20260408,chat,felipe_ribeiro,50.0
zai-intelligence-20260408,chat,felipe_ribeiro,254618.0
zai-intelligence-20260408,chat,felipe_ribeiro,100.0
zai-intelligence-20260408,chat,felipe_ribeiro,275.0
zai-intelligence-20260408,chat,felipe_ribeiro,80.0
zai-intelligence-20260408,chat,felipe_ribeiro,125.0
zai-intelligence-20260408,chat,felipe_ribeiro,270.0
zai-intelligence-20260408,chat,felipe_ribeiro,140.0
zai-intelligence-20260408,chat,felipe_ribeiro,120.0
zai-intelligence-20260408,chat,felipe_ribeiro,517654.0
zai-intelligence-20260408,chat,felipe_ribeiro,88.0
zai-intelligence-20260408,chat,felipe_ribeiro,81.0
zai-intelligence-20260408,chat,felipe_ribeiro,70.0
zai-intelligence-20260408,chat,felipe_ribeiro,90.0
zai-intelligence-20260408,chat,felipe_ribeiro,72.0
zai-intelligence-20260408,chat,felipe_ribeiro,258827.0
zai-intelligence-20260408,chat,felipe_ribeiro,43.0
zai-intelligence-20260408,chat,felipe_ribeiro,40.0
zai-intelligence-20260408,chat,felipe_ribeiro,70.0
zai-intelligence-20260408,chat,felipe_ribeiro,66.0
zai-intelligence-20260408,chat,felipe_ribeiro,49.0
zai-intelligence-20260408,chat,felipe_ribeiro,42.0
zai-intelligence-20260408,chat,felipe_ribeiro,38.0
zai-intelligence-20260408,chat,felipe_ribeiro,28.0
zai-intelligence-20260408,chat,felipe_ribeiro,47.0
zai-intelligence-20260408,chat,felipe_ribeiro,33.0
zai-intelligence-20260408,chat,alessandra_rossi,95.0
zai-intelligence-20260408,chat,alessandra_rossi,93.0
zai-intelligence-20260408,chat,alessandra_rossi,100.0
zai-intelligence-20260408,chat,alessandra_rossi,207.0
zai-intelligence-20260408,chat,alessandra_rossi,208.0
zai-intelligence-20260408,chat,alessandra_rossi,115.0
zai-intelligence-20260408,chat,alessandra_rossi,258379.0
zai-intelligence-20260408,chat,alessandra_rossi,49.0
zai-intelligence-20260408,chat,alessandra_rossi,134.0
zai-intelligence-20260408,chat,alessandra_rossi,78.0
zai-intelligence-20260408,chat,alessandra_rossi,46.0
zai-intelligence-20260408,chat,alessandra_rossi,72.0
zai-intelligence-20260408,chat,alessandra_rossi,79.0
zai-intelligence-20260408,chat,alessandra_rossi,73.0
zai-intelligence-20260408,chat,alessandra_rossi,56.0
zai-intelligence-20260408,chat,alessandra_rossi,241211.0
zai-intelligence-20260408,chat,alessandra_rossi,75.0
zai-intelligence-20260408,chat,alessandra_rossi,122.0
zai-intelligence-20260408,chat,alessandra_rossi,69.0
zai-intelligence-20260408,chat,alessandra_rossi,199.0
zai-intelligence-20260408,chat,alessandra_rossi,86.0
zai-intelligence-20260408,chat,alessandra_rossi,89.0
zai-intelligence-20260408,chat,alessandra_rossi,76.0
zai-intelligence-20260408,chat,alessandra_rossi,258674.0
zai-intelligence-20260408,chat,alessandra_rossi,91.0
zai-intelligence-20260408,chat,alessandra_rossi,186.0
zai-intelligence-20260408,chat,alessandra_rossi,126.0
zai-intelligence-20260408,chat,alessandra_rossi,125.0
zai-intelligence-20260408,chat,alessandra_rossi,148.0
zai-intelligence-20260408,chat,alessandra_rossi,143.0
zai-intelligence-20260408,chat,alessandra_rossi,85439.0
zai-intelligence-20260408,chat,alessandra_rossi,79.0
zai-intelligence-20260408,chat,alessandra_rossi,61.0
zai-intelligence-20260408,chat,alessandra_rossi,42.0
zai-intelligence-20260408,chat,alessandra_rossi,68.0
zai-intelligence-20260408,chat,alessandra_rossi,50.0
zai-intelligence-20260408,chat,alessandra_rossi,65.0
zai-intelligence-20260408,chat,alessandra_rossi,63.0
zai-intelligence-20260408,chat,alessandra_rossi,42.0
zai-intelligence-20260408,chat,lead_rl_engineer,90.0
zai-intelligence-20260408,chat,lilian_kamau,32.0
zai-intelligence-20260408,chat,lilian_kamau,46.0
zai-intelligence-20260408,chat,lilian_kamau,37.0
zai-intelligence-20260408,chat,lilian_kamau,63.0
zai-intelligence-20260408,chat,lilian_kamau,30.0
zai-intelligence-20260408,chat,lilian_kamau,47.0
zai-intelligence-20260408,chat,lilian_kamau,34.0
zai-intelligence-20260408,chat,lilian_kamau,24.0
zai-intelligence-20260408,chat,lilian_kamau,1022860.0
zai-intelligence-20260408,chat,lilian_kamau,67.0
zai-intelligence-20260408,chat,lilian_kamau,50.0
zai-intelligence-20260408,chat,lilian_kamau,184.0
zai-intelligence-20260408,chat,lilian_kamau,103.0
zai-intelligence-20260408,chat,lilian_kamau,62.0
zai-intelligence-20260408,chat,lilian_kamau,66.0
zai-intelligence-20260408,chat,lilian_kamau,30.0
zai-intelligence-20260408,chat,lilian_kamau,101373.0
zai-intelligence-20260408,chat,lilian_kamau,70.0
zai-intelligence-20260408,chat,lilian_kamau,55.0
zai-intelligence-20260408,chat,lilian_kamau,55.0
zai-intelligence-20260408,chat,lilian_kamau,85.0
zai-intelligence-20260408,chat,lilian_kamau,60.0
zai-intelligence-20260408,chat,lilian_kamau,40.0
zai-intelligence-20260408,chat,lilian_kamau,55.0
zai-intelligence-20260408,chat,lilian_kamau,45.0
zai-intelligence-20260408,chat,lilian_kamau,505300.0
zai-intelligence-20260408,chat,lilian_kamau,80.0
zai-intelligence-20260408,chat,lilian_kamau,120.0
zai-intelligence-20260408,chat,lilian_kamau,67.0
zai-intelligence-20260408,chat,lilian_kamau,66.0
zai-intelligence-20260408,chat,lilian_kamau,37.0
zai-intelligence-20260408,chat,lilian_kamau,50.0
zai-intelligence-20260408,chat,lilian_kamau,36.0
zai-intelligence-20260408,chat,lilian_kamau,34.0
zai-intelligence-20260408,chat,lilian_kamau,597827.0
zai-intelligence-20260408,chat,lilian_kamau,101.0
zai-intelligence-20260408,chat,lilian_kamau,27.0
zai-intelligence-20260408,chat,lilian_kamau,164.0
zai-intelligence-20260408,chat,lilian_kamau,51.0
zai-intelligence-20260408,chat,lilian_kamau,80.0
zai-intelligence-20260408,chat,lilian_kamau,140.0
zai-intelligence-20260408,chat,lilian_kamau,85.0
zai-intelligence-20260408,chat,Hanh Nguyen,68.0
zai-intelligence-20260408,chat,Hanh Nguyen,62.0
zai-intelligence-20260408,chat,Hanh Nguyen,68.0
zai-intelligence-20260408,chat,Hanh Nguyen,60.0
zai-intelligence-20260408,chat,Hanh Nguyen,50.0
zai-intelligence-20260408,chat,Hanh Nguyen,50.0
zai-intelligence-20260408,chat,Hanh Nguyen,40.0
zai-intelligence-20260408,chat,Hanh Nguyen,604592.0
zai-intelligence-20260408,chat,Hanh Nguyen,138.0
zai-intelligence-20260408,chat,Hanh Nguyen,52.0
zai-intelligence-20260408,chat,Hanh Nguyen,228.0
zai-intelligence-20260408,chat,Hanh Nguyen,62.0
zai-intelligence-20260408,chat,Hanh Nguyen,628.0
zai-intelligence-20260408,chat,Hanh Nguyen,70.0
zai-intelligence-20260408,chat,Hanh Nguyen,375.0
zai-intelligence-20260408,chat,Hanh Nguyen,65.0
zai-intelligence-20260408,chat,Hanh Nguyen,84010.0
zai-intelligence-20260408,chat,Hanh Nguyen,70.0
zai-intelligence-20260408,chat,Hanh Nguyen,165.0
zai-intelligence-20260408,chat,Hanh Nguyen,117.0
zai-intelligence-20260408,chat,Hanh Nguyen,108.0
zai-intelligence-20260408,chat,Hanh Nguyen,145.0
zai-intelligence-20260408,chat,Hanh Nguyen,75.0
zai-intelligence-20260408,chat,Hanh Nguyen,260.0
zai-intelligence-20260408,chat,Hanh Nguyen,130.0
zai-intelligence-20260408,chat,Hanh Nguyen,130.0
zai-intelligence-20260408,chat,Hanh Nguyen,160.0
zai-intelligence-20260408,chat,Hanh Nguyen,105.0
zai-intelligence-20260408,chat,Hanh Nguyen,258225.0
zai-intelligence-20260408,chat,Hanh Nguyen,78.0
zai-intelligence-20260408,chat,Hanh Nguyen,75.0
zai-intelligence-20260408,chat,Hanh Nguyen,69.0
zai-intelligence-20260408,chat,Hanh Nguyen,100.0
zai-intelligence-20260408,chat,Hanh Nguyen,80.0
zai-intelligence-20260408,chat,Hanh Nguyen,111.0
zai-intelligence-20260408,chat,Hanh Nguyen,75.0
zai-intelligence-20260408,chat,Hanh Nguyen,77.0
zai-intelligence-20260408,chat,hyejin.wang,71.0
zai-intelligence-20260408,chat,hyejin.wang,38.0
zai-intelligence-20260408,chat,hyejin.wang,57.0
zai-intelligence-20260408,chat,hyejin.wang,52.0
zai-intelligence-20260408,chat,hyejin.wang,50.0
zai-intelligence-20260408,chat,hyejin.wang,45.0
zai-intelligence-20260408,chat,hyejin.wang,147.0
zai-intelligence-20260408,chat,hyejin.wang,49.0
zai-intelligence-20260408,chat,hyejin.wang,58.0
zai-intelligence-20260408,chat,hyejin.wang,69.0
zai-intelligence-20260408,chat,hyejin.wang,55.0
zai-intelligence-20260408,chat,hyejin.wang,1119140.0
zai-intelligence-20260408,chat,hyejin.wang,97.0
zai-intelligence-20260408,chat,hyejin.wang,78.0
zai-intelligence-20260408,chat,hyejin.wang,100.0
zai-intelligence-20260408,chat,hyejin.wang,80.0
zai-intelligence-20260408,chat,hyejin.wang,100.0
zai-intelligence-20260408,chat,hyejin.wang,70.0
zai-intelligence-20260408,chat,tanvi.sharma,69.0
zai-intelligence-20260408,chat,tanvi.sharma,44.0
zai-intelligence-20260408,chat,tanvi.sharma,51.0
zai-intelligence-20260408,chat,tanvi.sharma,49.0
zai-intelligence-20260408,chat,tanvi.sharma,57.0
zai-intelligence-20260408,chat,tanvi.sharma,194.0
zai-intelligence-20260408,chat,tanvi.sharma,48.0
zai-intelligence-20260408,chat,tanvi.sharma,72.0
zai-intelligence-20260408,chat,tanvi.sharma,52.0
zai-intelligence-20260408,chat,tanvi.sharma,46.0
zai-intelligence-20260408,chat,amara.chukwuma,42.0
zai-intelligence-20260408,chat,amara.chukwuma,35.0
zai-intelligence-20260408,chat,amara.chukwuma,30.0
zai-intelligence-20260408,chat,amara.chukwuma,35.0
zai-intelligence-20260408,chat,amara.chukwuma,30.0
zai-intelligence-20260408,chat,amara.chukwuma,35.0
zai-intelligence-20260408,chat,amara.chukwuma,35.0
zai-intelligence-20260408,chat,amara.chukwuma,25.0
zai-intelligence-20260408,chat,amara.chukwuma,25.0
zai-intelligence-20260408,chat,lilian.kamau,37.0
zai-intelligence-20260408,chat,lilian.kamau,33.0
zai-intelligence-20260408,chat,lilian.kamau,37.0
zai-intelligence-20260408,chat,lilian.kamau,28.0
zai-intelligence-20260408,chat,lilian.kamau,32.0
zai-intelligence-20260408,chat,lilian.kamau,38.0
zai-intelligence-20260408,chat,lilian.kamau,25.0
zai-intelligence-20260408,chat,lilian.kamau,30.0
zai-intelligence-20260408,chat,lilian.kamau,1276158.0
zai-intelligence-20260408,chat,lilian.kamau,72.0
zai-intelligence-20260408,chat,lilian.kamau,50.0
zai-intelligence-20260408,chat,lilian.kamau,40.0
zai-intelligence-20260408,chat,lilian.kamau,77.0
zai-intelligence-20260408,chat,lilian.kamau,70.0
zai-intelligence-20260408,chat,lilian.kamau,78.0
zai-intelligence-20260408,chat,lilian.kamau,50.0
zai-intelligence-20260408,chat,lilian.kamau,433185.0
zai-intelligence-20260408,chat,lilian.kamau,65.0
zai-intelligence-20260408,chat,lilian.kamau,70.0
zai-intelligence-20260408,chat,lilian.kamau,50.0
zai-intelligence-20260408,chat,lilian.kamau,50.0
zai-intelligence-20260408,chat,lilian.kamau,50.0
zai-intelligence-20260408,chat,lilian.kamau,50.0
zai-intelligence-20260408,chat,hyejin_wang,68.0
zai-intelligence-20260408,chat,hyejin_wang,70.0
zai-intelligence-20260408,chat,hyejin_wang,75.0
zai-intelligence-20260408,chat,hyejin_wang,55.0
zai-intelligence-20260408,chat,hyejin_wang,60.0
zai-intelligence-20260408,chat,hyejin_wang,50.0
zai-intelligence-20260408,chat,hyejin_wang,70.0
zai-intelligence-20260408,chat,hyejin_wang,160293.0
zai-intelligence-20260408,chat,hyejin_wang,79.0
zai-intelligence-20260408,chat,hyejin_wang,58.0
zai-intelligence-20260408,chat,hyejin_wang,99.0
zai-intelligence-20260408,chat,hyejin_wang,63.0
zai-intelligence-20260408,chat,hyejin_wang,68.0
zai-intelligence-20260408,chat,hyejin_wang,72.0
zai-intelligence-20260408,chat,hyejin_wang,56.0
zai-intelligence-20260408,chat,hyejin_wang,52.0
zai-intelligence-20260408,chat,hyejin_wang,549752.0
zai-intelligence-20260408,chat,hyejin_wang,82.0
zai-intelligence-20260408,chat,hyejin_wang,68.0
zai-intelligence-20260408,chat,hyejin_wang,81.0
zai-intelligence-20260408,chat,hyejin_wang,65.0
zai-intelligence-20260408,chat,hyejin_wang,72.0
zai-intelligence-20260408,chat,hyejin_wang,72.0
zai-intelligence-20260408,chat,hyejin_wang,48.0
zai-intelligence-20260408,chat,hyejin_wang,249600.0
zai-intelligence-20260408,chat,hyejin_wang,150.0
zai-intelligence-20260408,chat,hyejin_wang,110.0
zai-intelligence-20260408,chat,hyejin_wang,100.0
zai-intelligence-20260408,chat,hyejin_wang,130.0
zai-intelligence-20260408,chat,hyejin_wang,130.0
zai-intelligence-20260408,chat,hyejin_wang,130.0
zai-intelligence-20260408,chat,hyejin_wang,90.0
zai-intelligence-20260408,chat,hyejin_wang,130.0
zai-intelligence-20260408,chat,hyejin_wang,90.0
zai-intelligence-20260408,chat,hyejin_wang,579320.0
zai-intelligence-20260408,chat,hyejin_wang,165.0
zai-intelligence-20260408,chat,hyejin_wang,95.0
zai-intelligence-20260408,chat,hyejin_wang,110.0
zai-intelligence-20260408,chat,hyejin_wang,95.0
zai-intelligence-20260408,chat,hyejin_wang,90.0
zai-intelligence-20260408,chat,hyejin_wang,95.0
zai-intelligence-20260408,chat,hyejin_wang,55.0
zai-intelligence-20260408,chat,hyejin_wang,84878.0
zai-intelligence-20260408,chat,hyejin_wang,82.0
zai-intelligence-20260408,chat,hyejin_wang,55.0
zai-intelligence-20260408,chat,hyejin_wang,59.0
zai-intelligence-20260408,chat,hyejin_wang,50.0
zai-intelligence-20260408,chat,hyejin_wang,66.0
zai-intelligence-20260408,chat,hyejin_wang,63.0
zai-intelligence-20260408,chat,hyejin_wang,67.0
zai-intelligence-20260408,chat,hyejin_wang,50.0
zai-intelligence-20260408,chat,hyejin_wang,70.0
zai-intelligence-20260408,chat,hyejin_wang,86020.0
zai-intelligence-20260408,chat,hyejin_wang,68.0
zai-intelligence-20260408,chat,hyejin_wang,99.0
zai-intelligence-20260408,chat,hyejin_wang,95.0
zai-intelligence-20260408,chat,hyejin_wang,171.0
zai-intelligence-20260408,chat,hyejin_wang,67.0
zai-intelligence-20260408,chat,hyejin_wang,57.0
zai-intelligence-20260408,chat,hyejin_wang,60.0
zai-intelligence-20260408,chat,hyejin_wang,79.0
zai-intelligence-20260408,chat,hyejin_wang,1.0
zai-intelligence-20260408,chat,hyejin_wang,68.0
zai-intelligence-20260408,chat,hyejin_wang,2.0
zai-intelligence-20260408,chat,hyejin_wang,49.0
zai-intelligence-20260408,chat,hyejin_wang,21.0
zai-intelligence-20260408,chat,hyejin_wang,83.0
zai-intelligence-20260408,chat,hyejin_wang,105.0
zai-intelligence-20260408,chat,hyejin_wang,85.0
zai-intelligence-20260408,chat,hyejin_wang,66.0
zai-intelligence-20260408,chat,hyejin_wang,79.0
zai-intelligence-20260408,chat,hyejin_wang,85072.0
zai-intelligence-20260408,chat,hyejin_wang,119.0
zai-intelligence-20260408,chat,hyejin_wang,59.0
zai-intelligence-20260408,chat,hyejin_wang,52.0
zai-intelligence-20260408,chat,hyejin_wang,80.0
zai-intelligence-20260408,chat,hyejin_wang,113.0
zai-intelligence-20260408,chat,hyejin_wang,86.0
zai-intelligence-20260408,chat,hyejin_wang,66.0
zai-intelligence-20260408,chat,hyejin_wang,83.0
zai-intelligence-20260408,chat,hyejin_wang,44.0
zai-intelligence-20260408,chat,hyejin_wang,172926.0
zai-intelligence-20260408,chat,hyejin_wang,190.0
zai-intelligence-20260408,chat,hyejin_wang,140.0
zai-intelligence-20260408,chat,hyejin_wang,170.0
zai-intelligence-20260408,chat,hyejin_wang,130.0
zai-intelligence-20260408,chat,hyejin_wang,90.0
zai-intelligence-20260408,chat,mahmoud_baddour,94.0
zai-intelligence-20260408,chat,mahmoud_baddour,76.0
zai-intelligence-20260408,chat,mahmoud_baddour,68.0
zai-intelligence-20260408,chat,mahmoud_baddour,82.0
zai-intelligence-20260408,chat,mahmoud_baddour,135.0
zai-intelligence-20260408,chat,mahmoud_baddour,68.0
zai-intelligence-20260408,chat,Felipe Ribeiro,65.0
zai-intelligence-20260408,chat,Felipe Ribeiro,40.0
zai-intelligence-20260408,chat,Felipe Ribeiro,18.0
zai-intelligence-20260408,chat,Felipe Ribeiro,61.0
zai-intelligence-20260408,chat,Felipe Ribeiro,60.0
zai-intelligence-20260408,chat,Felipe Ribeiro,36.0
zai-intelligence-20260408,chat,Felipe Ribeiro,37.0
zai-intelligence-20260408,chat,Felipe Ribeiro,33.0
zai-intelligence-20260408,chat,Felipe Ribeiro,341785.0
zai-intelligence-20260408,chat,Felipe Ribeiro,132.0
zai-intelligence-20260408,chat,Felipe Ribeiro,138.0
zai-intelligence-20260408,chat,Felipe Ribeiro,248.0
zai-intelligence-20260408,chat,Felipe Ribeiro,122.0
zai-intelligence-20260408,chat,Felipe Ribeiro,85.0
zai-intelligence-20260408,chat,Felipe Ribeiro,155.0
zai-intelligence-20260408,chat,Felipe Ribeiro,80.0
zai-intelligence-20260408,chat,Felipe Ribeiro,347605.0
zai-intelligence-20260408,chat,Felipe Ribeiro,98.0
zai-intelligence-20260408,chat,Felipe Ribeiro,214.0
zai-intelligence-20260408,chat,Felipe Ribeiro,125.0
zai-intelligence-20260408,chat,Felipe Ribeiro,96.0
zai-intelligence-20260408,chat,Felipe Ribeiro,149.0
zai-intelligence-20260408,chat,Felipe Ribeiro,43.0
zai-intelligence-20260408,chat,Felipe Ribeiro,82652.0
zai-intelligence-20260408,chat,Felipe Ribeiro,88.0
zai-intelligence-20260408,chat,Felipe Ribeiro,70.0
zai-intelligence-20260408,chat,Felipe Ribeiro,85.0
zai-intelligence-20260408,chat,Felipe Ribeiro,85.0
zai-intelligence-20260408,chat,Felipe Ribeiro,77.0
zai-intelligence-20260408,chat,Felipe Ribeiro,71.0
zai-intelligence-20260408,chat,Felipe Ribeiro,100.0
zai-intelligence-20260408,chat,Felipe Ribeiro,52.0
zai-intelligence-20260408,chat,Felipe Ribeiro,603510.0
zai-intelligence-20260408,chat,Felipe Ribeiro,150.0
zai-intelligence-20260408,chat,Felipe Ribeiro,102.0
zai-intelligence-20260408,chat,Felipe Ribeiro,118.0
zai-intelligence-20260408,chat,Felipe Ribeiro,137.0
zai-intelligence-20260408,chat,Felipe Ribeiro,123.0
zai-intelligence-20260408,chat,Felipe Ribeiro,92.0
zai-intelligence-20260408,chat,Felipe Ribeiro,88.0
zai-intelligence-20260408,chat,Felipe Ribeiro,90.0
zai-intelligence-20260408,chat,Felipe Ribeiro,168240.0
zai-intelligence-20260408,chat,Felipe Ribeiro,150.0
zai-intelligence-20260408,chat,Felipe Ribeiro,160.0
zai-intelligence-20260408,chat,Felipe Ribeiro,130.0
zai-intelligence-20260408,chat,Felipe Ribeiro,165.0
zai-intelligence-20260408,chat,Felipe Ribeiro,160.0
zai-intelligence-20260408,chat,Felipe Ribeiro,160.0
zai-intelligence-20260408,chat,Felipe Ribeiro,150.0
zai-intelligence-20260408,chat,Felipe Ribeiro,160.0
zai-intelligence-20260408,chat,Felipe Ribeiro,262237.0
zai-intelligence-20260408,chat,Felipe Ribeiro,78.0
zai-intelligence-20260408,chat,Felipe Ribeiro,80.0
zai-intelligence-20260408,chat,Felipe Ribeiro,45.0
zai-intelligence-20260408,chat,Felipe Ribeiro,195.0
zai-intelligence-20260408,chat,Felipe Ribeiro,75.0
zai-intelligence-20260408,chat,Felipe Ribeiro,75.0
zai-intelligence-20260408,chat,Felipe Ribeiro,70.0
zai-intelligence-20260408,chat,Alessandra Rossi,63.0
zai-intelligence-20260408,chat,Alessandra Rossi,68.0
zai-intelligence-20260408,chat,Alessandra Rossi,57.0
zai-intelligence-20260408,chat,Alessandra Rossi,52.0
zai-intelligence-20260408,chat,Alessandra Rossi,28.0
zai-intelligence-20260408,chat,Alessandra Rossi,40.0
zai-intelligence-20260408,chat,Alessandra Rossi,341884.0
zai-intelligence-20260408,chat,Alessandra Rossi,101.0
zai-intelligence-20260408,chat,Alessandra Rossi,125.0
zai-intelligence-20260408,chat,Alessandra Rossi,155.0
zai-intelligence-20260408,chat,Alessandra Rossi,130.0
zai-intelligence-20260408,chat,Alessandra Rossi,83.0
zai-intelligence-20260408,chat,Alessandra Rossi,117.0
zai-intelligence-20260408,chat,Alessandra Rossi,117.0
zai-intelligence-20260408,chat,tanvi_sharma,67.0
zai-intelligence-20260408,chat,tanvi_sharma,150.0
zai-intelligence-20260408,chat,tanvi_sharma,67.0
zai-intelligence-20260408,chat,tanvi_sharma,78.0
zai-intelligence-20260408,chat,tanvi_sharma,58.0
zai-intelligence-20260408,chat,tanvi_sharma,51.0
zai-intelligence-20260408,chat,tanvi_sharma,256933.0
zai-intelligence-20260408,chat,tanvi_sharma,67.0
zai-intelligence-20260408,chat,tanvi_sharma,48.0
zai-intelligence-20260408,chat,tanvi_sharma,55.0
zai-intelligence-20260408,chat,tanvi_sharma,35.0
zai-intelligence-20260408,chat,tanvi_sharma,31.0
zai-intelligence-20260408,chat,tanvi_sharma,44.0
zai-intelligence-20260408,chat,tanvi_sharma,43.0
zai-intelligence-20260408,chat,tanvi_sharma,258857.0
zai-intelligence-20260408,chat,tanvi_sharma,135.0
zai-intelligence-20260408,chat,tanvi_sharma,65.0
zai-intelligence-20260408,chat,tanvi_sharma,105.0
zai-intelligence-20260408,chat,tanvi_sharma,45.0
zai-intelligence-20260408,chat,tanvi_sharma,65.0
zai-intelligence-20260408,chat,tanvi_sharma,70.0
zai-intelligence-20260408,chat,tanvi_sharma,55.0
zai-intelligence-20260408,chat,tanvi_sharma,33085.0
zai-intelligence-20260408,chat,tanvi_sharma,80.0
zai-intelligence-20260408,chat,tanvi_sharma,80.0
zai-intelligence-20260408,chat,tanvi_sharma,71.0
zai-intelligence-20260408,chat,tanvi_sharma,74.0
zai-intelligence-20260408,chat,tanvi_sharma,66.0
zai-intelligence-20260408,chat,tanvi_sharma,74.0
zai-intelligence-20260408,chat,tanvi_sharma,65.0
zai-intelligence-20260408,chat,tanvi_sharma,51692.0
zai-intelligence-20260408,chat,tanvi_sharma,118.0
zai-intelligence-20260408,chat,tanvi_sharma,70.0
zai-intelligence-20260408,chat,tanvi_sharma,52.0
zai-intelligence-20260408,chat,tanvi_sharma,75.0
zai-intelligence-20260408,chat,tanvi_sharma,258.0
zai-intelligence-20260408,chat,tanvi_sharma,77.0
zai-intelligence-20260408,chat,tanvi_sharma,140.0
zai-intelligence-20260408,chat,tanvi_sharma,83.0
zai-intelligence-20260408,chat,tanvi_sharma,60.0
zai-intelligence-20260408,chat,tanvi_sharma,258375.0
zai-intelligence-20260408,chat,tanvi_sharma,165.0
zai-intelligence-20260408,chat,tanvi_sharma,65.0
zai-intelligence-20260408,chat,tanvi_sharma,160.0
zai-intelligence-20260408,chat,tanvi_sharma,110.0
zai-intelligence-20260408,chat,tanvi_sharma,130.0
zai-intelligence-20260408,chat,tanvi_sharma,115.0
zai-intelligence-20260408,chat,tanvi_sharma,290.0
zai-intelligence-20260408,chat,tanvi_sharma,115.0
zai-intelligence-20260408,chat,tanvi_sharma,155.0
zai-intelligence-20260408,chat,tanvi_sharma,344247.0
zai-intelligence-20260408,chat,tanvi_sharma,88.0
zai-intelligence-20260408,chat,tanvi_sharma,65.0
zai-intelligence-20260408,chat,tanvi_sharma,85.0
zai-intelligence-20260408,chat,tanvi_sharma,127.0
zai-intelligence-20260408,chat,tanvi_sharma,166.0
zai-intelligence-20260408,chat,tanvi_sharma,69.0
zai-intelligence-20260408,chat,tanvi_sharma,63.0
zai-intelligence-20260408,chat,tanvi_sharma,90.0
zai-intelligence-20260408,chat,tanvi_sharma,87.0
zai-intelligence-20260408,chat,tanvi_sharma,172498.0
zai-intelligence-20260408,chat,tanvi_sharma,101.0
zai-intelligence-20260408,chat,tanvi_sharma,70.0
zai-intelligence-20260408,chat,tanvi_sharma,71.0
zai-intelligence-20260408,chat,tanvi_sharma,88.0
zai-intelligence-20260408,chat,tanvi_sharma,57.0
zai-intelligence-20260408,chat,tanvi_sharma,86213.0
zai-intelligence-20260408,chat,tanvi_sharma,110.0
zai-intelligence-20260408,chat,tanvi_sharma,90.0
zai-intelligence-20260408,chat,tanvi_sharma,90.0
zai-intelligence-20260408,chat,tanvi_sharma,110.0
zai-intelligence-20260408,chat,tanvi_sharma,90.0
zai-intelligence-20260408,chat,tanvi_sharma,80.0
zai-intelligence-20260408,chat,tanvi_sharma,75.0
zai-intelligence-20260408,chat,tanvi_sharma,75.0
zai-intelligence-20260408,chat,tanvi_sharma,171844.0
zai-intelligence-20260408,chat,tanvi_sharma,53.0
zai-intelligence-20260408,chat,tanvi_sharma,41.0
zai-intelligence-20260408,chat,tanvi_sharma,52.0
zai-intelligence-20260408,chat,tanvi_sharma,2.0
zai-intelligence-20260408,chat,tanvi_sharma,68.0
zai-intelligence-20260408,chat,tanvi_sharma,53.0
zai-intelligence-20260408,chat,tanvi_sharma,9.0
zai-intelligence-20260408,chat,tanvi_sharma,43.0
zai-intelligence-20260408,chat,tanvi_sharma,38.0
zai-intelligence-20260408,chat,tanvi_sharma,37.0
zai-intelligence-20260408,chat,tanvi_sharma,30.0
zai-intelligence-20260408,chat,tanvi_sharma,42.0
zai-intelligence-20260408,chat,tanvi_sharma,23.0
zai-intelligence-20260408,chat,tanvi_sharma,85.0
zai-intelligence-20260408,chat,tanvi_sharma,100.0
zai-intelligence-20260408,chat,tanvi_sharma,40.0
zai-intelligence-20260408,chat,tanvi_sharma,90.0
zai-intelligence-20260408,chat,tanvi_sharma,90.0
zai-intelligence-20260408,chat,tanvi_sharma,90.0
zai-intelligence-20260408,chat,tanvi_sharma,90.0
zai-intelligence-20260408,chat,tanvi_sharma,1770.0
zai-intelligence-20260408,chat,tanvi_sharma,90.0
zai-intelligence-20260408,chat,tanvi_sharma,80.0
zai-intelligence-20260408,chat,tanvi_sharma,65.0
zai-intelligence-20260408,chat,tanvi_sharma,70.0
zai-intelligence-20260408,chat,tanvi_sharma,70.0
zai-intelligence-20260408,chat,tanvi_sharma,80.0
zai-intelligence-20260408,chat,tanvi_sharma,70.0
zai-intelligence-20260408,chat,tanvi_sharma,65.0
zai-intelligence-20260408,chat,Amara Chukwuma,235.0
zai-intelligence-20260408,chat,Amara Chukwuma,200.0
zai-intelligence-20260408,chat,Amara Chukwuma,130.0
zai-intelligence-20260408,chat,Amara Chukwuma,70.0
zai-intelligence-20260408,chat,Amara Chukwuma,140.0
zai-intelligence-20260408,chat,Amara Chukwuma,260.0
zai-intelligence-20260408,chat,Amara Chukwuma,120.0
zai-intelligence-20260408,chat,Amara Chukwuma,776511.0
zai-intelligence-20260408,chat,Amara Chukwuma,76.0
zai-intelligence-20260408,chat,Amara Chukwuma,87.0
zai-intelligence-20260408,chat,Amara Chukwuma,55.0
zai-intelligence-20260408,chat,Amara Chukwuma,73.0
zai-intelligence-20260408,chat,Amara Chukwuma,63.0
zai-intelligence-20260408,chat,Amara Chukwuma,52.0
zai-intelligence-20260408,chat,Amara Chukwuma,56.0
zai-intelligence-20260408,chat,Amara Chukwuma,342309.0
zai-intelligence-20260408,chat,Amara Chukwuma,138.0
zai-intelligence-20260408,chat,Amara Chukwuma,155.0
zai-intelligence-20260408,chat,Amara Chukwuma,130.0
zai-intelligence-20260408,chat,Amara Chukwuma,125.0
zai-intelligence-20260408,chat,Amara Chukwuma,130.0
zai-intelligence-20260408,chat,Amara Chukwuma,90.0
zai-intelligence-20260408,chat,Amara Chukwuma,693814.0
zai-intelligence-20260408,chat,Amara Chukwuma,71.0
zai-intelligence-20260408,chat,Amara Chukwuma,65.0
zai-intelligence-20260408,chat,Amara Chukwuma,57.0
zai-intelligence-20260408,chat,Amara Chukwuma,69.0
zai-intelligence-20260408,chat,Amara Chukwuma,54.0
zai-intelligence-20260408,chat,Amara Chukwuma,67.0
zai-intelligence-20260408,chat,Amara Chukwuma,73.0
zai-intelligence-20260408,chat,Amara Chukwuma,65.0
zai-intelligence-20260408,chat,Amara Chukwuma,48.0
zai-intelligence-20260408,chat,Chidinma Okonkwo,198.0
zai-intelligence-20260408,chat,Chidinma Okonkwo,187.0
zai-intelligence-20260408,chat,Chidinma Okonkwo,113.0
zai-intelligence-20260408,chat,Chidinma Okonkwo,320.0
zai-intelligence-20260408,chat,Chidinma Okonkwo,133.0
zai-intelligence-20260408,chat,Chidinma Okonkwo,210.0
zai-intelligence-20260408,chat,Chidinma Okonkwo,87.0
zai-intelligence-20260408,chat,Chidinma Okonkwo,931855.0
zai-intelligence-20260408,chat,Chidinma Okonkwo,155.0
zai-intelligence-20260408,chat,Chidinma Okonkwo,385.0
zai-intelligence-20260408,chat,Chidinma Okonkwo,122.0
zai-intelligence-20260408,chat,Chidinma Okonkwo,123.0
zai-intelligence-20260408,chat,Chidinma Okonkwo,155.0
zai-intelligence-20260408,chat,Chidinma Okonkwo,210.0
zai-intelligence-20260408,chat,Chidinma Okonkwo,130.0
zai-intelligence-20260408,chat,Chidinma Okonkwo,160.0
zai-intelligence-20260408,chat,Chidinma Okonkwo,175.0
zai-intelligence-20260408,chat,Chidinma Okonkwo,125.0
zai-intelligence-20260408,chat,Chidinma Okonkwo,80.0
zai-intelligence-20260408,chat,Chidinma Okonkwo,84373.0
zai-intelligence-20260408,chat,Chidinma Okonkwo,76.0
zai-intelligence-20260408,chat,Chidinma Okonkwo,226.0
zai-intelligence-20260408,chat,Chidinma Okonkwo,70.0
zai-intelligence-20260408,chat,Chidinma Okonkwo,68.0
zai-intelligence-20260408,chat,Chidinma Okonkwo,162.0
zai-intelligence-20260408,chat,Chidinma Okonkwo,34.0
zai-intelligence-20260408,chat,Kwame Williams,47.0
zai-intelligence-20260408,chat,Kwame Williams,33.0
zai-intelligence-20260408,chat,Kwame Williams,192.0
zai-intelligence-20260408,chat,Kwame Williams,55.0
zai-intelligence-20260408,chat,Kwame Williams,356.0
zai-intelligence-20260408,chat,Kwame Williams,57.0
zai-intelligence-20260408,chat,Kwame Williams,40.0
zai-intelligence-20260408,chat,Kwame Williams,431957.0
zai-intelligence-20260408,chat,Kwame Williams,78.0
zai-intelligence-20260408,chat,Kwame Williams,97.0
zai-intelligence-20260408,chat,Kwame Williams,48.0
zai-intelligence-20260408,chat,Kwame Williams,147.0
zai-intelligence-20260408,chat,Kwame Williams,86.0
zai-intelligence-20260408,chat,Kwame Williams,47.0
zai-intelligence-20260408,chat,Akiko Yamada,31.0
zai-intelligence-20260408,chat,Akiko Yamada,30.0
zai-intelligence-20260408,chat,Akiko Yamada,84.0
zai-intelligence-20260408,chat,Akiko Yamada,28.0
zai-intelligence-20260408,chat,Akiko Yamada,29.0
zai-intelligence-20260408,chat,Akiko Yamada,51.0
zai-intelligence-20260408,chat,Akiko Yamada,36.0
zai-intelligence-20260408,chat,Akiko Yamada,30.0
zai-intelligence-20260408,chat,Akiko Yamada,28.0
zai-intelligence-20260408,chat,Akiko Yamada,29.0
zai-intelligence-20260408,chat,chidinma_okonkwo,73.0
zai-intelligence-20260408,chat,chidinma_okonkwo,73.0
zai-intelligence-20260408,chat,chidinma_okonkwo,74.0
zai-intelligence-20260408,chat,chidinma_okonkwo,40.0
zai-intelligence-20260408,chat,chidinma_okonkwo,72.0
zai-intelligence-20260408,chat,chidinma_okonkwo,60.0
zai-intelligence-20260408,chat,chidinma_okonkwo,56.0
zai-intelligence-20260408,chat,chidinma_okonkwo,54.0
zai-intelligence-20260408,chat,MariamHamed,162.0
zai-intelligence-20260408,chat,MariamHamed,303.0
zai-intelligence-20260408,chat,MariamHamed,37.0
zai-intelligence-20260408,chat,MariamHamed,203.0
zai-intelligence-20260408,chat,MariamHamed,125.0
zai-intelligence-20260408,chat,MariamHamed,168.0
zai-intelligence-20260408,chat,MariamHamed,122.0
zai-intelligence-20260408,chat,KwameWilliams,175.0
zai-intelligence-20260408,chat,KwameWilliams,113.0
zai-intelligence-20260408,chat,KwameWilliams,288.0
zai-intelligence-20260408,chat,KwameWilliams,102.0
zai-intelligence-20260408,chat,KwameWilliams,159.0
zai-intelligence-20260408,chat,KwameWilliams,163.0
zai-intelligence-20260408,chat,Grace Mensah,125.0
zai-intelligence-20260408,chat,Grace Mensah,171.0
zai-intelligence-20260408,chat,Grace Mensah,119.0
zai-intelligence-20260408,chat,Grace Mensah,113.0
zai-intelligence-20260408,chat,Grace Mensah,102.0
zai-intelligence-20260408,chat,Grace Mensah,157.0
zai-intelligence-20260408,chat,Grace Mensah,77.0
zai-intelligence-20260408,chat,mateo,78.0
zai-intelligence-20260408,chat,mateo,85.0
zai-intelligence-20260408,chat,mateo,69.0
zai-intelligence-20260408,chat,mateo,78.0
zai-intelligence-20260408,chat,mateo,68.0
zai-intelligence-20260408,chat,mateo,32.0
zai-intelligence-20260408,chat,mateo,70.0
zai-intelligence-20260408,chat,mateo,58.0
zai-intelligence-20260408,chat,mateo,60.0
zai-intelligence-20260408,chat,julia,87.0
zai-intelligence-20260408,chat,julia,71.0
zai-intelligence-20260408,chat,julia,82.0
zai-intelligence-20260408,chat,julia,78.0
zai-intelligence-20260408,chat,julia,87.0
zai-intelligence-20260408,chat,julia,68.0
zai-intelligence-20260408,chat,julia,67.0
zai-intelligence-20260408,chat,julia,42.0
zai-intelligence-20260408,chat,juan_garcia,150.0
zai-intelligence-20260408,chat,juan_garcia,85.0
zai-intelligence-20260408,chat,juan_garcia,135.0
zai-intelligence-20260408,chat,juan_garcia,95.0
zai-intelligence-20260408,chat,juan_garcia,165.0
zai-intelligence-20260408,chat,juan_garcia,85.0
zai-intelligence-20260408,chat,juan_garcia,130.0
zai-intelligence-20260408,chat,juan_garcia,100.0
zai-intelligence-20260408,chat,mateo.carvalho,130.0
zai-intelligence-20260408,chat,mateo.carvalho,90.0
zai-intelligence-20260408,chat,mateo.carvalho,90.0
zai-intelligence-20260408,chat,mateo.carvalho,90.0
zai-intelligence-20260408,chat,mateo.carvalho,90.0
zai-intelligence-20260408,chat,mateo.carvalho,95.0
zai-intelligence-20260408,chat,alejandro.rendon,88.0
zai-intelligence-20260408,chat,alejandro.rendon,58.0
zai-intelligence-20260408,chat,alejandro.rendon,49.0
zai-intelligence-20260408,chat,alejandro.rendon,43.0
zai-intelligence-20260408,chat,alejandro.rendon,83.0
zai-intelligence-20260408,chat,alejandro.rendon,72.0
zai-intelligence-20260408,chat,alejandro.rendon,70.0
zai-intelligence-20260408,chat,alejandro.rendon,50.0
zai-intelligence-20260408,chat,alejandro.rendon,87540.0
zai-intelligence-20260408,chat,alejandro.rendon,85.0
zai-intelligence-20260408,chat,alejandro.rendon,68.0
zai-intelligence-20260408,chat,alejandro.rendon,72.0
zai-intelligence-20260408,chat,alejandro.rendon,60.0
zai-intelligence-20260408,chat,alejandro.rendon,52.0
zai-intelligence-20260408,chat,alejandro.rendon,143.0
zai-intelligence-20260408,chat,alejandro.rendon,87.0
zai-intelligence-20260408,chat,alejandro.rendon,63.0
zai-intelligence-20260408,chat,alejandro.rendon,45.0
zai-intelligence-20260408,chat,alejandro.rendon,344914.0
zai-intelligence-20260408,chat,alejandro.rendon,71.0
zai-intelligence-20260408,chat,alejandro.rendon,65.0
zai-intelligence-20260408,chat,alejandro.rendon,55.0
zai-intelligence-20260408,chat,alejandro.rendon,50.0
zai-intelligence-20260408,chat,alejandro.rendon,47.0
zai-intelligence-20260408,chat,alejandro.rendon,50.0
zai-intelligence-20260408,chat,alejandro.rendon,53.0
zai-intelligence-20260408,chat,felipe.ribeiro,75.0
zai-intelligence-20260408,chat,felipe.ribeiro,72.0
zai-intelligence-20260408,chat,felipe.ribeiro,64.0
zai-intelligence-20260408,chat,felipe.ribeiro,56.0
zai-intelligence-20260408,chat,felipe.ribeiro,51.0
zai-intelligence-20260408,chat,felipe.ribeiro,85.0
zai-intelligence-20260408,chat,felipe.ribeiro,80.0
zai-intelligence-20260408,chat,felipe.ribeiro,78.0
zai-intelligence-20260408,chat,felipe.ribeiro,52.0
zai-intelligence-20260408,chat,Liang Zhao,87.0
zai-intelligence-20260408,chat,Liang Zhao,88.0
zai-intelligence-20260408,chat,Liang Zhao,102.0
zai-intelligence-20260408,chat,Liang Zhao,98.0
zai-intelligence-20260408,chat,Liang Zhao,90.0
zai-intelligence-20260408,chat,Liang Zhao,90.0
zai-intelligence-20260408,chat,Liang Zhao,130.0
zai-intelligence-20260408,chat,Liang Zhao,80.0
zai-intelligence-20260408,chat,Liang Zhao,135.0
zai-intelligence-20260408,chat,Liang Zhao,85.0
zai-intelligence-20260408,chat,liang_zhao,81.0
zai-intelligence-20260408,chat,liang_zhao,74.0
zai-intelligence-20260408,chat,liang_zhao,88.0
zai-intelligence-20260408,chat,liang_zhao,78.0
zai-intelligence-20260408,chat,liang_zhao,48.0
zai-intelligence-20260408,chat,liang_zhao,44.0
zai-intelligence-20260408,chat,liang_zhao,77.0
zai-intelligence-20260408,chat,liang_zhao,51.0
zai-intelligence-20260408,chat,liang_zhao,542.0
zai-intelligence-20260408,chat,liang_zhao,50.0
zai-intelligence-20260408,chat,kwame_williams,155.0
zai-intelligence-20260408,chat,kwame_williams,126.0
zai-intelligence-20260408,chat,kwame_williams,135.0
zai-intelligence-20260408,chat,kwame_williams,141.0
zai-intelligence-20260408,chat,kwame_williams,115.0
zai-intelligence-20260408,chat,kwame_williams,141.0
zai-intelligence-20260408,chat,kwame_williams,98.0
zai-intelligence-20260408,chat,kwame_williams,87.0
zai-intelligence-20260408,chat,hanh_nguyen,133.0
zai-intelligence-20260408,chat,hanh_nguyen,96.0
zai-intelligence-20260408,chat,hanh_nguyen,89.0
zai-intelligence-20260408,chat,hanh_nguyen,95.0
zai-intelligence-20260408,chat,hanh_nguyen,130.0
zai-intelligence-20260408,chat,hanh_nguyen,90.0
zai-intelligence-20260408,chat,hanh_nguyen,85.0
zai-intelligence-20260408,chat,hanh_nguyen,95.0
zai-intelligence-20260408,chat,hanh_nguyen,75.0
zai-intelligence-20260408,chat,neha,71.0
zai-intelligence-20260408,chat,neha,57.0
zai-intelligence-20260408,chat,neha,47.0
zai-intelligence-20260408,chat,neha,53.0
zai-intelligence-20260408,chat,neha,53.0
zai-intelligence-20260408,chat,neha,47.0
zai-intelligence-20260408,chat,neha,50.0
zai-intelligence-20260408,chat,neha,42.0
zai-intelligence-20260408,chat,rohan,56.0
zai-intelligence-20260408,chat,rohan,62.0
zai-intelligence-20260408,chat,rohan,45.0
zai-intelligence-20260408,chat,rohan,55.0
zai-intelligence-20260408,chat,rohan,49.0
zai-intelligence-20260408,chat,rohan,48.0
zai-intelligence-20260408,chat,rohan,48.0
zai-intelligence-20260408,chat,aisha_suleiman,225.0
zai-intelligence-20260408,chat,aisha_suleiman,140.0
zai-intelligence-20260408,chat,aisha_suleiman,170.0
zai-intelligence-20260408,chat,aisha_suleiman,130.0
zai-intelligence-20260408,chat,aisha_suleiman,130.0
zai-intelligence-20260408,chat,aisha_suleiman,75.0
zai-intelligence-20260408,chat,chidinma.okonkwo,155.0
zai-intelligence-20260408,chat,chidinma.okonkwo,147.0
zai-intelligence-20260408,chat,chidinma.okonkwo,176.0
zai-intelligence-20260408,chat,chidinma.okonkwo,155.0
zai-intelligence-20260408,chat,chidinma.okonkwo,159.0
zai-intelligence-20260408,chat,chidinma.okonkwo,135.0
zai-intelligence-20260408,chat,chidinma.okonkwo,91.0
zai-intelligence-20260408,chat,taranjeet.singh,154.0
zai-intelligence-20260408,chat,taranjeet.singh,123.0
zai-intelligence-20260408,chat,taranjeet.singh,96.0
zai-intelligence-20260408,chat,taranjeet.singh,85.0
zai-intelligence-20260408,chat,taranjeet.singh,178.0
zai-intelligence-20260408,chat,taranjeet.singh,130.0
zai-intelligence-20260408,chat,taranjeet.singh,136.0
zai-intelligence-20260408,chat,Aisha Suleiman,70.0
zai-intelligence-20260408,chat,Aisha Suleiman,70.0
zai-intelligence-20260408,chat,Aisha Suleiman,60.0
zai-intelligence-20260408,chat,Aisha Suleiman,45.0
zai-intelligence-20260408,chat,Aisha Suleiman,55.0
zai-intelligence-20260408,chat,Aisha Suleiman,45.0
zai-intelligence-20260408,chat,Aisha Suleiman,50.0
zai-intelligence-20260408,chat,Aisha Suleiman,45.0
zai-intelligence-20260408,chat,alexander_mwangi,72.0
zai-intelligence-20260408,chat,infra_support_team,122.0
zai-intelligence-20260408,group_chat,Alejandro Rendón,76.0
zai-intelligence-20260408,group_chat,Alejandro Rendón,52.0
zai-intelligence-20260408,group_chat,Alejandro Rendón,52.0
zai-intelligence-20260408,group_chat,Alejandro Rendón,49.0
zai-intelligence-20260408,group_chat,Alejandro Rendón,31.0
zai-intelligence-20260408,group_chat,Alejandro Rendón,110.0
zai-intelligence-20260408,group_chat,Alejandro Rendón,105.0
zai-intelligence-20260408,group_chat,Alejandro Rendón,103.0
zai-intelligence-20260408,group_chat,Alejandro Rendón,290.0
zai-intelligence-20260408,group_chat,Alejandro Rendón,71302.0
zai-intelligence-20260408,group_chat,Alejandro Rendón,42.0
zai-intelligence-20260408,group_chat,Alejandro Rendón,108.0
zai-intelligence-20260408,group_chat,Alejandro Rendón,53.0
zai-intelligence-20260408,group_chat,Alejandro Rendón,82370.0
zai-intelligence-20260408,group_chat,Alejandro Rendón,25.0
zai-intelligence-20260408,group_chat,Alejandro Rendón,285.0
zai-intelligence-20260408,group_chat,Alejandro Rendón,165.0
zai-intelligence-20260408,group_chat,Alejandro Rendón,140.0
zai-intelligence-20260408,group_chat,Alejandro Rendón,3035.0
zai-intelligence-20260408,group_chat,Alejandro Rendón,170.0
zai-intelligence-20260408,group_chat,Alejandro Rendón,155.0
zai-intelligence-20260408,group_chat,Alejandro Rendón,65.0
zai-intelligence-20260408,group_chat,Alejandro Rendón,85990.0
zai-intelligence-20260408,group_chat,Alejandro Rendón,114.0
zai-intelligence-20260408,group_chat,Alejandro Rendón,233.0
zai-intelligence-20260408,group_chat,Alejandro Rendón,188.0
zai-intelligence-20260408,group_chat,Alejandro Rendón,142.0
zai-intelligence-20260408,group_chat,Alejandro Rendón,123.0
zai-intelligence-20260408,group_chat,Alejandro Rendón,13637.0
zai-intelligence-20260408,group_chat,Alejandro Rendón,230.0
zai-intelligence-20260408,group_chat,Alejandro Rendón,173.0
zai-intelligence-20260408,group_chat,Alejandro Rendón,200.0
zai-intelligence-20260408,group_chat,Alejandro Rendón,90.0
zai-intelligence-20260408,group_chat,Alejandro Rendón,2915.0
zai-intelligence-20260408,group_chat,Alejandro Rendón,222.0
zai-intelligence-20260408,group_chat,Alejandro Rendón,51.0
zai-intelligence-20260408,group_chat,Alejandro Rendón,74.0
zai-intelligence-20260408,group_chat,Alejandro Rendón,105.0
zai-intelligence-20260408,group_chat,Alejandro Rendón,20.0
zai-intelligence-20260408,group_chat,Alejandro Rendón,63.0
zai-intelligence-20260408,group_chat,Alejandro Rendón,156.0
zai-intelligence-20260408,group_chat,Alejandro Rendón,67998.0
zai-intelligence-20260408,group_chat,Alejandro Rendón,260.0
zai-intelligence-20260408,group_chat,Alejandro Rendón,210.0
zai-intelligence-20260408,group_chat,Alejandro Rendón,2849.0
zai-intelligence-20260408,group_chat,Alejandro Rendón,104.0
zai-intelligence-20260408,group_chat,Alejandro Rendón,172.0
zai-intelligence-20260408,group_chat,Alejandro Rendón,126.0
zai-intelligence-20260408,group_chat,Alejandro Rendón,10370.0
zai-intelligence-20260408,group_chat,Alejandro Rendón,120.0
zai-intelligence-20260408,group_chat,Alejandro Rendón,150.0
zai-intelligence-20260408,group_chat,Alejandro Rendón,105.0
zai-intelligence-20260408,group_chat,Alejandro Rendón,65.0
zai-intelligence-20260408,group_chat,Alejandro Rendón,83140.0
zai-intelligence-20260408,group_chat,Alejandro Rendón,95.0
zai-intelligence-20260408,group_chat,Alejandro Rendón,40.0
zai-intelligence-20260408,group_chat,Alejandro Rendón,125.0
zai-intelligence-20260408,group_chat,Alejandro Rendón,125.0
zai-intelligence-20260408,group_chat,Alejandro Rendón,2400.0
zai-intelligence-20260408,group_chat,Alejandro Rendón,37.0
zai-intelligence-20260408,group_chat,Alejandro Rendón,96.0
zai-intelligence-20260408,group_chat,Alejandro Rendón,22.0
zai-intelligence-20260408,group_chat,Alejandro Rendón,105.0
zai-intelligence-20260408,group_chat,Alejandro Rendón,35.0
zai-intelligence-20260408,group_chat,Alejandro Rendón,30.0
zai-intelligence-20260408,group_chat,Alejandro Rendón,40.0
zai-intelligence-20260408,group_chat,Alejandro Rendón,100.0
zai-intelligence-20260408,group_chat,Alejandro Rendón,67975.0
zai-intelligence-20260408,group_chat,Alejandro Rendón,80.0
zai-intelligence-20260408,group_chat,Alejandro Rendón,125.0
zai-intelligence-20260408,group_chat,Alejandro Rendón,64.0
zai-intelligence-20260408,group_chat,Alejandro Rendón,21.0
zai-intelligence-20260408,group_chat,Alejandro Rendón,75.0
zai-intelligence-20260408,group_chat,Alejandro Rendón,90.0
zai-intelligence-20260408,group_chat,Alejandro Rendón,142.0
zai-intelligence-20260408,group_chat,Alejandro Rendón,195.0
zai-intelligence-20260408,group_chat,Alejandro Rendón,2698.0
zai-intelligence-20260408,group_chat,Alejandro Rendón,125.0
zai-intelligence-20260408,group_chat,Alejandro Rendón,130.0
zai-intelligence-20260408,group_chat,Alejandro Rendón,45.0
zai-intelligence-20260408,group_chat,Alejandro Rendón,115.0
zai-intelligence-20260408,group_chat,Alejandro Rendón,3292.0
zai-intelligence-20260408,group_chat,Alejandro Rendón,188.0
zai-intelligence-20260408,group_chat,Alejandro Rendón,195.0
zai-intelligence-20260408,group_chat,Alejandro Rendón,145.0
zai-intelligence-20260408,group_chat,Alejandro Rendón,110.0
zai-intelligence-20260408,group_chat,Alejandro Rendón,9133.0
zai-intelligence-20260408,group_chat,Alejandro Rendón,175.0
zai-intelligence-20260408,group_chat,Alejandro Rendón,187.0
zai-intelligence-20260408,group_chat,Alejandro Rendón,116.0
zai-intelligence-20260408,group_chat,Alejandro Rendón,119.0
zai-intelligence-20260408,group_chat,Alejandro Rendón,68865.0
zai-intelligence-20260408,group_chat,Alejandro Rendón,180.0
zai-intelligence-20260408,group_chat,Alejandro Rendón,110.0
zai-intelligence-20260408,group_chat,Alejandro Rendón,6637.0
zai-intelligence-20260408,group_chat,Alejandro Rendón,196.0
zai-intelligence-20260408,group_chat,Alejandro Rendón,237.0
zai-intelligence-20260408,group_chat,Alejandro Rendón,200.0
zai-intelligence-20260408,group_chat,Alejandro Rendón,10317.0
zai-intelligence-20260408,group_chat,Alejandro Rendón,198.0
zai-intelligence-20260408,group_chat,Alejandro Rendón,150.0
zai-intelligence-20260408,group_chat,Alejandro Rendón,150.0
zai-intelligence-20260408,group_chat,Alejandro Rendón,68163.0
zai-intelligence-20260408,group_chat,Alejandro Rendón,372.0
zai-intelligence-20260408,group_chat,Alejandro Rendón,274.0
zai-intelligence-20260408,group_chat,Alejandro Rendón,318.0
zai-intelligence-20260408,group_chat,Alejandro Rendón,85268.0
zai-intelligence-20260408,group_chat,Alejandro Rendón,106.0
zai-intelligence-20260408,group_chat,Alejandro Rendón,149.0
zai-intelligence-20260408,group_chat,Alejandro Rendón,65.0
zai-intelligence-20260408,group_chat,Alejandro Rendón,26.0
zai-intelligence-20260408,group_chat,Alejandro Rendón,164.0
zai-intelligence-20260408,group_chat,Alejandro Rendón,110.0
zai-intelligence-20260408,group_chat,Alejandro Rendón,55.0
zai-intelligence-20260408,group_chat,Alejandro Rendón,275.0
zai-intelligence-20260408,group_chat,Alejandro Rendón,52855.0
zai-intelligence-20260408,group_chat,Alejandro Rendón,32520.0
zai-intelligence-20260408,group_chat,Alejandro Rendón,34.0
zai-intelligence-20260408,group_chat,Alejandro Rendón,146.0
zai-intelligence-20260408,group_chat,Alejandro Rendón,70.0
zai-intelligence-20260408,group_chat,Alejandro Rendón,155.0
zai-intelligence-20260408,group_chat,Alejandro Rendón,145.0
zai-intelligence-20260408,group_chat,Alejandro Rendón,135.0
zai-intelligence-20260408,group_chat,Alejandro Rendón,305.0
zai-intelligence-20260408,group_chat,Alejandro Rendón,17013.0
zai-intelligence-20260408,group_chat,Alejandro Rendón,180.0
zai-intelligence-20260408,group_chat,Alejandro Rendón,42.0
zai-intelligence-20260408,group_chat,Alejandro Rendón,63.0
zai-intelligence-20260408,group_chat,Alejandro Rendón,154620.0
zai-intelligence-20260408,group_chat,Alejandro Rendón,59.0
zai-intelligence-20260408,group_chat,Alejandro Rendón,135.0
zai-intelligence-20260408,group_chat,Alejandro Rendón,115.0
zai-intelligence-20260408,group_chat,Alejandro Rendón,75.0
zai-intelligence-20260408,group_chat,Alejandro Rendón,140.0
zai-intelligence-20260408,group_chat,Alejandro Rendón,3073.0
zai-intelligence-20260408,group_chat,Alejandro Rendón,185.0
zai-intelligence-20260408,group_chat,Alejandro Rendón,25.0
zai-intelligence-20260408,group_chat,Alejandro Rendón,210.0
zai-intelligence-20260408,group_chat,Alejandro Rendón,145.0
zai-intelligence-20260408,group_chat,Alejandro Rendón,85838.0
zai-intelligence-20260408,group_chat,Alejandro Rendón,297.0
zai-intelligence-20260408,group_chat,Alejandro Rendón,157.0
zai-intelligence-20260408,group_chat,Alejandro Rendón,240.0
zai-intelligence-20260408,group_chat,Alejandro Rendón,13688.0
zai-intelligence-20260408,group_chat,Alejandro Rendón,60.0
zai-intelligence-20260408,group_chat,Alejandro Rendón,80.0
zai-intelligence-20260408,group_chat,Alejandro Rendón,60.0
zai-intelligence-20260408,group_chat,Alejandro Rendón,60.0
zai-intelligence-20260408,group_chat,Alejandro Rendón,71655.0
zai-intelligence-20260408,group_chat,Alejandro Rendón,175.0
zai-intelligence-20260408,group_chat,Alejandro Rendón,205.0
zai-intelligence-20260408,group_chat,Alejandro Rendón,45.0
zai-intelligence-20260408,group_chat,Alejandro Rendón,100445.0
zai-intelligence-20260408,group_chat,Alejandro Rendón,177.0
zai-intelligence-20260408,group_chat,Alejandro Rendón,62.0
zai-intelligence-20260408,group_chat,Alejandro Rendón,201.0
zai-intelligence-20260408,group_chat,Alejandro Rendón,146.0
zai-intelligence-20260408,group_chat,Alejandro Rendón,141.0
zai-intelligence-20260408,group_chat,Alejandro Rendón,116.0
zai-intelligence-20260408,group_chat,Alejandro Rendón,153907.0
zai-intelligence-20260408,group_chat,Alejandro Rendón,115.0
zai-intelligence-20260408,group_chat,Alejandro Rendón,160.0
zai-intelligence-20260408,group_chat,Alejandro Rendón,3312.0
zai-intelligence-20260408,group_chat,Alejandro Rendón,83.0
zai-intelligence-20260408,group_chat,Alejandro Rendón,125.0
zai-intelligence-20260408,group_chat,Alejandro Rendón,105.0
zai-intelligence-20260408,group_chat,Alejandro Rendón,70.0
zai-intelligence-20260408,group_chat,Alejandro Rendón,14110.0
zai-intelligence-20260408,group_chat,Alejandro Rendón,205.0
zai-intelligence-20260408,group_chat,Alejandro Rendón,125.0
zai-intelligence-20260408,group_chat,Alejandro Rendón,65275.0
zai-intelligence-20260408,group_chat,Alejandro Rendón,160.0
zai-intelligence-20260408,group_chat,Alejandro Rendón,135.0
zai-intelligence-20260408,group_chat,Alejandro Rendón,165.0
zai-intelligence-20260408,group_chat,Alejandro Rendón,2360.0
zai-intelligence-20260408,group_chat,Alejandro Rendón,155.0
zai-intelligence-20260408,group_chat,Alejandro Rendón,65.0
zai-intelligence-20260408,group_chat,Alejandro Rendón,250.0
zai-intelligence-20260408,group_chat,Alejandro Rendón,125.0
zai-intelligence-20260408,group_chat,Alejandro Rendón,127.0
zai-intelligence-20260408,group_chat,Alejandro Rendón,261.0
zai-intelligence-20260408,group_chat,Alejandro Rendón,118.0
zai-intelligence-20260408,group_chat,Alejandro Rendón,144.0
zai-intelligence-20260408,group_chat,Alejandro Rendón,205.0
zai-intelligence-20260408,group_chat,Alejandro Rendón,205.0
zai-intelligence-20260408,group_chat,Alejandro Rendón,1925.0
zai-intelligence-20260408,group_chat,Alejandro Rendón,235.0
zai-intelligence-20260408,group_chat,Alejandro Rendón,200.0
zai-intelligence-20260408,group_chat,Alejandro Rendón,40.0
zai-intelligence-20260408,group_chat,Alejandro Rendón,82287.0
zai-intelligence-20260408,group_chat,Alejandro Rendón,93.0
zai-intelligence-20260408,group_chat,Alejandro Rendón,195.0
zai-intelligence-20260408,group_chat,Alejandro Rendón,305.0
zai-intelligence-20260408,group_chat,Alejandro Rendón,30.0
zai-intelligence-20260408,group_chat,Alejandro Rendón,86365.0
zai-intelligence-20260408,group_chat,Alejandro Rendón,365.0
zai-intelligence-20260408,group_chat,Alejandro Rendón,236.0
zai-intelligence-20260408,group_chat,Alejandro Rendón,111.0
zai-intelligence-20260408,group_chat,Alejandro Rendón,103000.0
zai-intelligence-20260408,group_chat,Alejandro Rendón,93.0
zai-intelligence-20260408,group_chat,Alejandro Rendón,67.0
zai-intelligence-20260408,group_chat,Alejandro Rendón,49.0
zai-intelligence-20260408,group_chat,Alejandro Rendón,162.0
zai-intelligence-20260408,group_chat,Alejandro Rendón,127.0
zai-intelligence-20260408,group_chat,Alejandro Rendón,103.0
zai-intelligence-20260408,group_chat,Alejandro Rendón,67827.0
zai-intelligence-20260408,group_chat,Alejandro Rendón,15.0
zai-intelligence-20260408,group_chat,Alejandro Rendón,145.0
zai-intelligence-20260408,group_chat,Alejandro Rendón,70.0
zai-intelligence-20260408,group_chat,Alejandro Rendón,108.0
zai-intelligence-20260408,group_chat,Alejandro Rendón,7.0
zai-intelligence-20260408,group_chat,Alejandro Rendón,195.0
zai-intelligence-20260408,group_chat,Alejandro Rendón,135.0
zai-intelligence-20260408,group_chat,Alejandro Rendón,110.0
zai-intelligence-20260408,group_chat,Alejandro Rendón,125.0
zai-intelligence-20260408,group_chat,Alejandro Rendón,90.0
zai-intelligence-20260408,group_chat,Alejandro Rendón,145.0
zai-intelligence-20260408,group_chat,Alejandro Rendón,75.0
zai-intelligence-20260408,group_chat,Alejandro Rendón,220.0
zai-intelligence-20260408,group_chat,Alejandro Rendón,225.0
zai-intelligence-20260408,group_chat,Alejandro Rendón,16425.0
zai-intelligence-20260408,group_chat,Alejandro Rendón,125.0
zai-intelligence-20260408,group_chat,Alejandro Rendón,115.0
zai-intelligence-20260408,group_chat,Alejandro Rendón,115.0
zai-intelligence-20260408,group_chat,Alejandro Rendón,65240.0
zai-intelligence-20260408,group_chat,Alejandro Rendón,80.0
zai-intelligence-20260408,group_chat,Alejandro Rendón,173.0
zai-intelligence-20260408,group_chat,Alejandro Rendón,172.0
zai-intelligence-20260408,group_chat,Alejandro Rendón,110.0
zai-intelligence-20260408,group_chat,Alejandro Rendón,70.0
zai-intelligence-20260408,group_chat,Alejandro Rendón,98.0
zai-intelligence-20260408,group_chat,Alejandro Rendón,2682.0
zai-intelligence-20260408,group_chat,Alejandro Rendón,172.0
zai-intelligence-20260408,group_chat,Alejandro Rendón,158.0
zai-intelligence-20260408,group_chat,Alejandro Rendón,135.0
zai-intelligence-20260408,group_chat,Alejandro Rendón,135.0
zai-intelligence-20260408,group_chat,Alejandro Rendón,2345.0
zai-intelligence-20260408,group_chat,Alejandro Rendón,237.0
zai-intelligence-20260408,group_chat,Alejandro Rendón,128.0
zai-intelligence-20260408,group_chat,Alejandro Rendón,100.0
zai-intelligence-20260408,group_chat,Alejandro Rendón,14185.0
zai-intelligence-20260408,group_chat,Alejandro Rendón,167.0
zai-intelligence-20260408,group_chat,Alejandro Rendón,153.0
zai-intelligence-20260408,group_chat,Alejandro Rendón,68018.0
zai-intelligence-20260408,group_chat,Alejandro Rendón,169.0
zai-intelligence-20260408,group_chat,Alejandro Rendón,130.0
zai-intelligence-20260408,group_chat,Alejandro Rendón,130.0
zai-intelligence-20260408,group_chat,Alejandro Rendón,150.0
zai-intelligence-20260408,group_chat,Alejandro Rendón,2893.0
zai-intelligence-20260408,group_chat,Alejandro Rendón,195.0
zai-intelligence-20260408,group_chat,Alejandro Rendón,75.0
zai-intelligence-20260408,group_chat,Alejandro Rendón,105.0
zai-intelligence-20260408,group_chat,Alejandro Rendón,110.0
zai-intelligence-20260408,group_chat,Alejandro Rendón,13825.0
zai-intelligence-20260408,group_chat,Alejandro Rendón,40.0
zai-intelligence-20260408,group_chat,Alejandro Rendón,45.0
zai-intelligence-20260408,group_chat,Alejandro Rendón,2.0
zai-intelligence-20260408,group_chat,Alejandro Rendón,23.0
zai-intelligence-20260408,group_chat,Alejandro Rendón,50.0
zai-intelligence-20260408,group_chat,Alejandro Rendón,5.0
zai-intelligence-20260408,group_chat,Alejandro Rendón,75.0
zai-intelligence-20260408,group_chat,Alejandro Rendón,17.0
zai-intelligence-20260408,group_chat,Alejandro Rendón,93.0
zai-intelligence-20260408,group_chat,Alejandro Rendón,95.0
zai-intelligence-20260408,group_chat,Alejandro Rendón,95.0
zai-intelligence-20260408,group_chat,Alejandro Rendón,285.0
zai-intelligence-20260408,group_chat,Alejandro Rendón,70.0
zai-intelligence-20260408,group_chat,Alejandro Rendón,71192.0
zai-intelligence-20260408,group_chat,Alejandro Rendón,108.0
zai-intelligence-20260408,group_chat,Alejandro Rendón,105.0
zai-intelligence-20260408,group_chat,Alejandro Rendón,180.0
zai-intelligence-20260408,group_chat,Alejandro Rendón,14185.0
zai-intelligence-20260408,group_chat,Alejandro Rendón,228.0
zai-intelligence-20260408,group_chat,Alejandro Rendón,137.0
zai-intelligence-20260408,group_chat,Alejandro Rendón,170.0
zai-intelligence-20260408,group_chat,Alejandro Rendón,67630.0
zai-intelligence-20260408,group_chat,Alejandro Rendón,90.0
zai-intelligence-20260408,group_chat,Alejandro Rendón,87.0
zai-intelligence-20260408,group_chat,Alejandro Rendón,48.0
zai-intelligence-20260408,group_chat,Alejandro Rendón,75.0
zai-intelligence-20260408,group_chat,Alejandro Rendón,40.0
zai-intelligence-20260408,group_chat,Alejandro Rendón,75.0
zai-intelligence-20260408,group_chat,Alejandro Rendón,90.0
zai-intelligence-20260408,group_chat,Alejandro Rendón,110.0
zai-intelligence-20260408,group_chat,Alejandro Rendón,315.0
zai-intelligence-20260408,group_chat,Alejandro Rendón,17256.0
zai-intelligence-20260408,group_chat,Alejandro Rendón,147.0
zai-intelligence-20260408,group_chat,Alejandro Rendón,267.0
zai-intelligence-20260408,group_chat,Alejandro Rendón,67800.0
zai-intelligence-20260408,group_chat,Alejandro Rendón,48.0
zai-intelligence-20260408,group_chat,Alejandro Rendón,9.0
zai-intelligence-20260408,group_chat,Alejandro Rendón,56.0
zai-intelligence-20260408,group_chat,Alejandro Rendón,65.0
zai-intelligence-20260408,group_chat,Alejandro Rendón,77.0
zai-intelligence-20260408,group_chat,Alejandro Rendón,35.0
zai-intelligence-20260408,group_chat,Alejandro Rendón,85.0
zai-intelligence-20260408,group_chat,Alejandro Rendón,20.0
zai-intelligence-20260408,group_chat,Alejandro Rendón,120.0
zai-intelligence-20260408,group_chat,Alejandro Rendón,95.0
zai-intelligence-20260408,group_chat,Alejandro Rendón,50.0
zai-intelligence-20260408,group_chat,Alejandro Rendón,105.0
zai-intelligence-20260408,group_chat,Alejandro Rendón,132.0
zai-intelligence-20260408,group_chat,Alejandro Rendón,93.0
zai-intelligence-20260408,group_chat,Alejandro Rendón,198.0
zai-intelligence-20260408,group_chat,Alejandro Rendón,69.0
zai-intelligence-20260408,group_chat,Alejandro Rendón,148.0
zai-intelligence-20260408,group_chat,Alejandro Rendón,60.0
zai-intelligence-20260408,group_chat,Alejandro Rendón,120.0
zai-intelligence-20260408,group_chat,Alejandro Rendón,2015.0
zai-intelligence-20260408,group_chat,Alejandro Rendón,367.0
zai-intelligence-20260408,group_chat,Alejandro Rendón,83.0
zai-intelligence-20260408,group_chat,Alejandro Rendón,87.0
zai-intelligence-20260408,group_chat,Alejandro Rendón,85888.0
zai-intelligence-20260408,group_chat,Alejandro Rendón,107.0
zai-intelligence-20260408,group_chat,Alejandro Rendón,183.0
zai-intelligence-20260408,group_chat,Alejandro Rendón,170.0
zai-intelligence-20260408,group_chat,Alejandro Rendón,13972.0
zai-intelligence-20260408,group_chat,Alejandro Rendón,171.0
zai-intelligence-20260408,group_chat,Alejandro Rendón,132.0
zai-intelligence-20260408,group_chat,Alejandro Rendón,68000.0
zai-intelligence-20260408,group_chat,Alejandro Rendón,210.0
zai-intelligence-20260408,group_chat,Alejandro Rendón,140.0
zai-intelligence-20260408,group_chat,Alejandro Rendón,125.0
zai-intelligence-20260408,group_chat,Alejandro Rendón,3230.0
zai-intelligence-20260408,group_chat,Alejandro Rendón,238.0
zai-intelligence-20260408,group_chat,Alejandro Rendón,282.0
zai-intelligence-20260408,group_chat,Alejandro Rendón,82215.0
zai-intelligence-20260408,group_chat,Alejandro Rendón,210.0
zai-intelligence-20260408,group_chat,Alejandro Rendón,170.0
zai-intelligence-20260408,group_chat,Alejandro Rendón,125.0
zai-intelligence-20260408,group_chat,Alejandro Rendón,3205.0
zai-intelligence-20260408,group_chat,Alejandro Rendón,355.0
zai-intelligence-20260408,group_chat,Alejandro Rendón,14070.0
zai-intelligence-20260408,group_chat,Alejandro Rendón,42.0
zai-intelligence-20260408,group_chat,Alejandro Rendón,218.0
zai-intelligence-20260408,group_chat,Alejandro Rendón,144.0
zai-intelligence-20260408,group_chat,Alejandro Rendón,138.0
zai-intelligence-20260408,group_chat,Tanvi Sharma,115.0
zai-intelligence-20260408,group_chat,Tanvi Sharma,160.0
zai-intelligence-20260408,group_chat,Tanvi Sharma,55.0
zai-intelligence-20260408,group_chat,Tanvi Sharma,14100.0
zai-intelligence-20260408,group_chat,Tanvi Sharma,15.0
zai-intelligence-20260408,group_chat,Tanvi Sharma,42.0
zai-intelligence-20260408,group_chat,Tanvi Sharma,38.0
zai-intelligence-20260408,group_chat,Tanvi Sharma,30.0
zai-intelligence-20260408,group_chat,Tanvi Sharma,15.0
zai-intelligence-20260408,group_chat,Tanvi Sharma,34.0
zai-intelligence-20260408,group_chat,Tanvi Sharma,4.0
zai-intelligence-20260408,group_chat,Tanvi Sharma,32.0
zai-intelligence-20260408,group_chat,Tanvi Sharma,15.0
zai-intelligence-20260408,group_chat,Tanvi Sharma,30.0
zai-intelligence-20260408,group_chat,Tanvi Sharma,32.0
zai-intelligence-20260408,group_chat,Tanvi Sharma,10.0
zai-intelligence-20260408,group_chat,Tanvi Sharma,8.0
zai-intelligence-20260408,group_chat,Tanvi Sharma,41.0
zai-intelligence-20260408,group_chat,Tanvi Sharma,4.0
zai-intelligence-20260408,group_chat,Tanvi Sharma,5.0
zai-intelligence-20260408,group_chat,Tanvi Sharma,50.0
zai-intelligence-20260408,group_chat,Tanvi Sharma,7.0
zai-intelligence-20260408,group_chat,Tanvi Sharma,33.0
zai-intelligence-20260408,group_chat,Tanvi Sharma,21.0
zai-intelligence-20260408,group_chat,Tanvi Sharma,44.0
zai-intelligence-20260408,group_chat,Tanvi Sharma,60.0
zai-intelligence-20260408,group_chat,Tanvi Sharma,20.0
zai-intelligence-20260408,group_chat,Tanvi Sharma,10.0
zai-intelligence-20260408,group_chat,Tanvi Sharma,10.0
zai-intelligence-20260408,group_chat,Tanvi Sharma,290.0
zai-intelligence-20260408,group_chat,Tanvi Sharma,55.0
zai-intelligence-20260408,group_chat,Tanvi Sharma,71045.0
zai-intelligence-20260408,group_chat,Tanvi Sharma,139.0
zai-intelligence-20260408,group_chat,Tanvi Sharma,121.0
zai-intelligence-20260408,group_chat,Tanvi Sharma,147.0
zai-intelligence-20260408,group_chat,Tanvi Sharma,53.0
zai-intelligence-20260408,group_chat,Tanvi Sharma,93.0
zai-intelligence-20260408,group_chat,Tanvi Sharma,13847.0
zai-intelligence-20260408,group_chat,Tanvi Sharma,227.0
zai-intelligence-20260408,group_chat,Tanvi Sharma,93.0
zai-intelligence-20260408,group_chat,Tanvi Sharma,115.0
zai-intelligence-20260408,group_chat,Tanvi Sharma,64555.0
zai-intelligence-20260408,group_chat,Tanvi Sharma,155.0
zai-intelligence-20260408,group_chat,Tanvi Sharma,180.0
zai-intelligence-20260408,group_chat,Tanvi Sharma,240.0
zai-intelligence-20260408,group_chat,Tanvi Sharma,2855.0
zai-intelligence-20260408,group_chat,Tanvi Sharma,240.0
zai-intelligence-20260408,group_chat,Tanvi Sharma,205.0
zai-intelligence-20260408,group_chat,Tanvi Sharma,75.0
zai-intelligence-20260408,group_chat,Tanvi Sharma,90.0
zai-intelligence-20260408,group_chat,Tanvi Sharma,2970.0
zai-intelligence-20260408,group_chat,Tanvi Sharma,390.0
zai-intelligence-20260408,group_chat,Tanvi Sharma,140.0
zai-intelligence-20260408,group_chat,Tanvi Sharma,10165.0
zai-intelligence-20260408,group_chat,Tanvi Sharma,290.0
zai-intelligence-20260408,group_chat,Tanvi Sharma,230.0
zai-intelligence-20260408,group_chat,Tanvi Sharma,695.0
zai-intelligence-20260408,group_chat,Tanvi Sharma,2490.0
zai-intelligence-20260408,group_chat,Tanvi Sharma,130.0
zai-intelligence-20260408,group_chat,Tanvi Sharma,75.0
zai-intelligence-20260408,group_chat,Tanvi Sharma,50.0
zai-intelligence-20260408,group_chat,Tanvi Sharma,75.0
zai-intelligence-20260408,group_chat,Tanvi Sharma,50.0
zai-intelligence-20260408,group_chat,Tanvi Sharma,75.0
zai-intelligence-20260408,group_chat,Tanvi Sharma,50.0
zai-intelligence-20260408,group_chat,Tanvi Sharma,67952.0
zai-intelligence-20260408,group_chat,Tanvi Sharma,348.0
zai-intelligence-20260408,group_chat,Tanvi Sharma,240.0
zai-intelligence-20260408,group_chat,Tanvi Sharma,190.0
zai-intelligence-20260408,group_chat,Tanvi Sharma,230.0
zai-intelligence-20260408,group_chat,Tanvi Sharma,16930.0
zai-intelligence-20260408,group_chat,Tanvi Sharma,250.0
zai-intelligence-20260408,group_chat,Tanvi Sharma,145.0
zai-intelligence-20260408,group_chat,Tanvi Sharma,150.0
zai-intelligence-20260408,group_chat,Tanvi Sharma,205.0
zai-intelligence-20260408,group_chat,Tanvi Sharma,2885.0
zai-intelligence-20260408,group_chat,Tanvi Sharma,156.0
zai-intelligence-20260408,group_chat,Tanvi Sharma,124.0
zai-intelligence-20260408,group_chat,Tanvi Sharma,90.0
zai-intelligence-20260408,group_chat,Tanvi Sharma,53.0
zai-intelligence-20260408,group_chat,Tanvi Sharma,68.0
zai-intelligence-20260408,group_chat,Tanvi Sharma,22.0
zai-intelligence-20260408,group_chat,Tanvi Sharma,192.0
zai-intelligence-20260408,group_chat,Tanvi Sharma,67952.0
zai-intelligence-20260408,group_chat,Tanvi Sharma,241.0
zai-intelligence-20260408,group_chat,Tanvi Sharma,241.0
zai-intelligence-20260408,group_chat,Tanvi Sharma,2888.0
zai-intelligence-20260408,group_chat,Tanvi Sharma,108.0
zai-intelligence-20260408,group_chat,Tanvi Sharma,75.0
zai-intelligence-20260408,group_chat,Tanvi Sharma,170.0
zai-intelligence-20260408,group_chat,Tanvi Sharma,125.0
zai-intelligence-20260408,group_chat,Tanvi Sharma,10325.0
zai-intelligence-20260408,group_chat,Tanvi Sharma,268.0
zai-intelligence-20260408,group_chat,Tanvi Sharma,140.0
zai-intelligence-20260408,group_chat,Tanvi Sharma,83127.0
zai-intelligence-20260408,group_chat,Tanvi Sharma,225.0
zai-intelligence-20260408,group_chat,Tanvi Sharma,125.0
zai-intelligence-20260408,group_chat,Tanvi Sharma,100.0
zai-intelligence-20260408,group_chat,Tanvi Sharma,2355.0
zai-intelligence-20260408,group_chat,Tanvi Sharma,90.0
zai-intelligence-20260408,group_chat,Tanvi Sharma,87.0
zai-intelligence-20260408,group_chat,Tanvi Sharma,18.0
zai-intelligence-20260408,group_chat,Tanvi Sharma,95.0
zai-intelligence-20260408,group_chat,Tanvi Sharma,25.0
zai-intelligence-20260408,group_chat,Tanvi Sharma,20.0
zai-intelligence-20260408,group_chat,Tanvi Sharma,90.0
zai-intelligence-20260408,group_chat,Tanvi Sharma,125.0
zai-intelligence-20260408,group_chat,Tanvi Sharma,67965.0
zai-intelligence-20260408,group_chat,Tanvi Sharma,110.0
zai-intelligence-20260408,group_chat,Tanvi Sharma,75.0
zai-intelligence-20260408,group_chat,Tanvi Sharma,105.0
zai-intelligence-20260408,group_chat,Tanvi Sharma,30.0
zai-intelligence-20260408,group_chat,Tanvi Sharma,3160.0
zai-intelligence-20260408,group_chat,Tanvi Sharma,95.0
zai-intelligence-20260408,group_chat,Tanvi Sharma,95.0
zai-intelligence-20260408,group_chat,Tanvi Sharma,115.0
zai-intelligence-20260408,group_chat,Tanvi Sharma,3406.0
zai-intelligence-20260408,group_chat,Tanvi Sharma,184.0
zai-intelligence-20260408,group_chat,Tanvi Sharma,200.0
zai-intelligence-20260408,group_chat,Tanvi Sharma,40.0
zai-intelligence-20260408,group_chat,Tanvi Sharma,105.0
zai-intelligence-20260408,group_chat,Tanvi Sharma,9235.0
zai-intelligence-20260408,group_chat,Tanvi Sharma,67.0
zai-intelligence-20260408,group_chat,Tanvi Sharma,198.0
zai-intelligence-20260408,group_chat,Tanvi Sharma,135.0
zai-intelligence-20260408,group_chat,Tanvi Sharma,140.0
zai-intelligence-20260408,group_chat,Tanvi Sharma,4047.0
zai-intelligence-20260408,group_chat,Tanvi Sharma,179.0
zai-intelligence-20260408,group_chat,Tanvi Sharma,119.0
zai-intelligence-20260408,group_chat,Tanvi Sharma,145.0
zai-intelligence-20260408,group_chat,Tanvi Sharma,64300.0
zai-intelligence-20260408,group_chat,Tanvi Sharma,235.0
zai-intelligence-20260408,group_chat,Tanvi Sharma,120.0
zai-intelligence-20260408,group_chat,Tanvi Sharma,90.0
zai-intelligence-20260408,group_chat,Tanvi Sharma,6500.0
zai-intelligence-20260408,group_chat,Tanvi Sharma,160.0
zai-intelligence-20260408,group_chat,Tanvi Sharma,260.0
zai-intelligence-20260408,group_chat,Tanvi Sharma,255.0
zai-intelligence-20260408,group_chat,Tanvi Sharma,10320.0
zai-intelligence-20260408,group_chat,Tanvi Sharma,50.0
zai-intelligence-20260408,group_chat,Tanvi Sharma,145.0
zai-intelligence-20260408,group_chat,Tanvi Sharma,235.0
zai-intelligence-20260408,group_chat,Tanvi Sharma,75.0
zai-intelligence-20260408,group_chat,Tanvi Sharma,68141.0
zai-intelligence-20260408,group_chat,Tanvi Sharma,381.0
zai-intelligence-20260408,group_chat,Tanvi Sharma,148.0
zai-intelligence-20260408,group_chat,Tanvi Sharma,242.0
zai-intelligence-20260408,group_chat,Tanvi Sharma,289.0
zai-intelligence-20260408,group_chat,Tanvi Sharma,16784.0
zai-intelligence-20260408,group_chat,Tanvi Sharma,93.0
zai-intelligence-20260408,group_chat,Tanvi Sharma,57.0
zai-intelligence-20260408,group_chat,Tanvi Sharma,125.0
zai-intelligence-20260408,group_chat,Tanvi Sharma,68165.0
zai-intelligence-20260408,group_chat,Tanvi Sharma,226.0
zai-intelligence-20260408,group_chat,Tanvi Sharma,74.0
zai-intelligence-20260408,group_chat,Tanvi Sharma,140.0
zai-intelligence-20260408,group_chat,Tanvi Sharma,120.0
zai-intelligence-20260408,group_chat,Tanvi Sharma,135.0
zai-intelligence-20260408,group_chat,Tanvi Sharma,53100.0
zai-intelligence-20260408,group_chat,Tanvi Sharma,32685.0
zai-intelligence-20260408,group_chat,Tanvi Sharma,285.0
zai-intelligence-20260408,group_chat,Tanvi Sharma,75.0
zai-intelligence-20260408,group_chat,Tanvi Sharma,258.0
zai-intelligence-20260408,group_chat,Tanvi Sharma,69.0
zai-intelligence-20260408,group_chat,Tanvi Sharma,273.0
zai-intelligence-20260408,group_chat,Tanvi Sharma,55.0
zai-intelligence-20260408,group_chat,Tanvi Sharma,280.0
zai-intelligence-20260408,group_chat,Tanvi Sharma,180.0
zai-intelligence-20260408,group_chat,Tanvi Sharma,16465.0
zai-intelligence-20260408,group_chat,Tanvi Sharma,102.0
zai-intelligence-20260408,group_chat,Tanvi Sharma,115.0
zai-intelligence-20260408,group_chat,Tanvi Sharma,3830.0
zai-intelligence-20260408,group_chat,Tanvi Sharma,103.0
zai-intelligence-20260408,group_chat,Tanvi Sharma,80.0
zai-intelligence-20260408,group_chat,Tanvi Sharma,110.0
zai-intelligence-20260408,group_chat,Tanvi Sharma,67587.0
zai-intelligence-20260408,group_chat,Tanvi Sharma,117.0
zai-intelligence-20260408,group_chat,Tanvi Sharma,113.0
zai-intelligence-20260408,group_chat,Tanvi Sharma,39.0
zai-intelligence-20260408,group_chat,Tanvi Sharma,96.0
zai-intelligence-20260408,group_chat,Tanvi Sharma,14018.0
zai-intelligence-20260408,group_chat,Tanvi Sharma,105.0
zai-intelligence-20260408,group_chat,Tanvi Sharma,190.0
zai-intelligence-20260408,group_chat,Tanvi Sharma,80.0
zai-intelligence-20260408,group_chat,Tanvi Sharma,115.0
zai-intelligence-20260408,group_chat,Tanvi Sharma,67850.0
zai-intelligence-20260408,group_chat,Tanvi Sharma,175.0
zai-intelligence-20260408,group_chat,Tanvi Sharma,112.0
zai-intelligence-20260408,group_chat,Tanvi Sharma,160.0
zai-intelligence-20260408,group_chat,Tanvi Sharma,150.0
zai-intelligence-20260408,group_chat,Tanvi Sharma,191.0
zai-intelligence-20260408,group_chat,Tanvi Sharma,17337.0
zai-intelligence-20260408,group_chat,Tanvi Sharma,120.0
zai-intelligence-20260408,group_chat,Tanvi Sharma,105.0
zai-intelligence-20260408,group_chat,Tanvi Sharma,154450.0
zai-intelligence-20260408,group_chat,Tanvi Sharma,650.0
zai-intelligence-20260408,group_chat,Tanvi Sharma,235.0
zai-intelligence-20260408,group_chat,Tanvi Sharma,17265.0
zai-intelligence-20260408,group_chat,Tanvi Sharma,25.0
zai-intelligence-20260408,group_chat,Tanvi Sharma,48.0
zai-intelligence-20260408,group_chat,Tanvi Sharma,37.0
zai-intelligence-20260408,group_chat,Tanvi Sharma,6.0
zai-intelligence-20260408,group_chat,Tanvi Sharma,31.0
zai-intelligence-20260408,group_chat,Tanvi Sharma,28.0
zai-intelligence-20260408,group_chat,Tanvi Sharma,122.0
zai-intelligence-20260408,group_chat,Tanvi Sharma,63.0
zai-intelligence-20260408,group_chat,Tanvi Sharma,99.0
zai-intelligence-20260408,group_chat,Tanvi Sharma,101.0
zai-intelligence-20260408,group_chat,Tanvi Sharma,185.0
zai-intelligence-20260408,group_chat,Tanvi Sharma,40.0
zai-intelligence-20260408,group_chat,Tanvi Sharma,85460.0
zai-intelligence-20260408,group_chat,Tanvi Sharma,180.0
zai-intelligence-20260408,group_chat,Tanvi Sharma,155.0
zai-intelligence-20260408,group_chat,Tanvi Sharma,170.0
zai-intelligence-20260408,group_chat,Tanvi Sharma,3095.0
zai-intelligence-20260408,group_chat,Tanvi Sharma,80.0
zai-intelligence-20260408,group_chat,Tanvi Sharma,60.0
zai-intelligence-20260408,group_chat,Tanvi Sharma,35.0
zai-intelligence-20260408,group_chat,Tanvi Sharma,95.0
zai-intelligence-20260408,group_chat,Tanvi Sharma,82620.0
zai-intelligence-20260408,group_chat,Tanvi Sharma,105.0
zai-intelligence-20260408,group_chat,Tanvi Sharma,80.0
zai-intelligence-20260408,group_chat,Tanvi Sharma,68175.0
zai-intelligence-20260408,group_chat,Tanvi Sharma,240.0
zai-intelligence-20260408,group_chat,Tanvi Sharma,240.0
zai-intelligence-20260408,group_chat,Tanvi Sharma,130.0
zai-intelligence-20260408,group_chat,Tanvi Sharma,170.0
zai-intelligence-20260408,group_chat,Tanvi Sharma,150.0
zai-intelligence-20260408,group_chat,Tanvi Sharma,2685.0
zai-intelligence-20260408,group_chat,Tanvi Sharma,5.0
zai-intelligence-20260408,group_chat,Tanvi Sharma,85.0
zai-intelligence-20260408,group_chat,Tanvi Sharma,85.0
zai-intelligence-20260408,group_chat,Tanvi Sharma,40.0
zai-intelligence-20260408,group_chat,Tanvi Sharma,80.0
zai-intelligence-20260408,group_chat,Tanvi Sharma,10.0
zai-intelligence-20260408,group_chat,Tanvi Sharma,60.0
zai-intelligence-20260408,group_chat,Tanvi Sharma,45.0
zai-intelligence-20260408,group_chat,Tanvi Sharma,79815.0
zai-intelligence-20260408,group_chat,Tanvi Sharma,110.0
zai-intelligence-20260408,group_chat,Tanvi Sharma,140.0
zai-intelligence-20260408,group_chat,Tanvi Sharma,95.0
zai-intelligence-20260408,group_chat,Tanvi Sharma,100.0
zai-intelligence-20260408,group_chat,Tanvi Sharma,5730.0
zai-intelligence-20260408,group_chat,Tanvi Sharma,135.0
zai-intelligence-20260408,group_chat,Tanvi Sharma,105.0
zai-intelligence-20260408,group_chat,Tanvi Sharma,105.0
zai-intelligence-20260408,group_chat,Tanvi Sharma,120.0
zai-intelligence-20260408,group_chat,Tanvi Sharma,82441.0
zai-intelligence-20260408,group_chat,Tanvi Sharma,91.0
zai-intelligence-20260408,group_chat,Tanvi Sharma,218.0
zai-intelligence-20260408,group_chat,Tanvi Sharma,250.0
zai-intelligence-20260408,group_chat,Tanvi Sharma,230.0
zai-intelligence-20260408,group_chat,Tanvi Sharma,430.0
zai-intelligence-20260408,group_chat,Tanvi Sharma,200.0
zai-intelligence-20260408,group_chat,Tanvi Sharma,88600.0
zai-intelligence-20260408,group_chat,Tanvi Sharma,115.0
zai-intelligence-20260408,group_chat,Tanvi Sharma,130.0
zai-intelligence-20260408,group_chat,Tanvi Sharma,110.0
zai-intelligence-20260408,group_chat,Tanvi Sharma,82497.0
zai-intelligence-20260408,group_chat,Tanvi Sharma,129.0
zai-intelligence-20260408,group_chat,Tanvi Sharma,119.0
zai-intelligence-20260408,group_chat,Tanvi Sharma,136.0
zai-intelligence-20260408,group_chat,Tanvi Sharma,69.0
zai-intelligence-20260408,group_chat,Tanvi Sharma,90.0
zai-intelligence-20260408,group_chat,Tanvi Sharma,20.0
zai-intelligence-20260408,group_chat,Tanvi Sharma,70.0
zai-intelligence-20260408,group_chat,Tanvi Sharma,35.0
zai-intelligence-20260408,group_chat,Tanvi Sharma,160.0
zai-intelligence-20260408,group_chat,Tanvi Sharma,160.0
zai-intelligence-20260408,group_chat,Tanvi Sharma,80.0
zai-intelligence-20260408,group_chat,Tanvi Sharma,95.0
zai-intelligence-20260408,group_chat,Tanvi Sharma,16730.0
zai-intelligence-20260408,group_chat,Tanvi Sharma,42.0
zai-intelligence-20260408,group_chat,Tanvi Sharma,159.0
zai-intelligence-20260408,group_chat,Tanvi Sharma,29.0
zai-intelligence-20260408,group_chat,Tanvi Sharma,160.0
zai-intelligence-20260408,group_chat,Tanvi Sharma,20.0
zai-intelligence-20260408,group_chat,Tanvi Sharma,103.0
zai-intelligence-20260408,group_chat,Tanvi Sharma,127.0
zai-intelligence-20260408,group_chat,Tanvi Sharma,2920.0
zai-intelligence-20260408,group_chat,Tanvi Sharma,167.0
zai-intelligence-20260408,group_chat,Tanvi Sharma,148.0
zai-intelligence-20260408,group_chat,Tanvi Sharma,50.0
zai-intelligence-20260408,group_chat,Tanvi Sharma,90.0
zai-intelligence-20260408,group_chat,Tanvi Sharma,64185.0
zai-intelligence-20260408,group_chat,Tanvi Sharma,322.0
zai-intelligence-20260408,group_chat,Tanvi Sharma,154.0
zai-intelligence-20260408,group_chat,Tanvi Sharma,108.0
zai-intelligence-20260408,group_chat,Tanvi Sharma,206.0
zai-intelligence-20260408,group_chat,Tanvi Sharma,153.0
zai-intelligence-20260408,group_chat,Tanvi Sharma,17254.0
zai-intelligence-20260408,group_chat,Tanvi Sharma,178.0
zai-intelligence-20260408,group_chat,Tanvi Sharma,130.0
zai-intelligence-20260408,group_chat,Tanvi Sharma,86262.0
zai-intelligence-20260408,group_chat,Tanvi Sharma,110.0
zai-intelligence-20260408,group_chat,Tanvi Sharma,140.0
zai-intelligence-20260408,group_chat,Tanvi Sharma,103.0
zai-intelligence-20260408,group_chat,Tanvi Sharma,85695.0
zai-intelligence-20260408,group_chat,Tanvi Sharma,161.0
zai-intelligence-20260408,group_chat,Tanvi Sharma,29.0
zai-intelligence-20260408,group_chat,Tanvi Sharma,55.0
zai-intelligence-20260408,group_chat,Tanvi Sharma,5.0
zai-intelligence-20260408,group_chat,Tanvi Sharma,60.0
zai-intelligence-20260408,group_chat,Tanvi Sharma,65.0
zai-intelligence-20260408,group_chat,Tanvi Sharma,205.0
zai-intelligence-20260408,group_chat,Tanvi Sharma,360.0
zai-intelligence-20260408,group_chat,Tanvi Sharma,154005.0
zai-intelligence-20260408,group_chat,Tanvi Sharma,25.0
zai-intelligence-20260408,group_chat,Tanvi Sharma,2.0
zai-intelligence-20260408,group_chat,Tanvi Sharma,148.0
zai-intelligence-20260408,group_chat,Tanvi Sharma,115.0
zai-intelligence-20260408,group_chat,Tanvi Sharma,10.0
zai-intelligence-20260408,group_chat,Tanvi Sharma,95.0
zai-intelligence-20260408,group_chat,Tanvi Sharma,18.0
zai-intelligence-20260408,group_chat,Tanvi Sharma,272.0
zai-intelligence-20260408,group_chat,Tanvi Sharma,87.0
zai-intelligence-20260408,group_chat,Tanvi Sharma,193.0
zai-intelligence-20260408,group_chat,Tanvi Sharma,175402.0
zai-intelligence-20260408,group_chat,Tanvi Sharma,153.0
zai-intelligence-20260408,group_chat,Tanvi Sharma,90.0
zai-intelligence-20260408,group_chat,Tanvi Sharma,175.0
zai-intelligence-20260408,group_chat,Tanvi Sharma,140.0
zai-intelligence-20260408,group_chat,Tanvi Sharma,17550.0
zai-intelligence-20260408,group_chat,Tanvi Sharma,120.0
zai-intelligence-20260408,group_chat,Tanvi Sharma,120.0
zai-intelligence-20260408,group_chat,Tanvi Sharma,150.0
zai-intelligence-20260408,group_chat,Tanvi Sharma,120.0
zai-intelligence-20260408,group_chat,Tanvi Sharma,120.0
zai-intelligence-20260408,group_chat,Tanvi Sharma,60.0
zai-intelligence-20260408,group_chat,Tanvi Sharma,90.0
zai-intelligence-20260408,group_chat,Tanvi Sharma,80.0
zai-intelligence-20260408,group_chat,Tanvi Sharma,63925.0
zai-intelligence-20260408,group_chat,Tanvi Sharma,165.0
zai-intelligence-20260408,group_chat,Tanvi Sharma,105.0
zai-intelligence-20260408,group_chat,Tanvi Sharma,80.0
zai-intelligence-20260408,group_chat,Tanvi Sharma,325.0
zai-intelligence-20260408,group_chat,Tanvi Sharma,241.0
zai-intelligence-20260408,group_chat,Tanvi Sharma,189.0
zai-intelligence-20260408,group_chat,Tanvi Sharma,300.0
zai-intelligence-20260408,group_chat,Tanvi Sharma,111.0
zai-intelligence-20260408,group_chat,Tanvi Sharma,139.0
zai-intelligence-20260408,group_chat,Tanvi Sharma,88310.0
zai-intelligence-20260408,group_chat,Tanvi Sharma,310.0
zai-intelligence-20260408,group_chat,Tanvi Sharma,14097.0
zai-intelligence-20260408,group_chat,Tanvi Sharma,48.0
zai-intelligence-20260408,group_chat,Tanvi Sharma,40.0
zai-intelligence-20260408,group_chat,Tanvi Sharma,60.0
zai-intelligence-20260408,group_chat,Tanvi Sharma,87.0
zai-intelligence-20260408,group_chat,Tanvi Sharma,73.0
zai-intelligence-20260408,group_chat,Felipe Ribeiro,37.0
zai-intelligence-20260408,group_chat,Felipe Ribeiro,65.0
zai-intelligence-20260408,group_chat,Felipe Ribeiro,35.0
zai-intelligence-20260408,group_chat,Felipe Ribeiro,16.0
zai-intelligence-20260408,group_chat,Felipe Ribeiro,9.0
zai-intelligence-20260408,group_chat,Felipe Ribeiro,25.0
zai-intelligence-20260408,group_chat,Felipe Ribeiro,40.0
zai-intelligence-20260408,group_chat,Felipe Ribeiro,10.0
zai-intelligence-20260408,group_chat,Felipe Ribeiro,20.0
zai-intelligence-20260408,group_chat,Felipe Ribeiro,27.0
zai-intelligence-20260408,group_chat,Felipe Ribeiro,18.0
zai-intelligence-20260408,group_chat,Felipe Ribeiro,20.0
zai-intelligence-20260408,group_chat,Felipe Ribeiro,50.0
zai-intelligence-20260408,group_chat,Felipe Ribeiro,5.0
zai-intelligence-20260408,group_chat,Felipe Ribeiro,45.0
zai-intelligence-20260408,group_chat,Felipe Ribeiro,2.0
zai-intelligence-20260408,group_chat,Felipe Ribeiro,23.0
zai-intelligence-20260408,group_chat,Felipe Ribeiro,30.0
zai-intelligence-20260408,group_chat,Felipe Ribeiro,5.0
zai-intelligence-20260408,group_chat,Felipe Ribeiro,50.0
zai-intelligence-20260408,group_chat,Felipe Ribeiro,8.0
zai-intelligence-20260408,group_chat,Felipe Ribeiro,37.0
zai-intelligence-20260408,group_chat,Felipe Ribeiro,285.0
zai-intelligence-20260408,group_chat,Felipe Ribeiro,71174.0
zai-intelligence-20260408,group_chat,Felipe Ribeiro,146.0
zai-intelligence-20260408,group_chat,Felipe Ribeiro,115.0
zai-intelligence-20260408,group_chat,Felipe Ribeiro,56.0
zai-intelligence-20260408,group_chat,Felipe Ribeiro,139.0
zai-intelligence-20260408,group_chat,Felipe Ribeiro,13962.0
zai-intelligence-20260408,group_chat,Felipe Ribeiro,178.0
zai-intelligence-20260408,group_chat,Felipe Ribeiro,112.0
zai-intelligence-20260408,group_chat,Felipe Ribeiro,68158.0
zai-intelligence-20260408,group_chat,Felipe Ribeiro,180.0
zai-intelligence-20260408,group_chat,Felipe Ribeiro,25.0
zai-intelligence-20260408,group_chat,Felipe Ribeiro,210.0
zai-intelligence-20260408,group_chat,Felipe Ribeiro,30.0
zai-intelligence-20260408,group_chat,Felipe Ribeiro,3100.0
zai-intelligence-20260408,group_chat,Felipe Ribeiro,230.0
zai-intelligence-20260408,group_chat,Felipe Ribeiro,180.0
zai-intelligence-20260408,group_chat,Felipe Ribeiro,10260.0
zai-intelligence-20260408,group_chat,Felipe Ribeiro,280.0
zai-intelligence-20260408,group_chat,Felipe Ribeiro,40.0
zai-intelligence-20260408,group_chat,Felipe Ribeiro,135.0
zai-intelligence-20260408,group_chat,Felipe Ribeiro,710.0
zai-intelligence-20260408,group_chat,Felipe Ribeiro,2533.0
zai-intelligence-20260408,group_chat,Felipe Ribeiro,49.0
zai-intelligence-20260408,group_chat,Felipe Ribeiro,3.0
zai-intelligence-20260408,group_chat,Felipe Ribeiro,75.0
zai-intelligence-20260408,group_chat,Felipe Ribeiro,12.0
zai-intelligence-20260408,group_chat,Felipe Ribeiro,63.0
zai-intelligence-20260408,group_chat,Felipe Ribeiro,75.0
zai-intelligence-20260408,group_chat,Felipe Ribeiro,2.0
zai-intelligence-20260408,group_chat,Felipe Ribeiro,50.0
zai-intelligence-20260408,group_chat,Felipe Ribeiro,20.0
zai-intelligence-20260408,group_chat,Felipe Ribeiro,103.0
zai-intelligence-20260408,group_chat,Felipe Ribeiro,68070.0
zai-intelligence-20260408,group_chat,Felipe Ribeiro,217.0
zai-intelligence-20260408,group_chat,Felipe Ribeiro,228.0
zai-intelligence-20260408,group_chat,Felipe Ribeiro,200.0
zai-intelligence-20260408,group_chat,Felipe Ribeiro,195.0
zai-intelligence-20260408,group_chat,Felipe Ribeiro,2895.0
zai-intelligence-20260408,group_chat,Felipe Ribeiro,245.0
zai-intelligence-20260408,group_chat,Felipe Ribeiro,210.0
zai-intelligence-20260408,group_chat,Felipe Ribeiro,13800.0
zai-intelligence-20260408,group_chat,Felipe Ribeiro,70.0
zai-intelligence-20260408,group_chat,Felipe Ribeiro,150.0
zai-intelligence-20260408,group_chat,Felipe Ribeiro,220.0
zai-intelligence-20260408,group_chat,Felipe Ribeiro,115.0
zai-intelligence-20260408,group_chat,Felipe Ribeiro,80.0
zai-intelligence-20260408,group_chat,Felipe Ribeiro,2882.0
zai-intelligence-20260408,group_chat,Felipe Ribeiro,60.0
zai-intelligence-20260408,group_chat,Felipe Ribeiro,63.0
zai-intelligence-20260408,group_chat,Felipe Ribeiro,115.0
zai-intelligence-20260408,group_chat,Felipe Ribeiro,53.0
zai-intelligence-20260408,group_chat,Felipe Ribeiro,57.0
zai-intelligence-20260408,group_chat,Felipe Ribeiro,15.0
zai-intelligence-20260408,group_chat,Felipe Ribeiro,50.0
zai-intelligence-20260408,group_chat,Felipe Ribeiro,30.0
zai-intelligence-20260408,group_chat,Felipe Ribeiro,152.0
zai-intelligence-20260408,group_chat,Felipe Ribeiro,71488.0
zai-intelligence-20260408,group_chat,Felipe Ribeiro,125.0
zai-intelligence-20260408,group_chat,Felipe Ribeiro,45.0
zai-intelligence-20260408,group_chat,Felipe Ribeiro,125.0
zai-intelligence-20260408,group_chat,Felipe Ribeiro,125.0
zai-intelligence-20260408,group_chat,Felipe Ribeiro,10345.0
zai-intelligence-20260408,group_chat,Felipe Ribeiro,165.0
zai-intelligence-20260408,group_chat,Felipe Ribeiro,30.0
zai-intelligence-20260408,group_chat,Felipe Ribeiro,105.0
zai-intelligence-20260408,group_chat,Felipe Ribeiro,50.0
zai-intelligence-20260408,group_chat,Felipe Ribeiro,67945.0
zai-intelligence-20260408,group_chat,Felipe Ribeiro,175.0
zai-intelligence-20260408,group_chat,Felipe Ribeiro,140.0
zai-intelligence-20260408,group_chat,Felipe Ribeiro,50.0
zai-intelligence-20260408,group_chat,Felipe Ribeiro,105.0
zai-intelligence-20260408,group_chat,Felipe Ribeiro,120.0
zai-intelligence-20260408,group_chat,Felipe Ribeiro,14675.0
zai-intelligence-20260408,group_chat,Felipe Ribeiro,180.0
zai-intelligence-20260408,group_chat,Felipe Ribeiro,125.0
zai-intelligence-20260408,group_chat,Felipe Ribeiro,125.0
zai-intelligence-20260408,group_chat,Felipe Ribeiro,2318.0
zai-intelligence-20260408,group_chat,Felipe Ribeiro,127.0
zai-intelligence-20260408,group_chat,Felipe Ribeiro,50.0
zai-intelligence-20260408,group_chat,Felipe Ribeiro,35.0
zai-intelligence-20260408,group_chat,Felipe Ribeiro,60.0
zai-intelligence-20260408,group_chat,Felipe Ribeiro,75.0
zai-intelligence-20260408,group_chat,Felipe Ribeiro,25.0
zai-intelligence-20260408,group_chat,Felipe Ribeiro,105.0
zai-intelligence-20260408,group_chat,Felipe Ribeiro,71475.0
zai-intelligence-20260408,group_chat,Felipe Ribeiro,95.0
zai-intelligence-20260408,group_chat,Felipe Ribeiro,65.0
zai-intelligence-20260408,group_chat,Felipe Ribeiro,43.0
zai-intelligence-20260408,group_chat,Felipe Ribeiro,67.0
zai-intelligence-20260408,group_chat,Felipe Ribeiro,82.0
zai-intelligence-20260408,group_chat,Felipe Ribeiro,33.0
zai-intelligence-20260408,group_chat,Felipe Ribeiro,3425.0
zai-intelligence-20260408,group_chat,Felipe Ribeiro,190.0
zai-intelligence-20260408,group_chat,Felipe Ribeiro,150.0
zai-intelligence-20260408,group_chat,Felipe Ribeiro,150.0
zai-intelligence-20260408,group_chat,Felipe Ribeiro,9230.0
zai-intelligence-20260408,group_chat,Felipe Ribeiro,185.0
zai-intelligence-20260408,group_chat,Felipe Ribeiro,163.0
zai-intelligence-20260408,group_chat,Felipe Ribeiro,117.0
zai-intelligence-20260408,group_chat,Felipe Ribeiro,77.0
zai-intelligence-20260408,group_chat,Felipe Ribeiro,68809.0
zai-intelligence-20260408,group_chat,Felipe Ribeiro,174.0
zai-intelligence-20260408,group_chat,Felipe Ribeiro,190.0
zai-intelligence-20260408,group_chat,Felipe Ribeiro,103945.0
zai-intelligence-20260408,group_chat,Felipe Ribeiro,165.0
zai-intelligence-20260408,group_chat,Felipe Ribeiro,115.0
zai-intelligence-20260408,group_chat,Felipe Ribeiro,110.0
zai-intelligence-20260408,group_chat,Felipe Ribeiro,25.0
zai-intelligence-20260408,group_chat,Felipe Ribeiro,68147.0
zai-intelligence-20260408,group_chat,Felipe Ribeiro,78.0
zai-intelligence-20260408,group_chat,Felipe Ribeiro,152.0
zai-intelligence-20260408,group_chat,Felipe Ribeiro,183.0
zai-intelligence-20260408,group_chat,Felipe Ribeiro,10.0
zai-intelligence-20260408,group_chat,Felipe Ribeiro,175.0
zai-intelligence-20260408,group_chat,Felipe Ribeiro,175.0
zai-intelligence-20260408,group_chat,Felipe Ribeiro,13720.0
zai-intelligence-20260408,group_chat,Felipe Ribeiro,134.0
zai-intelligence-20260408,group_chat,Felipe Ribeiro,71.0
zai-intelligence-20260408,group_chat,Felipe Ribeiro,118.0
zai-intelligence-20260408,group_chat,Felipe Ribeiro,3117.0
zai-intelligence-20260408,group_chat,Felipe Ribeiro,100.0
zai-intelligence-20260408,group_chat,Felipe Ribeiro,40.0
zai-intelligence-20260408,group_chat,Felipe Ribeiro,95.0
zai-intelligence-20260408,group_chat,Felipe Ribeiro,68303.0
zai-intelligence-20260408,group_chat,Felipe Ribeiro,82.0
zai-intelligence-20260408,group_chat,Felipe Ribeiro,123.0
zai-intelligence-20260408,group_chat,Felipe Ribeiro,252.0
zai-intelligence-20260408,group_chat,Felipe Ribeiro,62.0
zai-intelligence-20260408,group_chat,Felipe Ribeiro,223.0
zai-intelligence-20260408,group_chat,Felipe Ribeiro,87.0
zai-intelligence-20260408,group_chat,Felipe Ribeiro,17043.0
zai-intelligence-20260408,group_chat,Felipe Ribeiro,43.0
zai-intelligence-20260408,group_chat,Felipe Ribeiro,187.0
zai-intelligence-20260408,group_chat,Felipe Ribeiro,35.0
zai-intelligence-20260408,group_chat,Felipe Ribeiro,71675.0
zai-intelligence-20260408,group_chat,Felipe Ribeiro,106.0
zai-intelligence-20260408,group_chat,Felipe Ribeiro,163.0
zai-intelligence-20260408,group_chat,Felipe Ribeiro,86.0
zai-intelligence-20260408,group_chat,Felipe Ribeiro,82433.0
zai-intelligence-20260408,group_chat,Felipe Ribeiro,156.0
zai-intelligence-20260408,group_chat,Felipe Ribeiro,111.0
zai-intelligence-20260408,group_chat,Felipe Ribeiro,151.0
zai-intelligence-20260408,group_chat,Felipe Ribeiro,162.0
zai-intelligence-20260408,group_chat,Felipe Ribeiro,175.0
zai-intelligence-20260408,group_chat,Felipe Ribeiro,17347.0
zai-intelligence-20260408,group_chat,Felipe Ribeiro,125.0
zai-intelligence-20260408,group_chat,Felipe Ribeiro,71902.0
zai-intelligence-20260408,group_chat,Felipe Ribeiro,251.0
zai-intelligence-20260408,group_chat,Felipe Ribeiro,227.0
zai-intelligence-20260408,group_chat,Felipe Ribeiro,215.0
zai-intelligence-20260408,group_chat,Felipe Ribeiro,13705.0
zai-intelligence-20260408,group_chat,Felipe Ribeiro,85.0
zai-intelligence-20260408,group_chat,Felipe Ribeiro,30.0
zai-intelligence-20260408,group_chat,Felipe Ribeiro,75.0
zai-intelligence-20260408,group_chat,Felipe Ribeiro,68042.0
zai-intelligence-20260408,group_chat,Felipe Ribeiro,263.0
zai-intelligence-20260408,group_chat,Felipe Ribeiro,225.0
zai-intelligence-20260408,group_chat,Felipe Ribeiro,310.0
zai-intelligence-20260408,group_chat,Felipe Ribeiro,103848.0
zai-intelligence-20260408,group_chat,Felipe Ribeiro,223.0
zai-intelligence-20260408,group_chat,Felipe Ribeiro,192.0
zai-intelligence-20260408,group_chat,Felipe Ribeiro,146.0
zai-intelligence-20260408,group_chat,Felipe Ribeiro,92.0
zai-intelligence-20260408,group_chat,Felipe Ribeiro,154044.0
zai-intelligence-20260408,group_chat,Felipe Ribeiro,215.0
zai-intelligence-20260408,group_chat,Felipe Ribeiro,200.0
zai-intelligence-20260408,group_chat,Felipe Ribeiro,180.0
zai-intelligence-20260408,group_chat,Felipe Ribeiro,170.0
zai-intelligence-20260408,group_chat,Felipe Ribeiro,150.0
zai-intelligence-20260408,group_chat,Felipe Ribeiro,2605.0
zai-intelligence-20260408,group_chat,Felipe Ribeiro,167.0
zai-intelligence-20260408,group_chat,Felipe Ribeiro,88.0
zai-intelligence-20260408,group_chat,Felipe Ribeiro,120.0
zai-intelligence-20260408,group_chat,Felipe Ribeiro,160.0
zai-intelligence-20260408,group_chat,Felipe Ribeiro,13970.0
zai-intelligence-20260408,group_chat,Felipe Ribeiro,232.0
zai-intelligence-20260408,group_chat,Felipe Ribeiro,36.0
zai-intelligence-20260408,group_chat,Felipe Ribeiro,68152.0
zai-intelligence-20260408,group_chat,Felipe Ribeiro,60.0
zai-intelligence-20260408,group_chat,Felipe Ribeiro,195.0
zai-intelligence-20260408,group_chat,Felipe Ribeiro,3225.0
zai-intelligence-20260408,group_chat,Felipe Ribeiro,165.0
zai-intelligence-20260408,group_chat,Felipe Ribeiro,90.0
zai-intelligence-20260408,group_chat,Felipe Ribeiro,60.0
zai-intelligence-20260408,group_chat,Felipe Ribeiro,75.0
zai-intelligence-20260408,group_chat,Felipe Ribeiro,82342.0
zai-intelligence-20260408,group_chat,Felipe Ribeiro,132.0
zai-intelligence-20260408,group_chat,Felipe Ribeiro,181.0
zai-intelligence-20260408,group_chat,Felipe Ribeiro,10.0
zai-intelligence-20260408,group_chat,Felipe Ribeiro,135.0
zai-intelligence-20260408,group_chat,Felipe Ribeiro,147.0
zai-intelligence-20260408,group_chat,Felipe Ribeiro,3108.0
zai-intelligence-20260408,group_chat,Felipe Ribeiro,135.0
zai-intelligence-20260408,group_chat,Felipe Ribeiro,102.0
zai-intelligence-20260408,group_chat,Felipe Ribeiro,83270.0
zai-intelligence-20260408,group_chat,Felipe Ribeiro,319.0
zai-intelligence-20260408,group_chat,Felipe Ribeiro,208.0
zai-intelligence-20260408,group_chat,Felipe Ribeiro,2366.0
zai-intelligence-20260408,group_chat,Felipe Ribeiro,45.0
zai-intelligence-20260408,group_chat,Felipe Ribeiro,70.0
zai-intelligence-20260408,group_chat,Felipe Ribeiro,175.0
zai-intelligence-20260408,group_chat,Felipe Ribeiro,80.0
zai-intelligence-20260408,group_chat,Felipe Ribeiro,14065.0
zai-intelligence-20260408,group_chat,Felipe Ribeiro,105.0
zai-intelligence-20260408,group_chat,Felipe Ribeiro,207.0
zai-intelligence-20260408,group_chat,Felipe Ribeiro,73.0
zai-intelligence-20260408,group_chat,Felipe Ribeiro,68148.0
zai-intelligence-20260408,group_chat,Felipe Ribeiro,162.0
zai-intelligence-20260408,group_chat,Felipe Ribeiro,90.0
zai-intelligence-20260408,group_chat,Felipe Ribeiro,107.0
zai-intelligence-20260408,group_chat,Felipe Ribeiro,40.0
zai-intelligence-20260408,group_chat,Felipe Ribeiro,123.0
zai-intelligence-20260408,group_chat,Felipe Ribeiro,80.0
zai-intelligence-20260408,group_chat,Felipe Ribeiro,17320.0
zai-intelligence-20260408,group_chat,Felipe Ribeiro,235.0
zai-intelligence-20260408,group_chat,Felipe Ribeiro,142.0
zai-intelligence-20260408,group_chat,Felipe Ribeiro,3130.0
zai-intelligence-20260408,group_chat,Felipe Ribeiro,118.0
zai-intelligence-20260408,group_chat,Felipe Ribeiro,112.0
zai-intelligence-20260408,group_chat,Felipe Ribeiro,70.0
zai-intelligence-20260408,group_chat,Felipe Ribeiro,63.0
zai-intelligence-20260408,group_chat,Felipe Ribeiro,47.0
zai-intelligence-20260408,group_chat,Felipe Ribeiro,64361.0
zai-intelligence-20260408,group_chat,Felipe Ribeiro,302.0
zai-intelligence-20260408,group_chat,Felipe Ribeiro,316.0
zai-intelligence-20260408,group_chat,Felipe Ribeiro,121.0
zai-intelligence-20260408,group_chat,Felipe Ribeiro,10.0
zai-intelligence-20260408,group_chat,Felipe Ribeiro,333.0
zai-intelligence-20260408,group_chat,Felipe Ribeiro,195.0
zai-intelligence-20260408,group_chat,Felipe Ribeiro,180.0
zai-intelligence-20260408,group_chat,Felipe Ribeiro,195.0
zai-intelligence-20260408,group_chat,Felipe Ribeiro,16320.0
zai-intelligence-20260408,group_chat,Felipe Ribeiro,215.0
zai-intelligence-20260408,group_chat,Felipe Ribeiro,130.0
zai-intelligence-20260408,group_chat,Felipe Ribeiro,110.0
zai-intelligence-20260408,group_chat,Felipe Ribeiro,65180.0
zai-intelligence-20260408,group_chat,Felipe Ribeiro,157.0
zai-intelligence-20260408,group_chat,Felipe Ribeiro,85.0
zai-intelligence-20260408,group_chat,Felipe Ribeiro,135.0
zai-intelligence-20260408,group_chat,Felipe Ribeiro,118.0
zai-intelligence-20260408,group_chat,Felipe Ribeiro,178.0
zai-intelligence-20260408,group_chat,Felipe Ribeiro,20387.0
zai-intelligence-20260408,group_chat,Felipe Ribeiro,175.0
zai-intelligence-20260408,group_chat,Felipe Ribeiro,35.0
zai-intelligence-20260408,group_chat,Felipe Ribeiro,120.0
zai-intelligence-20260408,group_chat,Felipe Ribeiro,68058.0
zai-intelligence-20260408,group_chat,Felipe Ribeiro,136.0
zai-intelligence-20260408,group_chat,Felipe Ribeiro,161.0
zai-intelligence-20260408,group_chat,Felipe Ribeiro,160.0
zai-intelligence-20260408,group_chat,Felipe Ribeiro,17437.0
zai-intelligence-20260408,group_chat,Felipe Ribeiro,58.0
zai-intelligence-20260408,group_chat,Felipe Ribeiro,125.0
zai-intelligence-20260408,group_chat,Felipe Ribeiro,110.0
zai-intelligence-20260408,group_chat,Felipe Ribeiro,35.0
zai-intelligence-20260408,group_chat,Felipe Ribeiro,45.0
zai-intelligence-20260408,group_chat,Felipe Ribeiro,154380.0
zai-intelligence-20260408,group_chat,Felipe Ribeiro,276.0
zai-intelligence-20260408,group_chat,Felipe Ribeiro,284.0
zai-intelligence-20260408,group_chat,Felipe Ribeiro,200.0
zai-intelligence-20260408,group_chat,Felipe Ribeiro,17110.0
zai-intelligence-20260408,group_chat,Felipe Ribeiro,95.0
zai-intelligence-20260408,group_chat,Felipe Ribeiro,165.0
zai-intelligence-20260408,group_chat,Felipe Ribeiro,65.0
zai-intelligence-20260408,group_chat,Felipe Ribeiro,115.0
zai-intelligence-20260408,group_chat,Felipe Ribeiro,67968.0
zai-intelligence-20260408,group_chat,Felipe Ribeiro,52.0
zai-intelligence-20260408,group_chat,Felipe Ribeiro,50.0
zai-intelligence-20260408,group_chat,Felipe Ribeiro,40.0
zai-intelligence-20260408,group_chat,Felipe Ribeiro,90.0
zai-intelligence-20260408,group_chat,Felipe Ribeiro,117.0
zai-intelligence-20260408,group_chat,Felipe Ribeiro,3540.0
zai-intelligence-20260408,group_chat,Felipe Ribeiro,78.0
zai-intelligence-20260408,group_chat,Felipe Ribeiro,110.0
zai-intelligence-20260408,group_chat,Felipe Ribeiro,110.0
zai-intelligence-20260408,group_chat,Felipe Ribeiro,40.0
zai-intelligence-20260408,group_chat,Felipe Ribeiro,40.0
zai-intelligence-20260408,group_chat,Felipe Ribeiro,85785.0
zai-intelligence-20260408,group_chat,Felipe Ribeiro,165.0
zai-intelligence-20260408,group_chat,Felipe Ribeiro,225.0
zai-intelligence-20260408,group_chat,Felipe Ribeiro,17685.0
zai-intelligence-20260408,group_chat,Felipe Ribeiro,130.0
zai-intelligence-20260408,group_chat,Felipe Ribeiro,100.0
zai-intelligence-20260408,group_chat,Felipe Ribeiro,30.0
zai-intelligence-20260408,group_chat,Felipe Ribeiro,75.0
zai-intelligence-20260408,group_chat,Felipe Ribeiro,115.0
zai-intelligence-20260408,group_chat,Felipe Ribeiro,80.0
zai-intelligence-20260408,group_chat,Felipe Ribeiro,90.0
zai-intelligence-20260408,group_chat,Felipe Ribeiro,70.0
zai-intelligence-20260408,group_chat,Felipe Ribeiro,80.0
zai-intelligence-20260408,group_chat,Felipe Ribeiro,63962.0
zai-intelligence-20260408,group_chat,Felipe Ribeiro,183.0
zai-intelligence-20260408,group_chat,Felipe Ribeiro,100.0
zai-intelligence-20260408,group_chat,Felipe Ribeiro,487.0
zai-intelligence-20260408,group_chat,Felipe Ribeiro,213.0
zai-intelligence-20260408,group_chat,Felipe Ribeiro,120.0
zai-intelligence-20260408,group_chat,Felipe Ribeiro,85.0
zai-intelligence-20260408,group_chat,Felipe Ribeiro,125.0
zai-intelligence-20260408,group_chat,Felipe Ribeiro,160.0
zai-intelligence-20260408,group_chat,Felipe Ribeiro,125.0
zai-intelligence-20260408,group_chat,Felipe Ribeiro,2065.0
zai-intelligence-20260408,group_chat,Felipe Ribeiro,285.0
zai-intelligence-20260408,group_chat,Felipe Ribeiro,86050.0
zai-intelligence-20260408,group_chat,Felipe Ribeiro,250.0
zai-intelligence-20260408,group_chat,Felipe Ribeiro,14154.0
zai-intelligence-20260408,group_chat,Felipe Ribeiro,59.0
zai-intelligence-20260408,group_chat,Felipe Ribeiro,37.0
zai-intelligence-20260408,group_chat,Felipe Ribeiro,31.0
zai-intelligence-20260408,group_chat,Felipe Ribeiro,21.0
zai-intelligence-20260408,group_chat,Felipe Ribeiro,36.0
zai-intelligence-20260408,group_chat,Felipe Ribeiro,77.0
zai-intelligence-20260408,group_chat,Felipe Ribeiro,27.0
zai-intelligence-20260408,group_chat,Felipe Ribeiro,93.0
zai-intelligence-20260408,group_chat,Katya Petrov,20.0
zai-intelligence-20260408,group_chat,Katya Petrov,42.0
zai-intelligence-20260408,group_chat,Katya Petrov,43.0
zai-intelligence-20260408,group_chat,Katya Petrov,15.0
zai-intelligence-20260408,group_chat,Katya Petrov,35.0
zai-intelligence-20260408,group_chat,Katya Petrov,17.0
zai-intelligence-20260408,group_chat,Katya Petrov,13.0
zai-intelligence-20260408,group_chat,Katya Petrov,25.0
zai-intelligence-20260408,group_chat,Katya Petrov,20.0
zai-intelligence-20260408,group_chat,Katya Petrov,25.0
zai-intelligence-20260408,group_chat,Katya Petrov,13.0
zai-intelligence-20260408,group_chat,Katya Petrov,27.0
zai-intelligence-20260408,group_chat,Katya Petrov,17.0
zai-intelligence-20260408,group_chat,Katya Petrov,50.0
zai-intelligence-20260408,group_chat,Katya Petrov,8.0
zai-intelligence-20260408,group_chat,Katya Petrov,25.0
zai-intelligence-20260408,group_chat,Katya Petrov,28.0
zai-intelligence-20260408,group_chat,Katya Petrov,5.0
zai-intelligence-20260408,group_chat,Katya Petrov,32.0
zai-intelligence-20260408,group_chat,Katya Petrov,40.0
zai-intelligence-20260408,group_chat,Katya Petrov,25.0
zai-intelligence-20260408,group_chat,Katya Petrov,8.0
zai-intelligence-20260408,group_chat,Katya Petrov,17.0
zai-intelligence-20260408,group_chat,Katya Petrov,52.0
zai-intelligence-20260408,group_chat,Katya Petrov,171.0
zai-intelligence-20260408,group_chat,Katya Petrov,112.0
zai-intelligence-20260408,group_chat,Katya Petrov,71152.0
zai-intelligence-20260408,group_chat,Katya Petrov,145.0
zai-intelligence-20260408,group_chat,Katya Petrov,101.0
zai-intelligence-20260408,group_chat,Katya Petrov,145.0
zai-intelligence-20260408,group_chat,Katya Petrov,14032.0
zai-intelligence-20260408,group_chat,Katya Petrov,171.0
zai-intelligence-20260408,group_chat,Katya Petrov,124.0
zai-intelligence-20260408,group_chat,Katya Petrov,71717.0
zai-intelligence-20260408,group_chat,Katya Petrov,218.0
zai-intelligence-20260408,group_chat,Katya Petrov,80.0
zai-intelligence-20260408,group_chat,Katya Petrov,90.0
zai-intelligence-20260408,group_chat,Katya Petrov,30.0
zai-intelligence-20260408,group_chat,Katya Petrov,10195.0
zai-intelligence-20260408,group_chat,Katya Petrov,295.0
zai-intelligence-20260408,group_chat,Katya Petrov,125.0
zai-intelligence-20260408,group_chat,Katya Petrov,95.0
zai-intelligence-20260408,group_chat,Katya Petrov,3202.0
zai-intelligence-20260408,group_chat,Katya Petrov,49.0
zai-intelligence-20260408,group_chat,Katya Petrov,69.0
zai-intelligence-20260408,group_chat,Katya Petrov,62.0
zai-intelligence-20260408,group_chat,Katya Petrov,30.0
zai-intelligence-20260408,group_chat,Katya Petrov,103.0
zai-intelligence-20260408,group_chat,Katya Petrov,40.0
zai-intelligence-20260408,group_chat,Katya Petrov,67975.0
zai-intelligence-20260408,group_chat,Katya Petrov,305.0
zai-intelligence-20260408,group_chat,Katya Petrov,265.0
zai-intelligence-20260408,group_chat,Katya Petrov,135.0
zai-intelligence-20260408,group_chat,Katya Petrov,195.0
zai-intelligence-20260408,group_chat,Katya Petrov,140.0
zai-intelligence-20260408,group_chat,Katya Petrov,2692.0
zai-intelligence-20260408,group_chat,Katya Petrov,195.0
zai-intelligence-20260408,group_chat,Katya Petrov,138.0
zai-intelligence-20260408,group_chat,Katya Petrov,180.0
zai-intelligence-20260408,group_chat,Katya Petrov,147.0
zai-intelligence-20260408,group_chat,Katya Petrov,143.0
zai-intelligence-20260408,group_chat,Katya Petrov,79275.0
zai-intelligence-20260408,group_chat,Katya Petrov,130.0
zai-intelligence-20260408,group_chat,Katya Petrov,105.0
zai-intelligence-20260408,group_chat,Katya Petrov,125.0
zai-intelligence-20260408,group_chat,Katya Petrov,130.0
zai-intelligence-20260408,group_chat,Katya Petrov,150.0
zai-intelligence-20260408,group_chat,Katya Petrov,20132.0
zai-intelligence-20260408,group_chat,Katya Petrov,128.0
zai-intelligence-20260408,group_chat,Katya Petrov,215.0
zai-intelligence-20260408,group_chat,Katya Petrov,67905.0
zai-intelligence-20260408,group_chat,Katya Petrov,175.0
zai-intelligence-20260408,group_chat,Katya Petrov,107.0
zai-intelligence-20260408,group_chat,Katya Petrov,128.0
zai-intelligence-20260408,group_chat,Katya Petrov,70.0
zai-intelligence-20260408,group_chat,Katya Petrov,120.0
zai-intelligence-20260408,group_chat,Katya Petrov,17455.0
zai-intelligence-20260408,group_chat,Katya Petrov,125.0
zai-intelligence-20260408,group_chat,Katya Petrov,160.0
zai-intelligence-20260408,group_chat,Katya Petrov,180.0
zai-intelligence-20260408,group_chat,Katya Petrov,71552.0
zai-intelligence-20260408,group_chat,Katya Petrov,96.0
zai-intelligence-20260408,group_chat,Katya Petrov,87.0
zai-intelligence-20260408,group_chat,Katya Petrov,80.0
zai-intelligence-20260408,group_chat,Katya Petrov,341950.0
zai-intelligence-20260408,group_chat,Katya Petrov,237.0
zai-intelligence-20260408,group_chat,Katya Petrov,348.0
zai-intelligence-20260408,group_chat,Katya Petrov,165.0
zai-intelligence-20260408,group_chat,Katya Petrov,16972.0
zai-intelligence-20260408,group_chat,Katya Petrov,95.0
zai-intelligence-20260408,group_chat,Katya Petrov,120.0
zai-intelligence-20260408,group_chat,Katya Petrov,78.0
zai-intelligence-20260408,group_chat,Katya Petrov,86140.0
zai-intelligence-20260408,group_chat,Katya Petrov,170.0
zai-intelligence-20260408,group_chat,Katya Petrov,40.0
zai-intelligence-20260408,group_chat,Katya Petrov,150.0
zai-intelligence-20260408,group_chat,Katya Petrov,115.0
zai-intelligence-20260408,group_chat,Katya Petrov,67927.0
zai-intelligence-20260408,group_chat,Katya Petrov,123.0
zai-intelligence-20260408,group_chat,Katya Petrov,177.0
zai-intelligence-20260408,group_chat,Katya Petrov,136.0
zai-intelligence-20260408,group_chat,Katya Petrov,172.0
zai-intelligence-20260408,group_chat,Katya Petrov,17450.0
zai-intelligence-20260408,group_chat,Katya Petrov,40.0
zai-intelligence-20260408,group_chat,Katya Petrov,100.0
zai-intelligence-20260408,group_chat,Katya Petrov,154615.0
zai-intelligence-20260408,group_chat,Katya Petrov,337.0
zai-intelligence-20260408,group_chat,Katya Petrov,243.0
zai-intelligence-20260408,group_chat,Katya Petrov,258675.0
zai-intelligence-20260408,group_chat,Katya Petrov,220.0
zai-intelligence-20260408,group_chat,Katya Petrov,190.0
zai-intelligence-20260408,group_chat,Katya Petrov,260.0
zai-intelligence-20260408,group_chat,Katya Petrov,180.0
zai-intelligence-20260408,group_chat,Katya Petrov,2680.0
zai-intelligence-20260408,group_chat,Katya Petrov,190.0
zai-intelligence-20260408,group_chat,Katya Petrov,225.0
zai-intelligence-20260408,group_chat,Katya Petrov,85985.0
zai-intelligence-20260408,group_chat,Katya Petrov,170.0
zai-intelligence-20260408,group_chat,Katya Petrov,90.0
zai-intelligence-20260408,group_chat,Katya Petrov,135.0
zai-intelligence-20260408,group_chat,Katya Petrov,82290.0
zai-intelligence-20260408,group_chat,Katya Petrov,177.0
zai-intelligence-20260408,group_chat,Katya Petrov,182.0
zai-intelligence-20260408,group_chat,Katya Petrov,171.0
zai-intelligence-20260408,group_chat,Katya Petrov,89620.0
zai-intelligence-20260408,group_chat,Katya Petrov,135.0
zai-intelligence-20260408,group_chat,Katya Petrov,100.0
zai-intelligence-20260408,group_chat,Katya Petrov,140.0
zai-intelligence-20260408,group_chat,Katya Petrov,82605.0
zai-intelligence-20260408,group_chat,Katya Petrov,183.0
zai-intelligence-20260408,group_chat,Katya Petrov,54.0
zai-intelligence-20260408,group_chat,Katya Petrov,177.0
zai-intelligence-20260408,group_chat,Katya Petrov,110.0
zai-intelligence-20260408,group_chat,Katya Petrov,17441.0
zai-intelligence-20260408,group_chat,Katya Petrov,121.0
zai-intelligence-20260408,group_chat,Katya Petrov,179.0
zai-intelligence-20260408,group_chat,Katya Petrov,3173.0
zai-intelligence-20260408,group_chat,Katya Petrov,120.0
zai-intelligence-20260408,group_chat,Katya Petrov,72.0
zai-intelligence-20260408,group_chat,Katya Petrov,65.0
zai-intelligence-20260408,group_chat,Katya Petrov,70.0
zai-intelligence-20260408,group_chat,Katya Petrov,64242.0
zai-intelligence-20260408,group_chat,Katya Petrov,323.0
zai-intelligence-20260408,group_chat,Katya Petrov,40.0
zai-intelligence-20260408,group_chat,Katya Petrov,188.0
zai-intelligence-20260408,group_chat,Katya Petrov,305.0
zai-intelligence-20260408,group_chat,Katya Petrov,190279.0
zai-intelligence-20260408,group_chat,Katya Petrov,75.0
zai-intelligence-20260408,group_chat,Katya Petrov,88.0
zai-intelligence-20260408,group_chat,Katya Petrov,55.0
zai-intelligence-20260408,group_chat,Katya Petrov,60.0
zai-intelligence-20260408,group_chat,Katya Petrov,154477.0
zai-intelligence-20260408,group_chat,Katya Petrov,423.0
zai-intelligence-20260408,group_chat,Katya Petrov,63.0
zai-intelligence-20260408,group_chat,Katya Petrov,210.0
zai-intelligence-20260408,group_chat,Katya Petrov,17142.0
zai-intelligence-20260408,group_chat,Katya Petrov,75.0
zai-intelligence-20260408,group_chat,Katya Petrov,75.0
zai-intelligence-20260408,group_chat,Katya Petrov,20.0
zai-intelligence-20260408,group_chat,Katya Petrov,60.0
zai-intelligence-20260408,group_chat,Katya Petrov,120.0
zai-intelligence-20260408,group_chat,Katya Petrov,110.0
zai-intelligence-20260408,group_chat,Katya Petrov,71865.0
zai-intelligence-20260408,group_chat,Katya Petrov,30.0
zai-intelligence-20260408,group_chat,Katya Petrov,35.0
zai-intelligence-20260408,group_chat,Katya Petrov,133.0
zai-intelligence-20260408,group_chat,Katya Petrov,97.0
zai-intelligence-20260408,group_chat,Katya Petrov,35.0
zai-intelligence-20260408,group_chat,Katya Petrov,103915.0
zai-intelligence-20260408,group_chat,Katya Petrov,115.0
zai-intelligence-20260408,group_chat,Katya Petrov,125.0
zai-intelligence-20260408,group_chat,Katya Petrov,110.0
zai-intelligence-20260408,group_chat,Katya Petrov,40.0
zai-intelligence-20260408,group_chat,Katya Petrov,120.0
zai-intelligence-20260408,group_chat,Katya Petrov,90.0
zai-intelligence-20260408,group_chat,Katya Petrov,150.0
zai-intelligence-20260408,group_chat,Katya Petrov,64005.0
zai-intelligence-20260408,group_chat,Katya Petrov,95.0
zai-intelligence-20260408,group_chat,Katya Petrov,105.0
zai-intelligence-20260408,group_chat,Katya Petrov,95.0
zai-intelligence-20260408,group_chat,Katya Petrov,104090.0
zai-intelligence-20260408,group_chat,Katya Petrov,69.0
zai-intelligence-20260408,group_chat,Katya Petrov,81.0
zai-intelligence-20260408,group_chat,Katya Petrov,70.0
zai-intelligence-20260408,group_chat,hyejin_wang,167.0
zai-intelligence-20260408,group_chat,hyejin_wang,142.0
zai-intelligence-20260408,group_chat,hyejin_wang,88.0
zai-intelligence-20260408,group_chat,hyejin_wang,140.0
zai-intelligence-20260408,group_chat,hyejin_wang,75.0
zai-intelligence-20260408,group_chat,hyejin_wang,81619.0
zai-intelligence-20260408,group_chat,hyejin_wang,54.0
zai-intelligence-20260408,group_chat,hyejin_wang,110.0
zai-intelligence-20260408,group_chat,hyejin_wang,57.0
zai-intelligence-20260408,group_chat,hyejin_wang,80.0
zai-intelligence-20260408,group_chat,hyejin_wang,158137.0
zai-intelligence-20260408,group_chat,hyejin_wang,268.0
zai-intelligence-20260408,group_chat,hyejin_wang,194.0
zai-intelligence-20260408,group_chat,hyejin_wang,116.0
zai-intelligence-20260408,group_chat,hyejin_wang,165.0
zai-intelligence-20260408,group_chat,hyejin_wang,120.0
zai-intelligence-20260408,group_chat,hyejin_wang,85537.0
zai-intelligence-20260408,group_chat,hyejin_wang,322.0
zai-intelligence-20260408,group_chat,hyejin_wang,221.0
zai-intelligence-20260408,group_chat,hyejin_wang,193.0
zai-intelligence-20260408,group_chat,hyejin_wang,13784.0
zai-intelligence-20260408,group_chat,hyejin_wang,293.0
zai-intelligence-20260408,group_chat,hyejin_wang,285.0
zai-intelligence-20260408,group_chat,hyejin_wang,135.0
zai-intelligence-20260408,group_chat,hyejin_wang,330367.0
zai-intelligence-20260408,group_chat,hyejin_wang,213.0
zai-intelligence-20260408,group_chat,hyejin_wang,185.0
zai-intelligence-20260408,group_chat,hyejin_wang,125.0
zai-intelligence-20260408,group_chat,hyejin_wang,13935.0
zai-intelligence-20260408,group_chat,hyejin_wang,180.0
zai-intelligence-20260408,group_chat,hyejin_wang,86162.0
zai-intelligence-20260408,group_chat,hyejin_wang,213.0
zai-intelligence-20260408,group_chat,hyejin_wang,225.0
zai-intelligence-20260408,group_chat,hyejin_wang,102.0
zai-intelligence-20260408,group_chat,hyejin_wang,67863.0
zai-intelligence-20260408,group_chat,hyejin_wang,330.0
zai-intelligence-20260408,group_chat,hyejin_wang,435.0
zai-intelligence-20260408,group_chat,hyejin_wang,375.0
zai-intelligence-20260408,group_chat,hyejin_wang,85472.0
zai-intelligence-20260408,group_chat,hyejin_wang,335.0
zai-intelligence-20260408,group_chat,hyejin_wang,311.0
zai-intelligence-20260408,group_chat,hyejin_wang,278.0
zai-intelligence-20260408,group_chat,hyejin_wang,17041.0
zai-intelligence-20260408,group_chat,hyejin_wang,350.0
zai-intelligence-20260408,group_chat,hyejin_wang,181.0
zai-intelligence-20260408,group_chat,hyejin_wang,67647.0
zai-intelligence-20260408,group_chat,hyejin_wang,160.0
zai-intelligence-20260408,group_chat,hyejin_wang,82.0
zai-intelligence-20260408,group_chat,hyejin_wang,28.0
zai-intelligence-20260408,group_chat,hyejin_wang,190.0
zai-intelligence-20260408,group_chat,hyejin_wang,35.0
zai-intelligence-20260408,group_chat,hyejin_wang,153.0
zai-intelligence-20260408,group_chat,hyejin_wang,87.0
zai-intelligence-20260408,group_chat,hyejin_wang,15.0
zai-intelligence-20260408,group_chat,hyejin_wang,294.0
zai-intelligence-20260408,group_chat,hyejin_wang,21.0
zai-intelligence-20260408,group_chat,hyejin_wang,225.0
zai-intelligence-20260408,group_chat,hyejin_wang,16922.0
zai-intelligence-20260408,group_chat,hyejin_wang,256.0
zai-intelligence-20260408,group_chat,hyejin_wang,116.0
zai-intelligence-20260408,group_chat,hyejin_wang,67966.0
zai-intelligence-20260408,group_chat,hyejin_wang,165.0
zai-intelligence-20260408,group_chat,hyejin_wang,87.0
zai-intelligence-20260408,group_chat,hyejin_wang,98.0
zai-intelligence-20260408,group_chat,hyejin_wang,90.0
zai-intelligence-20260408,group_chat,hyejin_wang,90.0
zai-intelligence-20260408,group_chat,hyejin_wang,90.0
zai-intelligence-20260408,group_chat,hyejin_wang,85.0
zai-intelligence-20260408,group_chat,hyejin_wang,75.0
zai-intelligence-20260408,group_chat,hyejin_wang,40.0
zai-intelligence-20260408,group_chat,hyejin_wang,2732.0
zai-intelligence-20260408,group_chat,hyejin_wang,313.0
zai-intelligence-20260408,group_chat,hyejin_wang,155.0
zai-intelligence-20260408,group_chat,hyejin_wang,130.0
zai-intelligence-20260408,group_chat,hyejin_wang,185.0
zai-intelligence-20260408,group_chat,hyejin_wang,180.0
zai-intelligence-20260408,group_chat,hyejin_wang,13412.0
zai-intelligence-20260408,group_chat,hyejin_wang,141.0
zai-intelligence-20260408,group_chat,hyejin_wang,235.0
zai-intelligence-20260408,group_chat,hyejin_wang,68579.0
zai-intelligence-20260408,group_chat,hyejin_wang,123.0
zai-intelligence-20260408,group_chat,hyejin_wang,150.0
zai-intelligence-20260408,group_chat,hyejin_wang,115.0
zai-intelligence-20260408,group_chat,hyejin_wang,100.0
zai-intelligence-20260408,group_chat,hyejin_wang,85457.0
zai-intelligence-20260408,group_chat,hyejin_wang,202.0
zai-intelligence-20260408,group_chat,hyejin_wang,206.0
zai-intelligence-20260408,group_chat,hyejin_wang,30.0
zai-intelligence-20260408,group_chat,hyejin_wang,124.0
zai-intelligence-20260408,group_chat,hyejin_wang,116.0
zai-intelligence-20260408,group_chat,hyejin_wang,120.0
zai-intelligence-20260408,group_chat,hyejin_wang,85.0
zai-intelligence-20260408,group_chat,hyejin_wang,335.0
zai-intelligence-20260408,group_chat,hyejin_wang,85107.0
zai-intelligence-20260408,group_chat,hyejin_wang,290.0
zai-intelligence-20260408,group_chat,hyejin_wang,223.0
zai-intelligence-20260408,group_chat,hyejin_wang,178.0
zai-intelligence-20260408,group_chat,hyejin_wang,257.0
zai-intelligence-20260408,group_chat,hyejin_wang,85533.0
zai-intelligence-20260408,group_chat,hyejin_wang,387.0
zai-intelligence-20260408,group_chat,hyejin_wang,45.0
zai-intelligence-20260408,group_chat,hyejin_wang,198.0
zai-intelligence-20260408,group_chat,hyejin_wang,17.0
zai-intelligence-20260408,group_chat,hyejin_wang,190.0
zai-intelligence-20260408,group_chat,hyejin_wang,160.0
zai-intelligence-20260408,group_chat,hyejin_wang,125.0
zai-intelligence-20260408,group_chat,hyejin_wang,19875.0
zai-intelligence-20260408,group_chat,hyejin_wang,95.0
zai-intelligence-20260408,group_chat,hyejin_wang,85.0
zai-intelligence-20260408,group_chat,hyejin_wang,60.0
zai-intelligence-20260408,group_chat,hyejin_wang,12950.0
zai-intelligence-20260408,group_chat,hyejin_wang,222.0
zai-intelligence-20260408,group_chat,hyejin_wang,72.0
zai-intelligence-20260408,group_chat,hyejin_wang,231.0
zai-intelligence-20260408,group_chat,hyejin_wang,227890.0
zai-intelligence-20260408,group_chat,hyejin_wang,140.0
zai-intelligence-20260408,group_chat,hyejin_wang,95.0
zai-intelligence-20260408,group_chat,hyejin_wang,65.0
zai-intelligence-20260408,group_chat,hyejin_wang,120.0
zai-intelligence-20260408,group_chat,hyejin_wang,86065.0
zai-intelligence-20260408,group_chat,hyejin_wang,21.0
zai-intelligence-20260408,group_chat,hyejin_wang,94.0
zai-intelligence-20260408,group_chat,hyejin_wang,115.0
zai-intelligence-20260408,group_chat,hyejin_wang,20.0
zai-intelligence-20260408,group_chat,hyejin_wang,15.0
zai-intelligence-20260408,group_chat,hyejin_wang,137.0
zai-intelligence-20260408,group_chat,hyejin_wang,13.0
zai-intelligence-20260408,group_chat,hyejin_wang,80.0
zai-intelligence-20260408,group_chat,hyejin_wang,100453.0
zai-intelligence-20260408,group_chat,hyejin_wang,68752.0
zai-intelligence-20260408,group_chat,hyejin_wang,220.0
zai-intelligence-20260408,group_chat,hyejin_wang,32.0
zai-intelligence-20260408,group_chat,hyejin_wang,193.0
zai-intelligence-20260408,group_chat,hyejin_wang,115.0
zai-intelligence-20260408,group_chat,hyejin_wang,55.0
zai-intelligence-20260408,group_chat,hyejin_wang,35.0
zai-intelligence-20260408,group_chat,hyejin_wang,85.0
zai-intelligence-20260408,group_chat,hyejin_wang,85.0
zai-intelligence-20260408,group_chat,hyejin_wang,145.0
zai-intelligence-20260408,group_chat,hyejin_wang,88510.0
zai-intelligence-20260408,group_chat,hyejin_wang,108.0
zai-intelligence-20260408,group_chat,hyejin_wang,69.0
zai-intelligence-20260408,group_chat,hyejin_wang,109.0
zai-intelligence-20260408,group_chat,hyejin_wang,219.0
zai-intelligence-20260408,group_chat,hyejin_wang,110.0
zai-intelligence-20260408,group_chat,hyejin_wang,82182.0
zai-intelligence-20260408,group_chat,hyejin_wang,230.0
zai-intelligence-20260408,group_chat,hyejin_wang,163.0
zai-intelligence-20260408,group_chat,hyejin_wang,120.0
zai-intelligence-20260408,group_chat,hyejin_wang,125.0
zai-intelligence-20260408,group_chat,hyejin_wang,138.0
zai-intelligence-20260408,group_chat,hyejin_wang,181.0
zai-intelligence-20260408,group_chat,hyejin_wang,190.0
zai-intelligence-20260408,group_chat,hyejin_wang,162.0
zai-intelligence-20260408,group_chat,hyejin_wang,131.0
zai-intelligence-20260408,group_chat,hyejin_wang,12960.0
zai-intelligence-20260408,group_chat,hyejin_wang,213.0
zai-intelligence-20260408,group_chat,hyejin_wang,110.0
zai-intelligence-20260408,group_chat,hyejin_wang,68890.0
zai-intelligence-20260408,group_chat,hyejin_wang,300.0
zai-intelligence-20260408,group_chat,hyejin_wang,365.0
zai-intelligence-20260408,group_chat,hyejin_wang,88575.0
zai-intelligence-20260408,group_chat,hyejin_wang,53.0
zai-intelligence-20260408,group_chat,hyejin_wang,219.0
zai-intelligence-20260408,group_chat,hyejin_wang,18.0
zai-intelligence-20260408,group_chat,hyejin_wang,77.0
zai-intelligence-20260408,group_chat,hyejin_wang,28.0
zai-intelligence-20260408,group_chat,hyejin_wang,141.0
zai-intelligence-20260408,group_chat,hyejin_wang,91.0
zai-intelligence-20260408,group_chat,hyejin_wang,32.0
zai-intelligence-20260408,group_chat,hyejin_wang,98.0
zai-intelligence-20260408,group_chat,hyejin_wang,123.0
zai-intelligence-20260408,group_chat,hyejin_wang,60.0
zai-intelligence-20260408,group_chat,hyejin_wang,160.0
zai-intelligence-20260408,group_chat,hyejin_wang,589.0
zai-intelligence-20260408,group_chat,hyejin_wang,151.0
zai-intelligence-20260408,group_chat,hyejin_wang,1695.0
zai-intelligence-20260408,group_chat,hyejin_wang,100.0
zai-intelligence-20260408,group_chat,hyejin_wang,125.0
zai-intelligence-20260408,group_chat,hyejin_wang,65.0
zai-intelligence-20260408,group_chat,hyejin_wang,70.0
zai-intelligence-20260408,group_chat,hyejin_wang,90.0
zai-intelligence-20260408,group_chat,hyejin_wang,17515.0
zai-intelligence-20260408,group_chat,hyejin_wang,215.0
zai-intelligence-20260408,group_chat,hyejin_wang,100.0
zai-intelligence-20260408,group_chat,hyejin_wang,65.0
zai-intelligence-20260408,group_chat,hyejin_wang,150856.0
zai-intelligence-20260408,group_chat,hyejin_wang,224.0
zai-intelligence-20260408,group_chat,hyejin_wang,200.0
zai-intelligence-20260408,group_chat,hyejin_wang,65.0
zai-intelligence-20260408,group_chat,hyejin_wang,170.0
zai-intelligence-20260408,group_chat,hyejin_wang,48.0
zai-intelligence-20260408,group_chat,hyejin_wang,44.0
zai-intelligence-20260408,group_chat,hyejin_wang,18.0
zai-intelligence-20260408,group_chat,hyejin_wang,192.0
zai-intelligence-20260408,group_chat,hyejin_wang,130.0
zai-intelligence-20260408,group_chat,hyejin_wang,21098.0
zai-intelligence-20260408,group_chat,hyejin_wang,85.0
zai-intelligence-20260408,group_chat,hyejin_wang,90.0
zai-intelligence-20260408,group_chat,hyejin_wang,60.0
zai-intelligence-20260408,group_chat,hyejin_wang,64549.0
zai-intelligence-20260408,group_chat,hyejin_wang,161.0
zai-intelligence-20260408,group_chat,hyejin_wang,90.0
zai-intelligence-20260408,group_chat,hyejin_wang,147.0
zai-intelligence-20260408,group_chat,hyejin_wang,93.0
zai-intelligence-20260408,group_chat,hyejin_wang,16890.0
zai-intelligence-20260408,group_chat,hyejin_wang,75.0
zai-intelligence-20260408,group_chat,hyejin_wang,45.0
zai-intelligence-20260408,group_chat,hyejin_wang,110.0
zai-intelligence-20260408,group_chat,hyejin_wang,100.0
zai-intelligence-20260408,group_chat,hyejin_wang,73.0
zai-intelligence-20260408,group_chat,hyejin_wang,77.0
zai-intelligence-20260408,group_chat,mateo_carvalho,160.0
zai-intelligence-20260408,group_chat,mateo_carvalho,85.0
zai-intelligence-20260408,group_chat,mateo_carvalho,195.0
zai-intelligence-20260408,group_chat,mateo_carvalho,85.0
zai-intelligence-20260408,group_chat,mateo_carvalho,672064.0
zai-intelligence-20260408,group_chat,mateo_carvalho,136.0
zai-intelligence-20260408,group_chat,mateo_carvalho,88.0
zai-intelligence-20260408,group_chat,mateo_carvalho,87.0
zai-intelligence-20260408,group_chat,mateo_carvalho,88.0
zai-intelligence-20260408,group_chat,mateo_carvalho,112.0
zai-intelligence-20260408,group_chat,mateo_carvalho,65.0
zai-intelligence-20260408,group_chat,mateo_carvalho,13805.0
zai-intelligence-20260408,group_chat,mateo_carvalho,140.0
zai-intelligence-20260408,group_chat,mateo_carvalho,180.0
zai-intelligence-20260408,group_chat,mateo_carvalho,60.0
zai-intelligence-20260408,group_chat,mateo_carvalho,154535.0
zai-intelligence-20260408,group_chat,mateo_carvalho,320.0
zai-intelligence-20260408,group_chat,mateo_carvalho,210.0
zai-intelligence-20260408,group_chat,mateo_carvalho,310.0
zai-intelligence-20260408,group_chat,mateo_carvalho,200.0
zai-intelligence-20260408,group_chat,mateo_carvalho,100.0
zai-intelligence-20260408,group_chat,mateo_carvalho,85211.0
zai-intelligence-20260408,group_chat,mateo_carvalho,341.0
zai-intelligence-20260408,group_chat,mateo_carvalho,299.0
zai-intelligence-20260408,group_chat,mateo_carvalho,259.0
zai-intelligence-20260408,group_chat,mateo_carvalho,205.0
zai-intelligence-20260408,group_chat,mateo_carvalho,17038.0
zai-intelligence-20260408,group_chat,mateo_carvalho,125.0
zai-intelligence-20260408,group_chat,mateo_carvalho,384.0
zai-intelligence-20260408,group_chat,mateo_carvalho,67548.0
zai-intelligence-20260408,group_chat,mateo_carvalho,192.0
zai-intelligence-20260408,group_chat,mateo_carvalho,78.0
zai-intelligence-20260408,group_chat,mateo_carvalho,70.0
zai-intelligence-20260408,group_chat,mateo_carvalho,222.0
zai-intelligence-20260408,group_chat,mateo_carvalho,8.0
zai-intelligence-20260408,group_chat,mateo_carvalho,30.0
zai-intelligence-20260408,group_chat,mateo_carvalho,240.0
zai-intelligence-20260408,group_chat,mateo_carvalho,20.0
zai-intelligence-20260408,group_chat,mateo_carvalho,100.0
zai-intelligence-20260408,group_chat,mateo_carvalho,60.0
zai-intelligence-20260408,group_chat,mateo_carvalho,2.0
zai-intelligence-20260408,group_chat,mateo_carvalho,148.0
zai-intelligence-20260408,group_chat,mateo_carvalho,195.0
zai-intelligence-20260408,group_chat,mateo_carvalho,45.0
zai-intelligence-20260408,group_chat,mateo_carvalho,16913.0
zai-intelligence-20260408,group_chat,mateo_carvalho,51.0
zai-intelligence-20260408,group_chat,mateo_carvalho,222.0
zai-intelligence-20260408,group_chat,mateo_carvalho,125.0
zai-intelligence-20260408,group_chat,mateo_carvalho,68062.0
zai-intelligence-20260408,group_chat,mateo_carvalho,127.0
zai-intelligence-20260408,group_chat,mateo_carvalho,95.0
zai-intelligence-20260408,group_chat,mateo_carvalho,92.0
zai-intelligence-20260408,group_chat,mateo_carvalho,68.0
zai-intelligence-20260408,group_chat,mateo_carvalho,20.0
zai-intelligence-20260408,group_chat,mateo_carvalho,90.0
zai-intelligence-20260408,group_chat,mateo_carvalho,10.0
zai-intelligence-20260408,group_chat,mateo_carvalho,80.0
zai-intelligence-20260408,group_chat,mateo_carvalho,29.0
zai-intelligence-20260408,group_chat,mateo_carvalho,46.0
zai-intelligence-20260408,group_chat,mateo_carvalho,65.0
zai-intelligence-20260408,group_chat,mateo_carvalho,140.0
zai-intelligence-20260408,group_chat,mateo_carvalho,136.0
zai-intelligence-20260408,group_chat,mateo_carvalho,177.0
zai-intelligence-20260408,group_chat,mateo_carvalho,2162.0
zai-intelligence-20260408,group_chat,mateo_carvalho,310.0
zai-intelligence-20260408,group_chat,mateo_carvalho,185.0
zai-intelligence-20260408,group_chat,mateo_carvalho,165.0
zai-intelligence-20260408,group_chat,mateo_carvalho,305.0
zai-intelligence-20260408,group_chat,mateo_carvalho,115.0
zai-intelligence-20260408,group_chat,mateo_carvalho,13335.0
zai-intelligence-20260408,group_chat,mateo_carvalho,189.0
zai-intelligence-20260408,group_chat,mateo_carvalho,188.0
zai-intelligence-20260408,group_chat,mateo_carvalho,68642.0
zai-intelligence-20260408,group_chat,mateo_carvalho,96.0
zai-intelligence-20260408,group_chat,mateo_carvalho,130.0
zai-intelligence-20260408,group_chat,mateo_carvalho,50.0
zai-intelligence-20260408,group_chat,mateo_carvalho,77.0
zai-intelligence-20260408,group_chat,mateo_carvalho,117.0
zai-intelligence-20260408,group_chat,mateo_carvalho,85428.0
zai-intelligence-20260408,group_chat,mateo_carvalho,231.0
zai-intelligence-20260408,group_chat,mateo_carvalho,117.0
zai-intelligence-20260408,group_chat,mateo_carvalho,12.0
zai-intelligence-20260408,group_chat,mateo_carvalho,110.0
zai-intelligence-20260408,group_chat,mateo_carvalho,120.0
zai-intelligence-20260408,group_chat,mateo_carvalho,128.0
zai-intelligence-20260408,group_chat,mateo_carvalho,2.0
zai-intelligence-20260408,group_chat,mateo_carvalho,155.0
zai-intelligence-20260408,group_chat,mateo_carvalho,208.0
zai-intelligence-20260408,group_chat,mateo_carvalho,255.0
zai-intelligence-20260408,group_chat,mateo_carvalho,85011.0
zai-intelligence-20260408,group_chat,mateo_carvalho,289.0
zai-intelligence-20260408,group_chat,mateo_carvalho,182.0
zai-intelligence-20260408,group_chat,mateo_carvalho,228.0
zai-intelligence-20260408,group_chat,mateo_carvalho,225.0
zai-intelligence-20260408,group_chat,mateo_carvalho,110.0
zai-intelligence-20260408,group_chat,mateo_carvalho,85414.0
zai-intelligence-20260408,group_chat,mateo_carvalho,414.0
zai-intelligence-20260408,group_chat,mateo_carvalho,167.0
zai-intelligence-20260408,group_chat,mateo_carvalho,20470.0
zai-intelligence-20260408,group_chat,mateo_carvalho,150.0
zai-intelligence-20260408,group_chat,mateo_carvalho,90.0
zai-intelligence-20260408,group_chat,mateo_carvalho,12912.0
zai-intelligence-20260408,group_chat,mateo_carvalho,206.0
zai-intelligence-20260408,group_chat,mateo_carvalho,107.0
zai-intelligence-20260408,group_chat,mateo_carvalho,140.0
zai-intelligence-20260408,group_chat,mateo_carvalho,97.0
zai-intelligence-20260408,group_chat,mateo_carvalho,69531.0
zai-intelligence-20260408,group_chat,mateo_carvalho,177.0
zai-intelligence-20260408,group_chat,mateo_carvalho,155.0
zai-intelligence-20260408,group_chat,mateo_carvalho,244527.0
zai-intelligence-20260408,group_chat,mateo_carvalho,3.0
zai-intelligence-20260408,group_chat,mateo_carvalho,117.0
zai-intelligence-20260408,group_chat,mateo_carvalho,60.0
zai-intelligence-20260408,group_chat,mateo_carvalho,73.0
zai-intelligence-20260408,group_chat,mateo_carvalho,49.0
zai-intelligence-20260408,group_chat,mateo_carvalho,14.0
zai-intelligence-20260408,group_chat,mateo_carvalho,104.0
zai-intelligence-20260408,group_chat,mateo_carvalho,88.0
zai-intelligence-20260408,group_chat,mateo_carvalho,8.0
zai-intelligence-20260408,group_chat,mateo_carvalho,100227.0
zai-intelligence-20260408,group_chat,mateo_carvalho,371.0
zai-intelligence-20260408,group_chat,mateo_carvalho,68689.0
zai-intelligence-20260408,group_chat,mateo_carvalho,105.0
zai-intelligence-20260408,group_chat,mateo_carvalho,82.0
zai-intelligence-20260408,group_chat,mateo_carvalho,48.0
zai-intelligence-20260408,group_chat,mateo_carvalho,50.0
zai-intelligence-20260408,group_chat,mateo_carvalho,120.0
zai-intelligence-20260408,group_chat,mateo_carvalho,90.0
zai-intelligence-20260408,group_chat,mateo_carvalho,30.0
zai-intelligence-20260408,group_chat,mateo_carvalho,120.0
zai-intelligence-20260408,group_chat,mateo_carvalho,55.0
zai-intelligence-20260408,group_chat,mateo_carvalho,145.0
zai-intelligence-20260408,group_chat,mateo_carvalho,171243.0
zai-intelligence-20260408,group_chat,mateo_carvalho,180.0
zai-intelligence-20260408,group_chat,mateo_carvalho,112.0
zai-intelligence-20260408,group_chat,mateo_carvalho,165.0
zai-intelligence-20260408,group_chat,mateo_carvalho,100.0
zai-intelligence-20260408,group_chat,mateo_carvalho,125.0
zai-intelligence-20260408,group_chat,mateo_carvalho,167.0
zai-intelligence-20260408,group_chat,mateo_carvalho,149.0
zai-intelligence-20260408,group_chat,mateo_carvalho,124.0
zai-intelligence-20260408,group_chat,mateo_carvalho,58.0
zai-intelligence-20260408,group_chat,mateo_carvalho,157.0
zai-intelligence-20260408,group_chat,mateo_carvalho,150.0
zai-intelligence-20260408,group_chat,mateo_carvalho,125.0
zai-intelligence-20260408,group_chat,mateo_carvalho,12870.0
zai-intelligence-20260408,group_chat,mateo_carvalho,197.0
zai-intelligence-20260408,group_chat,mateo_carvalho,128.0
zai-intelligence-20260408,group_chat,mateo_carvalho,112.0
zai-intelligence-20260408,group_chat,mateo_carvalho,68888.0
zai-intelligence-20260408,group_chat,mateo_carvalho,360.0
zai-intelligence-20260408,group_chat,mateo_carvalho,88742.0
zai-intelligence-20260408,group_chat,mateo_carvalho,250.0
zai-intelligence-20260408,group_chat,mateo_carvalho,48.0
zai-intelligence-20260408,group_chat,mateo_carvalho,122.0
zai-intelligence-20260408,group_chat,mateo_carvalho,135.0
zai-intelligence-20260408,group_chat,mateo_carvalho,78.0
zai-intelligence-20260408,group_chat,mateo_carvalho,210.0
zai-intelligence-20260408,group_chat,mateo_carvalho,783.0
zai-intelligence-20260408,group_chat,mateo_carvalho,244.0
zai-intelligence-20260408,group_chat,mateo_carvalho,1658.0
zai-intelligence-20260408,group_chat,mateo_carvalho,105.0
zai-intelligence-20260408,group_chat,mateo_carvalho,80.0
zai-intelligence-20260408,group_chat,mateo_carvalho,125.0
zai-intelligence-20260408,group_chat,mateo_carvalho,60.0
zai-intelligence-20260408,group_chat,mateo_carvalho,70.0
zai-intelligence-20260408,group_chat,mateo_carvalho,85.0
zai-intelligence-20260408,group_chat,mateo_carvalho,17475.0
zai-intelligence-20260408,group_chat,mateo_carvalho,180.0
zai-intelligence-20260408,group_chat,mateo_carvalho,45.0
zai-intelligence-20260408,group_chat,mateo_carvalho,105.0
zai-intelligence-20260408,group_chat,mateo_carvalho,60.0
zai-intelligence-20260408,group_chat,mateo_carvalho,68025.0
zai-intelligence-20260408,group_chat,mateo_carvalho,125.0
zai-intelligence-20260408,group_chat,mateo_carvalho,310.0
zai-intelligence-20260408,group_chat,mateo_carvalho,115.0
zai-intelligence-20260408,group_chat,mateo_carvalho,82250.0
zai-intelligence-20260408,group_chat,mateo_carvalho,90.0
zai-intelligence-20260408,group_chat,mateo_carvalho,120.0
zai-intelligence-20260408,group_chat,mateo_carvalho,207.0
zai-intelligence-20260408,group_chat,mateo_carvalho,180.0
zai-intelligence-20260408,group_chat,mateo_carvalho,169.0
zai-intelligence-20260408,group_chat,mateo_carvalho,21453.0
zai-intelligence-20260408,group_chat,mateo_carvalho,88.0
zai-intelligence-20260408,group_chat,mateo_carvalho,70.0
zai-intelligence-20260408,group_chat,mateo_carvalho,80.0
zai-intelligence-20260408,group_chat,mateo_carvalho,64590.0
zai-intelligence-20260408,group_chat,mateo_carvalho,85.0
zai-intelligence-20260408,group_chat,mateo_carvalho,88.0
zai-intelligence-20260408,group_chat,mateo_carvalho,121.0
zai-intelligence-20260408,group_chat,mateo_carvalho,120.0
zai-intelligence-20260408,group_chat,tanvi_sharma,38.0
zai-intelligence-20260408,group_chat,tanvi_sharma,82.0
zai-intelligence-20260408,group_chat,tanvi_sharma,53.0
zai-intelligence-20260408,group_chat,tanvi_sharma,107.0
zai-intelligence-20260408,group_chat,tanvi_sharma,92.0
zai-intelligence-20260408,group_chat,tanvi_sharma,63.0
zai-intelligence-20260408,group_chat,tanvi_sharma,77.0
zai-intelligence-20260408,group_chat,tanvi_sharma,81680.0
zai-intelligence-20260408,group_chat,tanvi_sharma,60.0
zai-intelligence-20260408,group_chat,tanvi_sharma,88.0
zai-intelligence-20260408,group_chat,tanvi_sharma,58.0
zai-intelligence-20260408,group_chat,tanvi_sharma,158297.0
zai-intelligence-20260408,group_chat,tanvi_sharma,217.0
zai-intelligence-20260408,group_chat,tanvi_sharma,178.0
zai-intelligence-20260408,group_chat,tanvi_sharma,148.0
zai-intelligence-20260408,group_chat,tanvi_sharma,162.0
zai-intelligence-20260408,group_chat,tanvi_sharma,14050.0
zai-intelligence-20260408,group_chat,tanvi_sharma,185.0
zai-intelligence-20260408,group_chat,tanvi_sharma,160.0
zai-intelligence-20260408,group_chat,tanvi_sharma,130.0
zai-intelligence-20260408,group_chat,tanvi_sharma,71152.0
zai-intelligence-20260408,group_chat,tanvi_sharma,198.0
zai-intelligence-20260408,group_chat,tanvi_sharma,198.0
zai-intelligence-20260408,group_chat,tanvi_sharma,232.0
zai-intelligence-20260408,group_chat,tanvi_sharma,13850.0
zai-intelligence-20260408,group_chat,tanvi_sharma,325.0
zai-intelligence-20260408,group_chat,tanvi_sharma,55.0
zai-intelligence-20260408,group_chat,tanvi_sharma,235.0
zai-intelligence-20260408,group_chat,tanvi_sharma,67645.0
zai-intelligence-20260408,group_chat,tanvi_sharma,160.0
zai-intelligence-20260408,group_chat,tanvi_sharma,185.0
zai-intelligence-20260408,group_chat,tanvi_sharma,110.0
zai-intelligence-20260408,group_chat,tanvi_sharma,90121.0
zai-intelligence-20260408,group_chat,tanvi_sharma,44.0
zai-intelligence-20260408,group_chat,tanvi_sharma,34.0
zai-intelligence-20260408,group_chat,tanvi_sharma,70.0
zai-intelligence-20260408,group_chat,tanvi_sharma,84.0
zai-intelligence-20260408,group_chat,tanvi_sharma,79.0
zai-intelligence-20260408,group_chat,tanvi_sharma,74.0
zai-intelligence-20260408,group_chat,tanvi_sharma,82534.0
zai-intelligence-20260408,group_chat,tanvi_sharma,390.0
zai-intelligence-20260408,group_chat,tanvi_sharma,220.0
zai-intelligence-20260408,group_chat,tanvi_sharma,260.0
zai-intelligence-20260408,group_chat,tanvi_sharma,195.0
zai-intelligence-20260408,group_chat,tanvi_sharma,88227.0
zai-intelligence-20260408,group_chat,tanvi_sharma,70.0
zai-intelligence-20260408,group_chat,tanvi_sharma,83.0
zai-intelligence-20260408,group_chat,tanvi_sharma,11.0
zai-intelligence-20260408,group_chat,tanvi_sharma,142.0
zai-intelligence-20260408,group_chat,tanvi_sharma,27.0
zai-intelligence-20260408,group_chat,tanvi_sharma,16.0
zai-intelligence-20260408,group_chat,tanvi_sharma,144.0
zai-intelligence-20260408,group_chat,tanvi_sharma,20.0
zai-intelligence-20260408,group_chat,tanvi_sharma,100340.0
zai-intelligence-20260408,group_chat,tanvi_sharma,280.0
zai-intelligence-20260408,group_chat,tanvi_sharma,305.0
zai-intelligence-20260408,group_chat,tanvi_sharma,67690.0
zai-intelligence-20260408,group_chat,tanvi_sharma,350.0
zai-intelligence-20260408,group_chat,tanvi_sharma,200.0
zai-intelligence-20260408,group_chat,tanvi_sharma,235.0
zai-intelligence-20260408,group_chat,tanvi_sharma,265.0
zai-intelligence-20260408,group_chat,tanvi_sharma,85680.0
zai-intelligence-20260408,group_chat,tanvi_sharma,177.0
zai-intelligence-20260408,group_chat,tanvi_sharma,285.0
zai-intelligence-20260408,group_chat,tanvi_sharma,300.0
zai-intelligence-20260408,group_chat,tanvi_sharma,178.0
zai-intelligence-20260408,group_chat,tanvi_sharma,17055.0
zai-intelligence-20260408,group_chat,tanvi_sharma,360.0
zai-intelligence-20260408,group_chat,tanvi_sharma,120.0
zai-intelligence-20260408,group_chat,tanvi_sharma,67667.0
zai-intelligence-20260408,group_chat,tanvi_sharma,156.0
zai-intelligence-20260408,group_chat,tanvi_sharma,117.0
zai-intelligence-20260408,group_chat,tanvi_sharma,207.0
zai-intelligence-20260408,group_chat,tanvi_sharma,108.0
zai-intelligence-20260408,group_chat,tanvi_sharma,365.0
zai-intelligence-20260408,group_chat,tanvi_sharma,273.0
zai-intelligence-20260408,group_chat,tanvi_sharma,17052.0
zai-intelligence-20260408,group_chat,tanvi_sharma,167.0
zai-intelligence-20260408,group_chat,tanvi_sharma,65.0
zai-intelligence-20260408,group_chat,tanvi_sharma,68541.0
zai-intelligence-20260408,group_chat,tanvi_sharma,118.0
zai-intelligence-20260408,group_chat,tanvi_sharma,146.0
zai-intelligence-20260408,group_chat,tanvi_sharma,95.0
zai-intelligence-20260408,group_chat,tanvi_sharma,268.0
zai-intelligence-20260408,group_chat,tanvi_sharma,105.0
zai-intelligence-20260408,group_chat,tanvi_sharma,2430.0
zai-intelligence-20260408,group_chat,tanvi_sharma,55.0
zai-intelligence-20260408,group_chat,tanvi_sharma,205.0
zai-intelligence-20260408,group_chat,tanvi_sharma,160.0
zai-intelligence-20260408,group_chat,tanvi_sharma,165.0
zai-intelligence-20260408,group_chat,tanvi_sharma,235.0
zai-intelligence-20260408,group_chat,tanvi_sharma,13485.0
zai-intelligence-20260408,group_chat,tanvi_sharma,112.0
zai-intelligence-20260408,group_chat,tanvi_sharma,143.0
zai-intelligence-20260408,group_chat,tanvi_sharma,68713.0
zai-intelligence-20260408,group_chat,tanvi_sharma,79.0
zai-intelligence-20260408,group_chat,tanvi_sharma,122.0
zai-intelligence-20260408,group_chat,tanvi_sharma,119.0
zai-intelligence-20260408,group_chat,tanvi_sharma,92.0
zai-intelligence-20260408,group_chat,tanvi_sharma,85545.0
zai-intelligence-20260408,group_chat,tanvi_sharma,240.0
zai-intelligence-20260408,group_chat,tanvi_sharma,255.0
zai-intelligence-20260408,group_chat,tanvi_sharma,153.0
zai-intelligence-20260408,group_chat,tanvi_sharma,177.0
zai-intelligence-20260408,group_chat,tanvi_sharma,240.0
zai-intelligence-20260408,group_chat,tanvi_sharma,85305.0
zai-intelligence-20260408,group_chat,tanvi_sharma,225.0
zai-intelligence-20260408,group_chat,tanvi_sharma,180.0
zai-intelligence-20260408,group_chat,tanvi_sharma,272.0
zai-intelligence-20260408,group_chat,tanvi_sharma,13438.0
zai-intelligence-20260408,group_chat,tanvi_sharma,245.0
zai-intelligence-20260408,group_chat,tanvi_sharma,220.0
zai-intelligence-20260408,group_chat,tanvi_sharma,135.0
zai-intelligence-20260408,group_chat,tanvi_sharma,95.0
zai-intelligence-20260408,group_chat,tanvi_sharma,175.0
zai-intelligence-20260408,group_chat,tanvi_sharma,2685.0
zai-intelligence-20260408,group_chat,tanvi_sharma,195.0
zai-intelligence-20260408,group_chat,tanvi_sharma,100.0
zai-intelligence-20260408,group_chat,tanvi_sharma,140.0
zai-intelligence-20260408,group_chat,tanvi_sharma,160.0
zai-intelligence-20260408,group_chat,tanvi_sharma,90.0
zai-intelligence-20260408,group_chat,tanvi_sharma,67862.0
zai-intelligence-20260408,group_chat,tanvi_sharma,460.0
zai-intelligence-20260408,group_chat,tanvi_sharma,160.0
zai-intelligence-20260408,group_chat,tanvi_sharma,20533.0
zai-intelligence-20260408,group_chat,tanvi_sharma,95.0
zai-intelligence-20260408,group_chat,tanvi_sharma,85.0
zai-intelligence-20260408,group_chat,tanvi_sharma,13047.0
zai-intelligence-20260408,group_chat,tanvi_sharma,190.0
zai-intelligence-20260408,group_chat,tanvi_sharma,186.0
zai-intelligence-20260408,group_chat,tanvi_sharma,52142.0
zai-intelligence-20260408,group_chat,tanvi_sharma,180.0
zai-intelligence-20260408,group_chat,tanvi_sharma,290.0
zai-intelligence-20260408,group_chat,tanvi_sharma,255.0
zai-intelligence-20260408,group_chat,tanvi_sharma,70.0
zai-intelligence-20260408,group_chat,tanvi_sharma,290.0
zai-intelligence-20260408,group_chat,tanvi_sharma,115.0
zai-intelligence-20260408,group_chat,tanvi_sharma,120.0
zai-intelligence-20260408,group_chat,tanvi_sharma,90.0
zai-intelligence-20260408,group_chat,tanvi_sharma,16112.0
zai-intelligence-20260408,group_chat,tanvi_sharma,30.0
zai-intelligence-20260408,group_chat,tanvi_sharma,173.0
zai-intelligence-20260408,group_chat,tanvi_sharma,68709.0
zai-intelligence-20260408,group_chat,tanvi_sharma,104.0
zai-intelligence-20260408,group_chat,tanvi_sharma,132.0
zai-intelligence-20260408,group_chat,tanvi_sharma,130.0
zai-intelligence-20260408,group_chat,tanvi_sharma,115.0
zai-intelligence-20260408,group_chat,tanvi_sharma,95.0
zai-intelligence-20260408,group_chat,tanvi_sharma,85190.0
zai-intelligence-20260408,group_chat,tanvi_sharma,150.0
zai-intelligence-20260408,group_chat,tanvi_sharma,110.0
zai-intelligence-20260408,group_chat,tanvi_sharma,235.0
zai-intelligence-20260408,group_chat,tanvi_sharma,85.0
zai-intelligence-20260408,group_chat,tanvi_sharma,60.0
zai-intelligence-20260408,group_chat,tanvi_sharma,89515.0
zai-intelligence-20260408,group_chat,tanvi_sharma,280.0
zai-intelligence-20260408,group_chat,tanvi_sharma,100430.0
zai-intelligence-20260408,group_chat,tanvi_sharma,260.0
zai-intelligence-20260408,group_chat,tanvi_sharma,69020.0
zai-intelligence-20260408,group_chat,tanvi_sharma,115.0
zai-intelligence-20260408,group_chat,tanvi_sharma,125.0
zai-intelligence-20260408,group_chat,tanvi_sharma,115.0
zai-intelligence-20260408,group_chat,tanvi_sharma,80.0
zai-intelligence-20260408,group_chat,tanvi_sharma,2220.0
zai-intelligence-20260408,group_chat,tanvi_sharma,180.0
zai-intelligence-20260408,group_chat,tanvi_sharma,120.0
zai-intelligence-20260408,group_chat,tanvi_sharma,210.0
zai-intelligence-20260408,group_chat,tanvi_sharma,110.0
zai-intelligence-20260408,group_chat,tanvi_sharma,82180.0
zai-intelligence-20260408,group_chat,tanvi_sharma,130.0
zai-intelligence-20260408,group_chat,tanvi_sharma,190.0
zai-intelligence-20260408,group_chat,tanvi_sharma,160.0
zai-intelligence-20260408,group_chat,tanvi_sharma,210.0
zai-intelligence-20260408,group_chat,tanvi_sharma,165.0
zai-intelligence-20260408,group_chat,tanvi_sharma,90.0
zai-intelligence-20260408,group_chat,tanvi_sharma,120.0
zai-intelligence-20260408,group_chat,tanvi_sharma,75.0
zai-intelligence-20260408,group_chat,tanvi_sharma,135.0
zai-intelligence-20260408,group_chat,tanvi_sharma,85170.0
zai-intelligence-20260408,group_chat,tanvi_sharma,136.0
zai-intelligence-20260408,group_chat,tanvi_sharma,169.0
zai-intelligence-20260408,group_chat,tanvi_sharma,142.0
zai-intelligence-20260408,group_chat,tanvi_sharma,118.0
zai-intelligence-20260408,group_chat,tanvi_sharma,13988.0
zai-intelligence-20260408,group_chat,tanvi_sharma,136.0
zai-intelligence-20260408,group_chat,tanvi_sharma,96.0
zai-intelligence-20260408,group_chat,tanvi_sharma,3242.0
zai-intelligence-20260408,group_chat,tanvi_sharma,183.0
zai-intelligence-20260408,group_chat,tanvi_sharma,165.0
zai-intelligence-20260408,group_chat,tanvi_sharma,250.0
zai-intelligence-20260408,group_chat,tanvi_sharma,154401.0
zai-intelligence-20260408,group_chat,tanvi_sharma,152.0
zai-intelligence-20260408,group_chat,tanvi_sharma,119.0
zai-intelligence-20260408,group_chat,tanvi_sharma,163.0
zai-intelligence-20260408,group_chat,tanvi_sharma,53.0
zai-intelligence-20260408,group_chat,tanvi_sharma,22.0
zai-intelligence-20260408,group_chat,tanvi_sharma,120.0
zai-intelligence-20260408,group_chat,tanvi_sharma,125.0
zai-intelligence-20260408,group_chat,tanvi_sharma,105.0
zai-intelligence-20260408,group_chat,tanvi_sharma,20.0
zai-intelligence-20260408,group_chat,tanvi_sharma,90.0
zai-intelligence-20260408,group_chat,tanvi_sharma,60.0
zai-intelligence-20260408,group_chat,tanvi_sharma,120.0
zai-intelligence-20260408,group_chat,tanvi_sharma,110.0
zai-intelligence-20260408,group_chat,tanvi_sharma,50.0
zai-intelligence-20260408,group_chat,tanvi_sharma,70.0
zai-intelligence-20260408,group_chat,tanvi_sharma,255.0
zai-intelligence-20260408,group_chat,tanvi_sharma,19770.0
zai-intelligence-20260408,group_chat,tanvi_sharma,127.0
zai-intelligence-20260408,group_chat,tanvi_sharma,113.0
zai-intelligence-20260408,group_chat,tanvi_sharma,100.0
zai-intelligence-20260408,group_chat,tanvi_sharma,82430.0
zai-intelligence-20260408,group_chat,tanvi_sharma,122.0
zai-intelligence-20260408,group_chat,tanvi_sharma,60.0
zai-intelligence-20260408,group_chat,tanvi_sharma,78.0
zai-intelligence-20260408,group_chat,tanvi_sharma,50.0
zai-intelligence-20260408,group_chat,tanvi_sharma,18.0
zai-intelligence-20260408,group_chat,tanvi_sharma,68.0
zai-intelligence-20260408,group_chat,tanvi_sharma,73.0
zai-intelligence-20260408,group_chat,tanvi_sharma,6.0
zai-intelligence-20260408,group_chat,tanvi_sharma,105.0
zai-intelligence-20260408,group_chat,tanvi_sharma,67965.0
zai-intelligence-20260408,group_chat,tanvi_sharma,264.0
zai-intelligence-20260408,group_chat,tanvi_sharma,131.0
zai-intelligence-20260408,group_chat,tanvi_sharma,165.0
zai-intelligence-20260408,group_chat,tanvi_sharma,30.0
zai-intelligence-20260408,group_chat,tanvi_sharma,202.0
zai-intelligence-20260408,group_chat,tanvi_sharma,103.0
zai-intelligence-20260408,group_chat,tanvi_sharma,145.0
zai-intelligence-20260408,group_chat,tanvi_sharma,135.0
zai-intelligence-20260408,group_chat,tanvi_sharma,125.0
zai-intelligence-20260408,group_chat,tanvi_sharma,20792.0
zai-intelligence-20260408,group_chat,tanvi_sharma,88.0
zai-intelligence-20260408,group_chat,tanvi_sharma,71.0
zai-intelligence-20260408,group_chat,tanvi_sharma,68159.0
zai-intelligence-20260408,group_chat,tanvi_sharma,135.0
zai-intelligence-20260408,group_chat,tanvi_sharma,115.0
zai-intelligence-20260408,group_chat,tanvi_sharma,150.0
zai-intelligence-20260408,group_chat,tanvi_sharma,90.0
zai-intelligence-20260408,group_chat,tanvi_sharma,110.0
zai-intelligence-20260408,group_chat,tanvi_sharma,60.0
zai-intelligence-20260408,group_chat,tanvi_sharma,13180.0
zai-intelligence-20260408,group_chat,tanvi_sharma,140.0
zai-intelligence-20260408,group_chat,tanvi_sharma,105.0
zai-intelligence-20260408,group_chat,tanvi_sharma,90.0
zai-intelligence-20260408,group_chat,tanvi_sharma,105.0
zai-intelligence-20260408,group_chat,alejandro_rendon,142.0
zai-intelligence-20260408,group_chat,alejandro_rendon,148.0
zai-intelligence-20260408,group_chat,alejandro_rendon,145.0
zai-intelligence-20260408,group_chat,alejandro_rendon,80.0
zai-intelligence-20260408,group_chat,alejandro_rendon,74343.0
zai-intelligence-20260408,group_chat,alejandro_rendon,85.0
zai-intelligence-20260408,group_chat,alejandro_rendon,112.0
zai-intelligence-20260408,group_chat,alejandro_rendon,105.0
zai-intelligence-20260408,group_chat,alejandro_rendon,85.0
zai-intelligence-20260408,group_chat,alejandro_rendon,78.0
zai-intelligence-20260408,group_chat,alejandro_rendon,6837.0
zai-intelligence-20260408,group_chat,alejandro_rendon,55.0
zai-intelligence-20260408,group_chat,alejandro_rendon,81.0
zai-intelligence-20260408,group_chat,alejandro_rendon,61.0
zai-intelligence-20260408,group_chat,alejandro_rendon,60.0
zai-intelligence-20260408,group_chat,alejandro_rendon,158308.0
zai-intelligence-20260408,group_chat,alejandro_rendon,209.0
zai-intelligence-20260408,group_chat,alejandro_rendon,179.0
zai-intelligence-20260408,group_chat,alejandro_rendon,181.0
zai-intelligence-20260408,group_chat,alejandro_rendon,85846.0
zai-intelligence-20260408,group_chat,alejandro_rendon,207.0
zai-intelligence-20260408,group_chat,alejandro_rendon,227.0
zai-intelligence-20260408,group_chat,alejandro_rendon,228.0
zai-intelligence-20260408,group_chat,alejandro_rendon,48.0
zai-intelligence-20260408,group_chat,alejandro_rendon,13775.0
zai-intelligence-20260408,group_chat,alejandro_rendon,275.0
zai-intelligence-20260408,group_chat,alejandro_rendon,295.0
zai-intelligence-20260408,group_chat,alejandro_rendon,67520.0
zai-intelligence-20260408,group_chat,alejandro_rendon,300.0
zai-intelligence-20260408,group_chat,alejandro_rendon,260.0
zai-intelligence-20260408,group_chat,alejandro_rendon,104443.0
zai-intelligence-20260408,group_chat,alejandro_rendon,52.0
zai-intelligence-20260408,group_chat,alejandro_rendon,27.0
zai-intelligence-20260408,group_chat,alejandro_rendon,69.0
zai-intelligence-20260408,group_chat,alejandro_rendon,62.0
zai-intelligence-20260408,group_chat,alejandro_rendon,40.0
zai-intelligence-20260408,group_chat,alejandro_rendon,110.0
zai-intelligence-20260408,group_chat,alejandro_rendon,54.0
zai-intelligence-20260408,group_chat,alejandro_rendon,68328.0
zai-intelligence-20260408,group_chat,alejandro_rendon,365.0
zai-intelligence-20260408,group_chat,alejandro_rendon,250.0
zai-intelligence-20260408,group_chat,alejandro_rendon,240.0
zai-intelligence-20260408,group_chat,alejandro_rendon,16465.0
zai-intelligence-20260408,group_chat,alejandro_rendon,237.0
zai-intelligence-20260408,group_chat,alejandro_rendon,170.0
zai-intelligence-20260408,group_chat,alejandro_rendon,130.0
zai-intelligence-20260408,group_chat,alejandro_rendon,68368.0
zai-intelligence-20260408,group_chat,alejandro_rendon,135.0
zai-intelligence-20260408,group_chat,alejandro_rendon,105.0
zai-intelligence-20260408,group_chat,alejandro_rendon,120.0
zai-intelligence-20260408,group_chat,alejandro_rendon,80.0
zai-intelligence-20260408,group_chat,alejandro_rendon,120.0
zai-intelligence-20260408,group_chat,alejandro_rendon,2360.0
zai-intelligence-20260408,group_chat,alejandro_rendon,211.0
zai-intelligence-20260408,group_chat,alejandro_rendon,207.0
zai-intelligence-20260408,group_chat,alejandro_rendon,13964.0
zai-intelligence-20260408,group_chat,alejandro_rendon,188.0
zai-intelligence-20260408,group_chat,alejandro_rendon,120.0
zai-intelligence-20260408,group_chat,alejandro_rendon,86168.0
zai-intelligence-20260408,group_chat,alejandro_rendon,200.0
zai-intelligence-20260408,group_chat,alejandro_rendon,197.0
zai-intelligence-20260408,group_chat,alejandro_rendon,327137.0
zai-intelligence-20260408,group_chat,alejandro_rendon,293.0
zai-intelligence-20260408,group_chat,alejandro_rendon,133.0
zai-intelligence-20260408,group_chat,alejandro_rendon,217.0
zai-intelligence-20260408,group_chat,alejandro_rendon,67.0
zai-intelligence-20260408,group_chat,alejandro_rendon,98.0
zai-intelligence-20260408,group_chat,alejandro_rendon,140.0
zai-intelligence-20260408,group_chat,alejandro_rendon,275.0
zai-intelligence-20260408,group_chat,alejandro_rendon,164.0
zai-intelligence-20260408,group_chat,alejandro_rendon,103003.0
zai-intelligence-20260408,group_chat,alejandro_rendon,349.0
zai-intelligence-20260408,group_chat,alejandro_rendon,223.0
zai-intelligence-20260408,group_chat,alejandro_rendon,85771.0
zai-intelligence-20260408,group_chat,alejandro_rendon,150.0
zai-intelligence-20260408,group_chat,alejandro_rendon,195.0
zai-intelligence-20260408,group_chat,alejandro_rendon,68674.0
zai-intelligence-20260408,group_chat,alejandro_rendon,111.0
zai-intelligence-20260408,group_chat,alejandro_rendon,205.0
zai-intelligence-20260408,group_chat,alejandro_rendon,120.0
zai-intelligence-20260408,group_chat,alejandro_rendon,86005.0
zai-intelligence-20260408,group_chat,alejandro_rendon,230.0
zai-intelligence-20260408,group_chat,alejandro_rendon,195.0
zai-intelligence-20260408,group_chat,alejandro_rendon,130.0
zai-intelligence-20260408,group_chat,alejandro_rendon,33199.0
zai-intelligence-20260408,group_chat,alejandro_rendon,160.0
zai-intelligence-20260408,group_chat,alejandro_rendon,248.0
zai-intelligence-20260408,group_chat,alejandro_rendon,156148.0
zai-intelligence-20260408,group_chat,alejandro_rendon,105.0
zai-intelligence-20260408,group_chat,alejandro_rendon,95.0
zai-intelligence-20260408,group_chat,alejandro_rendon,68030.0
zai-intelligence-20260408,group_chat,alejandro_rendon,57.0
zai-intelligence-20260408,group_chat,alejandro_rendon,213.0
zai-intelligence-20260408,group_chat,alejandro_rendon,185.0
zai-intelligence-20260408,group_chat,alejandro_rendon,71.0
zai-intelligence-20260408,group_chat,alejandro_rendon,65.0
zai-intelligence-20260408,group_chat,alejandro_rendon,237.0
zai-intelligence-20260408,group_chat,alejandro_rendon,91.0
zai-intelligence-20260408,group_chat,alejandro_rendon,216.0
zai-intelligence-20260408,group_chat,alejandro_rendon,85457.0
zai-intelligence-20260408,group_chat,alejandro_rendon,402.0
zai-intelligence-20260408,group_chat,alejandro_rendon,295.0
zai-intelligence-20260408,group_chat,alejandro_rendon,297.0
zai-intelligence-20260408,group_chat,alejandro_rendon,20384.0
zai-intelligence-20260408,group_chat,alejandro_rendon,105.0
zai-intelligence-20260408,group_chat,alejandro_rendon,375.0
zai-intelligence-20260408,group_chat,alejandro_rendon,280.0
zai-intelligence-20260408,group_chat,alejandro_rendon,82341.0
zai-intelligence-20260408,group_chat,alejandro_rendon,154589.0
zai-intelligence-20260408,group_chat,alejandro_rendon,290.0
zai-intelligence-20260408,group_chat,alejandro_rendon,160.0
zai-intelligence-20260408,group_chat,alejandro_rendon,205.0
zai-intelligence-20260408,group_chat,alejandro_rendon,170.0
zai-intelligence-20260408,group_chat,alejandro_rendon,195.0
zai-intelligence-20260408,group_chat,alejandro_rendon,2623.0
zai-intelligence-20260408,group_chat,alejandro_rendon,314.0
zai-intelligence-20260408,group_chat,alejandro_rendon,170.0
zai-intelligence-20260408,group_chat,alejandro_rendon,82213.0
zai-intelligence-20260408,group_chat,alejandro_rendon,120.0
zai-intelligence-20260408,group_chat,alejandro_rendon,105.0
zai-intelligence-20260408,group_chat,alejandro_rendon,83645.0
zai-intelligence-20260408,group_chat,alejandro_rendon,65.0
zai-intelligence-20260408,group_chat,alejandro_rendon,220.0
zai-intelligence-20260408,group_chat,alejandro_rendon,89352.0
zai-intelligence-20260408,group_chat,alejandro_rendon,120.0
zai-intelligence-20260408,group_chat,alejandro_rendon,98.0
zai-intelligence-20260408,group_chat,alejandro_rendon,107.0
zai-intelligence-20260408,group_chat,alejandro_rendon,138.0
zai-intelligence-20260408,group_chat,alejandro_rendon,20517.0
zai-intelligence-20260408,group_chat,alejandro_rendon,173.0
zai-intelligence-20260408,group_chat,alejandro_rendon,64630.0
zai-intelligence-20260408,group_chat,alejandro_rendon,60.0
zai-intelligence-20260408,group_chat,alejandro_rendon,60.0
zai-intelligence-20260408,group_chat,alejandro_rendon,120.0
zai-intelligence-20260408,group_chat,alejandro_rendon,60.0
zai-intelligence-20260408,group_chat,alejandro_rendon,180.0
zai-intelligence-20260408,group_chat,alejandro_rendon,135.0
zai-intelligence-20260408,group_chat,alejandro_rendon,85752.0
zai-intelligence-20260408,group_chat,alejandro_rendon,56.0
zai-intelligence-20260408,group_chat,alejandro_rendon,92.0
zai-intelligence-20260408,group_chat,alejandro_rendon,115.0
zai-intelligence-20260408,group_chat,alejandro_rendon,157.0
zai-intelligence-20260408,group_chat,alejandro_rendon,73.0
zai-intelligence-20260408,group_chat,alejandro_rendon,38.0
zai-intelligence-20260408,group_chat,alejandro_rendon,92.0
zai-intelligence-20260408,group_chat,alejandro_rendon,80.0
zai-intelligence-20260408,group_chat,alejandro_rendon,38.0
zai-intelligence-20260408,group_chat,alejandro_rendon,127.0
zai-intelligence-20260408,group_chat,alejandro_rendon,105.0
zai-intelligence-20260408,group_chat,alejandro_rendon,90.0
zai-intelligence-20260408,group_chat,alejandro_rendon,55.0
zai-intelligence-20260408,group_chat,alejandro_rendon,85210.0
zai-intelligence-20260408,group_chat,alejandro_rendon,210.0
zai-intelligence-20260408,group_chat,alejandro_rendon,275.0
zai-intelligence-20260408,group_chat,alejandro_rendon,175.0
zai-intelligence-20260408,group_chat,alejandro_rendon,152.0
zai-intelligence-20260408,group_chat,alejandro_rendon,38.0
zai-intelligence-20260408,group_chat,alejandro_rendon,60.0
zai-intelligence-20260408,group_chat,alejandro_rendon,97.0
zai-intelligence-20260408,group_chat,alejandro_rendon,85.0
zai-intelligence-20260408,group_chat,alejandro_rendon,58.0
zai-intelligence-20260408,group_chat,alejandro_rendon,70.0
zai-intelligence-20260408,group_chat,alejandro_rendon,16845.0
zai-intelligence-20260408,group_chat,alejandro_rendon,95.0
zai-intelligence-20260408,group_chat,alejandro_rendon,140.0
zai-intelligence-20260408,group_chat,alejandro_rendon,90.0
zai-intelligence-20260408,group_chat,alejandro_rendon,120.0
zai-intelligence-20260408,group_chat,felipe_ribeiro,128.0
zai-intelligence-20260408,group_chat,felipe_ribeiro,153.0
zai-intelligence-20260408,group_chat,felipe_ribeiro,135.0
zai-intelligence-20260408,group_chat,felipe_ribeiro,81722.0
zai-intelligence-20260408,group_chat,felipe_ribeiro,55.0
zai-intelligence-20260408,group_chat,felipe_ribeiro,95.0
zai-intelligence-20260408,group_chat,felipe_ribeiro,90.0
zai-intelligence-20260408,group_chat,felipe_ribeiro,158375.0
zai-intelligence-20260408,group_chat,felipe_ribeiro,203.0
zai-intelligence-20260408,group_chat,felipe_ribeiro,177.0
zai-intelligence-20260408,group_chat,felipe_ribeiro,165.0
zai-intelligence-20260408,group_chat,felipe_ribeiro,14105.0
zai-intelligence-20260408,group_chat,felipe_ribeiro,175.0
zai-intelligence-20260408,group_chat,felipe_ribeiro,180.0
zai-intelligence-20260408,group_chat,felipe_ribeiro,71363.0
zai-intelligence-20260408,group_chat,felipe_ribeiro,213.0
zai-intelligence-20260408,group_chat,felipe_ribeiro,254.0
zai-intelligence-20260408,group_chat,felipe_ribeiro,113.0
zai-intelligence-20260408,group_chat,felipe_ribeiro,13887.0
zai-intelligence-20260408,group_chat,felipe_ribeiro,355.0
zai-intelligence-20260408,group_chat,felipe_ribeiro,255.0
zai-intelligence-20260408,group_chat,felipe_ribeiro,67575.0
zai-intelligence-20260408,group_chat,felipe_ribeiro,290.0
zai-intelligence-20260408,group_chat,felipe_ribeiro,40.0
zai-intelligence-20260408,group_chat,felipe_ribeiro,185.0
zai-intelligence-20260408,group_chat,felipe_ribeiro,90005.0
zai-intelligence-20260408,group_chat,felipe_ribeiro,93.0
zai-intelligence-20260408,group_chat,felipe_ribeiro,103.0
zai-intelligence-20260408,group_chat,felipe_ribeiro,79.0
zai-intelligence-20260408,group_chat,felipe_ribeiro,121.0
zai-intelligence-20260408,group_chat,felipe_ribeiro,100116.0
zai-intelligence-20260408,group_chat,felipe_ribeiro,208.0
zai-intelligence-20260408,group_chat,felipe_ribeiro,171.0
zai-intelligence-20260408,group_chat,felipe_ribeiro,136.0
zai-intelligence-20260408,group_chat,felipe_ribeiro,71275.0
zai-intelligence-20260408,group_chat,felipe_ribeiro,182.0
zai-intelligence-20260408,group_chat,felipe_ribeiro,173.0
zai-intelligence-20260408,group_chat,felipe_ribeiro,14013.0
zai-intelligence-20260408,group_chat,felipe_ribeiro,175.0
zai-intelligence-20260408,group_chat,felipe_ribeiro,140.0
zai-intelligence-20260408,group_chat,felipe_ribeiro,86172.0
zai-intelligence-20260408,group_chat,felipe_ribeiro,238.0
zai-intelligence-20260408,group_chat,felipe_ribeiro,235.0
zai-intelligence-20260408,group_chat,felipe_ribeiro,431519.0
zai-intelligence-20260408,group_chat,felipe_ribeiro,161.0
zai-intelligence-20260408,group_chat,felipe_ribeiro,42.0
zai-intelligence-20260408,group_chat,felipe_ribeiro,185.0
zai-intelligence-20260408,group_chat,felipe_ribeiro,173.0
zai-intelligence-20260408,group_chat,felipe_ribeiro,85805.0
zai-intelligence-20260408,group_chat,felipe_ribeiro,165.0
zai-intelligence-20260408,group_chat,felipe_ribeiro,68790.0
zai-intelligence-20260408,group_chat,felipe_ribeiro,130.0
zai-intelligence-20260408,group_chat,felipe_ribeiro,95.0
zai-intelligence-20260408,group_chat,felipe_ribeiro,120.0
zai-intelligence-20260408,group_chat,felipe_ribeiro,13425.0
zai-intelligence-20260408,group_chat,felipe_ribeiro,247.0
zai-intelligence-20260408,group_chat,felipe_ribeiro,223.0
zai-intelligence-20260408,group_chat,felipe_ribeiro,125.0
zai-intelligence-20260408,group_chat,felipe_ribeiro,165.0
zai-intelligence-20260408,group_chat,felipe_ribeiro,71955.0
zai-intelligence-20260408,group_chat,felipe_ribeiro,235.0
zai-intelligence-20260408,group_chat,felipe_ribeiro,130.0
zai-intelligence-20260408,group_chat,felipe_ribeiro,125.0
zai-intelligence-20260408,group_chat,felipe_ribeiro,33175.0
zai-intelligence-20260408,group_chat,felipe_ribeiro,272.0
zai-intelligence-20260408,group_chat,felipe_ribeiro,183.0
zai-intelligence-20260408,group_chat,felipe_ribeiro,52175.0
zai-intelligence-20260408,group_chat,felipe_ribeiro,200.0
zai-intelligence-20260408,group_chat,felipe_ribeiro,125.0
zai-intelligence-20260408,group_chat,felipe_ribeiro,95.0
zai-intelligence-20260408,group_chat,felipe_ribeiro,95.0
zai-intelligence-20260408,group_chat,felipe_ribeiro,270.0
zai-intelligence-20260408,group_chat,felipe_ribeiro,260.0
zai-intelligence-20260408,group_chat,felipe_ribeiro,115.0
zai-intelligence-20260408,group_chat,felipe_ribeiro,120.0
zai-intelligence-20260408,group_chat,felipe_ribeiro,84465.0
zai-intelligence-20260408,group_chat,felipe_ribeiro,115.0
zai-intelligence-20260408,group_chat,felipe_ribeiro,80.0
zai-intelligence-20260408,group_chat,felipe_ribeiro,500.0
zai-intelligence-20260408,group_chat,felipe_ribeiro,92.0
zai-intelligence-20260408,group_chat,felipe_ribeiro,126.0
zai-intelligence-20260408,group_chat,felipe_ribeiro,147.0
zai-intelligence-20260408,group_chat,felipe_ribeiro,105.0
zai-intelligence-20260408,group_chat,felipe_ribeiro,85310.0
zai-intelligence-20260408,group_chat,felipe_ribeiro,60.0
zai-intelligence-20260408,group_chat,felipe_ribeiro,205.0
zai-intelligence-20260408,group_chat,felipe_ribeiro,10.0
zai-intelligence-20260408,group_chat,felipe_ribeiro,220.0
zai-intelligence-20260408,group_chat,felipe_ribeiro,162.0
zai-intelligence-20260408,group_chat,felipe_ribeiro,348.0
zai-intelligence-20260408,group_chat,felipe_ribeiro,2555.0
zai-intelligence-20260408,group_chat,felipe_ribeiro,135.0
zai-intelligence-20260408,group_chat,felipe_ribeiro,65.0
zai-intelligence-20260408,group_chat,felipe_ribeiro,115.0
zai-intelligence-20260408,group_chat,felipe_ribeiro,187001.0
zai-intelligence-20260408,group_chat,felipe_ribeiro,71941.0
zai-intelligence-20260408,group_chat,felipe_ribeiro,258.0
zai-intelligence-20260408,group_chat,felipe_ribeiro,175.0
zai-intelligence-20260408,group_chat,felipe_ribeiro,135.0
zai-intelligence-20260408,group_chat,felipe_ribeiro,85994.0
zai-intelligence-20260408,group_chat,felipe_ribeiro,242.0
zai-intelligence-20260408,group_chat,felipe_ribeiro,142.0
zai-intelligence-20260408,group_chat,felipe_ribeiro,100315.0
zai-intelligence-20260408,group_chat,felipe_ribeiro,282.0
zai-intelligence-20260408,group_chat,felipe_ribeiro,180.0
zai-intelligence-20260408,group_chat,felipe_ribeiro,155007.0
zai-intelligence-20260408,group_chat,felipe_ribeiro,93.0
zai-intelligence-20260408,group_chat,felipe_ribeiro,135.0
zai-intelligence-20260408,group_chat,felipe_ribeiro,150.0
zai-intelligence-20260408,group_chat,felipe_ribeiro,45.0
zai-intelligence-20260408,group_chat,felipe_ribeiro,45.0
zai-intelligence-20260408,group_chat,felipe_ribeiro,185.0
zai-intelligence-20260408,group_chat,felipe_ribeiro,125.0
zai-intelligence-20260408,group_chat,felipe_ribeiro,20100.0
zai-intelligence-20260408,group_chat,felipe_ribeiro,160.0
zai-intelligence-20260408,group_chat,felipe_ribeiro,75.0
zai-intelligence-20260408,group_chat,felipe_ribeiro,82507.0
zai-intelligence-20260408,group_chat,felipe_ribeiro,69.0
zai-intelligence-20260408,group_chat,felipe_ribeiro,58.0
zai-intelligence-20260408,group_chat,felipe_ribeiro,46.0
zai-intelligence-20260408,group_chat,felipe_ribeiro,81.0
zai-intelligence-20260408,group_chat,felipe_ribeiro,92.0
zai-intelligence-20260408,group_chat,felipe_ribeiro,10.0
zai-intelligence-20260408,group_chat,felipe_ribeiro,77.0
zai-intelligence-20260408,group_chat,felipe_ribeiro,36.0
zai-intelligence-20260408,group_chat,felipe_ribeiro,68041.0
zai-intelligence-20260408,group_chat,felipe_ribeiro,183.0
zai-intelligence-20260408,group_chat,felipe_ribeiro,180.0
zai-intelligence-20260408,group_chat,felipe_ribeiro,127.0
zai-intelligence-20260408,group_chat,felipe_ribeiro,33.0
zai-intelligence-20260408,group_chat,felipe_ribeiro,65.0
zai-intelligence-20260408,group_chat,felipe_ribeiro,115.0
zai-intelligence-20260408,group_chat,felipe_ribeiro,16.0
zai-intelligence-20260408,group_chat,felipe_ribeiro,87.0
zai-intelligence-20260408,group_chat,felipe_ribeiro,69.0
zai-intelligence-20260408,group_chat,felipe_ribeiro,58.0
zai-intelligence-20260408,group_chat,felipe_ribeiro,75.0
zai-intelligence-20260408,group_chat,felipe_ribeiro,141.0
zai-intelligence-20260408,group_chat,felipe_ribeiro,119.0
zai-intelligence-20260408,group_chat,felipe_ribeiro,120.0
zai-intelligence-20260408,group_chat,felipe_ribeiro,84995.0
zai-intelligence-20260408,group_chat,felipe_ribeiro,85.0
zai-intelligence-20260408,group_chat,felipe_ribeiro,200.0
zai-intelligence-20260408,group_chat,felipe_ribeiro,135.0
zai-intelligence-20260408,group_chat,felipe_ribeiro,195.0
zai-intelligence-20260408,group_chat,felipe_ribeiro,87.0
zai-intelligence-20260408,group_chat,felipe_ribeiro,78.0
zai-intelligence-20260408,group_chat,felipe_ribeiro,90.0
zai-intelligence-20260408,group_chat,felipe_ribeiro,90.0
zai-intelligence-20260408,group_chat,felipe_ribeiro,66.0
zai-intelligence-20260408,group_chat,felipe_ribeiro,3054.0
zai-intelligence-20260408,group_chat,felipe_ribeiro,135.0
zai-intelligence-20260408,group_chat,felipe_ribeiro,150.0
zai-intelligence-20260408,group_chat,felipe_ribeiro,120.0
zai-intelligence-20260408,group_chat,felipe_ribeiro,90.0
zai-intelligence-20260408,group_chat,felipe_ribeiro,150.0
zai-intelligence-20260408,group_chat,felipe_ribeiro,13228.0
zai-intelligence-20260408,group_chat,felipe_ribeiro,102.0
zai-intelligence-20260408,group_chat,felipe_ribeiro,110.0
zai-intelligence-20260408,group_chat,felipe_ribeiro,120.0
zai-intelligence-20260408,group_chat,Mateo Carvalho,115.0
zai-intelligence-20260408,group_chat,Mateo Carvalho,135.0
zai-intelligence-20260408,group_chat,Mateo Carvalho,55.0
zai-intelligence-20260408,group_chat,Mateo Carvalho,17725.0
zai-intelligence-20260408,group_chat,Mateo Carvalho,137.0
zai-intelligence-20260408,group_chat,Mateo Carvalho,623.0
zai-intelligence-20260408,group_chat,Mateo Carvalho,150275.0
zai-intelligence-20260408,group_chat,Mateo Carvalho,190.0
zai-intelligence-20260408,group_chat,Mateo Carvalho,275.0
zai-intelligence-20260408,group_chat,Mateo Carvalho,180.0
zai-intelligence-20260408,group_chat,Mateo Carvalho,95.0
zai-intelligence-20260408,group_chat,Mateo Carvalho,190.0
zai-intelligence-20260408,group_chat,Mateo Carvalho,75.0
zai-intelligence-20260408,group_chat,Mateo Carvalho,2895.0
zai-intelligence-20260408,group_chat,Mateo Carvalho,220.0
zai-intelligence-20260408,group_chat,Mateo Carvalho,150.0
zai-intelligence-20260408,group_chat,Mateo Carvalho,175986.0
zai-intelligence-20260408,group_chat,Mateo Carvalho,376.0
zai-intelligence-20260408,group_chat,Mateo Carvalho,149.0
zai-intelligence-20260408,group_chat,Mateo Carvalho,168554.0
zai-intelligence-20260408,group_chat,Mateo Carvalho,125.0
zai-intelligence-20260408,group_chat,Mateo Carvalho,130.0
zai-intelligence-20260408,group_chat,Mateo Carvalho,105.0
zai-intelligence-20260408,group_chat,Mateo Carvalho,21165.0
zai-intelligence-20260408,group_chat,Mateo Carvalho,183.0
zai-intelligence-20260408,group_chat,Mateo Carvalho,249.0
zai-intelligence-20260408,group_chat,Mateo Carvalho,110.0
zai-intelligence-20260408,group_chat,Mateo Carvalho,68038.0
zai-intelligence-20260408,group_chat,Mateo Carvalho,425.0
zai-intelligence-20260408,group_chat,Mateo Carvalho,265.0
zai-intelligence-20260408,group_chat,Mateo Carvalho,195.0
zai-intelligence-20260408,group_chat,Mateo Carvalho,13405.0
zai-intelligence-20260408,group_chat,Mateo Carvalho,50.0
zai-intelligence-20260408,group_chat,Mateo Carvalho,120.0
zai-intelligence-20260408,group_chat,Mateo Carvalho,70.0
zai-intelligence-20260408,group_chat,Mateo Carvalho,50.0
zai-intelligence-20260408,group_chat,Mateo Carvalho,140.0
zai-intelligence-20260408,group_chat,Mateo Carvalho,208180.0
zai-intelligence-20260408,group_chat,Mateo Carvalho,32650.0
zai-intelligence-20260408,group_chat,Mateo Carvalho,100.0
zai-intelligence-20260408,group_chat,Mateo Carvalho,75.0
zai-intelligence-20260408,group_chat,Mateo Carvalho,95.0
zai-intelligence-20260408,group_chat,Mateo Carvalho,122.0
zai-intelligence-20260408,group_chat,Mateo Carvalho,112.0
zai-intelligence-20260408,group_chat,Mateo Carvalho,51.0
zai-intelligence-20260408,group_chat,Mateo Carvalho,83.0
zai-intelligence-20260408,group_chat,Mateo Carvalho,52.0
zai-intelligence-20260408,group_chat,Mateo Carvalho,110.0
zai-intelligence-20260408,group_chat,Mateo Carvalho,150.0
zai-intelligence-20260408,group_chat,Mateo Carvalho,75.0
zai-intelligence-20260408,group_chat,Mateo Carvalho,225.0
zai-intelligence-20260408,group_chat,Mateo Carvalho,305.0
zai-intelligence-20260408,group_chat,Mateo Carvalho,257755.0
zai-intelligence-20260408,group_chat,Mateo Carvalho,132.0
zai-intelligence-20260408,group_chat,Mateo Carvalho,78.0
zai-intelligence-20260408,group_chat,Mateo Carvalho,112.0
zai-intelligence-20260408,group_chat,Mateo Carvalho,128.0
zai-intelligence-20260408,group_chat,Mateo Carvalho,110.0
zai-intelligence-20260408,group_chat,Mateo Carvalho,103613.0
zai-intelligence-20260408,group_chat,Mateo Carvalho,59.0
zai-intelligence-20260408,group_chat,Mateo Carvalho,3.0
zai-intelligence-20260408,group_chat,Mateo Carvalho,95.0
zai-intelligence-20260408,group_chat,Mateo Carvalho,55.0
zai-intelligence-20260408,group_chat,Mateo Carvalho,30.0
zai-intelligence-20260408,group_chat,Mateo Carvalho,7.0
zai-intelligence-20260408,group_chat,Mateo Carvalho,43.0
zai-intelligence-20260408,group_chat,Mateo Carvalho,64.0
zai-intelligence-20260408,group_chat,Mateo Carvalho,66.0
zai-intelligence-20260408,group_chat,Mateo Carvalho,64.0
zai-intelligence-20260408,group_chat,Mateo Carvalho,97.0
zai-intelligence-20260408,group_chat,Mateo Carvalho,269.0
zai-intelligence-20260408,group_chat,Mateo Carvalho,85450.0
zai-intelligence-20260408,group_chat,Mateo Carvalho,185.0
zai-intelligence-20260408,group_chat,Mateo Carvalho,210.0
zai-intelligence-20260408,group_chat,Mateo Carvalho,180.0
zai-intelligence-20260408,group_chat,Mateo Carvalho,2990.0
zai-intelligence-20260408,group_chat,Mateo Carvalho,95.0
zai-intelligence-20260408,group_chat,Mateo Carvalho,40.0
zai-intelligence-20260408,group_chat,Mateo Carvalho,135.0
zai-intelligence-20260408,group_chat,Mateo Carvalho,55.0
zai-intelligence-20260408,group_chat,Mateo Carvalho,70.0
zai-intelligence-20260408,group_chat,Mateo Carvalho,82540.0
zai-intelligence-20260408,group_chat,Mateo Carvalho,100.0
zai-intelligence-20260408,group_chat,Mateo Carvalho,150.0
zai-intelligence-20260408,group_chat,Mateo Carvalho,95.0
zai-intelligence-20260408,group_chat,Mateo Carvalho,65074.0
zai-intelligence-20260408,group_chat,Mateo Carvalho,131.0
zai-intelligence-20260408,group_chat,Mateo Carvalho,120.0
zai-intelligence-20260408,group_chat,Mateo Carvalho,80.0
zai-intelligence-20260408,group_chat,Mateo Carvalho,183.0
zai-intelligence-20260408,group_chat,Mateo Carvalho,137.0
zai-intelligence-20260408,group_chat,Mateo Carvalho,85895.0
zai-intelligence-20260408,group_chat,Mateo Carvalho,105.0
zai-intelligence-20260408,group_chat,Mateo Carvalho,38.0
zai-intelligence-20260408,group_chat,Mateo Carvalho,77.0
zai-intelligence-20260408,group_chat,Mateo Carvalho,170.0
zai-intelligence-20260408,group_chat,Mateo Carvalho,65.0
zai-intelligence-20260408,group_chat,Mateo Carvalho,120.0
zai-intelligence-20260408,group_chat,Mateo Carvalho,70.0
zai-intelligence-20260408,group_chat,Mateo Carvalho,2205.0
zai-intelligence-20260408,group_chat,Mateo Carvalho,42.0
zai-intelligence-20260408,group_chat,Mateo Carvalho,123.0
zai-intelligence-20260408,group_chat,Mateo Carvalho,140.0
zai-intelligence-20260408,group_chat,Mateo Carvalho,37.0
zai-intelligence-20260408,group_chat,Mateo Carvalho,78.0
zai-intelligence-20260408,group_chat,Mateo Carvalho,190.0
zai-intelligence-20260408,group_chat,Mateo Carvalho,208.0
zai-intelligence-20260408,group_chat,Mateo Carvalho,544.0
zai-intelligence-20260408,group_chat,Mateo Carvalho,2313.0
zai-intelligence-20260408,group_chat,Mateo Carvalho,153.0
zai-intelligence-20260408,group_chat,Mateo Carvalho,112.0
zai-intelligence-20260408,group_chat,Mateo Carvalho,185.0
zai-intelligence-20260408,group_chat,Mateo Carvalho,83025.0
zai-intelligence-20260408,group_chat,Mateo Carvalho,215.0
zai-intelligence-20260408,group_chat,Mateo Carvalho,65.0
zai-intelligence-20260408,group_chat,Mateo Carvalho,200.0
zai-intelligence-20260408,group_chat,Mateo Carvalho,120.0
zai-intelligence-20260408,group_chat,Mateo Carvalho,240.0
zai-intelligence-20260408,group_chat,Mateo Carvalho,80.0
zai-intelligence-20260408,group_chat,Mateo Carvalho,84700.0
zai-intelligence-20260408,group_chat,Mateo Carvalho,202.0
zai-intelligence-20260408,group_chat,Mateo Carvalho,67.0
zai-intelligence-20260408,group_chat,Mateo Carvalho,131.0
zai-intelligence-20260408,group_chat,Mateo Carvalho,195.0
zai-intelligence-20260408,group_chat,Mateo Carvalho,75.0
zai-intelligence-20260408,group_chat,Mateo Carvalho,80.0
zai-intelligence-20260408,group_chat,Mateo Carvalho,103660.0
zai-intelligence-20260408,group_chat,Mateo Carvalho,200.0
zai-intelligence-20260408,group_chat,Mateo Carvalho,180.0
zai-intelligence-20260408,group_chat,Mateo Carvalho,175.0
zai-intelligence-20260408,group_chat,Mateo Carvalho,135.0
zai-intelligence-20260408,group_chat,Mateo Carvalho,154775.0
zai-intelligence-20260408,group_chat,Mateo Carvalho,128.0
zai-intelligence-20260408,group_chat,Mateo Carvalho,107.0
zai-intelligence-20260408,group_chat,Mateo Carvalho,95.0
zai-intelligence-20260408,group_chat,Mateo Carvalho,110.0
zai-intelligence-20260408,group_chat,Mateo Carvalho,75.0
zai-intelligence-20260408,group_chat,Mateo Carvalho,104.0
zai-intelligence-20260408,group_chat,Mateo Carvalho,108.0
zai-intelligence-20260408,group_chat,Mateo Carvalho,110.0
zai-intelligence-20260408,group_chat,Mateo Carvalho,84948.0
zai-intelligence-20260408,group_chat,Mateo Carvalho,75.0
zai-intelligence-20260408,group_chat,Mateo Carvalho,45.0
zai-intelligence-20260408,group_chat,Mateo Carvalho,125.0
zai-intelligence-20260408,group_chat,Mateo Carvalho,45.0
zai-intelligence-20260408,group_chat,Mateo Carvalho,4.0
zai-intelligence-20260408,group_chat,Mateo Carvalho,101.0
zai-intelligence-20260408,group_chat,Mateo Carvalho,37.0
zai-intelligence-20260408,group_chat,Mateo Carvalho,108.0
zai-intelligence-20260408,group_chat,Mateo Carvalho,57.0
zai-intelligence-20260408,group_chat,Mateo Carvalho,103758.0
zai-intelligence-20260408,group_chat,Mateo Carvalho,105.0
zai-intelligence-20260408,group_chat,Mateo Carvalho,68295.0
zai-intelligence-20260408,group_chat,Mateo Carvalho,185.0
zai-intelligence-20260408,group_chat,Mateo Carvalho,25.0
zai-intelligence-20260408,group_chat,Mateo Carvalho,45.0
zai-intelligence-20260408,group_chat,Mateo Carvalho,110.0
zai-intelligence-20260408,group_chat,Mateo Carvalho,150.0
zai-intelligence-20260408,group_chat,Mateo Carvalho,251.0
zai-intelligence-20260408,group_chat,Mateo Carvalho,201.0
zai-intelligence-20260408,group_chat,Mateo Carvalho,17210.0
zai-intelligence-20260408,group_chat,Mateo Carvalho,173.0
zai-intelligence-20260408,group_chat,Mateo Carvalho,177.0
zai-intelligence-20260408,group_chat,Mateo Carvalho,133.0
zai-intelligence-20260408,group_chat,Mateo Carvalho,154725.0
zai-intelligence-20260408,group_chat,Mateo Carvalho,310.0
zai-intelligence-20260408,group_chat,Mateo Carvalho,210.0
zai-intelligence-20260408,group_chat,Mateo Carvalho,220.0
zai-intelligence-20260408,group_chat,Mateo Carvalho,20467.0
zai-intelligence-20260408,group_chat,Mateo Carvalho,175.0
zai-intelligence-20260408,group_chat,Mateo Carvalho,168.0
zai-intelligence-20260408,group_chat,Mateo Carvalho,135.0
zai-intelligence-20260408,group_chat,Mateo Carvalho,154130.0
zai-intelligence-20260408,group_chat,Mateo Carvalho,265.0
zai-intelligence-20260408,group_chat,Mateo Carvalho,14135.0
zai-intelligence-20260408,group_chat,Mateo Carvalho,260.0
zai-intelligence-20260408,group_chat,Neha Sharma,120.0
zai-intelligence-20260408,group_chat,Neha Sharma,65.0
zai-intelligence-20260408,group_chat,Neha Sharma,130.0
zai-intelligence-20260408,group_chat,Neha Sharma,14160.0
zai-intelligence-20260408,group_chat,Neha Sharma,155.0
zai-intelligence-20260408,group_chat,Neha Sharma,140.0
zai-intelligence-20260408,group_chat,Neha Sharma,112.0
zai-intelligence-20260408,group_chat,Neha Sharma,85938.0
zai-intelligence-20260408,group_chat,Neha Sharma,160.0
zai-intelligence-20260408,group_chat,Neha Sharma,198.0
zai-intelligence-20260408,group_chat,Neha Sharma,158213.0
zai-intelligence-20260408,group_chat,Neha Sharma,174.0
zai-intelligence-20260408,group_chat,Neha Sharma,244.0
zai-intelligence-20260408,group_chat,Neha Sharma,201.0
zai-intelligence-20260408,group_chat,Neha Sharma,92.0
zai-intelligence-20260408,group_chat,Neha Sharma,254810.0
zai-intelligence-20260408,group_chat,Neha Sharma,259.0
zai-intelligence-20260408,group_chat,Neha Sharma,124.0
zai-intelligence-20260408,group_chat,Neha Sharma,223.0
zai-intelligence-20260408,group_chat,Neha Sharma,157.0
zai-intelligence-20260408,group_chat,Neha Sharma,2845.0
zai-intelligence-20260408,group_chat,Neha Sharma,112.0
zai-intelligence-20260408,group_chat,Neha Sharma,148.0
zai-intelligence-20260408,group_chat,Neha Sharma,186762.0
zai-intelligence-20260408,group_chat,Neha Sharma,173.0
zai-intelligence-20260408,group_chat,Neha Sharma,145.0
zai-intelligence-20260408,group_chat,Neha Sharma,105.0
zai-intelligence-20260408,group_chat,Neha Sharma,75.0
zai-intelligence-20260408,group_chat,Neha Sharma,68253.0
zai-intelligence-20260408,group_chat,Neha Sharma,402.0
zai-intelligence-20260408,group_chat,Neha Sharma,285.0
zai-intelligence-20260408,group_chat,Neha Sharma,17082.0
zai-intelligence-20260408,group_chat,Neha Sharma,169.0
zai-intelligence-20260408,group_chat,Neha Sharma,165.0
zai-intelligence-20260408,group_chat,Neha Sharma,123.0
zai-intelligence-20260408,group_chat,Neha Sharma,67992.0
zai-intelligence-20260408,group_chat,Neha Sharma,364.0
zai-intelligence-20260408,group_chat,Neha Sharma,325.0
zai-intelligence-20260408,group_chat,Neha Sharma,172097.0
zai-intelligence-20260408,group_chat,Neha Sharma,111.0
zai-intelligence-20260408,group_chat,Neha Sharma,120.0
zai-intelligence-20260408,group_chat,Neha Sharma,143.0
zai-intelligence-20260408,group_chat,Neha Sharma,175.0
zai-intelligence-20260408,group_chat,Neha Sharma,116.0
zai-intelligence-20260408,group_chat,Neha Sharma,103743.0
zai-intelligence-20260408,group_chat,Neha Sharma,85.0
zai-intelligence-20260408,group_chat,Neha Sharma,75.0
zai-intelligence-20260408,group_chat,Neha Sharma,68195.0
zai-intelligence-20260408,group_chat,Neha Sharma,340.0
zai-intelligence-20260408,group_chat,Neha Sharma,270.0
zai-intelligence-20260408,group_chat,Neha Sharma,86572.0
zai-intelligence-20260408,group_chat,Neha Sharma,208.0
zai-intelligence-20260408,group_chat,Neha Sharma,175.0
zai-intelligence-20260408,group_chat,Neha Sharma,170.0
zai-intelligence-20260408,group_chat,Neha Sharma,105.0
zai-intelligence-20260408,group_chat,Neha Sharma,16895.0
zai-intelligence-20260408,group_chat,Neha Sharma,86.0
zai-intelligence-20260408,group_chat,Neha Sharma,339.0
zai-intelligence-20260408,group_chat,Neha Sharma,244255.0
zai-intelligence-20260408,group_chat,Neha Sharma,165.0
zai-intelligence-20260408,group_chat,Neha Sharma,45.0
zai-intelligence-20260408,group_chat,Neha Sharma,82472.0
zai-intelligence-20260408,group_chat,Neha Sharma,501.0
zai-intelligence-20260408,group_chat,Neha Sharma,254.0
zai-intelligence-20260408,group_chat,Neha Sharma,86480.0
zai-intelligence-20260408,group_chat,Neha Sharma,236.0
zai-intelligence-20260408,group_chat,Neha Sharma,2452.0
zai-intelligence-20260408,group_chat,Neha Sharma,65.0
zai-intelligence-20260408,group_chat,Neha Sharma,170.0
zai-intelligence-20260408,group_chat,Neha Sharma,105.0
zai-intelligence-20260408,group_chat,Neha Sharma,100457.0
zai-intelligence-20260408,group_chat,Neha Sharma,119.0
zai-intelligence-20260408,group_chat,Neha Sharma,97.0
zai-intelligence-20260408,group_chat,Neha Sharma,122.0
zai-intelligence-20260408,group_chat,Neha Sharma,92.0
zai-intelligence-20260408,group_chat,Neha Sharma,68005.0
zai-intelligence-20260408,group_chat,Neha Sharma,1.0
zai-intelligence-20260408,group_chat,Neha Sharma,92.0
zai-intelligence-20260408,group_chat,Neha Sharma,93.0
zai-intelligence-20260408,group_chat,Neha Sharma,152.0
zai-intelligence-20260408,group_chat,Neha Sharma,280.0
zai-intelligence-20260408,group_chat,Neha Sharma,80.0
zai-intelligence-20260408,group_chat,Neha Sharma,220.0
zai-intelligence-20260408,group_chat,Neha Sharma,5.0
zai-intelligence-20260408,group_chat,Neha Sharma,215.0
zai-intelligence-20260408,group_chat,Neha Sharma,90.0
zai-intelligence-20260408,group_chat,Neha Sharma,180.0
zai-intelligence-20260408,group_chat,Neha Sharma,16615.0
zai-intelligence-20260408,group_chat,Neha Sharma,65.0
zai-intelligence-20260408,group_chat,Neha Sharma,70.0
zai-intelligence-20260408,group_chat,Neha Sharma,140.0
zai-intelligence-20260408,group_chat,Neha Sharma,40.0
zai-intelligence-20260408,group_chat,Neha Sharma,50.0
zai-intelligence-20260408,group_chat,Neha Sharma,85965.0
zai-intelligence-20260408,group_chat,Neha Sharma,185.0
zai-intelligence-20260408,group_chat,Neha Sharma,86215.0
zai-intelligence-20260408,group_chat,Neha Sharma,55.0
zai-intelligence-20260408,group_chat,Neha Sharma,65.0
zai-intelligence-20260408,group_chat,Neha Sharma,60.0
zai-intelligence-20260408,group_chat,Neha Sharma,595.0
zai-intelligence-20260408,group_chat,Neha Sharma,71279.0
zai-intelligence-20260408,group_chat,Neha Sharma,96.0
zai-intelligence-20260408,group_chat,Neha Sharma,107.0
zai-intelligence-20260408,group_chat,Neha Sharma,14383.0
zai-intelligence-20260408,group_chat,Neha Sharma,150.0
zai-intelligence-20260408,group_chat,Neha Sharma,135.0
zai-intelligence-20260408,group_chat,Neha Sharma,198.0
zai-intelligence-20260408,group_chat,Neha Sharma,67667.0
zai-intelligence-20260408,group_chat,Neha Sharma,125.0
zai-intelligence-20260408,group_chat,Neha Sharma,200.0
zai-intelligence-20260408,group_chat,Neha Sharma,10.0
zai-intelligence-20260408,group_chat,Neha Sharma,70.0
zai-intelligence-20260408,group_chat,Neha Sharma,140.0
zai-intelligence-20260408,group_chat,Neha Sharma,105.0
zai-intelligence-20260408,group_chat,Neha Sharma,195.0
zai-intelligence-20260408,group_chat,Neha Sharma,185.0
zai-intelligence-20260408,group_chat,Neha Sharma,17190.0
zai-intelligence-20260408,group_chat,Neha Sharma,110.0
zai-intelligence-20260408,group_chat,Neha Sharma,175.0
zai-intelligence-20260408,group_chat,Neha Sharma,68020.0
zai-intelligence-20260408,group_chat,Neha Sharma,122.0
zai-intelligence-20260408,group_chat,Neha Sharma,153.0
zai-intelligence-20260408,group_chat,Neha Sharma,87.0
zai-intelligence-20260408,group_chat,Neha Sharma,153.0
zai-intelligence-20260408,group_chat,Neha Sharma,3042.0
zai-intelligence-20260408,group_chat,Neha Sharma,156.0
zai-intelligence-20260408,group_chat,Neha Sharma,232.0
zai-intelligence-20260408,group_chat,Neha Sharma,82980.0
zai-intelligence-20260408,group_chat,Neha Sharma,90.0
zai-intelligence-20260408,group_chat,Neha Sharma,370.0
zai-intelligence-20260408,group_chat,Neha Sharma,2533.0
zai-intelligence-20260408,group_chat,Neha Sharma,82.0
zai-intelligence-20260408,group_chat,Neha Sharma,174.0
zai-intelligence-20260408,group_chat,Neha Sharma,151.0
zai-intelligence-20260408,group_chat,Neha Sharma,82415.0
zai-intelligence-20260408,group_chat,Neha Sharma,60.0
zai-intelligence-20260408,group_chat,Neha Sharma,130.0
zai-intelligence-20260408,group_chat,Neha Sharma,70.0
zai-intelligence-20260408,group_chat,Neha Sharma,89790.0
zai-intelligence-20260408,group_chat,Neha Sharma,230.0
zai-intelligence-20260408,group_chat,Neha Sharma,14075.0
zai-intelligence-20260408,group_chat,Neha Sharma,280.0
zai-intelligence-20260408,group_chat,Kiril Vasilev,115.0
zai-intelligence-20260408,group_chat,Kiril Vasilev,95.0
zai-intelligence-20260408,group_chat,Kiril Vasilev,55.0
zai-intelligence-20260408,group_chat,Kiril Vasilev,359820.0
zai-intelligence-20260408,group_chat,Kiril Vasilev,155.0
zai-intelligence-20260408,group_chat,Kiril Vasilev,85.0
zai-intelligence-20260408,group_chat,Kiril Vasilev,100.0
zai-intelligence-20260408,group_chat,Kiril Vasilev,67980.0
zai-intelligence-20260408,group_chat,Kiril Vasilev,175.0
zai-intelligence-20260408,group_chat,Kiril Vasilev,115.0
zai-intelligence-20260408,group_chat,Kiril Vasilev,86352.0
zai-intelligence-20260408,group_chat,Kiril Vasilev,171.0
zai-intelligence-20260408,group_chat,Kiril Vasilev,300.0
zai-intelligence-20260408,group_chat,Kiril Vasilev,103819.0
zai-intelligence-20260408,group_chat,Kiril Vasilev,233.0
zai-intelligence-20260408,group_chat,Kiril Vasilev,130.0
zai-intelligence-20260408,group_chat,Kiril Vasilev,30.0
zai-intelligence-20260408,group_chat,Kiril Vasilev,71535.0
zai-intelligence-20260408,group_chat,Kiril Vasilev,255.0
zai-intelligence-20260408,group_chat,Kiril Vasilev,35.0
zai-intelligence-20260408,group_chat,Kiril Vasilev,341772.0
zai-intelligence-20260408,group_chat,Kiril Vasilev,169.0
zai-intelligence-20260408,group_chat,Kiril Vasilev,181.0
zai-intelligence-20260408,group_chat,Kiril Vasilev,129.0
zai-intelligence-20260408,group_chat,Kiril Vasilev,175876.0
zai-intelligence-20260408,group_chat,Kiril Vasilev,218.0
zai-intelligence-20260408,group_chat,Kiril Vasilev,83460.0
zai-intelligence-20260408,group_chat,Kiril Vasilev,65.0
zai-intelligence-20260408,group_chat,Kiril Vasilev,245.0
zai-intelligence-20260408,group_chat,Kiril Vasilev,230.0
zai-intelligence-20260408,group_chat,Kiril Vasilev,16640.0
zai-intelligence-20260408,group_chat,Kiril Vasilev,238.0
zai-intelligence-20260408,group_chat,Kiril Vasilev,442.0
zai-intelligence-20260408,group_chat,Kiril Vasilev,71313.0
zai-intelligence-20260408,group_chat,Kiril Vasilev,174.0
zai-intelligence-20260408,group_chat,Kiril Vasilev,133.0
zai-intelligence-20260408,group_chat,Kiril Vasilev,78.0
zai-intelligence-20260408,group_chat,Kiril Vasilev,79.0
zai-intelligence-20260408,group_chat,Kiril Vasilev,53.0
zai-intelligence-20260408,group_chat,Kiril Vasilev,255260.0
zai-intelligence-20260408,group_chat,Kiril Vasilev,445.0
zai-intelligence-20260408,group_chat,Kiril Vasilev,2945.0
zai-intelligence-20260408,group_chat,Kiril Vasilev,90.0
zai-intelligence-20260408,group_chat,Kiril Vasilev,110.0
zai-intelligence-20260408,group_chat,Kiril Vasilev,100616.0
zai-intelligence-20260408,group_chat,Kiril Vasilev,159.0
zai-intelligence-20260408,group_chat,Kiril Vasilev,230.0
zai-intelligence-20260408,group_chat,Kiril Vasilev,154345.0
zai-intelligence-20260408,group_chat,Kiril Vasilev,170.0
zai-intelligence-20260408,group_chat,Kiril Vasilev,17875.0
zai-intelligence-20260408,group_chat,Kiril Vasilev,145.0
zai-intelligence-20260408,group_chat,Kiril Vasilev,190.0
zai-intelligence-20260408,group_chat,Kiril Vasilev,71635.0
zai-intelligence-20260408,group_chat,Kiril Vasilev,200.0
zai-intelligence-20260408,group_chat,Kiril Vasilev,95.0
zai-intelligence-20260408,group_chat,Kiril Vasilev,14145.0
zai-intelligence-20260408,group_chat,Kiril Vasilev,205.0
zai-intelligence-20260408,group_chat,Kiril Vasilev,158185.0
zai-intelligence-20260408,group_chat,Kiril Vasilev,135.0
zai-intelligence-20260408,group_chat,Kiril Vasilev,115.0
zai-intelligence-20260408,group_chat,Kiril Vasilev,14362.0
zai-intelligence-20260408,group_chat,Kiril Vasilev,188.0
zai-intelligence-20260408,group_chat,Kiril Vasilev,180.0
zai-intelligence-20260408,group_chat,Kiril Vasilev,67805.0
zai-intelligence-20260408,group_chat,Kiril Vasilev,220.0
zai-intelligence-20260408,group_chat,Kiril Vasilev,127.0
zai-intelligence-20260408,group_chat,Kiril Vasilev,290.0
zai-intelligence-20260408,group_chat,Kiril Vasilev,228.0
zai-intelligence-20260408,group_chat,Kiril Vasilev,17370.0
zai-intelligence-20260408,group_chat,Kiril Vasilev,170.0
zai-intelligence-20260408,group_chat,Kiril Vasilev,67993.0
zai-intelligence-20260408,group_chat,Kiril Vasilev,197.0
zai-intelligence-20260408,group_chat,Kiril Vasilev,235.0
zai-intelligence-20260408,group_chat,Kiril Vasilev,475.0
zai-intelligence-20260408,group_chat,Kiril Vasilev,85.0
zai-intelligence-20260408,group_chat,Kiril Vasilev,207.0
zai-intelligence-20260408,group_chat,Kiril Vasilev,203.0
zai-intelligence-20260408,group_chat,Kiril Vasilev,2271.0
zai-intelligence-20260408,group_chat,Kiril Vasilev,267.0
zai-intelligence-20260408,group_chat,Kiril Vasilev,100509.0
zai-intelligence-20260408,group_chat,Kiril Vasilev,138.0
zai-intelligence-20260408,group_chat,Kiril Vasilev,108.0
zai-intelligence-20260408,group_chat,Kiril Vasilev,68097.0
zai-intelligence-20260408,group_chat,Kiril Vasilev,165.0
zai-intelligence-20260408,group_chat,Kiril Vasilev,135.0
zai-intelligence-20260408,group_chat,Kiril Vasilev,86165.0
zai-intelligence-20260408,group_chat,Kiril Vasilev,145.0
zai-intelligence-20260408,group_chat,Kiril Vasilev,150.0
zai-intelligence-20260408,group_chat,Kiril Vasilev,18106.0
zai-intelligence-20260408,group_chat,Kiril Vasilev,251.0
zai-intelligence-20260408,group_chat,Alessandra Rossi,60.0
zai-intelligence-20260408,group_chat,Alessandra Rossi,100.0
zai-intelligence-20260408,group_chat,Alessandra Rossi,45.0
zai-intelligence-20260408,group_chat,Alessandra Rossi,45.0
zai-intelligence-20260408,group_chat,Alessandra Rossi,86197.0
zai-intelligence-20260408,group_chat,Alessandra Rossi,49.0
zai-intelligence-20260408,group_chat,Alessandra Rossi,120.0
zai-intelligence-20260408,group_chat,Alessandra Rossi,147.0
zai-intelligence-20260408,group_chat,Alessandra Rossi,97.0
zai-intelligence-20260408,group_chat,Alessandra Rossi,14003.0
zai-intelligence-20260408,group_chat,Alessandra Rossi,172.0
zai-intelligence-20260408,group_chat,Alessandra Rossi,122.0
zai-intelligence-20260408,group_chat,Alessandra Rossi,68163.0
zai-intelligence-20260408,group_chat,Alessandra Rossi,225.0
zai-intelligence-20260408,group_chat,Alessandra Rossi,130.0
zai-intelligence-20260408,group_chat,Alessandra Rossi,3260.0
zai-intelligence-20260408,group_chat,Alessandra Rossi,105.0
zai-intelligence-20260408,group_chat,Alessandra Rossi,175.0
zai-intelligence-20260408,group_chat,Alessandra Rossi,10370.0
zai-intelligence-20260408,group_chat,Alessandra Rossi,50.0
zai-intelligence-20260408,group_chat,Alessandra Rossi,180.0
zai-intelligence-20260408,group_chat,Alessandra Rossi,165.0
zai-intelligence-20260408,group_chat,Alessandra Rossi,3256.0
zai-intelligence-20260408,group_chat,Alessandra Rossi,44.0
zai-intelligence-20260408,group_chat,Alessandra Rossi,40.0
zai-intelligence-20260408,group_chat,Alessandra Rossi,90.0
zai-intelligence-20260408,group_chat,Alessandra Rossi,10.0
zai-intelligence-20260408,group_chat,Alessandra Rossi,91.0
zai-intelligence-20260408,group_chat,Alessandra Rossi,49.0
zai-intelligence-20260408,group_chat,Alessandra Rossi,68165.0
zai-intelligence-20260408,group_chat,Alessandra Rossi,285.0
zai-intelligence-20260408,group_chat,Alessandra Rossi,285.0
zai-intelligence-20260408,group_chat,Alessandra Rossi,195.0
zai-intelligence-20260408,group_chat,Alessandra Rossi,20753.0
zai-intelligence-20260408,group_chat,Alessandra Rossi,40.0
zai-intelligence-20260408,group_chat,Alessandra Rossi,74.0
zai-intelligence-20260408,group_chat,Alessandra Rossi,120.0
zai-intelligence-20260408,group_chat,Alessandra Rossi,39.0
zai-intelligence-20260408,group_chat,Alessandra Rossi,6.0
zai-intelligence-20260408,group_chat,Alessandra Rossi,95.0
zai-intelligence-20260408,group_chat,Alessandra Rossi,53.0
zai-intelligence-20260408,group_chat,Alessandra Rossi,30.0
zai-intelligence-20260408,group_chat,Alessandra Rossi,18.0
zai-intelligence-20260408,group_chat,Alessandra Rossi,29.0
zai-intelligence-20260408,group_chat,Alessandra Rossi,61453.0
zai-intelligence-20260408,group_chat,Alessandra Rossi,145.0
zai-intelligence-20260408,group_chat,Alessandra Rossi,145.0
zai-intelligence-20260408,group_chat,Alessandra Rossi,145.0
zai-intelligence-20260408,group_chat,Alessandra Rossi,120.0
zai-intelligence-20260408,group_chat,Alessandra Rossi,120.0
zai-intelligence-20260408,group_chat,Alessandra Rossi,20265.0
zai-intelligence-20260408,group_chat,Alessandra Rossi,140.0
zai-intelligence-20260408,group_chat,Alessandra Rossi,187.0
zai-intelligence-20260408,group_chat,Alessandra Rossi,67893.0
zai-intelligence-20260408,group_chat,Alessandra Rossi,27.0
zai-intelligence-20260408,group_chat,Alessandra Rossi,108.0
zai-intelligence-20260408,group_chat,Alessandra Rossi,105.0
zai-intelligence-20260408,group_chat,Alessandra Rossi,30.0
zai-intelligence-20260408,group_chat,Alessandra Rossi,105.0
zai-intelligence-20260408,group_chat,Alessandra Rossi,120.0
zai-intelligence-20260408,group_chat,Alessandra Rossi,89605.0
zai-intelligence-20260408,group_chat,Alessandra Rossi,115.0
zai-intelligence-20260408,group_chat,Alessandra Rossi,50.0
zai-intelligence-20260408,group_chat,Alessandra Rossi,100741.0
zai-intelligence-20260408,group_chat,Alessandra Rossi,207.0
zai-intelligence-20260408,group_chat,Alessandra Rossi,123.0
zai-intelligence-20260408,group_chat,Alessandra Rossi,85904.0
zai-intelligence-20260408,group_chat,Alessandra Rossi,95.0
zai-intelligence-20260408,group_chat,Alessandra Rossi,25.0
zai-intelligence-20260408,group_chat,Alessandra Rossi,100.0
zai-intelligence-20260408,group_chat,Alessandra Rossi,82743.0
zai-intelligence-20260408,group_chat,Alessandra Rossi,53.0
zai-intelligence-20260408,group_chat,Alessandra Rossi,122.0
zai-intelligence-20260408,group_chat,Alessandra Rossi,37.0
zai-intelligence-20260408,group_chat,Alessandra Rossi,105.0
zai-intelligence-20260408,group_chat,Alessandra Rossi,3110.0
zai-intelligence-20260408,group_chat,Alessandra Rossi,52.0
zai-intelligence-20260408,group_chat,Alessandra Rossi,118.0
zai-intelligence-20260408,group_chat,Alessandra Rossi,40.0
zai-intelligence-20260408,group_chat,Alessandra Rossi,60.0
zai-intelligence-20260408,group_chat,Alessandra Rossi,3.0
zai-intelligence-20260408,group_chat,Alessandra Rossi,114.0
zai-intelligence-20260408,group_chat,Alessandra Rossi,93.0
zai-intelligence-20260408,group_chat,Alessandra Rossi,68048.0
zai-intelligence-20260408,group_chat,Alessandra Rossi,133.0
zai-intelligence-20260408,group_chat,Alessandra Rossi,99.0
zai-intelligence-20260408,group_chat,Alessandra Rossi,72.0
zai-intelligence-20260408,group_chat,Alessandra Rossi,35.0
zai-intelligence-20260408,group_chat,Alessandra Rossi,89441.0
zai-intelligence-20260408,group_chat,Alessandra Rossi,87.0
zai-intelligence-20260408,group_chat,Alessandra Rossi,152.0
zai-intelligence-20260408,group_chat,Alessandra Rossi,113.0
zai-intelligence-20260408,group_chat,Alessandra Rossi,88.0
zai-intelligence-20260408,group_chat,Alessandra Rossi,14082.0
zai-intelligence-20260408,group_chat,Alessandra Rossi,160.0
zai-intelligence-20260408,group_chat,Alessandra Rossi,95.0
zai-intelligence-20260408,group_chat,Alessandra Rossi,90.0
zai-intelligence-20260408,group_chat,Alessandra Rossi,70.0
zai-intelligence-20260408,group_chat,Alessandra Rossi,67925.0
zai-intelligence-20260408,group_chat,Alessandra Rossi,136.0
zai-intelligence-20260408,group_chat,Alessandra Rossi,124.0
zai-intelligence-20260408,group_chat,Alessandra Rossi,149.0
zai-intelligence-20260408,group_chat,Alessandra Rossi,161.0
zai-intelligence-20260408,group_chat,Alessandra Rossi,99.0
zai-intelligence-20260408,group_chat,Alessandra Rossi,17436.0
zai-intelligence-20260408,group_chat,Alessandra Rossi,100.0
zai-intelligence-20260408,group_chat,Alessandra Rossi,154792.0
zai-intelligence-20260408,group_chat,Alessandra Rossi,398.0
zai-intelligence-20260408,group_chat,Alessandra Rossi,210.0
zai-intelligence-20260408,group_chat,Alessandra Rossi,86530.0
zai-intelligence-20260408,group_chat,Alessandra Rossi,230.0
zai-intelligence-20260408,group_chat,Alessandra Rossi,160.0
zai-intelligence-20260408,group_chat,Alessandra Rossi,165.0
zai-intelligence-20260408,group_chat,Alessandra Rossi,16657.0
zai-intelligence-20260408,group_chat,Alessandra Rossi,430.0
zai-intelligence-20260408,group_chat,Alessandra Rossi,459.0
zai-intelligence-20260408,group_chat,Alessandra Rossi,153904.0
zai-intelligence-20260408,group_chat,Alessandra Rossi,220.0
zai-intelligence-20260408,group_chat,Alessandra Rossi,180.0
zai-intelligence-20260408,group_chat,Alessandra Rossi,255.0
zai-intelligence-20260408,group_chat,Alessandra Rossi,2910.0
zai-intelligence-20260408,group_chat,Alessandra Rossi,222.0
zai-intelligence-20260408,group_chat,Alessandra Rossi,128.0
zai-intelligence-20260408,group_chat,Alessandra Rossi,86025.0
zai-intelligence-20260408,group_chat,Alessandra Rossi,185.0
zai-intelligence-20260408,group_chat,Alessandra Rossi,80.0
zai-intelligence-20260408,group_chat,Alessandra Rossi,82481.0
zai-intelligence-20260408,group_chat,Alessandra Rossi,179.0
zai-intelligence-20260408,group_chat,Alessandra Rossi,129.0
zai-intelligence-20260408,group_chat,Alessandra Rossi,3308.0
zai-intelligence-20260408,group_chat,Alessandra Rossi,156.0
zai-intelligence-20260408,group_chat,Alessandra Rossi,90.0
zai-intelligence-20260408,group_chat,Alessandra Rossi,169207.0
zai-intelligence-20260408,group_chat,Alessandra Rossi,32.0
zai-intelligence-20260408,group_chat,Alessandra Rossi,173.0
zai-intelligence-20260408,group_chat,Alessandra Rossi,82.0
zai-intelligence-20260408,group_chat,Alessandra Rossi,43.0
zai-intelligence-20260408,group_chat,Alessandra Rossi,120.0
zai-intelligence-20260408,group_chat,Alessandra Rossi,20955.0
zai-intelligence-20260408,group_chat,Alessandra Rossi,140.0
zai-intelligence-20260408,group_chat,Alessandra Rossi,110.0
zai-intelligence-20260408,group_chat,Alessandra Rossi,64475.0
zai-intelligence-20260408,group_chat,Alessandra Rossi,232.0
zai-intelligence-20260408,group_chat,Alessandra Rossi,270.0
zai-intelligence-20260408,group_chat,Alessandra Rossi,198.0
zai-intelligence-20260408,group_chat,Alessandra Rossi,103780.0
zai-intelligence-20260408,group_chat,Alessandra Rossi,210.0
zai-intelligence-20260408,group_chat,Alessandra Rossi,86325.0
zai-intelligence-20260408,group_chat,Alessandra Rossi,37.0
zai-intelligence-20260408,group_chat,Alessandra Rossi,103.0
zai-intelligence-20260408,group_chat,Alessandra Rossi,120.0
zai-intelligence-20260408,group_chat,Alessandra Rossi,154532.0
zai-intelligence-20260408,group_chat,Alessandra Rossi,225.0
zai-intelligence-20260408,group_chat,Alessandra Rossi,50.0
zai-intelligence-20260408,group_chat,Alessandra Rossi,393.0
zai-intelligence-20260408,group_chat,Alessandra Rossi,17080.0
zai-intelligence-20260408,group_chat,Alessandra Rossi,120.0
zai-intelligence-20260408,group_chat,Alessandra Rossi,80.0
zai-intelligence-20260408,group_chat,Alessandra Rossi,100.0
zai-intelligence-20260408,group_chat,Alessandra Rossi,95.0
zai-intelligence-20260408,group_chat,Alessandra Rossi,75.0
zai-intelligence-20260408,group_chat,Alessandra Rossi,71868.0
zai-intelligence-20260408,group_chat,Alessandra Rossi,129.0
zai-intelligence-20260408,group_chat,Alessandra Rossi,93.0
zai-intelligence-20260408,group_chat,Alessandra Rossi,80.0
zai-intelligence-20260408,group_chat,Alessandra Rossi,60.0
zai-intelligence-20260408,group_chat,Alessandra Rossi,103885.0
zai-intelligence-20260408,group_chat,Alessandra Rossi,120.0
zai-intelligence-20260408,group_chat,Alessandra Rossi,130.0
zai-intelligence-20260408,group_chat,Alessandra Rossi,95.0
zai-intelligence-20260408,group_chat,Alessandra Rossi,95.0
zai-intelligence-20260408,group_chat,Alessandra Rossi,80.0
zai-intelligence-20260408,group_chat,Alessandra Rossi,140.0
zai-intelligence-20260408,group_chat,Alessandra Rossi,90.0
zai-intelligence-20260408,group_chat,Alessandra Rossi,64005.0
zai-intelligence-20260408,group_chat,Alessandra Rossi,135.0
zai-intelligence-20260408,group_chat,Alessandra Rossi,120.0
zai-intelligence-20260408,group_chat,Alessandra Rossi,525.0
zai-intelligence-20260408,group_chat,Alessandra Rossi,165.0
zai-intelligence-20260408,group_chat,Alessandra Rossi,135.0
zai-intelligence-20260408,group_chat,Alessandra Rossi,195.0
zai-intelligence-20260408,group_chat,Alessandra Rossi,215.0
zai-intelligence-20260408,group_chat,Alessandra Rossi,102833.0
zai-intelligence-20260408,group_chat,Alessandra Rossi,94.0
zai-intelligence-20260408,group_chat,Alessandra Rossi,67.0
zai-intelligence-20260408,group_chat,Alessandra Rossi,56.0
zai-intelligence-20260408,group_chat,Alessandra Rossi,50.0
zai-intelligence-20260408,group_chat,Hyejin Wang,90.0
zai-intelligence-20260408,group_chat,Hyejin Wang,165.0
zai-intelligence-20260408,group_chat,Hyejin Wang,145.0
zai-intelligence-20260408,group_chat,Hyejin Wang,150800.0
zai-intelligence-20260408,group_chat,Hyejin Wang,235.0
zai-intelligence-20260408,group_chat,Hyejin Wang,245.0
zai-intelligence-20260408,group_chat,Hyejin Wang,135.0
zai-intelligence-20260408,group_chat,Hyejin Wang,195.0
zai-intelligence-20260408,group_chat,Hyejin Wang,6395.0
zai-intelligence-20260408,group_chat,Hyejin Wang,230.0
zai-intelligence-20260408,group_chat,Hyejin Wang,170.0
zai-intelligence-20260408,group_chat,Hyejin Wang,10275.0
zai-intelligence-20260408,group_chat,Hyejin Wang,210.0
zai-intelligence-20260408,group_chat,Hyejin Wang,165.0
zai-intelligence-20260408,group_chat,Hyejin Wang,810.0
zai-intelligence-20260408,group_chat,Hyejin Wang,2595.0
zai-intelligence-20260408,group_chat,Hyejin Wang,125.0
zai-intelligence-20260408,group_chat,Hyejin Wang,70.0
zai-intelligence-20260408,group_chat,Hyejin Wang,100.0
zai-intelligence-20260408,group_chat,Hyejin Wang,89643.0
zai-intelligence-20260408,group_chat,Hyejin Wang,212.0
zai-intelligence-20260408,group_chat,Hyejin Wang,287.0
zai-intelligence-20260408,group_chat,Hyejin Wang,68161.0
zai-intelligence-20260408,group_chat,Hyejin Wang,332.0
zai-intelligence-20260408,group_chat,Hyejin Wang,272.0
zai-intelligence-20260408,group_chat,Hyejin Wang,2768.0
zai-intelligence-20260408,group_chat,Hyejin Wang,185.0
zai-intelligence-20260408,group_chat,Hyejin Wang,120.0
zai-intelligence-20260408,group_chat,Hyejin Wang,125.0
zai-intelligence-20260408,group_chat,Hyejin Wang,125.0
zai-intelligence-20260408,group_chat,Hyejin Wang,93780.0
zai-intelligence-20260408,group_chat,Hyejin Wang,230.0
zai-intelligence-20260408,group_chat,Hyejin Wang,200.0
zai-intelligence-20260408,group_chat,Hyejin Wang,75.0
zai-intelligence-20260408,group_chat,Hyejin Wang,70820.0
zai-intelligence-20260408,group_chat,Hyejin Wang,160.0
zai-intelligence-20260408,group_chat,Hyejin Wang,120.0
zai-intelligence-20260408,group_chat,Hyejin Wang,60.0
zai-intelligence-20260408,group_chat,Hyejin Wang,3180.0
zai-intelligence-20260408,group_chat,Hyejin Wang,130.0
zai-intelligence-20260408,group_chat,Hyejin Wang,195.0
zai-intelligence-20260408,group_chat,Hyejin Wang,3250.0
zai-intelligence-20260408,group_chat,Hyejin Wang,165.0
zai-intelligence-20260408,group_chat,Hyejin Wang,180.0
zai-intelligence-20260408,group_chat,Hyejin Wang,135.0
zai-intelligence-20260408,group_chat,Hyejin Wang,155.0
zai-intelligence-20260408,group_chat,Hyejin Wang,60.0
zai-intelligence-20260408,group_chat,Hyejin Wang,9097.0
zai-intelligence-20260408,group_chat,Hyejin Wang,249.0
zai-intelligence-20260408,group_chat,Hyejin Wang,82.0
zai-intelligence-20260408,group_chat,Hyejin Wang,47.0
zai-intelligence-20260408,group_chat,Hyejin Wang,190.0
zai-intelligence-20260408,group_chat,Hyejin Wang,105.0
zai-intelligence-20260408,group_chat,Hyejin Wang,86615.0
zai-intelligence-20260408,group_chat,Hyejin Wang,225.0
zai-intelligence-20260408,group_chat,Hyejin Wang,180.0
zai-intelligence-20260408,group_chat,Hyejin Wang,150.0
zai-intelligence-20260408,group_chat,Hyejin Wang,90.0
zai-intelligence-20260408,group_chat,Hyejin Wang,67947.0
zai-intelligence-20260408,group_chat,Hyejin Wang,406.0
zai-intelligence-20260408,group_chat,Hyejin Wang,227.0
zai-intelligence-20260408,group_chat,Hyejin Wang,316.0
zai-intelligence-20260408,group_chat,Hyejin Wang,74.0
zai-intelligence-20260408,group_chat,Hyejin Wang,85305.0
zai-intelligence-20260408,group_chat,Hyejin Wang,10.0
zai-intelligence-20260408,group_chat,Hyejin Wang,125.0
zai-intelligence-20260408,group_chat,Hyejin Wang,64.0
zai-intelligence-20260408,group_chat,Hyejin Wang,66.0
zai-intelligence-20260408,group_chat,Hyejin Wang,167.0
zai-intelligence-20260408,group_chat,Hyejin Wang,70.0
zai-intelligence-20260408,group_chat,Hyejin Wang,163.0
zai-intelligence-20260408,group_chat,Hyejin Wang,127.0
zai-intelligence-20260408,group_chat,Hyejin Wang,348.0
zai-intelligence-20260408,group_chat,Hyejin Wang,16894.0
zai-intelligence-20260408,group_chat,Hyejin Wang,159.0
zai-intelligence-20260408,group_chat,Hyejin Wang,178.0
zai-intelligence-20260408,group_chat,Hyejin Wang,114.0
zai-intelligence-20260408,group_chat,Hyejin Wang,155.0
zai-intelligence-20260408,group_chat,Hyejin Wang,67925.0
zai-intelligence-20260408,group_chat,Hyejin Wang,177.0
zai-intelligence-20260408,group_chat,Hyejin Wang,148.0
zai-intelligence-20260408,group_chat,Hyejin Wang,192.0
zai-intelligence-20260408,group_chat,Hyejin Wang,33.0
zai-intelligence-20260408,group_chat,Hyejin Wang,257.0
zai-intelligence-20260408,group_chat,Hyejin Wang,303.0
zai-intelligence-20260408,group_chat,Hyejin Wang,280.0
zai-intelligence-20260408,group_chat,Hyejin Wang,20559.0
zai-intelligence-20260408,group_chat,Hyejin Wang,94.0
zai-intelligence-20260408,group_chat,Hyejin Wang,82.0
zai-intelligence-20260408,group_chat,Hyejin Wang,110.0
zai-intelligence-20260408,group_chat,Hyejin Wang,70.0
zai-intelligence-20260408,group_chat,Hyejin Wang,81942.0
zai-intelligence-20260408,group_chat,Hyejin Wang,189.0
zai-intelligence-20260408,group_chat,Hyejin Wang,122.0
zai-intelligence-20260408,group_chat,Hyejin Wang,169.0
zai-intelligence-20260408,group_chat,Hyejin Wang,153.0
zai-intelligence-20260408,group_chat,Hyejin Wang,120.0
zai-intelligence-20260408,group_chat,Hyejin Wang,67669.0
zai-intelligence-20260408,group_chat,Hyejin Wang,187.0
zai-intelligence-20260408,group_chat,Hyejin Wang,166.0
zai-intelligence-20260408,group_chat,Hyejin Wang,81.0
zai-intelligence-20260408,group_chat,Hyejin Wang,144.0
zai-intelligence-20260408,group_chat,Hyejin Wang,85863.0
zai-intelligence-20260408,group_chat,Hyejin Wang,117.0
zai-intelligence-20260408,group_chat,Hyejin Wang,138.0
zai-intelligence-20260408,group_chat,Hyejin Wang,155.0
zai-intelligence-20260408,group_chat,Hyejin Wang,115.0
zai-intelligence-20260408,group_chat,Hyejin Wang,125.0
zai-intelligence-20260408,group_chat,Hyejin Wang,100.0
zai-intelligence-20260408,group_chat,Hyejin Wang,103665.0
zai-intelligence-20260408,group_chat,Hyejin Wang,15.0
zai-intelligence-20260408,group_chat,Hyejin Wang,10.0
zai-intelligence-20260408,group_chat,Hyejin Wang,66.0
zai-intelligence-20260408,group_chat,Hyejin Wang,14.0
zai-intelligence-20260408,group_chat,Hyejin Wang,70.0
zai-intelligence-20260408,group_chat,Hyejin Wang,30.0
zai-intelligence-20260408,group_chat,Hyejin Wang,23.0
zai-intelligence-20260408,group_chat,Hyejin Wang,2.0
zai-intelligence-20260408,group_chat,Hyejin Wang,147.0
zai-intelligence-20260408,group_chat,Hyejin Wang,44.0
zai-intelligence-20260408,group_chat,Hyejin Wang,107.0
zai-intelligence-20260408,group_chat,Hyejin Wang,262.0
zai-intelligence-20260408,group_chat,Hyejin Wang,85525.0
zai-intelligence-20260408,group_chat,Hyejin Wang,200.0
zai-intelligence-20260408,group_chat,Hyejin Wang,205.0
zai-intelligence-20260408,group_chat,Hyejin Wang,3090.0
zai-intelligence-20260408,group_chat,Hyejin Wang,145.0
zai-intelligence-20260408,group_chat,Hyejin Wang,65.0
zai-intelligence-20260408,group_chat,Hyejin Wang,60.0
zai-intelligence-20260408,group_chat,Hyejin Wang,90.0
zai-intelligence-20260408,group_chat,Hyejin Wang,82640.0
zai-intelligence-20260408,group_chat,Hyejin Wang,98.0
zai-intelligence-20260408,group_chat,Hyejin Wang,82.0
zai-intelligence-20260408,group_chat,Hyejin Wang,65207.0
zai-intelligence-20260408,group_chat,Hyejin Wang,151.0
zai-intelligence-20260408,group_chat,Hyejin Wang,74.0
zai-intelligence-20260408,group_chat,Hyejin Wang,182.0
zai-intelligence-20260408,group_chat,Hyejin Wang,140.0
zai-intelligence-20260408,group_chat,Hyejin Wang,2436.0
zai-intelligence-20260408,group_chat,Hyejin Wang,210.0
zai-intelligence-20260408,group_chat,Hyejin Wang,170.0
zai-intelligence-20260408,group_chat,Hyejin Wang,210.0
zai-intelligence-20260408,group_chat,Hyejin Wang,65.0
zai-intelligence-20260408,group_chat,Hyejin Wang,185.0
zai-intelligence-20260408,group_chat,Hyejin Wang,50.0
zai-intelligence-20260408,group_chat,Hyejin Wang,2655.0
zai-intelligence-20260408,group_chat,Hyejin Wang,110.0
zai-intelligence-20260408,group_chat,Hyejin Wang,130.0
zai-intelligence-20260408,group_chat,Hyejin Wang,50.0
zai-intelligence-20260408,group_chat,Hyejin Wang,60.0
zai-intelligence-20260408,group_chat,Hyejin Wang,75.0
zai-intelligence-20260408,group_chat,Hyejin Wang,105.0
zai-intelligence-20260408,group_chat,Hyejin Wang,13927.0
zai-intelligence-20260408,group_chat,Hyejin Wang,276.0
zai-intelligence-20260408,group_chat,Hyejin Wang,177.0
zai-intelligence-20260408,group_chat,Hyejin Wang,65127.0
zai-intelligence-20260408,group_chat,Hyejin Wang,243.0
zai-intelligence-20260408,group_chat,Hyejin Wang,240.0
zai-intelligence-20260408,group_chat,Hyejin Wang,110.0
zai-intelligence-20260408,group_chat,Hyejin Wang,2380.0
zai-intelligence-20260408,group_chat,Hyejin Wang,197.0
zai-intelligence-20260408,group_chat,Hyejin Wang,353.0
zai-intelligence-20260408,group_chat,Hyejin Wang,155.0
zai-intelligence-20260408,group_chat,Hyejin Wang,260.0
zai-intelligence-20260408,group_chat,Hyejin Wang,110.0
zai-intelligence-20260408,group_chat,Hyejin Wang,155.0
zai-intelligence-20260408,group_chat,Hyejin Wang,170.0
zai-intelligence-20260408,group_chat,Hyejin Wang,5.0
zai-intelligence-20260408,group_chat,Hyejin Wang,182.0
zai-intelligence-20260408,group_chat,Hyejin Wang,84660.0
zai-intelligence-20260408,group_chat,Hyejin Wang,233.0
zai-intelligence-20260408,group_chat,Hyejin Wang,557.0
zai-intelligence-20260408,group_chat,Hyejin Wang,563.0
zai-intelligence-20260408,group_chat,Hyejin Wang,55.0
zai-intelligence-20260408,group_chat,Hyejin Wang,170.0
zai-intelligence-20260408,group_chat,Hyejin Wang,189315.0
zai-intelligence-20260408,group_chat,Hyejin Wang,150.0
zai-intelligence-20260408,group_chat,Hyejin Wang,215.0
zai-intelligence-20260408,group_chat,Hyejin Wang,122.0
zai-intelligence-20260408,group_chat,Hyejin Wang,68348.0
zai-intelligence-20260408,group_chat,Hyejin Wang,140.0
zai-intelligence-20260408,group_chat,Hyejin Wang,345.0
zai-intelligence-20260408,group_chat,Hyejin Wang,200.0
zai-intelligence-20260408,group_chat,Hyejin Wang,185.0
zai-intelligence-20260408,group_chat,Hyejin Wang,130.0
zai-intelligence-20260408,group_chat,Hyejin Wang,16475.0
zai-intelligence-20260408,group_chat,Hyejin Wang,90.0
zai-intelligence-20260408,group_chat,Hyejin Wang,25.0
zai-intelligence-20260408,group_chat,Hyejin Wang,115.0
zai-intelligence-20260408,group_chat,Hyejin Wang,75.0
zai-intelligence-20260408,group_chat,Hyejin Wang,160.0
zai-intelligence-20260408,group_chat,Hyejin Wang,68460.0
zai-intelligence-20260408,group_chat,Hyejin Wang,34.0
zai-intelligence-20260408,group_chat,Hyejin Wang,134.0
zai-intelligence-20260408,group_chat,Hyejin Wang,42.0
zai-intelligence-20260408,group_chat,Hyejin Wang,68.0
zai-intelligence-20260408,group_chat,Hyejin Wang,82.0
zai-intelligence-20260408,group_chat,Hyejin Wang,77.0
zai-intelligence-20260408,group_chat,Hyejin Wang,13.0
zai-intelligence-20260408,group_chat,Hyejin Wang,102.0
zai-intelligence-20260408,group_chat,Hyejin Wang,43.0
zai-intelligence-20260408,group_chat,Hyejin Wang,65.0
zai-intelligence-20260408,group_chat,Hyejin Wang,70.0
zai-intelligence-20260408,group_chat,Hyejin Wang,38.0
zai-intelligence-20260408,group_chat,Hyejin Wang,106.0
zai-intelligence-20260408,group_chat,Hyejin Wang,16587.0
zai-intelligence-20260408,group_chat,Hyejin Wang,127.0
zai-intelligence-20260408,group_chat,Hyejin Wang,28.0
zai-intelligence-20260408,group_chat,Hyejin Wang,114.0
zai-intelligence-20260408,group_chat,Hyejin Wang,65.0
zai-intelligence-20260408,group_chat,Hyejin Wang,146.0
zai-intelligence-20260408,group_chat,Hyejin Wang,114.0
zai-intelligence-20260408,group_chat,Hyejin Wang,67826.0
zai-intelligence-20260408,group_chat,Hyejin Wang,160.0
zai-intelligence-20260408,group_chat,Hyejin Wang,13.0
zai-intelligence-20260408,group_chat,Hyejin Wang,143.0
zai-intelligence-20260408,group_chat,Hyejin Wang,146.0
zai-intelligence-20260408,group_chat,Hyejin Wang,142.0
zai-intelligence-20260408,group_chat,Hyejin Wang,116.0
zai-intelligence-20260408,group_chat,Hyejin Wang,17094.0
zai-intelligence-20260408,group_chat,Hyejin Wang,127.0
zai-intelligence-20260408,group_chat,Hyejin Wang,113.0
zai-intelligence-20260408,group_chat,Hyejin Wang,115.0
zai-intelligence-20260408,group_chat,Hyejin Wang,135.0
zai-intelligence-20260408,group_chat,Hyejin Wang,38.0
zai-intelligence-20260408,group_chat,Hyejin Wang,119.0
zai-intelligence-20260408,group_chat,Hyejin Wang,13.0
zai-intelligence-20260408,group_chat,Hyejin Wang,86057.0
zai-intelligence-20260408,group_chat,Hyejin Wang,308.0
zai-intelligence-20260408,group_chat,Hyejin Wang,195.0
zai-intelligence-20260408,group_chat,Hyejin Wang,67850.0
zai-intelligence-20260408,group_chat,Hyejin Wang,80.0
zai-intelligence-20260408,group_chat,Hyejin Wang,67.0
zai-intelligence-20260408,group_chat,Hyejin Wang,48.0
zai-intelligence-20260408,group_chat,Hyejin Wang,13.0
zai-intelligence-20260408,group_chat,Hyejin Wang,107.0
zai-intelligence-20260408,group_chat,Hyejin Wang,162.0
zai-intelligence-20260408,group_chat,Hyejin Wang,210.0
zai-intelligence-20260408,group_chat,Hyejin Wang,172678.0
zai-intelligence-20260408,group_chat,Hyejin Wang,235.0
zai-intelligence-20260408,group_chat,Hyejin Wang,40.0
zai-intelligence-20260408,group_chat,Hyejin Wang,315.0
zai-intelligence-20260408,group_chat,Hyejin Wang,20410.0
zai-intelligence-20260408,group_chat,Hyejin Wang,185.0
zai-intelligence-20260408,group_chat,Hyejin Wang,135.0
zai-intelligence-20260408,group_chat,Hyejin Wang,152.0
zai-intelligence-20260408,group_chat,Hyejin Wang,65178.0
zai-intelligence-20260408,group_chat,Hyejin Wang,170.0
zai-intelligence-20260408,group_chat,Hyejin Wang,200.0
zai-intelligence-20260408,group_chat,Hyejin Wang,240.0
zai-intelligence-20260408,group_chat,Hyejin Wang,135.0
zai-intelligence-20260408,group_chat,Hyejin Wang,88420.0
zai-intelligence-20260408,group_chat,Hyejin Wang,375.0
zai-intelligence-20260408,group_chat,Hyejin Wang,14135.0
zai-intelligence-20260408,group_chat,Hyejin Wang,175.0
zai-intelligence-20260408,group_chat,Julia Rodriguez,115.0
zai-intelligence-20260408,group_chat,Julia Rodriguez,165.0
zai-intelligence-20260408,group_chat,Julia Rodriguez,89702.0
zai-intelligence-20260408,group_chat,Julia Rodriguez,198.0
zai-intelligence-20260408,group_chat,Julia Rodriguez,105.0
zai-intelligence-20260408,group_chat,Julia Rodriguez,117.0
zai-intelligence-20260408,group_chat,Julia Rodriguez,78808.0
zai-intelligence-20260408,group_chat,Julia Rodriguez,195.0
zai-intelligence-20260408,group_chat,Julia Rodriguez,155.0
zai-intelligence-20260408,group_chat,Julia Rodriguez,275.0
zai-intelligence-20260408,group_chat,Julia Rodriguez,175.0
zai-intelligence-20260408,group_chat,Julia Rodriguez,89115.0
zai-intelligence-20260408,group_chat,Julia Rodriguez,243.0
zai-intelligence-20260408,group_chat,Julia Rodriguez,90.0
zai-intelligence-20260408,group_chat,Julia Rodriguez,160.0
zai-intelligence-20260408,group_chat,Julia Rodriguez,97.0
zai-intelligence-20260408,group_chat,Julia Rodriguez,17335.0
zai-intelligence-20260408,group_chat,Julia Rodriguez,138.0
zai-intelligence-20260408,group_chat,Julia Rodriguez,112.0
zai-intelligence-20260408,group_chat,Julia Rodriguez,190.0
zai-intelligence-20260408,group_chat,Julia Rodriguez,22.0
zai-intelligence-20260408,group_chat,Julia Rodriguez,72028.0
zai-intelligence-20260408,group_chat,Julia Rodriguez,193.0
zai-intelligence-20260408,group_chat,Julia Rodriguez,179.0
zai-intelligence-20260408,group_chat,Julia Rodriguez,13670.0
zai-intelligence-20260408,group_chat,Julia Rodriguez,110.0
zai-intelligence-20260408,group_chat,Julia Rodriguez,218.0
zai-intelligence-20260408,group_chat,Julia Rodriguez,58.0
zai-intelligence-20260408,group_chat,Julia Rodriguez,67882.0
zai-intelligence-20260408,group_chat,Julia Rodriguez,270.0
zai-intelligence-20260408,group_chat,Julia Rodriguez,135.0
zai-intelligence-20260408,group_chat,Julia Rodriguez,180.0
zai-intelligence-20260408,group_chat,Julia Rodriguez,80.0
zai-intelligence-20260408,group_chat,Julia Rodriguez,225.0
zai-intelligence-20260408,group_chat,Julia Rodriguez,100.0
zai-intelligence-20260408,group_chat,Julia Rodriguez,85410.0
zai-intelligence-20260408,group_chat,Julia Rodriguez,125.0
zai-intelligence-20260408,group_chat,Julia Rodriguez,65.0
zai-intelligence-20260408,group_chat,Julia Rodriguez,10.0
zai-intelligence-20260408,group_chat,Julia Rodriguez,160.0
zai-intelligence-20260408,group_chat,Julia Rodriguez,21335.0
zai-intelligence-20260408,group_chat,Julia Rodriguez,183.0
zai-intelligence-20260408,group_chat,Julia Rodriguez,121.0
zai-intelligence-20260408,group_chat,Julia Rodriguez,126.0
zai-intelligence-20260408,group_chat,Julia Rodriguez,125.0
zai-intelligence-20260408,group_chat,Julia Rodriguez,68125.0
zai-intelligence-20260408,group_chat,Julia Rodriguez,245.0
zai-intelligence-20260408,group_chat,Julia Rodriguez,265.0
zai-intelligence-20260408,group_chat,Julia Rodriguez,115.0
zai-intelligence-20260408,group_chat,Julia Rodriguez,81860.0
zai-intelligence-20260408,group_chat,Julia Rodriguez,310.0
zai-intelligence-20260408,group_chat,Julia Rodriguez,200.0
zai-intelligence-20260408,group_chat,Julia Rodriguez,215.0
zai-intelligence-20260408,group_chat,Julia Rodriguez,125.0
zai-intelligence-20260408,group_chat,Julia Rodriguez,115.0
zai-intelligence-20260408,group_chat,Julia Rodriguez,255.0
zai-intelligence-20260408,group_chat,Julia Rodriguez,16795.0
zai-intelligence-20260408,group_chat,Julia Rodriguez,130.0
zai-intelligence-20260408,group_chat,Julia Rodriguez,45.0
zai-intelligence-20260408,group_chat,Julia Rodriguez,190.0
zai-intelligence-20260408,group_chat,Julia Rodriguez,75.0
zai-intelligence-20260408,group_chat,Julia Rodriguez,121825.0
zai-intelligence-20260408,group_chat,Julia Rodriguez,32712.0
zai-intelligence-20260408,group_chat,Julia Rodriguez,183.0
zai-intelligence-20260408,group_chat,Julia Rodriguez,50.0
zai-intelligence-20260408,group_chat,Julia Rodriguez,176.0
zai-intelligence-20260408,group_chat,Julia Rodriguez,57.0
zai-intelligence-20260408,group_chat,Julia Rodriguez,72.0
zai-intelligence-20260408,group_chat,Julia Rodriguez,65.0
zai-intelligence-20260408,group_chat,Julia Rodriguez,226.0
zai-intelligence-20260408,group_chat,Julia Rodriguez,304.0
zai-intelligence-20260408,group_chat,Julia Rodriguez,275.0
zai-intelligence-20260408,group_chat,Julia Rodriguez,20525.0
zai-intelligence-20260408,group_chat,Julia Rodriguez,97.0
zai-intelligence-20260408,group_chat,Julia Rodriguez,99.0
zai-intelligence-20260408,group_chat,Julia Rodriguez,25.0
zai-intelligence-20260408,group_chat,Julia Rodriguez,144.0
zai-intelligence-20260408,group_chat,Julia Rodriguez,63927.0
zai-intelligence-20260408,group_chat,Julia Rodriguez,115.0
zai-intelligence-20260408,group_chat,Julia Rodriguez,173.0
zai-intelligence-20260408,group_chat,Julia Rodriguez,133.0
zai-intelligence-20260408,group_chat,Julia Rodriguez,104.0
zai-intelligence-20260408,group_chat,Julia Rodriguez,106.0
zai-intelligence-20260408,group_chat,Julia Rodriguez,17352.0
zai-intelligence-20260408,group_chat,Julia Rodriguez,215.0
zai-intelligence-20260408,group_chat,Julia Rodriguez,127.0
zai-intelligence-20260408,group_chat,Julia Rodriguez,93.0
zai-intelligence-20260408,group_chat,Julia Rodriguez,86070.0
zai-intelligence-20260408,group_chat,Julia Rodriguez,257.0
zai-intelligence-20260408,group_chat,Julia Rodriguez,130.0
zai-intelligence-20260408,group_chat,Julia Rodriguez,70.0
zai-intelligence-20260408,group_chat,Julia Rodriguez,140.0
zai-intelligence-20260408,group_chat,Julia Rodriguez,67840.0
zai-intelligence-20260408,group_chat,Julia Rodriguez,50.0
zai-intelligence-20260408,group_chat,Julia Rodriguez,63.0
zai-intelligence-20260408,group_chat,Julia Rodriguez,30.0
zai-intelligence-20260408,group_chat,Julia Rodriguez,15.0
zai-intelligence-20260408,group_chat,Julia Rodriguez,75.0
zai-intelligence-20260408,group_chat,Julia Rodriguez,40.0
zai-intelligence-20260408,group_chat,Julia Rodriguez,70.0
zai-intelligence-20260408,group_chat,Julia Rodriguez,43.0
zai-intelligence-20260408,group_chat,Julia Rodriguez,117.0
zai-intelligence-20260408,group_chat,Julia Rodriguez,120.0
zai-intelligence-20260408,group_chat,Julia Rodriguez,75.0
zai-intelligence-20260408,group_chat,Julia Rodriguez,89232.0
zai-intelligence-20260408,group_chat,Julia Rodriguez,171.0
zai-intelligence-20260408,group_chat,Julia Rodriguez,97.0
zai-intelligence-20260408,group_chat,Julia Rodriguez,131.0
zai-intelligence-20260408,group_chat,Julia Rodriguez,54.0
zai-intelligence-20260408,group_chat,Julia Rodriguez,51.0
zai-intelligence-20260408,group_chat,Julia Rodriguez,13846.0
zai-intelligence-20260408,group_chat,Julia Rodriguez,119.0
zai-intelligence-20260408,group_chat,Julia Rodriguez,9.0
zai-intelligence-20260408,group_chat,Julia Rodriguez,59.0
zai-intelligence-20260408,group_chat,Julia Rodriguez,31.0
zai-intelligence-20260408,group_chat,Julia Rodriguez,50.0
zai-intelligence-20260408,group_chat,Julia Rodriguez,40.0
zai-intelligence-20260408,group_chat,Julia Rodriguez,5.0
zai-intelligence-20260408,group_chat,Julia Rodriguez,27.0
zai-intelligence-20260408,group_chat,Julia Rodriguez,5.0
zai-intelligence-20260408,group_chat,Julia Rodriguez,125.0
zai-intelligence-20260408,group_chat,Julia Rodriguez,143.0
zai-intelligence-20260408,group_chat,Julia Rodriguez,67837.0
zai-intelligence-20260408,group_chat,Julia Rodriguez,253.0
zai-intelligence-20260408,group_chat,Julia Rodriguez,200.0
zai-intelligence-20260408,group_chat,Julia Rodriguez,305.0
zai-intelligence-20260408,group_chat,Julia Rodriguez,132.0
zai-intelligence-20260408,group_chat,Julia Rodriguez,123.0
zai-intelligence-20260408,group_chat,Julia Rodriguez,16845.0
zai-intelligence-20260408,group_chat,Julia Rodriguez,250.0
zai-intelligence-20260408,group_chat,Julia Rodriguez,215.0
zai-intelligence-20260408,group_chat,Julia Rodriguez,30.0
zai-intelligence-20260408,group_chat,Julia Rodriguez,3100.0
zai-intelligence-20260408,group_chat,Julia Rodriguez,75.0
zai-intelligence-20260408,group_chat,Julia Rodriguez,70.0
zai-intelligence-20260408,group_chat,Julia Rodriguez,120.0
zai-intelligence-20260408,group_chat,Julia Rodriguez,50.0
zai-intelligence-20260408,group_chat,Julia Rodriguez,82625.0
zai-intelligence-20260408,group_chat,Julia Rodriguez,65.0
zai-intelligence-20260408,group_chat,Julia Rodriguez,110.0
zai-intelligence-20260408,group_chat,Julia Rodriguez,80.0
zai-intelligence-20260408,group_chat,Julia Rodriguez,65145.0
zai-intelligence-20260408,group_chat,Julia Rodriguez,149.0
zai-intelligence-20260408,group_chat,Julia Rodriguez,129.0
zai-intelligence-20260408,group_chat,Julia Rodriguez,182.0
zai-intelligence-20260408,group_chat,Julia Rodriguez,133.0
zai-intelligence-20260408,group_chat,Julia Rodriguez,92.0
zai-intelligence-20260408,group_chat,Julia Rodriguez,86015.0
zai-intelligence-20260408,group_chat,Julia Rodriguez,160.0
zai-intelligence-20260408,group_chat,Julia Rodriguez,145.0
zai-intelligence-20260408,group_chat,Julia Rodriguez,40.0
zai-intelligence-20260408,group_chat,Julia Rodriguez,95.0
zai-intelligence-20260408,group_chat,Julia Rodriguez,60.0
zai-intelligence-20260408,group_chat,Julia Rodriguez,2207.0
zai-intelligence-20260408,group_chat,Julia Rodriguez,180.0
zai-intelligence-20260408,group_chat,Julia Rodriguez,8.0
zai-intelligence-20260408,group_chat,Julia Rodriguez,110.0
zai-intelligence-20260408,group_chat,Julia Rodriguez,50.0
zai-intelligence-20260408,group_chat,Julia Rodriguez,78.0
zai-intelligence-20260408,group_chat,Julia Rodriguez,184.0
zai-intelligence-20260408,group_chat,Julia Rodriguez,427.0
zai-intelligence-20260408,group_chat,Julia Rodriguez,388.0
zai-intelligence-20260408,group_chat,Julia Rodriguez,201.0
zai-intelligence-20260408,group_chat,Julia Rodriguez,84788.0
zai-intelligence-20260408,group_chat,Julia Rodriguez,164.0
zai-intelligence-20260408,group_chat,Julia Rodriguez,72.0
zai-intelligence-20260408,group_chat,Julia Rodriguez,188.0
zai-intelligence-20260408,group_chat,Julia Rodriguez,85962.0
zai-intelligence-20260408,group_chat,Julia Rodriguez,169.0
zai-intelligence-20260408,group_chat,Julia Rodriguez,189.0
zai-intelligence-20260408,group_chat,Julia Rodriguez,90.0
zai-intelligence-20260408,group_chat,Julia Rodriguez,95.0
zai-intelligence-20260408,group_chat,Julia Rodriguez,110.0
zai-intelligence-20260408,group_chat,Julia Rodriguez,86275.0
zai-intelligence-20260408,group_chat,Julia Rodriguez,140.0
zai-intelligence-20260408,group_chat,Julia Rodriguez,90.0
zai-intelligence-20260408,group_chat,Julia Rodriguez,80.0
zai-intelligence-20260408,group_chat,Julia Rodriguez,80.0
zai-intelligence-20260408,group_chat,Julia Rodriguez,55.0
zai-intelligence-20260408,group_chat,Julia Rodriguez,110.0
zai-intelligence-20260408,group_chat,Julia Rodriguez,80.0
zai-intelligence-20260408,group_chat,Julia Rodriguez,75.0
zai-intelligence-20260408,group_chat,Julia Rodriguez,70.0
zai-intelligence-20260408,group_chat,Julia Rodriguez,16692.0
zai-intelligence-20260408,group_chat,Julia Rodriguez,60.0
zai-intelligence-20260408,group_chat,Julia Rodriguez,203.0
zai-intelligence-20260408,group_chat,Julia Rodriguez,10.0
zai-intelligence-20260408,group_chat,Julia Rodriguez,125.0
zai-intelligence-20260408,group_chat,Julia Rodriguez,32.0
zai-intelligence-20260408,group_chat,Julia Rodriguez,83.0
zai-intelligence-20260408,group_chat,Julia Rodriguez,90.0
zai-intelligence-20260408,group_chat,Julia Rodriguez,85735.0
zai-intelligence-20260408,group_chat,Julia Rodriguez,160.0
zai-intelligence-20260408,group_chat,Julia Rodriguez,150.0
zai-intelligence-20260408,group_chat,Julia Rodriguez,125.0
zai-intelligence-20260408,group_chat,Julia Rodriguez,65159.0
zai-intelligence-20260408,group_chat,Julia Rodriguez,118.0
zai-intelligence-20260408,group_chat,Julia Rodriguez,128.0
zai-intelligence-20260408,group_chat,Julia Rodriguez,130.0
zai-intelligence-20260408,group_chat,Julia Rodriguez,91.0
zai-intelligence-20260408,group_chat,Julia Rodriguez,112.0
zai-intelligence-20260408,group_chat,Julia Rodriguez,75.0
zai-intelligence-20260408,group_chat,Julia Rodriguez,97.0
zai-intelligence-20260408,group_chat,Julia Rodriguez,20060.0
zai-intelligence-20260408,group_chat,Julia Rodriguez,107.0
zai-intelligence-20260408,group_chat,Julia Rodriguez,118.0
zai-intelligence-20260408,group_chat,Julia Rodriguez,110.0
zai-intelligence-20260408,group_chat,Julia Rodriguez,28.0
zai-intelligence-20260408,group_chat,Julia Rodriguez,68204.0
zai-intelligence-20260408,group_chat,Julia Rodriguez,129.0
zai-intelligence-20260408,group_chat,Julia Rodriguez,150.0
zai-intelligence-20260408,group_chat,Julia Rodriguez,124.0
zai-intelligence-20260408,group_chat,Julia Rodriguez,145.0
zai-intelligence-20260408,group_chat,Julia Rodriguez,17175.0
zai-intelligence-20260408,group_chat,Julia Rodriguez,110.0
zai-intelligence-20260408,group_chat,Julia Rodriguez,67.0
zai-intelligence-20260408,group_chat,Julia Rodriguez,113.0
zai-intelligence-20260408,group_chat,Julia Rodriguez,46.0
zai-intelligence-20260408,group_chat,Julia Rodriguez,119.0
zai-intelligence-20260408,group_chat,Julia Rodriguez,78.0
zai-intelligence-20260408,group_chat,Julia Rodriguez,17.0
zai-intelligence-20260408,group_chat,Julia Rodriguez,115.0
zai-intelligence-20260408,group_chat,Julia Rodriguez,327710.0
zai-intelligence-20260408,group_chat,Julia Rodriguez,250.0
zai-intelligence-20260408,group_chat,Julia Rodriguez,120.0
zai-intelligence-20260408,group_chat,Julia Rodriguez,210.0
zai-intelligence-20260408,group_chat,Julia Rodriguez,20445.0
zai-intelligence-20260408,group_chat,Julia Rodriguez,182.0
zai-intelligence-20260408,group_chat,Julia Rodriguez,145.0
zai-intelligence-20260408,group_chat,Julia Rodriguez,73.0
zai-intelligence-20260408,group_chat,Julia Rodriguez,120.0
zai-intelligence-20260408,group_chat,Julia Rodriguez,64130.0
zai-intelligence-20260408,group_chat,Julia Rodriguez,330.0
zai-intelligence-20260408,group_chat,Julia Rodriguez,190.0
zai-intelligence-20260408,group_chat,Julia Rodriguez,112.0
zai-intelligence-20260408,group_chat,Julia Rodriguez,58.0
zai-intelligence-20260408,group_chat,Julia Rodriguez,40.0
zai-intelligence-20260408,group_chat,Julia Rodriguez,89340.0
zai-intelligence-20260408,group_chat,Julia Rodriguez,340.0
zai-intelligence-20260408,group_chat,Julia Rodriguez,80.0
zai-intelligence-20260408,group_chat,Julia Rodriguez,14025.0
zai-intelligence-20260408,group_chat,Julia Rodriguez,270.0
zai-intelligence-20260408,group_chat,Julia Rodriguez,110.0
zai-intelligence-20260408,group_chat,Chidinma Okonkwo,145.0
zai-intelligence-20260408,group_chat,Chidinma Okonkwo,193.0
zai-intelligence-20260408,group_chat,Chidinma Okonkwo,349164.0
zai-intelligence-20260408,group_chat,Chidinma Okonkwo,271.0
zai-intelligence-20260408,group_chat,Chidinma Okonkwo,359435.0
zai-intelligence-20260408,group_chat,Chidinma Okonkwo,100.0
zai-intelligence-20260408,group_chat,Chidinma Okonkwo,86265.0
zai-intelligence-20260408,group_chat,Chidinma Okonkwo,310.0
zai-intelligence-20260408,group_chat,Chidinma Okonkwo,40.0
zai-intelligence-20260408,group_chat,Chidinma Okonkwo,68865.0
zai-intelligence-20260408,group_chat,Chidinma Okonkwo,345.0
zai-intelligence-20260408,group_chat,Chidinma Okonkwo,280.0
zai-intelligence-20260408,group_chat,Chidinma Okonkwo,20675.0
zai-intelligence-20260408,group_chat,Chidinma Okonkwo,89.0
zai-intelligence-20260408,group_chat,Chidinma Okonkwo,108.0
zai-intelligence-20260408,group_chat,Chidinma Okonkwo,28.0
zai-intelligence-20260408,group_chat,Chidinma Okonkwo,341393.0
zai-intelligence-20260408,group_chat,Chidinma Okonkwo,145.0
zai-intelligence-20260408,group_chat,Chidinma Okonkwo,190.0
zai-intelligence-20260408,group_chat,Chidinma Okonkwo,114.0
zai-intelligence-20260408,group_chat,Chidinma Okonkwo,85773.0
zai-intelligence-20260408,group_chat,Chidinma Okonkwo,215.0
zai-intelligence-20260408,group_chat,Chidinma Okonkwo,200.0
zai-intelligence-20260408,group_chat,Chidinma Okonkwo,64300.0
zai-intelligence-20260408,group_chat,Chidinma Okonkwo,210.0
zai-intelligence-20260408,group_chat,Chidinma Okonkwo,195.0
zai-intelligence-20260408,group_chat,Chidinma Okonkwo,205.0
zai-intelligence-20260408,group_chat,Chidinma Okonkwo,170.0
zai-intelligence-20260408,group_chat,Chidinma Okonkwo,225.0
zai-intelligence-20260408,group_chat,Chidinma Okonkwo,86187.0
zai-intelligence-20260408,group_chat,Chidinma Okonkwo,58.0
zai-intelligence-20260408,group_chat,Chidinma Okonkwo,202.0
zai-intelligence-20260408,group_chat,Chidinma Okonkwo,220.0
zai-intelligence-20260408,group_chat,Chidinma Okonkwo,120.0
zai-intelligence-20260408,group_chat,Chidinma Okonkwo,5873.0
zai-intelligence-20260408,group_chat,Chidinma Okonkwo,165.0
zai-intelligence-20260408,group_chat,Chidinma Okonkwo,95.0
zai-intelligence-20260408,group_chat,Chidinma Okonkwo,75.0
zai-intelligence-20260408,group_chat,Chidinma Okonkwo,80.0
zai-intelligence-20260408,group_chat,Chidinma Okonkwo,82710.0
zai-intelligence-20260408,group_chat,Chidinma Okonkwo,217.0
zai-intelligence-20260408,group_chat,Chidinma Okonkwo,656.0
zai-intelligence-20260408,group_chat,Chidinma Okonkwo,340.0
zai-intelligence-20260408,group_chat,Chidinma Okonkwo,2302.0
zai-intelligence-20260408,group_chat,Chidinma Okonkwo,205.0
zai-intelligence-20260408,group_chat,Chidinma Okonkwo,82485.0
zai-intelligence-20260408,group_chat,Chidinma Okonkwo,270.0
zai-intelligence-20260408,group_chat,Chidinma Okonkwo,190637.0
zai-intelligence-20260408,group_chat,Chidinma Okonkwo,190.0
zai-intelligence-20260408,group_chat,Chidinma Okonkwo,193.0
zai-intelligence-20260408,group_chat,Chidinma Okonkwo,172310.0
zai-intelligence-20260408,group_chat,Chidinma Okonkwo,150.0
zai-intelligence-20260408,group_chat,Chidinma Okonkwo,86125.0
zai-intelligence-20260408,group_chat,Chidinma Okonkwo,60.0
zai-intelligence-20260408,group_chat,Chidinma Okonkwo,215.0
zai-intelligence-20260408,group_chat,Chidinma Okonkwo,35.0
zai-intelligence-20260408,group_chat,Chidinma Okonkwo,181.0
zai-intelligence-20260408,group_chat,Chidinma Okonkwo,4.0
zai-intelligence-20260408,group_chat,Daniel Schmidt,173.0
zai-intelligence-20260408,group_chat,Daniel Schmidt,115.0
zai-intelligence-20260408,group_chat,Mariam Hamed,95.0
zai-intelligence-20260408,group_chat,Mariam Hamed,75.0
zai-intelligence-20260408,group_chat,Mariam Hamed,89750.0
zai-intelligence-20260408,group_chat,Mariam Hamed,202.0
zai-intelligence-20260408,group_chat,Mariam Hamed,100.0
zai-intelligence-20260408,group_chat,Mariam Hamed,168.0
zai-intelligence-20260408,group_chat,Mariam Hamed,168706.0
zai-intelligence-20260408,group_chat,Mariam Hamed,254.0
zai-intelligence-20260408,group_chat,Mariam Hamed,166.0
zai-intelligence-20260408,group_chat,Mariam Hamed,141.0
zai-intelligence-20260408,group_chat,Mariam Hamed,17413.0
zai-intelligence-20260408,group_chat,Mariam Hamed,250.0
zai-intelligence-20260408,group_chat,Mariam Hamed,136.0
zai-intelligence-20260408,group_chat,Mariam Hamed,86122.0
zai-intelligence-20260408,group_chat,Mariam Hamed,167.0
zai-intelligence-20260408,group_chat,Mariam Hamed,132.0
zai-intelligence-20260408,group_chat,Mariam Hamed,67973.0
zai-intelligence-20260408,group_chat,Mariam Hamed,275.0
zai-intelligence-20260408,group_chat,Mariam Hamed,195.0
zai-intelligence-20260408,group_chat,Mariam Hamed,175.0
zai-intelligence-20260408,group_chat,Mariam Hamed,125.0
zai-intelligence-20260408,group_chat,Mariam Hamed,100.0
zai-intelligence-20260408,group_chat,Mariam Hamed,85545.0
zai-intelligence-20260408,group_chat,Mariam Hamed,170.0
zai-intelligence-20260408,group_chat,Mariam Hamed,21547.0
zai-intelligence-20260408,group_chat,Mariam Hamed,168.0
zai-intelligence-20260408,group_chat,Mariam Hamed,177.0
zai-intelligence-20260408,group_chat,Mariam Hamed,68298.0
zai-intelligence-20260408,group_chat,Mariam Hamed,363.0
zai-intelligence-20260408,group_chat,Mariam Hamed,237.0
zai-intelligence-20260408,group_chat,Mariam Hamed,13362.0
zai-intelligence-20260408,group_chat,Mariam Hamed,288.0
zai-intelligence-20260408,group_chat,Mariam Hamed,280.0
zai-intelligence-20260408,group_chat,Mariam Hamed,170.0
zai-intelligence-20260408,group_chat,Mariam Hamed,67782.0
zai-intelligence-20260408,group_chat,Mariam Hamed,110.0
zai-intelligence-20260408,group_chat,Mariam Hamed,140.0
zai-intelligence-20260408,group_chat,Mariam Hamed,103.0
zai-intelligence-20260408,group_chat,Mariam Hamed,220.0
zai-intelligence-20260408,group_chat,Mariam Hamed,415.0
zai-intelligence-20260408,group_chat,Mariam Hamed,50.0
zai-intelligence-20260408,group_chat,Mariam Hamed,103305.0
zai-intelligence-20260408,group_chat,Mariam Hamed,133.0
zai-intelligence-20260408,group_chat,Mariam Hamed,157.0
zai-intelligence-20260408,group_chat,Mariam Hamed,115.0
zai-intelligence-20260408,group_chat,Mariam Hamed,80.0
zai-intelligence-20260408,group_chat,Mariam Hamed,85913.0
zai-intelligence-20260408,group_chat,Mariam Hamed,105.0
zai-intelligence-20260408,group_chat,Mariam Hamed,94.0
zai-intelligence-20260408,group_chat,Mariam Hamed,103.0
zai-intelligence-20260408,group_chat,Mariam Hamed,67.0
zai-intelligence-20260408,group_chat,Mariam Hamed,68116.0
zai-intelligence-20260408,group_chat,Mariam Hamed,129.0
zai-intelligence-20260408,group_chat,Mariam Hamed,129.0
zai-intelligence-20260408,group_chat,Mariam Hamed,126.0
zai-intelligence-20260408,group_chat,Mariam Hamed,97.0
zai-intelligence-20260408,group_chat,Mariam Hamed,17496.0
zai-intelligence-20260408,group_chat,Mariam Hamed,168.0
zai-intelligence-20260408,group_chat,Mariam Hamed,37.0
zai-intelligence-20260408,group_chat,Mariam Hamed,125.0
zai-intelligence-20260408,group_chat,Mariam Hamed,86125.0
zai-intelligence-20260408,group_chat,Mariam Hamed,320.0
zai-intelligence-20260408,group_chat,Mariam Hamed,180.0
zai-intelligence-20260408,group_chat,Mariam Hamed,67970.0
zai-intelligence-20260408,group_chat,Mariam Hamed,70.0
zai-intelligence-20260408,group_chat,Mariam Hamed,95.0
zai-intelligence-20260408,group_chat,Mariam Hamed,70.0
zai-intelligence-20260408,group_chat,Mariam Hamed,65.0
zai-intelligence-20260408,group_chat,Mariam Hamed,172300.0
zai-intelligence-20260408,group_chat,Mariam Hamed,125.0
zai-intelligence-20260408,group_chat,Mariam Hamed,20.0
zai-intelligence-20260408,group_chat,Mariam Hamed,105.0
zai-intelligence-20260408,group_chat,Mariam Hamed,85.0
zai-intelligence-20260408,group_chat,Mariam Hamed,28.0
zai-intelligence-20260408,group_chat,Mariam Hamed,302.0
zai-intelligence-20260408,group_chat,Mariam Hamed,245.0
zai-intelligence-20260408,group_chat,Mariam Hamed,470.0
zai-intelligence-20260408,group_chat,Mariam Hamed,85155.0
zai-intelligence-20260408,group_chat,Mariam Hamed,175.0
zai-intelligence-20260408,group_chat,Mariam Hamed,155.0
zai-intelligence-20260408,group_chat,Mariam Hamed,60.0
zai-intelligence-20260408,group_chat,Mariam Hamed,262215.0
zai-intelligence-20260408,group_chat,Mariam Hamed,205.0
zai-intelligence-20260408,group_chat,Mariam Hamed,185.0
zai-intelligence-20260408,group_chat,Mariam Hamed,150.0
zai-intelligence-20260408,group_chat,Mariam Hamed,13992.0
zai-intelligence-20260408,group_chat,Mariam Hamed,226.0
zai-intelligence-20260408,group_chat,Mariam Hamed,264.0
zai-intelligence-20260408,group_chat,Mariam Hamed,67968.0
zai-intelligence-20260408,group_chat,Mariam Hamed,200.0
zai-intelligence-20260408,group_chat,Mariam Hamed,162.0
zai-intelligence-20260408,group_chat,Mariam Hamed,208.0
zai-intelligence-20260408,group_chat,Mariam Hamed,17372.0
zai-intelligence-20260408,group_chat,Mariam Hamed,148.0
zai-intelligence-20260408,group_chat,Mariam Hamed,744.0
zai-intelligence-20260408,group_chat,Mariam Hamed,314.0
zai-intelligence-20260408,group_chat,Mariam Hamed,67792.0
zai-intelligence-20260408,group_chat,Mariam Hamed,110.0
zai-intelligence-20260408,group_chat,Mariam Hamed,180.0
zai-intelligence-20260408,group_chat,Mariam Hamed,165.0
zai-intelligence-20260408,group_chat,Mariam Hamed,160.0
zai-intelligence-20260408,group_chat,Mariam Hamed,85295.0
zai-intelligence-20260408,group_chat,Mariam Hamed,302.0
zai-intelligence-20260408,group_chat,Mariam Hamed,376.0
zai-intelligence-20260408,group_chat,Mariam Hamed,147.0
zai-intelligence-20260408,group_chat,Mariam Hamed,85.0
zai-intelligence-20260408,group_chat,Mariam Hamed,189740.0
zai-intelligence-20260408,group_chat,Mariam Hamed,53.0
zai-intelligence-20260408,group_chat,Mariam Hamed,17.0
zai-intelligence-20260408,group_chat,Mariam Hamed,80.0
zai-intelligence-20260408,group_chat,Mariam Hamed,42.0
zai-intelligence-20260408,group_chat,Mariam Hamed,18.0
zai-intelligence-20260408,group_chat,Mariam Hamed,72.0
zai-intelligence-20260408,group_chat,Mariam Hamed,173.0
zai-intelligence-20260408,group_chat,Mariam Hamed,380.0
zai-intelligence-20260408,group_chat,Mariam Hamed,25.0
zai-intelligence-20260408,group_chat,Mariam Hamed,348322.0
zai-intelligence-20260408,group_chat,Mariam Hamed,326.0
zai-intelligence-20260408,group_chat,Mariam Hamed,147.0
zai-intelligence-20260408,group_chat,Mariam Hamed,185.0
zai-intelligence-20260408,group_chat,Mariam Hamed,64232.0
zai-intelligence-20260408,group_chat,Mariam Hamed,210.0
zai-intelligence-20260408,group_chat,Mariam Hamed,173.0
zai-intelligence-20260408,group_chat,Mariam Hamed,125.0
zai-intelligence-20260408,group_chat,Mariam Hamed,3005.0
zai-intelligence-20260408,group_chat,Mariam Hamed,195.0
zai-intelligence-20260408,group_chat,Mariam Hamed,162.0
zai-intelligence-20260408,group_chat,hyejin.wang,115.0
zai-intelligence-20260408,group_chat,hyejin.wang,110.0
zai-intelligence-20260408,group_chat,hyejin.wang,73.0
zai-intelligence-20260408,group_chat,hyejin.wang,121.0
zai-intelligence-20260408,group_chat,hyejin.wang,90.0
zai-intelligence-20260408,group_chat,hyejin.wang,1378627.0
zai-intelligence-20260408,group_chat,hyejin.wang,261.0
zai-intelligence-20260408,group_chat,hyejin.wang,182.0
zai-intelligence-20260408,group_chat,hyejin.wang,763053.0
zai-intelligence-20260408,group_chat,hyejin.wang,42.0
zai-intelligence-20260408,group_chat,hyejin.wang,52.0
zai-intelligence-20260408,group_chat,hyejin.wang,46.0
zai-intelligence-20260408,group_chat,hyejin.wang,47.0
zai-intelligence-20260408,group_chat,hyejin.wang,43.0
zai-intelligence-20260408,group_chat,hyejin.wang,77.0
zai-intelligence-20260408,group_chat,hyejin.wang,39.0
zai-intelligence-20260408,group_chat,hyejin.wang,362670.0
zai-intelligence-20260408,group_chat,hyejin.wang,124.0
zai-intelligence-20260408,group_chat,hyejin.wang,272.0
zai-intelligence-20260408,group_chat,hyejin.wang,138.0
zai-intelligence-20260408,group_chat,alejandro.rendon,110.0
zai-intelligence-20260408,group_chat,alejandro.rendon,133.0
zai-intelligence-20260408,group_chat,alejandro.rendon,97.0
zai-intelligence-20260408,group_chat,alejandro.rendon,70.0
zai-intelligence-20260408,group_chat,alejandro.rendon,88.0
zai-intelligence-20260408,group_chat,alejandro.rendon,327739.0
zai-intelligence-20260408,group_chat,alejandro.rendon,81.0
zai-intelligence-20260408,group_chat,alejandro.rendon,140.0
zai-intelligence-20260408,group_chat,alejandro.rendon,307.0
zai-intelligence-20260408,group_chat,alejandro.rendon,113.0
zai-intelligence-20260408,group_chat,alejandro.rendon,87.0
zai-intelligence-20260408,group_chat,alejandro.rendon,1118970.0
zai-intelligence-20260408,group_chat,alejandro.rendon,105.0
zai-intelligence-20260408,group_chat,alejandro.rendon,40.0
zai-intelligence-20260408,group_chat,alejandro.rendon,35.0
zai-intelligence-20260408,group_chat,alejandro.rendon,60.0
zai-intelligence-20260408,group_chat,alejandro.rendon,120.0
zai-intelligence-20260408,group_chat,alejandro.rendon,75.0
zai-intelligence-20260408,group_chat,alejandro.rendon,105.0
zai-intelligence-20260408,group_chat,alejandro.rendon,60.0
zai-intelligence-20260408,group_chat,alejandro.rendon,90.0
zai-intelligence-20260408,group_chat,alejandro.rendon,45.0
zai-intelligence-20260408,group_chat,alejandro.rendon,75.0
zai-intelligence-20260408,group_chat,alejandro.rendon,88602.0
zai-intelligence-20260408,group_chat,alejandro.rendon,383.0
zai-intelligence-20260408,group_chat,alejandro.rendon,230.0
zai-intelligence-20260408,group_chat,alejandro.rendon,133.0
zai-intelligence-20260408,group_chat,alejandro.rendon,107.0
zai-intelligence-20260408,group_chat,tanvi.sharma,112.0
zai-intelligence-20260408,group_chat,tanvi.sharma,77.0
zai-intelligence-20260408,group_chat,tanvi.sharma,96.0
zai-intelligence-20260408,group_chat,tanvi.sharma,122.0
zai-intelligence-20260408,group_chat,tanvi.sharma,1277567.0
zai-intelligence-20260408,group_chat,tanvi.sharma,90.0
zai-intelligence-20260408,group_chat,tanvi.sharma,167.0
zai-intelligence-20260408,group_chat,tanvi.sharma,120.0
zai-intelligence-20260408,group_chat,tanvi.sharma,100680.0
zai-intelligence-20260408,group_chat,tanvi.sharma,285.0
zai-intelligence-20260408,group_chat,tanvi.sharma,113.0
zai-intelligence-20260408,group_chat,tanvi.sharma,127.0
zai-intelligence-20260408,group_chat,tanvi.sharma,1126056.0
zai-intelligence-20260408,group_chat,tanvi.sharma,204.0
zai-intelligence-20260408,group_chat,tanvi.sharma,195.0
zai-intelligence-20260408,group_chat,tanvi.sharma,134.0
zai-intelligence-20260408,group_chat,mateo.carvalho,114.0
zai-intelligence-20260408,group_chat,mateo.carvalho,119.0
zai-intelligence-20260408,group_chat,mateo.carvalho,75.0
zai-intelligence-20260408,group_chat,mateo.carvalho,91.0
zai-intelligence-20260408,group_chat,mateo.carvalho,1212711.0
zai-intelligence-20260408,group_chat,mateo.carvalho,298.0
zai-intelligence-20260408,group_chat,mateo.carvalho,62.0
zai-intelligence-20260408,group_chat,mateo.carvalho,233.0
zai-intelligence-20260408,group_chat,mateo.carvalho,110.0
zai-intelligence-20260408,group_chat,mateo.carvalho,66.0
zai-intelligence-20260408,group_chat,mateo.carvalho,165031.0
zai-intelligence-20260408,group_chat,mateo.carvalho,209.0
zai-intelligence-20260408,group_chat,mateo.carvalho,221.0
zai-intelligence-20260408,group_chat,mateo.carvalho,123.0
zai-intelligence-20260408,group_chat,mateo.carvalho,763097.0
zai-intelligence-20260408,group_chat,mateo.carvalho,40.0
zai-intelligence-20260408,group_chat,mateo.carvalho,50.0
zai-intelligence-20260408,group_chat,mateo.carvalho,49.0
zai-intelligence-20260408,group_chat,mateo.carvalho,48.0
zai-intelligence-20260408,group_chat,mateo.carvalho,53.0
zai-intelligence-20260408,group_chat,mateo.carvalho,37.0
zai-intelligence-20260408,group_chat,mateo.carvalho,39.0
zai-intelligence-20260408,group_chat,mateo.carvalho,362637.0
zai-intelligence-20260408,group_chat,mateo.carvalho,133.0
zai-intelligence-20260408,group_chat,mateo.carvalho,171.0
zai-intelligence-20260408,group_chat,mateo.carvalho,102.0
zai-intelligence-20260408,group_chat,mateo.carvalho,131.0
zai-intelligence-20260408,group_chat,amara_chukwuma,90.0
zai-intelligence-20260408,group_chat,amara_chukwuma,50.0
zai-intelligence-20260408,group_chat,amara_chukwuma,60.0
zai-intelligence-20260408,group_chat,amara_chukwuma,97.0
zai-intelligence-20260408,group_chat,amara_chukwuma,86.0
zai-intelligence-20260408,group_chat,amara_chukwuma,334602.0
zai-intelligence-20260408,group_chat,amara_chukwuma,180.0
zai-intelligence-20260408,group_chat,amara_chukwuma,165.0
zai-intelligence-20260408,group_chat,amara_chukwuma,104532.0
zai-intelligence-20260408,group_chat,amara_chukwuma,108.0
zai-intelligence-20260408,group_chat,amara_chukwuma,140.0
zai-intelligence-20260408,group_chat,amara_chukwuma,69.0
zai-intelligence-20260408,group_chat,amara_chukwuma,88.0
zai-intelligence-20260408,group_chat,amara_chukwuma,258406.0
zai-intelligence-20260408,group_chat,amara_chukwuma,137.0
zai-intelligence-20260408,group_chat,amara_chukwuma,203.0
zai-intelligence-20260408,group_chat,amara_chukwuma,112.0
zai-intelligence-20260408,group_chat,amara_chukwuma,431431.0
zai-intelligence-20260408,group_chat,amara_chukwuma,242.0
zai-intelligence-20260408,group_chat,amara_chukwuma,135.0
zai-intelligence-20260408,group_chat,amara_chukwuma,270.0
zai-intelligence-20260408,group_chat,amara_chukwuma,154694.0
zai-intelligence-20260408,group_chat,amara_chukwuma,149.0
zai-intelligence-20260408,group_chat,amara_chukwuma,59.0
zai-intelligence-20260408,group_chat,amara_chukwuma,135.0
zai-intelligence-20260408,group_chat,amara_chukwuma,110.0
zai-intelligence-20260408,group_chat,amara_chukwuma,86000.0
zai-intelligence-20260408,group_chat,amara_chukwuma,225.0
zai-intelligence-20260408,group_chat,amara_chukwuma,140.0
zai-intelligence-20260408,group_chat,amara_chukwuma,180.0
zai-intelligence-20260408,group_chat,amara_chukwuma,258012.0
zai-intelligence-20260408,group_chat,amara_chukwuma,76.0
zai-intelligence-20260408,group_chat,amara_chukwuma,157.0
zai-intelligence-20260408,group_chat,amara_chukwuma,112.0
zai-intelligence-20260408,group_chat,amara_chukwuma,48.0
zai-intelligence-20260408,group_chat,amara_chukwuma,140.0
zai-intelligence-20260408,group_chat,amara_chukwuma,40.0
zai-intelligence-20260408,group_chat,amara_chukwuma,242.0
zai-intelligence-20260408,group_chat,amara_chukwuma,155.0
zai-intelligence-20260408,group_chat,amara_chukwuma,170.0
zai-intelligence-20260408,group_chat,amara_chukwuma,88930.0
zai-intelligence-20260408,group_chat,amara_chukwuma,137.0
zai-intelligence-20260408,group_chat,amara_chukwuma,166.0
zai-intelligence-20260408,group_chat,amara_chukwuma,116.0
zai-intelligence-20260408,group_chat,amara_chukwuma,17449.0
zai-intelligence-20260408,group_chat,amara_chukwuma,170.0
zai-intelligence-20260408,group_chat,amara_chukwuma,300.0
zai-intelligence-20260408,group_chat,amara_chukwuma,120.0
zai-intelligence-20260408,group_chat,amara_chukwuma,82357.0
zai-intelligence-20260408,group_chat,amara_chukwuma,154913.0
zai-intelligence-20260408,group_chat,amara_chukwuma,175.0
zai-intelligence-20260408,group_chat,amara_chukwuma,160.0
zai-intelligence-20260408,group_chat,amara_chukwuma,170.0
zai-intelligence-20260408,group_chat,amara_chukwuma,245.0
zai-intelligence-20260408,group_chat,amara_chukwuma,210.0
zai-intelligence-20260408,group_chat,amara_chukwuma,2512.0
zai-intelligence-20260408,group_chat,amara_chukwuma,252.0
zai-intelligence-20260408,group_chat,amara_chukwuma,68.0
zai-intelligence-20260408,group_chat,amara_chukwuma,163.0
zai-intelligence-20260408,group_chat,amara_chukwuma,82195.0
zai-intelligence-20260408,group_chat,amara_chukwuma,70.0
zai-intelligence-20260408,group_chat,amara_chukwuma,100.0
zai-intelligence-20260408,group_chat,amara_chukwuma,259152.0
zai-intelligence-20260408,group_chat,amara_chukwuma,168.0
zai-intelligence-20260408,group_chat,amara_chukwuma,122.0
zai-intelligence-20260408,group_chat,amara_chukwuma,83.0
zai-intelligence-20260408,group_chat,amara_chukwuma,95.0
zai-intelligence-20260408,group_chat,amara_chukwuma,80.0
zai-intelligence-20260408,group_chat,amara_chukwuma,17579.0
zai-intelligence-20260408,group_chat,amara_chukwuma,183.0
zai-intelligence-20260408,group_chat,amara_chukwuma,116.0
zai-intelligence-20260408,group_chat,amara_chukwuma,154307.0
zai-intelligence-20260408,group_chat,amara_chukwuma,270.0
zai-intelligence-20260408,group_chat,amara_chukwuma,180.0
zai-intelligence-20260408,group_chat,amara_chukwuma,215.0
zai-intelligence-20260408,group_chat,amara_chukwuma,145.0
zai-intelligence-20260408,group_chat,lilian_kamau,93.0
zai-intelligence-20260408,group_chat,lilian_kamau,118.0
zai-intelligence-20260408,group_chat,lilian_kamau,90.0
zai-intelligence-20260408,group_chat,lilian_kamau,85.0
zai-intelligence-20260408,group_chat,lilian_kamau,334627.0
zai-intelligence-20260408,group_chat,lilian_kamau,170.0
zai-intelligence-20260408,group_chat,lilian_kamau,160.0
zai-intelligence-20260408,group_chat,lilian_kamau,104550.0
zai-intelligence-20260408,group_chat,lilian_kamau,120.0
zai-intelligence-20260408,group_chat,lilian_kamau,138.0
zai-intelligence-20260408,group_chat,lilian_kamau,117.0
zai-intelligence-20260408,group_chat,lilian_kamau,154355.0
zai-intelligence-20260408,group_chat,lilian_kamau,70.0
zai-intelligence-20260408,group_chat,lilian_kamau,70.0
zai-intelligence-20260408,group_chat,lilian_kamau,115.0
zai-intelligence-20260408,group_chat,lilian_kamau,180.0
zai-intelligence-20260408,group_chat,lilian_kamau,140.0
zai-intelligence-20260408,group_chat,lilian_kamau,90.0
zai-intelligence-20260408,group_chat,lilian_kamau,45.0
zai-intelligence-20260408,group_chat,lilian_kamau,2545.0
zai-intelligence-20260408,group_chat,lilian_kamau,150.0
zai-intelligence-20260408,group_chat,lilian_kamau,165.0
zai-intelligence-20260408,group_chat,lilian_kamau,100542.0
zai-intelligence-20260408,group_chat,lilian_kamau,180.0
zai-intelligence-20260408,group_chat,lilian_kamau,233.0
zai-intelligence-20260408,group_chat,lilian_kamau,327008.0
zai-intelligence-20260408,group_chat,lilian_kamau,289.0
zai-intelligence-20260408,group_chat,lilian_kamau,190.0
zai-intelligence-20260408,group_chat,lilian_kamau,240.0
zai-intelligence-20260408,group_chat,lilian_kamau,103813.0
zai-intelligence-20260408,group_chat,lilian_kamau,217.0
zai-intelligence-20260408,group_chat,lilian_kamau,346.0
zai-intelligence-20260408,group_chat,lilian_kamau,85692.0
zai-intelligence-20260408,group_chat,lilian_kamau,220.0
zai-intelligence-20260408,group_chat,lilian_kamau,68790.0
zai-intelligence-20260408,group_chat,lilian_kamau,32.0
zai-intelligence-20260408,group_chat,lilian_kamau,90.0
zai-intelligence-20260408,group_chat,lilian_kamau,33.0
zai-intelligence-20260408,group_chat,lilian_kamau,207.0
zai-intelligence-20260408,group_chat,lilian_kamau,86058.0
zai-intelligence-20260408,group_chat,lilian_kamau,240.0
zai-intelligence-20260408,group_chat,lilian_kamau,190.0
zai-intelligence-20260408,group_chat,lilian_kamau,189780.0
zai-intelligence-20260408,group_chat,lilian_kamau,115.0
zai-intelligence-20260408,group_chat,lilian_kamau,95.0
zai-intelligence-20260408,group_chat,lilian_kamau,68100.0
zai-intelligence-20260408,group_chat,lilian_kamau,245.0
zai-intelligence-20260408,group_chat,lilian_kamau,30.0
zai-intelligence-20260408,group_chat,lilian_kamau,160.0
zai-intelligence-20260408,group_chat,lilian_kamau,125.0
zai-intelligence-20260408,group_chat,lilian_kamau,99.0
zai-intelligence-20260408,group_chat,lilian_kamau,2901.0
zai-intelligence-20260408,group_chat,lilian_kamau,160.0
zai-intelligence-20260408,group_chat,lilian_kamau,35.0
zai-intelligence-20260408,group_chat,lilian_kamau,135.0
zai-intelligence-20260408,group_chat,lilian_kamau,82512.0
zai-intelligence-20260408,group_chat,lilian_kamau,490.0
zai-intelligence-20260408,group_chat,lilian_kamau,290.0
zai-intelligence-20260408,group_chat,lilian_kamau,313.0
zai-intelligence-20260408,group_chat,lilian_kamau,296.0
zai-intelligence-20260408,group_chat,lilian_kamau,20574.0
zai-intelligence-20260408,group_chat,lilian_kamau,270.0
zai-intelligence-20260408,group_chat,lilian_kamau,82407.0
zai-intelligence-20260408,group_chat,lilian_kamau,20.0
zai-intelligence-20260408,group_chat,lilian_kamau,68793.0
zai-intelligence-20260408,group_chat,lilian_kamau,180.0
zai-intelligence-20260408,group_chat,lilian_kamau,218.0
zai-intelligence-20260408,group_chat,lilian_kamau,137.0
zai-intelligence-20260408,group_chat,lilian_kamau,210.0
zai-intelligence-20260408,group_chat,lilian_kamau,88867.0
zai-intelligence-20260408,group_chat,lilian_kamau,166043.0
zai-intelligence-20260408,group_chat,lilian_kamau,340.0
zai-intelligence-20260408,group_chat,lilian_kamau,360.0
zai-intelligence-20260408,group_chat,lilian_kamau,89267.0
zai-intelligence-20260408,group_chat,lilian_kamau,118.0
zai-intelligence-20260408,group_chat,lilian_kamau,110.0
zai-intelligence-20260408,group_chat,lilian_kamau,115.0
zai-intelligence-20260408,group_chat,lilian_kamau,80.0
zai-intelligence-20260408,group_chat,lilian_kamau,30.0
zai-intelligence-20260408,group_chat,lilian_kamau,171852.0
zai-intelligence-20260408,group_chat,lilian_kamau,150.0
zai-intelligence-20260408,group_chat,lilian_kamau,118.0
zai-intelligence-20260408,group_chat,lilian_kamau,120.0
zai-intelligence-20260408,group_chat,lilian_kamau,92.0
zai-intelligence-20260408,group_chat,lilian_kamau,28.0
zai-intelligence-20260408,group_chat,lilian_kamau,152.0
zai-intelligence-20260408,group_chat,lilian_kamau,181.0
zai-intelligence-20260408,group_chat,lilian_kamau,85427.0
zai-intelligence-20260408,group_chat,lilian_kamau,295.0
zai-intelligence-20260408,group_chat,lilian_kamau,205.0
zai-intelligence-20260408,group_chat,lilian_kamau,103.0
zai-intelligence-20260408,group_chat,lilian_kamau,120.0
zai-intelligence-20260408,group_chat,lilian_kamau,11.0
zai-intelligence-20260408,group_chat,lilian_kamau,66.0
zai-intelligence-20260408,group_chat,lilian_kamau,42.0
zai-intelligence-20260408,group_chat,lilian_kamau,20.0
zai-intelligence-20260408,group_chat,lilian_kamau,76.0
zai-intelligence-20260408,group_chat,lilian_kamau,36.0
zai-intelligence-20260408,group_chat,lilian_kamau,20.0
zai-intelligence-20260408,group_chat,lilian_kamau,61.0
zai-intelligence-20260408,group_chat,lilian_kamau,16930.0
zai-intelligence-20260408,group_chat,lilian_kamau,95.0
zai-intelligence-20260408,group_chat,lilian_kamau,115.0
zai-intelligence-20260408,group_chat,lilian_kamau,120.0
zai-intelligence-20260408,group_chat,kiril_vasilev,96.0
zai-intelligence-20260408,group_chat,kiril_vasilev,117.0
zai-intelligence-20260408,group_chat,kiril_vasilev,88.0
zai-intelligence-20260408,group_chat,kiril_vasilev,85.0
zai-intelligence-20260408,group_chat,kiril_vasilev,594415.0
zai-intelligence-20260408,group_chat,kiril_vasilev,165.0
zai-intelligence-20260408,group_chat,kiril_vasilev,150.0
zai-intelligence-20260408,group_chat,kiril_vasilev,130.0
zai-intelligence-20260408,group_chat,kiril_vasilev,431022.0
zai-intelligence-20260408,group_chat,kiril_vasilev,279.0
zai-intelligence-20260408,group_chat,kiril_vasilev,221.0
zai-intelligence-20260408,group_chat,kiril_vasilev,63.0
zai-intelligence-20260408,group_chat,kiril_vasilev,712110.0
zai-intelligence-20260408,group_chat,kiril_vasilev,285.0
zai-intelligence-20260408,group_chat,kiril_vasilev,150.0
zai-intelligence-20260408,group_chat,kiril_vasilev,323490.0
zai-intelligence-20260408,group_chat,kiril_vasilev,95.0
zai-intelligence-20260408,group_chat,akiko_yamada,112.0
zai-intelligence-20260408,group_chat,akiko_yamada,103.0
zai-intelligence-20260408,group_chat,akiko_yamada,87.0
zai-intelligence-20260408,group_chat,akiko_yamada,81.0
zai-intelligence-20260408,group_chat,akiko_yamada,180237.0
zai-intelligence-20260408,group_chat,akiko_yamada,170.0
zai-intelligence-20260408,group_chat,akiko_yamada,115.0
zai-intelligence-20260408,group_chat,akiko_yamada,845266.0
zai-intelligence-20260408,group_chat,akiko_yamada,122.0
zai-intelligence-20260408,group_chat,akiko_yamada,280.0
zai-intelligence-20260408,group_chat,akiko_yamada,218.0
zai-intelligence-20260408,group_chat,akiko_yamada,190069.0
zai-intelligence-20260408,group_chat,akiko_yamada,170.0
zai-intelligence-20260408,group_chat,akiko_yamada,40.0
zai-intelligence-20260408,group_chat,akiko_yamada,68909.0
zai-intelligence-20260408,group_chat,akiko_yamada,119.0
zai-intelligence-20260408,group_chat,akiko_yamada,122.0
zai-intelligence-20260408,group_chat,akiko_yamada,100.0
zai-intelligence-20260408,group_chat,akiko_yamada,258131.0
zai-intelligence-20260408,group_chat,akiko_yamada,69.0
zai-intelligence-20260408,group_chat,akiko_yamada,30.0
zai-intelligence-20260408,group_chat,akiko_yamada,120.0
zai-intelligence-20260408,group_chat,akiko_yamada,86330.0
zai-intelligence-20260408,group_chat,akiko_yamada,195.0
zai-intelligence-20260408,group_chat,akiko_yamada,50.0
zai-intelligence-20260408,group_chat,akiko_yamada,85.0
zai-intelligence-20260408,group_chat,akiko_yamada,432.0
zai-intelligence-20260408,group_chat,akiko_yamada,2810.0
zai-intelligence-20260408,group_chat,akiko_yamada,80.0
zai-intelligence-20260408,group_chat,akiko_yamada,99.0
zai-intelligence-20260408,group_chat,akiko_yamada,82891.0
zai-intelligence-20260408,group_chat,akiko_yamada,323.0
zai-intelligence-20260408,group_chat,akiko_yamada,215.0
zai-intelligence-20260408,group_chat,akiko_yamada,403.0
zai-intelligence-20260408,group_chat,akiko_yamada,2430.0
zai-intelligence-20260408,group_chat,akiko_yamada,199.0
zai-intelligence-20260408,group_chat,akiko_yamada,130.0
zai-intelligence-20260408,group_chat,akiko_yamada,17528.0
zai-intelligence-20260408,group_chat,akiko_yamada,290.0
zai-intelligence-20260408,group_chat,akiko_yamada,310.0
zai-intelligence-20260408,group_chat,akiko_yamada,323365.0
zai-intelligence-20260408,group_chat,akiko_yamada,95.0
zai-intelligence-20260408,group_chat,akiko_yamada,70.0
zai-intelligence-20260408,group_chat,akiko_yamada,83520.0
zai-intelligence-20260408,group_chat,akiko_yamada,325.0
zai-intelligence-20260408,group_chat,akiko_yamada,260.0
zai-intelligence-20260408,group_chat,akiko_yamada,175137.0
zai-intelligence-20260408,group_chat,akiko_yamada,198.0
zai-intelligence-20260408,group_chat,akiko_yamada,90.0
zai-intelligence-20260408,group_chat,akiko_yamada,120.0
zai-intelligence-20260408,group_chat,Hanh Nguyen,107.0
zai-intelligence-20260408,group_chat,Hanh Nguyen,190.0
zai-intelligence-20260408,group_chat,Hanh Nguyen,148.0
zai-intelligence-20260408,group_chat,Hanh Nguyen,168737.0
zai-intelligence-20260408,group_chat,Hanh Nguyen,182.0
zai-intelligence-20260408,group_chat,Hanh Nguyen,164.0
zai-intelligence-20260408,group_chat,Hanh Nguyen,187.0
zai-intelligence-20260408,group_chat,Hanh Nguyen,17421.0
zai-intelligence-20260408,group_chat,Hanh Nguyen,244.0
zai-intelligence-20260408,group_chat,Hanh Nguyen,40.0
zai-intelligence-20260408,group_chat,Hanh Nguyen,86140.0
zai-intelligence-20260408,group_chat,Hanh Nguyen,110.0
zai-intelligence-20260408,group_chat,Hanh Nguyen,230.0
zai-intelligence-20260408,group_chat,Hanh Nguyen,83.0
zai-intelligence-20260408,group_chat,Hanh Nguyen,68137.0
zai-intelligence-20260408,group_chat,Hanh Nguyen,145.0
zai-intelligence-20260408,group_chat,Hanh Nguyen,64.0
zai-intelligence-20260408,group_chat,Hanh Nguyen,251.0
zai-intelligence-20260408,group_chat,Hanh Nguyen,85740.0
zai-intelligence-20260408,group_chat,Hanh Nguyen,135.0
zai-intelligence-20260408,group_chat,Hanh Nguyen,145.0
zai-intelligence-20260408,group_chat,Hanh Nguyen,90200.0
zai-intelligence-20260408,group_chat,Hanh Nguyen,265.0
zai-intelligence-20260408,group_chat,Hanh Nguyen,130.0
zai-intelligence-20260408,group_chat,Hanh Nguyen,45.0
zai-intelligence-20260408,group_chat,Hanh Nguyen,13400.0
zai-intelligence-20260408,group_chat,Hanh Nguyen,240.0
zai-intelligence-20260408,group_chat,Hanh Nguyen,185.0
zai-intelligence-20260408,group_chat,Hanh Nguyen,275.0
zai-intelligence-20260408,group_chat,Hanh Nguyen,135.0
zai-intelligence-20260408,group_chat,Hanh Nguyen,67672.0
zai-intelligence-20260408,group_chat,Hanh Nguyen,138.0
zai-intelligence-20260408,group_chat,Hanh Nguyen,70.0
zai-intelligence-20260408,group_chat,Hanh Nguyen,90.0
zai-intelligence-20260408,group_chat,Hanh Nguyen,17.0
zai-intelligence-20260408,group_chat,Hanh Nguyen,103.0
zai-intelligence-20260408,group_chat,Hanh Nguyen,190.0
zai-intelligence-20260408,group_chat,Hanh Nguyen,415.0
zai-intelligence-20260408,group_chat,Hanh Nguyen,103335.0
zai-intelligence-20260408,group_chat,Hanh Nguyen,95.0
zai-intelligence-20260408,group_chat,Hanh Nguyen,115.0
zai-intelligence-20260408,group_chat,Hanh Nguyen,130.0
zai-intelligence-20260408,group_chat,Hanh Nguyen,75.0
zai-intelligence-20260408,group_chat,Hanh Nguyen,25.0
zai-intelligence-20260408,group_chat,Hanh Nguyen,40.0
zai-intelligence-20260408,group_chat,Hanh Nguyen,86021.0
zai-intelligence-20260408,group_chat,Hanh Nguyen,114.0
zai-intelligence-20260408,group_chat,Hanh Nguyen,14.0
zai-intelligence-20260408,group_chat,Hanh Nguyen,111.0
zai-intelligence-20260408,group_chat,Hanh Nguyen,65.0
zai-intelligence-20260408,group_chat,Hanh Nguyen,68030.0
zai-intelligence-20260408,group_chat,Hanh Nguyen,196.0
zai-intelligence-20260408,group_chat,Hanh Nguyen,133.0
zai-intelligence-20260408,group_chat,Hanh Nguyen,119.0
zai-intelligence-20260408,group_chat,Hanh Nguyen,92.0
zai-intelligence-20260408,group_chat,Hanh Nguyen,67.0
zai-intelligence-20260408,group_chat,Hanh Nguyen,17519.0
zai-intelligence-20260408,group_chat,Hanh Nguyen,74.0
zai-intelligence-20260408,group_chat,Hanh Nguyen,105.0
zai-intelligence-20260408,group_chat,Hanh Nguyen,75.0
zai-intelligence-20260408,group_chat,Hanh Nguyen,86157.0
zai-intelligence-20260408,group_chat,Hanh Nguyen,338.0
zai-intelligence-20260408,group_chat,Hanh Nguyen,40.0
zai-intelligence-20260408,group_chat,Hanh Nguyen,145.0
zai-intelligence-20260408,group_chat,Hanh Nguyen,67918.0
zai-intelligence-20260408,group_chat,Hanh Nguyen,42.0
zai-intelligence-20260408,group_chat,Hanh Nguyen,25.0
zai-intelligence-20260408,group_chat,Hanh Nguyen,110.0
zai-intelligence-20260408,group_chat,Hanh Nguyen,95.0
zai-intelligence-20260408,group_chat,Hanh Nguyen,89707.0
zai-intelligence-20260408,group_chat,Hanh Nguyen,225.0
zai-intelligence-20260408,group_chat,Hanh Nguyen,115.0
zai-intelligence-20260408,group_chat,Hanh Nguyen,82368.0
zai-intelligence-20260408,group_chat,Hanh Nguyen,55.0
zai-intelligence-20260408,group_chat,Hanh Nguyen,17.0
zai-intelligence-20260408,group_chat,Hanh Nguyen,118.0
zai-intelligence-20260408,group_chat,Hanh Nguyen,30.0
zai-intelligence-20260408,group_chat,Hanh Nguyen,84.0
zai-intelligence-20260408,group_chat,Hanh Nguyen,181.0
zai-intelligence-20260408,group_chat,Hanh Nguyen,137.0
zai-intelligence-20260408,group_chat,Hanh Nguyen,263.0
zai-intelligence-20260408,group_chat,Hanh Nguyen,380.0
zai-intelligence-20260408,group_chat,Hanh Nguyen,85290.0
zai-intelligence-20260408,group_chat,Hanh Nguyen,105.0
zai-intelligence-20260408,group_chat,Hanh Nguyen,160.0
zai-intelligence-20260408,group_chat,Hanh Nguyen,4015.0
zai-intelligence-20260408,group_chat,Hanh Nguyen,220.0
zai-intelligence-20260408,group_chat,Hanh Nguyen,215.0
zai-intelligence-20260408,group_chat,Hanh Nguyen,225.0
zai-intelligence-20260408,group_chat,Hanh Nguyen,171382.0
zai-intelligence-20260408,group_chat,Hanh Nguyen,223.0
zai-intelligence-20260408,group_chat,Hanh Nguyen,86060.0
zai-intelligence-20260408,group_chat,Hanh Nguyen,165.0
zai-intelligence-20260408,group_chat,Hanh Nguyen,120.0
zai-intelligence-20260408,group_chat,Hanh Nguyen,14170.0
zai-intelligence-20260408,group_chat,Hanh Nguyen,228.0
zai-intelligence-20260408,group_chat,Hanh Nguyen,65.0
zai-intelligence-20260408,group_chat,Hanh Nguyen,160.0
zai-intelligence-20260408,group_chat,Hanh Nguyen,62.0
zai-intelligence-20260408,group_chat,Hanh Nguyen,67845.0
zai-intelligence-20260408,group_chat,Hanh Nguyen,195.0
zai-intelligence-20260408,group_chat,Hanh Nguyen,165.0
zai-intelligence-20260408,group_chat,Hanh Nguyen,180.0
zai-intelligence-20260408,group_chat,Hanh Nguyen,17567.0
zai-intelligence-20260408,group_chat,Hanh Nguyen,578.0
zai-intelligence-20260408,group_chat,Hanh Nguyen,295.0
zai-intelligence-20260408,group_chat,Hanh Nguyen,68020.0
zai-intelligence-20260408,group_chat,Hanh Nguyen,105.0
zai-intelligence-20260408,group_chat,Hanh Nguyen,75.0
zai-intelligence-20260408,group_chat,Hanh Nguyen,45.0
zai-intelligence-20260408,group_chat,Hanh Nguyen,160.0
zai-intelligence-20260408,group_chat,Hanh Nguyen,120.0
zai-intelligence-20260408,group_chat,Hanh Nguyen,120.0
zai-intelligence-20260408,group_chat,Hanh Nguyen,85322.0
zai-intelligence-20260408,group_chat,Hanh Nguyen,303.0
zai-intelligence-20260408,group_chat,Hanh Nguyen,258.0
zai-intelligence-20260408,group_chat,Hanh Nguyen,117.0
zai-intelligence-20260408,group_chat,Hanh Nguyen,213.0
zai-intelligence-20260408,group_chat,Hanh Nguyen,539098.0
zai-intelligence-20260408,group_chat,Hanh Nguyen,164.0
zai-intelligence-20260408,group_chat,Hanh Nguyen,170.0
zai-intelligence-20260408,group_chat,Hanh Nguyen,64355.0
zai-intelligence-20260408,group_chat,Hanh Nguyen,324.0
zai-intelligence-20260408,group_chat,Hanh Nguyen,181.0
zai-intelligence-20260408,group_chat,Hanh Nguyen,3030.0
zai-intelligence-20260408,group_chat,Hanh Nguyen,133.0
zai-intelligence-20260408,group_chat,Hanh Nguyen,105.0
zai-intelligence-20260408,group_chat,Hanh Nguyen,42.0
zai-intelligence-20260408,group_chat,Kwame Williams,113.0
zai-intelligence-20260408,group_chat,Kwame Williams,130.0
zai-intelligence-20260408,group_chat,Kwame Williams,100.0
zai-intelligence-20260408,group_chat,Kwame Williams,168802.0
zai-intelligence-20260408,group_chat,Kwame Williams,80.0
zai-intelligence-20260408,group_chat,Kwame Williams,197.0
zai-intelligence-20260408,group_chat,Kwame Williams,111.0
zai-intelligence-20260408,group_chat,Kwame Williams,47.0
zai-intelligence-20260408,group_chat,Kwame Williams,85.0
zai-intelligence-20260408,group_chat,Kwame Williams,17308.0
zai-intelligence-20260408,group_chat,Kwame Williams,152.0
zai-intelligence-20260408,group_chat,Kwame Williams,23.0
zai-intelligence-20260408,group_chat,Kwame Williams,250.0
zai-intelligence-20260408,group_chat,Kwame Williams,86135.0
zai-intelligence-20260408,group_chat,Kwame Williams,140.0
zai-intelligence-20260408,group_chat,Kwame Williams,55.0
zai-intelligence-20260408,group_chat,Kwame Williams,167.0
zai-intelligence-20260408,group_chat,Kwame Williams,67978.0
zai-intelligence-20260408,group_chat,Kwame Williams,242.0
zai-intelligence-20260408,group_chat,Kwame Williams,250.0
zai-intelligence-20260408,group_chat,Kwame Williams,203.0
zai-intelligence-20260408,group_chat,Kwame Williams,45.0
zai-intelligence-20260408,group_chat,Kwame Williams,100.0
zai-intelligence-20260408,group_chat,Kwame Williams,85440.0
zai-intelligence-20260408,group_chat,Kwame Williams,130.0
zai-intelligence-20260408,group_chat,Kwame Williams,145.0
zai-intelligence-20260408,group_chat,Kwame Williams,35.0
zai-intelligence-20260408,group_chat,Kwame Williams,90172.0
zai-intelligence-20260408,group_chat,Kwame Williams,278.0
zai-intelligence-20260408,group_chat,Kwame Williams,180.0
zai-intelligence-20260408,group_chat,Kwame Williams,140.0
zai-intelligence-20260408,group_chat,Kwame Williams,13380.0
zai-intelligence-20260408,group_chat,Kwame Williams,200.0
zai-intelligence-20260408,group_chat,Kwame Williams,215.0
zai-intelligence-20260408,group_chat,Kwame Williams,215.0
zai-intelligence-20260408,group_chat,Kwame Williams,67865.0
zai-intelligence-20260408,group_chat,Kwame Williams,45.0
zai-intelligence-20260408,group_chat,Kwame Williams,105.0
zai-intelligence-20260408,group_chat,Kwame Williams,150.0
zai-intelligence-20260408,group_chat,Kwame Williams,105.0
zai-intelligence-20260408,group_chat,Kwame Williams,42.0
zai-intelligence-20260408,group_chat,Kwame Williams,373.0
zai-intelligence-20260408,group_chat,Kwame Williams,103545.0
zai-intelligence-20260408,group_chat,Kwame Williams,155.0
zai-intelligence-20260408,group_chat,Kwame Williams,33.0
zai-intelligence-20260408,group_chat,Kwame Williams,84.0
zai-intelligence-20260408,group_chat,Kwame Williams,93.0
zai-intelligence-20260408,group_chat,Kwame Williams,20.0
zai-intelligence-20260408,group_chat,Kwame Williams,65.0
zai-intelligence-20260408,group_chat,Kwame Williams,85985.0
zai-intelligence-20260408,group_chat,Kwame Williams,90.0
zai-intelligence-20260408,group_chat,Kwame Williams,25.0
zai-intelligence-20260408,group_chat,Kwame Williams,88.0
zai-intelligence-20260408,group_chat,Kwame Williams,114.0
zai-intelligence-20260408,group_chat,Kwame Williams,86140.0
zai-intelligence-20260408,group_chat,Kwame Williams,158.0
zai-intelligence-20260408,group_chat,Kwame Williams,100.0
zai-intelligence-20260408,group_chat,Kwame Williams,30.0
zai-intelligence-20260408,group_chat,Kwame Williams,86193.0
zai-intelligence-20260408,group_chat,Kwame Williams,162.0
zai-intelligence-20260408,group_chat,Kwame Williams,200.0
zai-intelligence-20260408,group_chat,Kwame Williams,137.0
zai-intelligence-20260408,group_chat,Kwame Williams,71388.0
zai-intelligence-20260408,group_chat,Kwame Williams,240.0
zai-intelligence-20260408,group_chat,Kwame Williams,145.0
zai-intelligence-20260408,group_chat,Kwame Williams,95.0
zai-intelligence-20260408,group_chat,Kwame Williams,85875.0
zai-intelligence-20260408,group_chat,Kwame Williams,233.0
zai-intelligence-20260408,group_chat,Kwame Williams,195.0
zai-intelligence-20260408,group_chat,Kwame Williams,82387.0
zai-intelligence-20260408,group_chat,Kwame Williams,70.0
zai-intelligence-20260408,group_chat,Kwame Williams,110.0
zai-intelligence-20260408,group_chat,Kwame Williams,10.0
zai-intelligence-20260408,group_chat,Kwame Williams,280.0
zai-intelligence-20260408,group_chat,Kwame Williams,300.0
zai-intelligence-20260408,group_chat,Kwame Williams,90.0
zai-intelligence-20260408,group_chat,Kwame Williams,60.0
zai-intelligence-20260408,group_chat,Kwame Williams,30.0
zai-intelligence-20260408,group_chat,Kwame Williams,348105.0
zai-intelligence-20260408,group_chat,Kwame Williams,175.0
zai-intelligence-20260408,group_chat,Kwame Williams,175.0
zai-intelligence-20260408,group_chat,Kwame Williams,135.0
zai-intelligence-20260408,group_chat,Kwame Williams,14148.0
zai-intelligence-20260408,group_chat,Kwame Williams,212.0
zai-intelligence-20260408,group_chat,Kwame Williams,125.0
zai-intelligence-20260408,group_chat,Kwame Williams,123.0
zai-intelligence-20260408,group_chat,Kwame Williams,85837.0
zai-intelligence-20260408,group_chat,Kwame Williams,83.0
zai-intelligence-20260408,group_chat,Kwame Williams,112.0
zai-intelligence-20260408,group_chat,Kwame Williams,728.0
zai-intelligence-20260408,group_chat,Kwame Williams,108.0
zai-intelligence-20260408,group_chat,Kwame Williams,264.0
zai-intelligence-20260408,group_chat,Kwame Williams,153765.0
zai-intelligence-20260408,group_chat,Kwame Williams,256.0
zai-intelligence-20260408,group_chat,Kwame Williams,304.0
zai-intelligence-20260408,group_chat,Kwame Williams,280.0
zai-intelligence-20260408,group_chat,Kwame Williams,171768.0
zai-intelligence-20260408,group_chat,Kwame Williams,125.0
zai-intelligence-20260408,group_chat,Kwame Williams,134.0
zai-intelligence-20260408,group_chat,Kwame Williams,133.0
zai-intelligence-20260408,group_chat,Kwame Williams,95.0
zai-intelligence-20260408,group_chat,Kwame Williams,50.0
zai-intelligence-20260408,group_chat,Kwame Williams,190395.0
zai-intelligence-20260408,group_chat,Kwame Williams,158.0
zai-intelligence-20260408,group_chat,Kwame Williams,132.0
zai-intelligence-20260408,group_chat,Kwame Williams,65.0
zai-intelligence-20260408,group_chat,Kwame Williams,240828.0
zai-intelligence-20260408,group_chat,Kwame Williams,93.0
zai-intelligence-20260408,group_chat,Kwame Williams,199.0
zai-intelligence-20260408,group_chat,Kwame Williams,110.0
zai-intelligence-20260408,group_chat,Kwame Williams,2960.0
zai-intelligence-20260408,group_chat,Kwame Williams,140.0
zai-intelligence-20260408,group_chat,Kwame Williams,151.0
zai-intelligence-20260408,group_chat,Kwame Williams,64.0
zai-intelligence-20260408,group_chat,Kwame Williams,30.0
zai-intelligence-20260408,group_chat,Mahmoud Baddour,105.0
zai-intelligence-20260408,group_chat,Mahmoud Baddour,155.0
zai-intelligence-20260408,group_chat,Mahmoud Baddour,449630.0
zai-intelligence-20260408,group_chat,Mahmoud Baddour,175.0
zai-intelligence-20260408,group_chat,Mahmoud Baddour,111.0
zai-intelligence-20260408,group_chat,Mahmoud Baddour,169.0
zai-intelligence-20260408,group_chat,Mahmoud Baddour,1018565.0
zai-intelligence-20260408,group_chat,Mahmoud Baddour,55.0
zai-intelligence-20260408,group_chat,Mahmoud Baddour,135.0
zai-intelligence-20260408,group_chat,Mahmoud Baddour,85985.0
zai-intelligence-20260408,group_chat,Mahmoud Baddour,180.0
zai-intelligence-20260408,group_chat,Mahmoud Baddour,170.0
zai-intelligence-20260408,group_chat,Mahmoud Baddour,14230.0
zai-intelligence-20260408,group_chat,Mahmoud Baddour,137.0
zai-intelligence-20260408,group_chat,Mahmoud Baddour,208.0
zai-intelligence-20260408,group_chat,Mahmoud Baddour,344998.0
zai-intelligence-20260408,group_chat,Mahmoud Baddour,137.0
zai-intelligence-20260408,group_chat,Mahmoud Baddour,95.0
zai-intelligence-20260408,group_chat,Lilian Kamau,168.0
zai-intelligence-20260408,group_chat,Lilian Kamau,113.0
zai-intelligence-20260408,group_chat,Lilian Kamau,168974.0
zai-intelligence-20260408,group_chat,Lilian Kamau,280.0
zai-intelligence-20260408,group_chat,Lilian Kamau,210.0
zai-intelligence-20260408,group_chat,Lilian Kamau,205.0
zai-intelligence-20260408,group_chat,Lilian Kamau,20740.0
zai-intelligence-20260408,group_chat,Lilian Kamau,135.0
zai-intelligence-20260408,group_chat,Lilian Kamau,125.0
zai-intelligence-20260408,group_chat,Lilian Kamau,140.0
zai-intelligence-20260408,group_chat,Lilian Kamau,61495.0
zai-intelligence-20260408,group_chat,Lilian Kamau,192.0
zai-intelligence-20260408,group_chat,Lilian Kamau,138.0
zai-intelligence-20260408,group_chat,Lilian Kamau,170.0
zai-intelligence-20260408,group_chat,Lilian Kamau,130.0
zai-intelligence-20260408,group_chat,Lilian Kamau,120.0
zai-intelligence-20260408,group_chat,Lilian Kamau,9400.0
zai-intelligence-20260408,group_chat,Lilian Kamau,175.0
zai-intelligence-20260408,group_chat,Lilian Kamau,95.0
zai-intelligence-20260408,group_chat,Lilian Kamau,125.0
zai-intelligence-20260408,group_chat,Lilian Kamau,94045.0
zai-intelligence-20260408,group_chat,Lilian Kamau,165.0
zai-intelligence-20260408,group_chat,Lilian Kamau,2527.0
zai-intelligence-20260408,group_chat,Lilian Kamau,8.0
zai-intelligence-20260408,group_chat,Lilian Kamau,100.0
zai-intelligence-20260408,group_chat,Lilian Kamau,20.0
zai-intelligence-20260408,group_chat,Lilian Kamau,55.0
zai-intelligence-20260408,group_chat,Lilian Kamau,45.0
zai-intelligence-20260408,group_chat,Lilian Kamau,30.0
zai-intelligence-20260408,group_chat,Lilian Kamau,105.0
zai-intelligence-20260408,group_chat,Lilian Kamau,10.0
zai-intelligence-20260408,group_chat,Lilian Kamau,110.0
zai-intelligence-20260408,group_chat,Lilian Kamau,68025.0
zai-intelligence-20260408,group_chat,Lilian Kamau,115.0
zai-intelligence-20260408,group_chat,Lilian Kamau,125.0
zai-intelligence-20260408,group_chat,Lilian Kamau,45.0
zai-intelligence-20260408,group_chat,Lilian Kamau,3210.0
zai-intelligence-20260408,group_chat,Lilian Kamau,115.0
zai-intelligence-20260408,group_chat,Lilian Kamau,120.0
zai-intelligence-20260408,group_chat,Lilian Kamau,3525.0
zai-intelligence-20260408,group_chat,Lilian Kamau,200.0
zai-intelligence-20260408,group_chat,Lilian Kamau,145.0
zai-intelligence-20260408,group_chat,Lilian Kamau,95.0
zai-intelligence-20260408,group_chat,Lilian Kamau,9318.0
zai-intelligence-20260408,group_chat,Lilian Kamau,87.0
zai-intelligence-20260408,group_chat,Lilian Kamau,160.0
zai-intelligence-20260408,group_chat,Lilian Kamau,170.0
zai-intelligence-20260408,group_chat,Lilian Kamau,75901.0
zai-intelligence-20260408,group_chat,Lilian Kamau,161.0
zai-intelligence-20260408,group_chat,Lilian Kamau,248.0
zai-intelligence-20260408,group_chat,Lilian Kamau,291.0
zai-intelligence-20260408,group_chat,Lilian Kamau,10326.0
zai-intelligence-20260408,group_chat,Lilian Kamau,283.0
zai-intelligence-20260408,group_chat,Lilian Kamau,132.0
zai-intelligence-20260408,group_chat,Lilian Kamau,71473.0
zai-intelligence-20260408,group_chat,Lilian Kamau,185.0
zai-intelligence-20260408,group_chat,Lilian Kamau,80.0
zai-intelligence-20260408,group_chat,Lilian Kamau,120.0
zai-intelligence-20260408,group_chat,Lilian Kamau,14070.0
zai-intelligence-20260408,group_chat,Lilian Kamau,70.0
zai-intelligence-20260408,group_chat,Lilian Kamau,145.0
zai-intelligence-20260408,group_chat,Lilian Kamau,68237.0
zai-intelligence-20260408,group_chat,Lilian Kamau,121.0
zai-intelligence-20260408,group_chat,Lilian Kamau,222.0
zai-intelligence-20260408,group_chat,Lilian Kamau,35.0
zai-intelligence-20260408,group_chat,Lilian Kamau,110.0
zai-intelligence-20260408,group_chat,Lilian Kamau,145.0
zai-intelligence-20260408,group_chat,Lilian Kamau,85.0
zai-intelligence-20260408,group_chat,Lilian Kamau,13752.0
zai-intelligence-20260408,group_chat,Lilian Kamau,133.0
zai-intelligence-20260408,group_chat,Lilian Kamau,170.0
zai-intelligence-20260408,group_chat,Lilian Kamau,107.0
zai-intelligence-20260408,group_chat,Lilian Kamau,3153.0
zai-intelligence-20260408,group_chat,Lilian Kamau,112.0
zai-intelligence-20260408,group_chat,Lilian Kamau,156.0
zai-intelligence-20260408,group_chat,Lilian Kamau,201.0
zai-intelligence-20260408,group_chat,Lilian Kamau,67857.0
zai-intelligence-20260408,group_chat,Lilian Kamau,174.0
zai-intelligence-20260408,group_chat,Lilian Kamau,15.0
zai-intelligence-20260408,group_chat,Lilian Kamau,95.0
zai-intelligence-20260408,group_chat,Lilian Kamau,77.0
zai-intelligence-20260408,group_chat,Lilian Kamau,11.0
zai-intelligence-20260408,group_chat,Lilian Kamau,172.0
zai-intelligence-20260408,group_chat,Lilian Kamau,115.0
zai-intelligence-20260408,group_chat,Lilian Kamau,102.0
zai-intelligence-20260408,group_chat,Lilian Kamau,89130.0
zai-intelligence-20260408,group_chat,Lilian Kamau,103.0
zai-intelligence-20260408,group_chat,Lilian Kamau,10.0
zai-intelligence-20260408,group_chat,Lilian Kamau,153.0
zai-intelligence-20260408,group_chat,Lilian Kamau,109.0
zai-intelligence-20260408,group_chat,Lilian Kamau,2.0
zai-intelligence-20260408,group_chat,Lilian Kamau,88.0
zai-intelligence-20260408,group_chat,Lilian Kamau,15.0
zai-intelligence-20260408,group_chat,Lilian Kamau,118.0
zai-intelligence-20260408,group_chat,Lilian Kamau,112.0
zai-intelligence-20260408,group_chat,Lilian Kamau,13868.0
zai-intelligence-20260408,group_chat,Lilian Kamau,152.0
zai-intelligence-20260408,group_chat,Lilian Kamau,96.0
zai-intelligence-20260408,group_chat,Lilian Kamau,194.0
zai-intelligence-20260408,group_chat,Lilian Kamau,113.0
zai-intelligence-20260408,group_chat,Lilian Kamau,85.0
zai-intelligence-20260408,group_chat,Lilian Kamau,67682.0
zai-intelligence-20260408,group_chat,Lilian Kamau,181.0
zai-intelligence-20260408,group_chat,Lilian Kamau,188.0
zai-intelligence-20260408,group_chat,Lilian Kamau,136.0
zai-intelligence-20260408,group_chat,Lilian Kamau,3038.0
zai-intelligence-20260408,group_chat,Lilian Kamau,290.0
zai-intelligence-20260408,group_chat,Lilian Kamau,235.0
zai-intelligence-20260408,group_chat,Lilian Kamau,110.0
zai-intelligence-20260408,group_chat,Lilian Kamau,13935.0
zai-intelligence-20260408,group_chat,Lilian Kamau,105.0
zai-intelligence-20260408,group_chat,Lilian Kamau,86185.0
zai-intelligence-20260408,group_chat,Lilian Kamau,90.0
zai-intelligence-20260408,group_chat,Lilian Kamau,140.0
zai-intelligence-20260408,group_chat,Lilian Kamau,71827.0
zai-intelligence-20260408,group_chat,Lilian Kamau,208.0
zai-intelligence-20260408,group_chat,Lilian Kamau,14190.0
zai-intelligence-20260408,group_chat,Lilian Kamau,173.0
zai-intelligence-20260408,group_chat,Lilian Kamau,68877.0
zai-intelligence-20260408,group_chat,Lilian Kamau,160.0
zai-intelligence-20260408,group_chat,Lilian Kamau,230.0
zai-intelligence-20260408,group_chat,Lilian Kamau,130.0
zai-intelligence-20260408,group_chat,Lilian Kamau,180.0
zai-intelligence-20260408,group_chat,Lilian Kamau,16642.0
zai-intelligence-20260408,group_chat,Lilian Kamau,163.0
zai-intelligence-20260408,group_chat,Lilian Kamau,187.0
zai-intelligence-20260408,group_chat,Lilian Kamau,115.0
zai-intelligence-20260408,group_chat,Lilian Kamau,305.0
zai-intelligence-20260408,group_chat,Lilian Kamau,67690.0
zai-intelligence-20260408,group_chat,Lilian Kamau,183.0
zai-intelligence-20260408,group_chat,Lilian Kamau,120.0
zai-intelligence-20260408,group_chat,Lilian Kamau,3295.0
zai-intelligence-20260408,group_chat,Lilian Kamau,173.0
zai-intelligence-20260408,group_chat,Lilian Kamau,102.0
zai-intelligence-20260408,group_chat,Lilian Kamau,65.0
zai-intelligence-20260408,group_chat,Lilian Kamau,88.0
zai-intelligence-20260408,group_chat,Lilian Kamau,77.0
zai-intelligence-20260408,group_chat,Lilian Kamau,95.0
zai-intelligence-20260408,group_chat,Lilian Kamau,270.0
zai-intelligence-20260408,group_chat,Lilian Kamau,240.0
zai-intelligence-20260408,group_chat,Lilian Kamau,190.0
zai-intelligence-20260408,group_chat,Lilian Kamau,81335.0
zai-intelligence-20260408,group_chat,Lilian Kamau,140.0
zai-intelligence-20260408,group_chat,Lilian Kamau,100.0
zai-intelligence-20260408,group_chat,Lilian Kamau,100.0
zai-intelligence-20260408,group_chat,Lilian Kamau,17845.0
zai-intelligence-20260408,group_chat,Lilian Kamau,75.0
zai-intelligence-20260408,group_chat,Lilian Kamau,146.0
zai-intelligence-20260408,group_chat,Lilian Kamau,68661.0
zai-intelligence-20260408,group_chat,Lilian Kamau,283.0
zai-intelligence-20260408,group_chat,Lilian Kamau,307.0
zai-intelligence-20260408,group_chat,Lilian Kamau,150.0
zai-intelligence-20260408,group_chat,Lilian Kamau,258.0
zai-intelligence-20260408,group_chat,Lilian Kamau,2050.0
zai-intelligence-20260408,group_chat,Lilian Kamau,240.0
zai-intelligence-20260408,group_chat,Lilian Kamau,250.0
zai-intelligence-20260408,group_chat,Lilian Kamau,83495.0
zai-intelligence-20260408,group_chat,Lilian Kamau,365.0
zai-intelligence-20260408,group_chat,Lilian Kamau,85547.0
zai-intelligence-20260408,group_chat,Lilian Kamau,300.0
zai-intelligence-20260408,group_chat,Lilian Kamau,220.0
zai-intelligence-20260408,group_chat,Lilian Kamau,16733.0
zai-intelligence-20260408,group_chat,Lilian Kamau,162.0
zai-intelligence-20260408,group_chat,Lilian Kamau,223.0
zai-intelligence-20260408,group_chat,Lilian Kamau,140.0
zai-intelligence-20260408,group_chat,Lilian Kamau,85810.0
zai-intelligence-20260408,group_chat,Lilian Kamau,270.0
zai-intelligence-20260408,group_chat,Lilian Kamau,90.0
zai-intelligence-20260408,group_chat,Lilian Kamau,120.0
zai-intelligence-20260408,group_chat,Lilian Kamau,101.0
zai-intelligence-20260408,group_chat,Lilian Kamau,67831.0
zai-intelligence-20260408,group_chat,Lilian Kamau,155.0
zai-intelligence-20260408,group_chat,Lilian Kamau,18.0
zai-intelligence-20260408,group_chat,Lilian Kamau,122.0
zai-intelligence-20260408,group_chat,Lilian Kamau,288.0
zai-intelligence-20260408,group_chat,Lilian Kamau,250.0
zai-intelligence-20260408,group_chat,Lilian Kamau,50.0
zai-intelligence-20260408,group_chat,Lilian Kamau,245.0
zai-intelligence-20260408,group_chat,Lilian Kamau,225.0
zai-intelligence-20260408,group_chat,Lilian Kamau,190.0
zai-intelligence-20260408,group_chat,Lilian Kamau,16560.0
zai-intelligence-20260408,group_chat,Lilian Kamau,110.0
zai-intelligence-20260408,group_chat,Lilian Kamau,120.0
zai-intelligence-20260408,group_chat,Lilian Kamau,195.0
zai-intelligence-20260408,group_chat,Lilian Kamau,68567.0
zai-intelligence-20260408,group_chat,Lilian Kamau,13.0
zai-intelligence-20260408,group_chat,Lilian Kamau,106.0
zai-intelligence-20260408,group_chat,Lilian Kamau,64.0
zai-intelligence-20260408,group_chat,Lilian Kamau,57.0
zai-intelligence-20260408,group_chat,Lilian Kamau,116.0
zai-intelligence-20260408,group_chat,Lilian Kamau,22.0
zai-intelligence-20260408,group_chat,Lilian Kamau,121.0
zai-intelligence-20260408,group_chat,Lilian Kamau,34.0
zai-intelligence-20260408,group_chat,Lilian Kamau,77.0
zai-intelligence-20260408,group_chat,Lilian Kamau,106.0
zai-intelligence-20260408,group_chat,Lilian Kamau,111.0
zai-intelligence-20260408,group_chat,Lilian Kamau,2156.0
zai-intelligence-20260408,group_chat,Lilian Kamau,193.0
zai-intelligence-20260408,group_chat,Lilian Kamau,82912.0
zai-intelligence-20260408,group_chat,Lilian Kamau,120.0
zai-intelligence-20260408,group_chat,Lilian Kamau,120.0
zai-intelligence-20260408,group_chat,Lilian Kamau,3090.0
zai-intelligence-20260408,group_chat,Lilian Kamau,170.0
zai-intelligence-20260408,group_chat,Lilian Kamau,115.0
zai-intelligence-20260408,group_chat,Lilian Kamau,115.0
zai-intelligence-20260408,group_chat,Lilian Kamau,13868.0
zai-intelligence-20260408,group_chat,Lilian Kamau,57.0
zai-intelligence-20260408,group_chat,Lilian Kamau,23.0
zai-intelligence-20260408,group_chat,Lilian Kamau,110.0
zai-intelligence-20260408,group_chat,Lilian Kamau,82.0
zai-intelligence-20260408,group_chat,Lilian Kamau,20.0
zai-intelligence-20260408,group_chat,Lilian Kamau,70.0
zai-intelligence-20260408,group_chat,Lilian Kamau,154715.0
zai-intelligence-20260408,group_chat,Lilian Kamau,260.0
zai-intelligence-20260408,group_chat,Lilian Kamau,295.0
zai-intelligence-20260408,group_chat,Lilian Kamau,230.0
zai-intelligence-20260408,group_chat,Lilian Kamau,85572.0
zai-intelligence-20260408,group_chat,Lilian Kamau,133.0
zai-intelligence-20260408,group_chat,Lilian Kamau,110.0
zai-intelligence-20260408,group_chat,Lilian Kamau,205.0
zai-intelligence-20260408,group_chat,Lilian Kamau,103838.0
zai-intelligence-20260408,group_chat,Lilian Kamau,76.0
zai-intelligence-20260408,group_chat,Lilian Kamau,108.0
zai-intelligence-20260408,group_chat,Lilian Kamau,68098.0
zai-intelligence-20260408,group_chat,Lilian Kamau,240.0
zai-intelligence-20260408,group_chat,Lilian Kamau,130.0
zai-intelligence-20260408,group_chat,Lilian Kamau,3345.0
zai-intelligence-20260408,group_chat,Lilian Kamau,239.0
zai-intelligence-20260408,group_chat,Lilian Kamau,281.0
zai-intelligence-20260408,group_chat,Lilian Kamau,86065.0
zai-intelligence-20260408,group_chat,Lilian Kamau,14540.0
zai-intelligence-20260408,group_chat,Lilian Kamau,195.0
zai-intelligence-20260408,group_chat,Lilian Kamau,257.0
zai-intelligence-20260408,group_chat,Amara Chukwuma,91.0
zai-intelligence-20260408,group_chat,Amara Chukwuma,131.0
zai-intelligence-20260408,group_chat,Amara Chukwuma,172616.0
zai-intelligence-20260408,group_chat,Amara Chukwuma,262.0
zai-intelligence-20260408,group_chat,Amara Chukwuma,170.0
zai-intelligence-20260408,group_chat,Amara Chukwuma,200.0
zai-intelligence-20260408,group_chat,Amara Chukwuma,100005.0
zai-intelligence-20260408,group_chat,Amara Chukwuma,155.0
zai-intelligence-20260408,group_chat,Amara Chukwuma,130.0
zai-intelligence-20260408,group_chat,Amara Chukwuma,90.0
zai-intelligence-20260408,group_chat,Amara Chukwuma,70.0
zai-intelligence-20260408,group_chat,Amara Chukwuma,67885.0
zai-intelligence-20260408,group_chat,Amara Chukwuma,125.0
zai-intelligence-20260408,group_chat,Amara Chukwuma,30.0
zai-intelligence-20260408,group_chat,Amara Chukwuma,35.0
zai-intelligence-20260408,group_chat,Amara Chukwuma,35.0
zai-intelligence-20260408,group_chat,Amara Chukwuma,45.0
zai-intelligence-20260408,group_chat,Amara Chukwuma,45.0
zai-intelligence-20260408,group_chat,Amara Chukwuma,35.0
zai-intelligence-20260408,group_chat,Amara Chukwuma,80.0
zai-intelligence-20260408,group_chat,Amara Chukwuma,20.0
zai-intelligence-20260408,group_chat,Amara Chukwuma,120.0
zai-intelligence-20260408,group_chat,Amara Chukwuma,17416.0
zai-intelligence-20260408,group_chat,Amara Chukwuma,110.0
zai-intelligence-20260408,group_chat,Amara Chukwuma,19.0
zai-intelligence-20260408,group_chat,Amara Chukwuma,135.0
zai-intelligence-20260408,group_chat,Amara Chukwuma,5.0
zai-intelligence-20260408,group_chat,Amara Chukwuma,102.0
zai-intelligence-20260408,group_chat,Amara Chukwuma,18.0
zai-intelligence-20260408,group_chat,Amara Chukwuma,85.0
zai-intelligence-20260408,group_chat,Amara Chukwuma,55.0
zai-intelligence-20260408,group_chat,Amara Chukwuma,68097.0
zai-intelligence-20260408,group_chat,Amara Chukwuma,188.0
zai-intelligence-20260408,group_chat,Amara Chukwuma,138.0
zai-intelligence-20260408,group_chat,Amara Chukwuma,212.0
zai-intelligence-20260408,group_chat,Amara Chukwuma,175.0
zai-intelligence-20260408,group_chat,Amara Chukwuma,258510.0
zai-intelligence-20260408,group_chat,Amara Chukwuma,364.0
zai-intelligence-20260408,group_chat,Amara Chukwuma,249.0
zai-intelligence-20260408,group_chat,Amara Chukwuma,229.0
zai-intelligence-20260408,group_chat,Amara Chukwuma,16918.0
zai-intelligence-20260408,group_chat,Amara Chukwuma,140.0
zai-intelligence-20260408,group_chat,Amara Chukwuma,70.0
zai-intelligence-20260408,group_chat,Amara Chukwuma,100.0
zai-intelligence-20260408,group_chat,Amara Chukwuma,244610.0
zai-intelligence-20260408,group_chat,Amara Chukwuma,270.0
zai-intelligence-20260408,group_chat,Amara Chukwuma,85.0
zai-intelligence-20260408,group_chat,Amara Chukwuma,105.0
zai-intelligence-20260408,group_chat,Amara Chukwuma,90.0
zai-intelligence-20260408,group_chat,Amara Chukwuma,85735.0
zai-intelligence-20260408,group_chat,Amara Chukwuma,290.0
zai-intelligence-20260408,group_chat,Amara Chukwuma,237.0
zai-intelligence-20260408,group_chat,Amara Chukwuma,233.0
zai-intelligence-20260408,group_chat,Amara Chukwuma,13730.0
zai-intelligence-20260408,group_chat,Amara Chukwuma,75.0
zai-intelligence-20260408,group_chat,Amara Chukwuma,80.0
zai-intelligence-20260408,group_chat,Amara Chukwuma,75.0
zai-intelligence-20260408,group_chat,Amara Chukwuma,30.0
zai-intelligence-20260408,group_chat,Amara Chukwuma,172610.0
zai-intelligence-20260408,group_chat,Amara Chukwuma,187.0
zai-intelligence-20260408,group_chat,Amara Chukwuma,190.0
zai-intelligence-20260408,group_chat,Amara Chukwuma,176.0
zai-intelligence-20260408,group_chat,Amara Chukwuma,105.0
zai-intelligence-20260408,group_chat,Amara Chukwuma,154062.0
zai-intelligence-20260408,group_chat,Amara Chukwuma,110.0
zai-intelligence-20260408,group_chat,Amara Chukwuma,135.0
zai-intelligence-20260408,group_chat,Amara Chukwuma,86887.0
zai-intelligence-20260408,group_chat,Amara Chukwuma,204.0
zai-intelligence-20260408,group_chat,Amara Chukwuma,294.0
zai-intelligence-20260408,group_chat,Amara Chukwuma,178.0
zai-intelligence-20260408,group_chat,Amara Chukwuma,2307.0
zai-intelligence-20260408,group_chat,Amara Chukwuma,200.0
zai-intelligence-20260408,group_chat,Amara Chukwuma,160.0
zai-intelligence-20260408,group_chat,Amara Chukwuma,82490.0
zai-intelligence-20260408,group_chat,Amara Chukwuma,335.0
zai-intelligence-20260408,group_chat,Amara Chukwuma,86550.0
zai-intelligence-20260408,group_chat,Amara Chukwuma,319.0
zai-intelligence-20260408,group_chat,Amara Chukwuma,215.0
zai-intelligence-20260408,group_chat,Amara Chukwuma,103168.0
zai-intelligence-20260408,group_chat,Amara Chukwuma,107.0
zai-intelligence-20260408,group_chat,Amara Chukwuma,96.0
zai-intelligence-20260408,group_chat,Amara Chukwuma,152.0
zai-intelligence-20260408,group_chat,Amara Chukwuma,143.0
zai-intelligence-20260408,group_chat,Amara Chukwuma,67925.0
zai-intelligence-20260408,group_chat,Amara Chukwuma,5.0
zai-intelligence-20260408,group_chat,Amara Chukwuma,67.0
zai-intelligence-20260408,group_chat,Amara Chukwuma,105.0
zai-intelligence-20260408,group_chat,Amara Chukwuma,165.0
zai-intelligence-20260408,group_chat,Amara Chukwuma,253.0
zai-intelligence-20260408,group_chat,Amara Chukwuma,295.0
zai-intelligence-20260408,group_chat,Amara Chukwuma,130.0
zai-intelligence-20260408,group_chat,Amara Chukwuma,86015.0
zai-intelligence-20260408,group_chat,Amara Chukwuma,164.0
zai-intelligence-20260408,group_chat,Amara Chukwuma,156.0
zai-intelligence-20260408,group_chat,Amara Chukwuma,135.0
zai-intelligence-20260408,group_chat,Amara Chukwuma,145.0
zai-intelligence-20260408,group_chat,Amara Chukwuma,16705.0
zai-intelligence-20260408,group_chat,Amara Chukwuma,180.0
zai-intelligence-20260408,group_chat,Amara Chukwuma,130.0
zai-intelligence-20260408,group_chat,Amara Chukwuma,115.0
zai-intelligence-20260408,group_chat,Amara Chukwuma,68215.0
zai-intelligence-20260408,group_chat,Amara Chukwuma,215.0
zai-intelligence-20260408,group_chat,Amara Chukwuma,110.0
zai-intelligence-20260408,group_chat,Amara Chukwuma,157.0
zai-intelligence-20260408,group_chat,Amara Chukwuma,89373.0
zai-intelligence-20260408,group_chat,Amara Chukwuma,136.0
zai-intelligence-20260408,group_chat,Amara Chukwuma,129.0
zai-intelligence-20260408,group_chat,Amara Chukwuma,82470.0
zai-intelligence-20260408,group_chat,Amara Chukwuma,170.0
zai-intelligence-20260408,group_chat,Amara Chukwuma,45.0
zai-intelligence-20260408,group_chat,Amara Chukwuma,67.0
zai-intelligence-20260408,group_chat,Amara Chukwuma,173.0
zai-intelligence-20260408,group_chat,Amara Chukwuma,180.0
zai-intelligence-20260408,group_chat,Amara Chukwuma,200.0
zai-intelligence-20260408,group_chat,Amara Chukwuma,17368.0
zai-intelligence-20260408,group_chat,Amara Chukwuma,238.0
zai-intelligence-20260408,group_chat,Amara Chukwuma,159.0
zai-intelligence-20260408,group_chat,Amara Chukwuma,67790.0
zai-intelligence-20260408,group_chat,Amara Chukwuma,91.0
zai-intelligence-20260408,group_chat,Amara Chukwuma,121.0
zai-intelligence-20260408,group_chat,Amara Chukwuma,48.0
zai-intelligence-20260408,group_chat,Amara Chukwuma,56.0
zai-intelligence-20260408,group_chat,Amara Chukwuma,84.0
zai-intelligence-20260408,group_chat,Amara Chukwuma,175.0
zai-intelligence-20260408,group_chat,Amara Chukwuma,269.0
zai-intelligence-20260408,group_chat,Amara Chukwuma,218.0
zai-intelligence-20260408,group_chat,Amara Chukwuma,153.0
zai-intelligence-20260408,group_chat,Amara Chukwuma,136.0
zai-intelligence-20260408,group_chat,Amara Chukwuma,129.0
zai-intelligence-20260408,group_chat,Amara Chukwuma,2152.0
zai-intelligence-20260408,group_chat,Amara Chukwuma,223.0
zai-intelligence-20260408,group_chat,Amara Chukwuma,222.0
zai-intelligence-20260408,group_chat,Amara Chukwuma,86014.0
zai-intelligence-20260408,group_chat,Amara Chukwuma,81.0
zai-intelligence-20260408,group_chat,Amara Chukwuma,208.0
zai-intelligence-20260408,group_chat,Amara Chukwuma,130.0
zai-intelligence-20260408,group_chat,Amara Chukwuma,82212.0
zai-intelligence-20260408,group_chat,Amara Chukwuma,208.0
zai-intelligence-20260408,group_chat,Amara Chukwuma,50.0
zai-intelligence-20260408,group_chat,Amara Chukwuma,130.0
zai-intelligence-20260408,group_chat,Amara Chukwuma,55.0
zai-intelligence-20260408,group_chat,Amara Chukwuma,86095.0
zai-intelligence-20260408,group_chat,Amara Chukwuma,155.0
zai-intelligence-20260408,group_chat,Amara Chukwuma,45.0
zai-intelligence-20260408,group_chat,Amara Chukwuma,80.0
zai-intelligence-20260408,group_chat,Amara Chukwuma,100.0
zai-intelligence-20260408,group_chat,Amara Chukwuma,75.0
zai-intelligence-20260408,group_chat,Amara Chukwuma,3095.0
zai-intelligence-20260408,group_chat,Amara Chukwuma,455.0
zai-intelligence-20260408,group_chat,Amara Chukwuma,13945.0
zai-intelligence-20260408,group_chat,Amara Chukwuma,280.0
zai-intelligence-20260408,group_chat,Amara Chukwuma,208.0
zai-intelligence-20260408,group_chat,Amara Chukwuma,140.0
zai-intelligence-20260408,group_chat,Amara Chukwuma,202.0
zai-intelligence-20260408,group_chat,Rohan Patel,60.0
zai-intelligence-20260408,group_chat,Rohan Patel,145.0
zai-intelligence-20260408,group_chat,Rohan Patel,28.0
zai-intelligence-20260408,group_chat,Rohan Patel,186830.0
zai-intelligence-20260408,group_chat,Rohan Patel,232.0
zai-intelligence-20260408,group_chat,Rohan Patel,110.0
zai-intelligence-20260408,group_chat,Rohan Patel,195.0
zai-intelligence-20260408,group_chat,Rohan Patel,3090.0
zai-intelligence-20260408,group_chat,Rohan Patel,135.0
zai-intelligence-20260408,group_chat,Rohan Patel,155.0
zai-intelligence-20260408,group_chat,Rohan Patel,130.0
zai-intelligence-20260408,group_chat,Rohan Patel,168805.0
zai-intelligence-20260408,group_chat,Rohan Patel,115.0
zai-intelligence-20260408,group_chat,Rohan Patel,200.0
zai-intelligence-20260408,group_chat,Rohan Patel,68188.0
zai-intelligence-20260408,group_chat,Rohan Patel,169.0
zai-intelligence-20260408,group_chat,Rohan Patel,197.0
zai-intelligence-20260408,group_chat,Rohan Patel,273.0
zai-intelligence-20260408,group_chat,Rohan Patel,175558.0
zai-intelligence-20260408,group_chat,Rohan Patel,40.0
zai-intelligence-20260408,group_chat,Rohan Patel,130.0
zai-intelligence-20260408,group_chat,Rohan Patel,65.0
zai-intelligence-20260408,group_chat,Rohan Patel,100520.0
zai-intelligence-20260408,group_chat,Rohan Patel,165.0
zai-intelligence-20260408,group_chat,Rohan Patel,80.0
zai-intelligence-20260408,group_chat,Rohan Patel,65.0
zai-intelligence-20260408,group_chat,Rohan Patel,244680.0
zai-intelligence-20260408,group_chat,Rohan Patel,210.0
zai-intelligence-20260408,group_chat,Rohan Patel,200.0
zai-intelligence-20260408,group_chat,Rohan Patel,172250.0
zai-intelligence-20260408,group_chat,Rohan Patel,240.0
zai-intelligence-20260408,group_chat,Rohan Patel,83380.0
zai-intelligence-20260408,group_chat,Rohan Patel,240.0
zai-intelligence-20260408,group_chat,Rohan Patel,130.0
zai-intelligence-20260408,group_chat,Rohan Patel,175.0
zai-intelligence-20260408,group_chat,Rohan Patel,150.0
zai-intelligence-20260408,group_chat,Rohan Patel,16712.0
zai-intelligence-20260408,group_chat,Rohan Patel,303.0
zai-intelligence-20260408,group_chat,Rohan Patel,30.0
zai-intelligence-20260408,group_chat,Rohan Patel,72227.0
zai-intelligence-20260408,group_chat,Rohan Patel,233.0
zai-intelligence-20260408,group_chat,Rohan Patel,115.0
zai-intelligence-20260408,group_chat,Rohan Patel,230.0
zai-intelligence-20260408,group_chat,Rohan Patel,75.0
zai-intelligence-20260408,group_chat,Rohan Patel,81410.0
zai-intelligence-20260408,group_chat,Rohan Patel,65.0
zai-intelligence-20260408,group_chat,Rohan Patel,125.0
zai-intelligence-20260408,group_chat,Rohan Patel,172502.0
zai-intelligence-20260408,group_chat,Rohan Patel,130.0
zai-intelligence-20260408,group_chat,Rohan Patel,34.0
zai-intelligence-20260408,group_chat,Rohan Patel,181.0
zai-intelligence-20260408,group_chat,Rohan Patel,86971.0
zai-intelligence-20260408,group_chat,Rohan Patel,252.0
zai-intelligence-20260408,group_chat,Rohan Patel,16947.0
zai-intelligence-20260408,group_chat,Rohan Patel,183.0
zai-intelligence-20260408,group_chat,Rohan Patel,70.0
zai-intelligence-20260408,group_chat,Rohan Patel,260.0
zai-intelligence-20260408,group_chat,Rohan Patel,85863.0
zai-intelligence-20260408,group_chat,Rohan Patel,120.0
zai-intelligence-20260408,group_chat,Rohan Patel,97.0
zai-intelligence-20260408,group_chat,Rohan Patel,122.0
zai-intelligence-20260408,group_chat,Rohan Patel,171.0
zai-intelligence-20260408,group_chat,Rohan Patel,172242.0
zai-intelligence-20260408,group_chat,Rohan Patel,240.0
zai-intelligence-20260408,group_chat,Rohan Patel,68445.0
zai-intelligence-20260408,group_chat,Rohan Patel,207.0
zai-intelligence-20260408,group_chat,Rohan Patel,158.0
zai-intelligence-20260408,group_chat,Rohan Patel,3115.0
zai-intelligence-20260408,group_chat,Rohan Patel,145.0
zai-intelligence-20260408,group_chat,Rohan Patel,125.0
zai-intelligence-20260408,group_chat,Rohan Patel,30.0
zai-intelligence-20260408,group_chat,Rohan Patel,169097.0
zai-intelligence-20260408,group_chat,Rohan Patel,143.0
zai-intelligence-20260408,group_chat,Rohan Patel,245.0
zai-intelligence-20260408,group_chat,Rohan Patel,230.0
zai-intelligence-20260408,group_chat,Rohan Patel,258265.0
zai-intelligence-20260408,group_chat,Rohan Patel,177.0
zai-intelligence-20260408,group_chat,Rohan Patel,128.0
zai-intelligence-20260408,group_chat,Rohan Patel,3382.0
zai-intelligence-20260408,group_chat,Rohan Patel,203.0
zai-intelligence-20260408,group_chat,Rohan Patel,220.0
zai-intelligence-20260408,group_chat,Rohan Patel,45.0
zai-intelligence-20260408,group_chat,Akiko Yamada,145.0
zai-intelligence-20260408,group_chat,Akiko Yamada,190543.0
zai-intelligence-20260408,group_chat,Akiko Yamada,115.0
zai-intelligence-20260408,group_chat,Akiko Yamada,115.0
zai-intelligence-20260408,group_chat,Akiko Yamada,140.0
zai-intelligence-20260408,group_chat,Akiko Yamada,61610.0
zai-intelligence-20260408,group_chat,Akiko Yamada,150.0
zai-intelligence-20260408,group_chat,Akiko Yamada,130.0
zai-intelligence-20260408,group_chat,Akiko Yamada,135.0
zai-intelligence-20260408,group_chat,Akiko Yamada,125.0
zai-intelligence-20260408,group_chat,Akiko Yamada,150.0
zai-intelligence-20260408,group_chat,Akiko Yamada,60.0
zai-intelligence-20260408,group_chat,Akiko Yamada,20182.0
zai-intelligence-20260408,group_chat,Akiko Yamada,199.0
zai-intelligence-20260408,group_chat,Akiko Yamada,68054.0
zai-intelligence-20260408,group_chat,Akiko Yamada,155.0
zai-intelligence-20260408,group_chat,Akiko Yamada,110.0
zai-intelligence-20260408,group_chat,Akiko Yamada,190525.0
zai-intelligence-20260408,group_chat,Akiko Yamada,225.0
zai-intelligence-20260408,group_chat,Akiko Yamada,175.0
zai-intelligence-20260408,group_chat,Akiko Yamada,71540.0
zai-intelligence-20260408,group_chat,Akiko Yamada,100.0
zai-intelligence-20260408,group_chat,Akiko Yamada,80.0
zai-intelligence-20260408,group_chat,Akiko Yamada,30.0
zai-intelligence-20260408,group_chat,Akiko Yamada,105.0
zai-intelligence-20260408,group_chat,Akiko Yamada,97102.0
zai-intelligence-20260408,group_chat,Akiko Yamada,110.0
zai-intelligence-20260408,group_chat,Akiko Yamada,153.0
zai-intelligence-20260408,group_chat,Akiko Yamada,90.0
zai-intelligence-20260408,group_chat,Akiko Yamada,175810.0
zai-intelligence-20260408,group_chat,Akiko Yamada,85.0
zai-intelligence-20260408,group_chat,Akiko Yamada,85.0
zai-intelligence-20260408,group_chat,Akiko Yamada,180.0
zai-intelligence-20260408,group_chat,Akiko Yamada,105.0
zai-intelligence-20260408,group_chat,Akiko Yamada,68067.0
zai-intelligence-20260408,group_chat,Akiko Yamada,186.0
zai-intelligence-20260408,group_chat,Akiko Yamada,184.0
zai-intelligence-20260408,group_chat,Akiko Yamada,140.0
zai-intelligence-20260408,group_chat,Akiko Yamada,3323.0
zai-intelligence-20260408,group_chat,Akiko Yamada,80.0
zai-intelligence-20260408,group_chat,Akiko Yamada,110.0
zai-intelligence-20260408,group_chat,Akiko Yamada,168595.0
zai-intelligence-20260408,group_chat,Akiko Yamada,350.0
zai-intelligence-20260408,group_chat,Akiko Yamada,175.0
zai-intelligence-20260408,group_chat,Akiko Yamada,260.0
zai-intelligence-20260408,group_chat,Akiko Yamada,2890.0
zai-intelligence-20260408,group_chat,Akiko Yamada,172.0
zai-intelligence-20260408,group_chat,Akiko Yamada,196.0
zai-intelligence-20260408,group_chat,Akiko Yamada,100820.0
zai-intelligence-20260408,group_chat,Akiko Yamada,27.0
zai-intelligence-20260408,group_chat,Akiko Yamada,412.0
zai-intelligence-20260408,group_chat,Akiko Yamada,71325.0
zai-intelligence-20260408,group_chat,Akiko Yamada,153.0
zai-intelligence-20260408,group_chat,Akiko Yamada,125.0
zai-intelligence-20260408,group_chat,Akiko Yamada,21.0
zai-intelligence-20260408,group_chat,Akiko Yamada,64.0
zai-intelligence-20260408,group_chat,Akiko Yamada,80.0
zai-intelligence-20260408,group_chat,Akiko Yamada,73.0
zai-intelligence-20260408,group_chat,Akiko Yamada,202.0
zai-intelligence-20260408,group_chat,Akiko Yamada,230.0
zai-intelligence-20260408,group_chat,Akiko Yamada,220.0
zai-intelligence-20260408,group_chat,Akiko Yamada,190.0
zai-intelligence-20260408,group_chat,Akiko Yamada,81320.0
zai-intelligence-20260408,group_chat,Akiko Yamada,40.0
zai-intelligence-20260408,group_chat,Akiko Yamada,130.0
zai-intelligence-20260408,group_chat,Akiko Yamada,17942.0
zai-intelligence-20260408,group_chat,Akiko Yamada,196.0
zai-intelligence-20260408,group_chat,Akiko Yamada,132.0
zai-intelligence-20260408,group_chat,Akiko Yamada,154298.0
zai-intelligence-20260408,group_chat,Akiko Yamada,192.0
zai-intelligence-20260408,group_chat,Akiko Yamada,103.0
zai-intelligence-20260408,group_chat,Akiko Yamada,2.0
zai-intelligence-20260408,group_chat,Akiko Yamada,135.0
zai-intelligence-20260408,group_chat,Akiko Yamada,41.0
zai-intelligence-20260408,group_chat,Akiko Yamada,364.0
zai-intelligence-20260408,group_chat,Akiko Yamada,2876.0
zai-intelligence-20260408,group_chat,Akiko Yamada,159.0
zai-intelligence-20260408,group_chat,Akiko Yamada,107.0
zai-intelligence-20260408,group_chat,Akiko Yamada,83385.0
zai-intelligence-20260408,group_chat,Akiko Yamada,240.0
zai-intelligence-20260408,group_chat,Akiko Yamada,171693.0
zai-intelligence-20260408,group_chat,Akiko Yamada,85.0
zai-intelligence-20260408,group_chat,Akiko Yamada,80.0
zai-intelligence-20260408,group_chat,Akiko Yamada,86902.0
zai-intelligence-20260408,group_chat,Akiko Yamada,166.0
zai-intelligence-20260408,group_chat,Akiko Yamada,137.0
zai-intelligence-20260408,group_chat,Akiko Yamada,155.0
zai-intelligence-20260408,group_chat,Akiko Yamada,2391.0
zai-intelligence-20260408,group_chat,Akiko Yamada,189.0
zai-intelligence-20260408,group_chat,Akiko Yamada,135.0
zai-intelligence-20260408,group_chat,Akiko Yamada,97.0
zai-intelligence-20260408,group_chat,Akiko Yamada,13983.0
zai-intelligence-20260408,group_chat,Akiko Yamada,180.0
zai-intelligence-20260408,group_chat,Akiko Yamada,215.0
zai-intelligence-20260408,group_chat,Akiko Yamada,68305.0
zai-intelligence-20260408,group_chat,Akiko Yamada,158.0
zai-intelligence-20260408,group_chat,Akiko Yamada,127.0
zai-intelligence-20260408,group_chat,Akiko Yamada,72.0
zai-intelligence-20260408,group_chat,Akiko Yamada,3158.0
zai-intelligence-20260408,group_chat,Akiko Yamada,140.0
zai-intelligence-20260408,group_chat,Akiko Yamada,130.0
zai-intelligence-20260408,group_chat,Akiko Yamada,86040.0
zai-intelligence-20260408,group_chat,Akiko Yamada,112.0
zai-intelligence-20260408,group_chat,Akiko Yamada,130.0
zai-intelligence-20260408,group_chat,Akiko Yamada,38.0
zai-intelligence-20260408,group_chat,Akiko Yamada,14300.0
zai-intelligence-20260408,group_chat,Akiko Yamada,212.0
zai-intelligence-20260408,group_chat,Akiko Yamada,188.0
zai-intelligence-20260408,group_chat,Akiko Yamada,67800.0
zai-intelligence-20260408,group_chat,Akiko Yamada,25.0
zai-intelligence-20260408,group_chat,Akiko Yamada,145.0
zai-intelligence-20260408,group_chat,Akiko Yamada,150.0
zai-intelligence-20260408,group_chat,Akiko Yamada,15.0
zai-intelligence-20260408,group_chat,Akiko Yamada,280.0
zai-intelligence-20260408,group_chat,Akiko Yamada,230.0
zai-intelligence-20260408,group_chat,Akiko Yamada,17337.0
zai-intelligence-20260408,group_chat,Akiko Yamada,193.0
zai-intelligence-20260408,group_chat,Akiko Yamada,160.0
zai-intelligence-20260408,group_chat,Akiko Yamada,67960.0
zai-intelligence-20260408,group_chat,Akiko Yamada,130.0
zai-intelligence-20260408,group_chat,Akiko Yamada,155.0
zai-intelligence-20260408,group_chat,Akiko Yamada,140.0
zai-intelligence-20260408,group_chat,Akiko Yamada,319.0
zai-intelligence-20260408,group_chat,Akiko Yamada,199.0
zai-intelligence-20260408,group_chat,Akiko Yamada,137.0
zai-intelligence-20260408,group_chat,Akiko Yamada,150.0
zai-intelligence-20260408,group_chat,Akiko Yamada,120.0
zai-intelligence-20260408,group_chat,Akiko Yamada,2215.0
zai-intelligence-20260408,group_chat,Akiko Yamada,247.0
zai-intelligence-20260408,group_chat,Akiko Yamada,100519.0
zai-intelligence-20260408,group_chat,Akiko Yamada,129.0
zai-intelligence-20260408,group_chat,Akiko Yamada,135.0
zai-intelligence-20260408,group_chat,Akiko Yamada,154510.0
zai-intelligence-20260408,group_chat,Akiko Yamada,140.0
zai-intelligence-20260408,group_chat,Akiko Yamada,175.0
zai-intelligence-20260408,group_chat,Akiko Yamada,125.0
zai-intelligence-20260408,group_chat,Akiko Yamada,17775.0
zai-intelligence-20260408,group_chat,Akiko Yamada,277.0
zai-intelligence-20260408,group_chat,Akiko Yamada,132.0
zai-intelligence-20260408,group_chat,julia_rodriguez,177.0
zai-intelligence-20260408,group_chat,julia_rodriguez,88.0
zai-intelligence-20260408,group_chat,julia_rodriguez,97.0
zai-intelligence-20260408,group_chat,julia_rodriguez,192.0
zai-intelligence-20260408,group_chat,julia_rodriguez,158.0
zai-intelligence-20260408,group_chat,julia_rodriguez,90.0
zai-intelligence-20260408,group_chat,julia_rodriguez,135.0
zai-intelligence-20260408,group_chat,julia_rodriguez,499555.0
zai-intelligence-20260408,group_chat,julia_rodriguez,207.0
zai-intelligence-20260408,group_chat,julia_rodriguez,190.0
zai-intelligence-20260408,group_chat,julia_rodriguez,13938.0
zai-intelligence-20260408,group_chat,julia_rodriguez,142.0
zai-intelligence-20260408,group_chat,julia_rodriguez,178.0
zai-intelligence-20260408,group_chat,julia_rodriguez,154620.0
zai-intelligence-20260408,group_chat,julia_rodriguez,325.0
zai-intelligence-20260408,group_chat,julia_rodriguez,230.0
zai-intelligence-20260408,group_chat,julia_rodriguez,390.0
zai-intelligence-20260408,group_chat,julia_rodriguez,195.0
zai-intelligence-20260408,group_chat,julia_rodriguez,85272.0
zai-intelligence-20260408,group_chat,julia_rodriguez,277.0
zai-intelligence-20260408,group_chat,julia_rodriguez,76.0
zai-intelligence-20260408,group_chat,julia_rodriguez,300.0
zai-intelligence-20260408,group_chat,julia_rodriguez,303.0
zai-intelligence-20260408,group_chat,julia_rodriguez,152.0
zai-intelligence-20260408,group_chat,julia_rodriguez,16985.0
zai-intelligence-20260408,group_chat,julia_rodriguez,335.0
zai-intelligence-20260408,group_chat,julia_rodriguez,134.0
zai-intelligence-20260408,group_chat,julia_rodriguez,67601.0
zai-intelligence-20260408,group_chat,julia_rodriguez,190.0
zai-intelligence-20260408,group_chat,julia_rodriguez,95.0
zai-intelligence-20260408,group_chat,julia_rodriguez,18.0
zai-intelligence-20260408,group_chat,julia_rodriguez,172.0
zai-intelligence-20260408,group_chat,julia_rodriguez,87.0
zai-intelligence-20260408,group_chat,julia_rodriguez,23.0
zai-intelligence-20260408,group_chat,julia_rodriguez,64.0
zai-intelligence-20260408,group_chat,julia_rodriguez,11.0
zai-intelligence-20260408,group_chat,julia_rodriguez,195.0
zai-intelligence-20260408,group_chat,julia_rodriguez,100.0
zai-intelligence-20260408,group_chat,julia_rodriguez,69.0
zai-intelligence-20260408,group_chat,julia_rodriguez,161.0
zai-intelligence-20260408,group_chat,julia_rodriguez,130.0
zai-intelligence-20260408,group_chat,julia_rodriguez,75.0
zai-intelligence-20260408,group_chat,julia_rodriguez,17025.0
zai-intelligence-20260408,group_chat,julia_rodriguez,175.0
zai-intelligence-20260408,group_chat,julia_rodriguez,71665.0
zai-intelligence-20260408,group_chat,julia_rodriguez,212.0
zai-intelligence-20260408,group_chat,julia_rodriguez,38.0
zai-intelligence-20260408,group_chat,julia_rodriguez,170.0
zai-intelligence-20260408,group_chat,julia_rodriguez,180.0
zai-intelligence-20260408,group_chat,julia_rodriguez,310.0
zai-intelligence-20260408,group_chat,julia_rodriguez,13412.0
zai-intelligence-20260408,group_chat,julia_rodriguez,133.0
zai-intelligence-20260408,group_chat,julia_rodriguez,156.0
zai-intelligence-20260408,group_chat,julia_rodriguez,68684.0
zai-intelligence-20260408,group_chat,julia_rodriguez,101.0
zai-intelligence-20260408,group_chat,julia_rodriguez,79.0
zai-intelligence-20260408,group_chat,julia_rodriguez,130.0
zai-intelligence-20260408,group_chat,julia_rodriguez,110.0
zai-intelligence-20260408,group_chat,julia_rodriguez,85517.0
zai-intelligence-20260408,group_chat,julia_rodriguez,203.0
zai-intelligence-20260408,group_chat,julia_rodriguez,236.0
zai-intelligence-20260408,group_chat,julia_rodriguez,39.0
zai-intelligence-20260408,group_chat,julia_rodriguez,202.0
zai-intelligence-20260408,group_chat,julia_rodriguez,121.0
zai-intelligence-20260408,group_chat,julia_rodriguez,7.0
zai-intelligence-20260408,group_chat,julia_rodriguez,280.0
zai-intelligence-20260408,group_chat,julia_rodriguez,85257.0
zai-intelligence-20260408,group_chat,julia_rodriguez,278.0
zai-intelligence-20260408,group_chat,julia_rodriguez,270.0
zai-intelligence-20260408,group_chat,julia_rodriguez,125.0
zai-intelligence-20260408,group_chat,julia_rodriguez,17125.0
zai-intelligence-20260408,group_chat,julia_rodriguez,130.0
zai-intelligence-20260408,group_chat,julia_rodriguez,90.0
zai-intelligence-20260408,group_chat,julia_rodriguez,95.0
zai-intelligence-20260408,group_chat,julia_rodriguez,165.0
zai-intelligence-20260408,group_chat,julia_rodriguez,130.0
zai-intelligence-20260408,group_chat,julia_rodriguez,68124.0
zai-intelligence-20260408,group_chat,julia_rodriguez,359.0
zai-intelligence-20260408,group_chat,julia_rodriguez,329.0
zai-intelligence-20260408,group_chat,julia_rodriguez,20233.0
zai-intelligence-20260408,group_chat,julia_rodriguez,40.0
zai-intelligence-20260408,group_chat,julia_rodriguez,90.0
zai-intelligence-20260408,group_chat,julia_rodriguez,95.0
zai-intelligence-20260408,group_chat,julia_rodriguez,82955.0
zai-intelligence-20260408,group_chat,julia_rodriguez,192.0
zai-intelligence-20260408,group_chat,julia_rodriguez,158.0
zai-intelligence-20260408,group_chat,julia_rodriguez,244572.0
zai-intelligence-20260408,group_chat,julia_rodriguez,23.0
zai-intelligence-20260408,group_chat,julia_rodriguez,85.0
zai-intelligence-20260408,group_chat,julia_rodriguez,60.0
zai-intelligence-20260408,group_chat,julia_rodriguez,80.0
zai-intelligence-20260408,group_chat,julia_rodriguez,8.0
zai-intelligence-20260408,group_chat,julia_rodriguez,37.0
zai-intelligence-20260408,group_chat,julia_rodriguez,99.0
zai-intelligence-20260408,group_chat,julia_rodriguez,71.0
zai-intelligence-20260408,group_chat,julia_rodriguez,100227.0
zai-intelligence-20260408,group_chat,julia_rodriguez,343.0
zai-intelligence-20260408,group_chat,julia_rodriguez,68910.0
zai-intelligence-20260408,group_chat,julia_rodriguez,125.0
zai-intelligence-20260408,group_chat,julia_rodriguez,125.0
zai-intelligence-20260408,group_chat,julia_rodriguez,95.0
zai-intelligence-20260408,group_chat,julia_rodriguez,120.0
zai-intelligence-20260408,group_chat,julia_rodriguez,171460.0
zai-intelligence-20260408,group_chat,julia_rodriguez,215.0
zai-intelligence-20260408,group_chat,julia_rodriguez,160.0
zai-intelligence-20260408,group_chat,julia_rodriguez,170.0
zai-intelligence-20260408,group_chat,julia_rodriguez,120.0
zai-intelligence-20260408,group_chat,julia_rodriguez,210.0
zai-intelligence-20260408,group_chat,julia_rodriguez,177.0
zai-intelligence-20260408,group_chat,julia_rodriguez,125.0
zai-intelligence-20260408,group_chat,julia_rodriguez,158.0
zai-intelligence-20260408,group_chat,julia_rodriguez,135.0
zai-intelligence-20260408,group_chat,julia_rodriguez,13041.0
zai-intelligence-20260408,group_chat,julia_rodriguez,199.0
zai-intelligence-20260408,group_chat,julia_rodriguez,145.0
zai-intelligence-20260408,group_chat,julia_rodriguez,158133.0
zai-intelligence-20260408,group_chat,julia_rodriguez,27.0
zai-intelligence-20260408,group_chat,julia_rodriguez,74.0
zai-intelligence-20260408,group_chat,julia_rodriguez,43.0
zai-intelligence-20260408,group_chat,julia_rodriguez,28.0
zai-intelligence-20260408,group_chat,julia_rodriguez,87.0
zai-intelligence-20260408,group_chat,julia_rodriguez,8.0
zai-intelligence-20260408,group_chat,julia_rodriguez,169.0
zai-intelligence-20260408,group_chat,julia_rodriguez,28.0
zai-intelligence-20260408,group_chat,julia_rodriguez,17.0
zai-intelligence-20260408,group_chat,julia_rodriguez,120.0
zai-intelligence-20260408,group_chat,julia_rodriguez,46.0
zai-intelligence-20260408,group_chat,julia_rodriguez,80.0
zai-intelligence-20260408,group_chat,julia_rodriguez,35.0
zai-intelligence-20260408,group_chat,julia_rodriguez,40.0
zai-intelligence-20260408,group_chat,julia_rodriguez,115.0
zai-intelligence-20260408,group_chat,julia_rodriguez,30.0
zai-intelligence-20260408,group_chat,julia_rodriguez,110.0
zai-intelligence-20260408,group_chat,julia_rodriguez,490.0
zai-intelligence-20260408,group_chat,julia_rodriguez,114.0
zai-intelligence-20260408,group_chat,julia_rodriguez,133.0
zai-intelligence-20260408,group_chat,julia_rodriguez,1623.0
zai-intelligence-20260408,group_chat,julia_rodriguez,115.0
zai-intelligence-20260408,group_chat,julia_rodriguez,140.0
zai-intelligence-20260408,group_chat,julia_rodriguez,60.0
zai-intelligence-20260408,group_chat,julia_rodriguez,60.0
zai-intelligence-20260408,group_chat,julia_rodriguez,90.0
zai-intelligence-20260408,group_chat,julia_rodriguez,85965.0
zai-intelligence-20260408,group_chat,julia_rodriguez,125.0
zai-intelligence-20260408,group_chat,julia_rodriguez,310.0
zai-intelligence-20260408,group_chat,julia_rodriguez,82462.0
zai-intelligence-20260408,group_chat,julia_rodriguez,218.0
zai-intelligence-20260408,group_chat,julia_rodriguez,152.0
zai-intelligence-20260408,group_chat,julia_rodriguez,169.0
zai-intelligence-20260408,group_chat,julia_rodriguez,21584.0
zai-intelligence-20260408,group_chat,julia_rodriguez,93.0
zai-intelligence-20260408,group_chat,julia_rodriguez,94.0
zai-intelligence-20260408,group_chat,julia_rodriguez,64626.0
zai-intelligence-20260408,group_chat,julia_rodriguez,98.0
zai-intelligence-20260408,group_chat,julia_rodriguez,136.0
zai-intelligence-20260408,group_chat,julia_rodriguez,93.0
zai-intelligence-20260408,group_chat,julia_rodriguez,103.0
zai-intelligence-20260408,group_chat,julia_rodriguez,16917.0
zai-intelligence-20260408,group_chat,julia_rodriguez,117.0
zai-intelligence-20260408,group_chat,julia_rodriguez,128.0
zai-intelligence-20260408,group_chat,julia_rodriguez,90.0
zai-intelligence-20260408,group_chat,julia_rodriguez,45.0
zai-intelligence-20260408,group_chat,julia_rodriguez,60.0
zai-intelligence-20260408,group_chat,mariam_hamed,172.0
zai-intelligence-20260408,group_chat,mariam_hamed,71.0
zai-intelligence-20260408,group_chat,mariam_hamed,111.0
zai-intelligence-20260408,group_chat,mariam_hamed,79.0
zai-intelligence-20260408,group_chat,mariam_hamed,96.0
zai-intelligence-20260408,group_chat,mariam_hamed,92.0
zai-intelligence-20260408,group_chat,mariam_hamed,69.0
zai-intelligence-20260408,group_chat,mariam_hamed,119.0
zai-intelligence-20260408,group_chat,mariam_hamed,47.0
zai-intelligence-20260408,group_chat,mariam_hamed,254690.0
zai-intelligence-20260408,group_chat,mariam_hamed,165.0
zai-intelligence-20260408,group_chat,mariam_hamed,285.0
zai-intelligence-20260408,group_chat,mariam_hamed,120.0
zai-intelligence-20260408,group_chat,mariam_hamed,1972285.0
zai-intelligence-20260408,group_chat,mariam_hamed,305.0
zai-intelligence-20260408,group_chat,mariam_hamed,150.0
zai-intelligence-20260408,group_chat,kwame_williams,93.0
zai-intelligence-20260408,group_chat,kwame_williams,125.0
zai-intelligence-20260408,group_chat,kwame_williams,92.0
zai-intelligence-20260408,group_chat,kwame_williams,17663.0
zai-intelligence-20260408,group_chat,kwame_williams,160.0
zai-intelligence-20260408,group_chat,kwame_williams,137.0
zai-intelligence-20260408,group_chat,kwame_williams,141.0
zai-intelligence-20260408,group_chat,kwame_williams,119.0
zai-intelligence-20260408,group_chat,kwame_williams,189.0
zai-intelligence-20260408,group_chat,kwame_williams,53.0
zai-intelligence-20260408,group_chat,kwame_williams,254721.0
zai-intelligence-20260408,group_chat,kwame_williams,140.0
zai-intelligence-20260408,group_chat,kwame_williams,110.0
zai-intelligence-20260408,group_chat,kwame_williams,110.0
zai-intelligence-20260408,group_chat,kwame_williams,115.0
zai-intelligence-20260408,group_chat,kwame_williams,1468405.0
zai-intelligence-20260408,group_chat,kwame_williams,258.0
zai-intelligence-20260408,group_chat,kwame_williams,241749.0
zai-intelligence-20260408,group_chat,kwame_williams,72.0
zai-intelligence-20260408,group_chat,kwame_williams,133.0
zai-intelligence-20260408,group_chat,kwame_williams,145.0
zai-intelligence-20260408,group_chat,kwame_williams,155.0
zai-intelligence-20260408,group_chat,kwame_williams,130.0
zai-intelligence-20260408,group_chat,kwame_williams,261368.0
zai-intelligence-20260408,group_chat,kwame_williams,275.0
zai-intelligence-20260408,group_chat,kwame_williams,110.0
zai-intelligence-20260408,group_chat,li_chan,75.0
zai-intelligence-20260408,group_chat,li_chan,124.0
zai-intelligence-20260408,group_chat,li_chan,106.0
zai-intelligence-20260408,group_chat,li_chan,35.0
zai-intelligence-20260408,group_chat,li_chan,137.0
zai-intelligence-20260408,group_chat,li_chan,171.0
zai-intelligence-20260408,group_chat,amara.chukwuma,240.0
zai-intelligence-20260408,group_chat,amara.chukwuma,175.0
zai-intelligence-20260408,group_chat,amara.chukwuma,89.0
zai-intelligence-20260408,group_chat,amara.chukwuma,168.0
zai-intelligence-20260408,group_chat,amara.chukwuma,97.0
zai-intelligence-20260408,group_chat,amara.chukwuma,237464.0
zai-intelligence-20260408,group_chat,amara.chukwuma,207.0
zai-intelligence-20260408,group_chat,amara.chukwuma,322.0
zai-intelligence-20260408,group_chat,amara.chukwuma,191.0
zai-intelligence-20260408,group_chat,amara.chukwuma,1208522.0
zai-intelligence-20260408,group_chat,amara.chukwuma,100.0
zai-intelligence-20260408,group_chat,amara.chukwuma,214.0
zai-intelligence-20260408,group_chat,amara.chukwuma,122.0
zai-intelligence-20260408,group_chat,amara.chukwuma,114.0
zai-intelligence-20260408,group_chat,amara.chukwuma,126.0
zai-intelligence-20260408,group_chat,amara.chukwuma,517518.0
zai-intelligence-20260408,group_chat,amara.chukwuma,209.0
zai-intelligence-20260408,group_chat,amara.chukwuma,108.0
zai-intelligence-20260408,group_chat,amara.chukwuma,95.0
zai-intelligence-20260408,group_chat,amara.chukwuma,67.0
zai-intelligence-20260408,group_chat,amara.chukwuma,83.0
zai-intelligence-20260408,group_chat,amara.chukwuma,62.0
zai-intelligence-20260408,group_chat,kiril.vasilev,106.0
zai-intelligence-20260408,group_chat,kiril.vasilev,134.0
zai-intelligence-20260408,group_chat,kiril.vasilev,207.0
zai-intelligence-20260408,group_chat,kiril.vasilev,195.0
zai-intelligence-20260408,group_chat,kiril.vasilev,1446953.0
zai-intelligence-20260408,group_chat,kiril.vasilev,192.0
zai-intelligence-20260408,group_chat,kiril.vasilev,129.0
zai-intelligence-20260408,group_chat,kiril.vasilev,159.0
zai-intelligence-20260408,group_chat,neha.sharma,160.0
zai-intelligence-20260408,group_chat,neha.sharma,177.0
zai-intelligence-20260408,group_chat,neha.sharma,164.0
zai-intelligence-20260408,group_chat,neha.sharma,159.0
zai-intelligence-20260408,group_chat,neha.sharma,237528.0
zai-intelligence-20260408,group_chat,neha.sharma,250.0
zai-intelligence-20260408,group_chat,neha.sharma,87.0
zai-intelligence-20260408,group_chat,neha.sharma,178.0
zai-intelligence-20260408,group_chat,neha.sharma,147.0
zai-intelligence-20260408,group_chat,neha.sharma,1119060.0
zai-intelligence-20260408,group_chat,neha.sharma,123.0
zai-intelligence-20260408,group_chat,neha.sharma,59.0
zai-intelligence-20260408,group_chat,neha.sharma,46.0
zai-intelligence-20260408,group_chat,neha.sharma,120.0
zai-intelligence-20260408,group_chat,neha.sharma,90.0
zai-intelligence-20260408,group_chat,neha.sharma,75.0
zai-intelligence-20260408,group_chat,neha.sharma,45.0
zai-intelligence-20260408,group_chat,neha.sharma,90.0
zai-intelligence-20260408,group_chat,neha.sharma,60.0
zai-intelligence-20260408,group_chat,neha.sharma,88778.0
zai-intelligence-20260408,group_chat,neha.sharma,214.0
zai-intelligence-20260408,group_chat,neha.sharma,240.0
zai-intelligence-20260408,group_chat,neha.sharma,96.0
zai-intelligence-20260408,group_chat,alessandra.rossi,203.0
zai-intelligence-20260408,group_chat,alessandra.rossi,217.0
zai-intelligence-20260408,group_chat,alessandra.rossi,121.0
zai-intelligence-20260408,group_chat,alessandra.rossi,1187402.0
zai-intelligence-20260408,group_chat,alessandra.rossi,129.0
zai-intelligence-20260408,group_chat,alessandra.rossi,125.0
zai-intelligence-20260408,group_chat,alessandra.rossi,777480.0
zai-intelligence-20260408,group_chat,alessandra.rossi,170.0
zai-intelligence-20260408,group_chat,alessandra.rossi,157.0
zai-intelligence-20260408,group_chat,alessandra.rossi,139.0
zai-intelligence-20260408,group_chat,mahmoud_baddour,112.0
zai-intelligence-20260408,group_chat,mahmoud_baddour,78.0
zai-intelligence-20260408,group_chat,mahmoud_baddour,160.0
zai-intelligence-20260408,group_chat,mahmoud_baddour,80.0
zai-intelligence-20260408,group_chat,mahmoud_baddour,1641380.0
zai-intelligence-20260408,group_chat,mahmoud_baddour,80.0
zai-intelligence-20260408,group_chat,mahmoud_baddour,185.0
zai-intelligence-20260408,group_chat,hanh_nguyen,95.0
zai-intelligence-20260408,group_chat,hanh_nguyen,117.0
zai-intelligence-20260408,group_chat,hanh_nguyen,123.0
zai-intelligence-20260408,group_chat,hanh_nguyen,273195.0
zai-intelligence-20260408,group_chat,hanh_nguyen,230.0
zai-intelligence-20260408,group_chat,hanh_nguyen,30.0
zai-intelligence-20260408,group_chat,hanh_nguyen,140.0
zai-intelligence-20260408,group_chat,hanh_nguyen,110.0
zai-intelligence-20260408,group_chat,hanh_nguyen,586335.0
zai-intelligence-20260408,group_chat,hanh_nguyen,288.0
zai-intelligence-20260408,group_chat,hanh_nguyen,2.0
zai-intelligence-20260408,group_chat,hanh_nguyen,310.0
zai-intelligence-20260408,group_chat,hanh_nguyen,160.0
zai-intelligence-20260408,group_chat,hanh_nguyen,170.0
zai-intelligence-20260408,group_chat,hanh_nguyen,206.0
zai-intelligence-20260408,group_chat,hanh_nguyen,34.0
zai-intelligence-20260408,group_chat,hanh_nguyen,780270.0
zai-intelligence-20260408,group_chat,hanh_nguyen,167.0
zai-intelligence-20260408,group_chat,nia_kabongo,100.0
zai-intelligence-20260408,group_chat,nia_kabongo,115.0
zai-intelligence-20260408,group_chat,nia_kabongo,115.0
zai-intelligence-20260408,group_chat,nia_kabongo,273190.0
zai-intelligence-20260408,group_chat,nia_kabongo,295.0
zai-intelligence-20260408,group_chat,nia_kabongo,205.0
zai-intelligence-20260408,group_chat,nia_kabongo,155250.0
zai-intelligence-20260408,group_chat,nia_kabongo,245.0
zai-intelligence-20260408,group_chat,nia_kabongo,245.0
zai-intelligence-20260408,group_chat,nia_kabongo,215.0
zai-intelligence-20260408,group_chat,nia_kabongo,1125273.0
zai-intelligence-20260408,group_chat,nia_kabongo,72.0
zai-intelligence-20260408,group_chat,nia_kabongo,108.0
zai-intelligence-20260408,group_chat,aisha_suleiman,125.0
zai-intelligence-20260408,group_chat,aisha_suleiman,100.0
zai-intelligence-20260408,group_chat,aisha_suleiman,273280.0
zai-intelligence-20260408,group_chat,aisha_suleiman,230.0
zai-intelligence-20260408,group_chat,aisha_suleiman,170.0
zai-intelligence-20260408,group_chat,aisha_suleiman,586315.0
zai-intelligence-20260408,group_chat,aisha_suleiman,310.0
zai-intelligence-20260408,group_chat,aisha_suleiman,10.0
zai-intelligence-20260408,group_chat,aisha_suleiman,310.0
zai-intelligence-20260408,group_chat,aisha_suleiman,130.0
zai-intelligence-20260408,group_chat,aisha_suleiman,200.0
zai-intelligence-20260408,group_chat,aisha_suleiman,210.0
zai-intelligence-20260408,group_chat,aisha_suleiman,40.0
zai-intelligence-20260408,group_chat,aisha_suleiman,780282.0
zai-intelligence-20260408,group_chat,aisha_suleiman,158.0
zai-intelligence-20260408,group_chat,aisha_suleiman,175.0
zai-intelligence-20260408,group_chat,aisha_suleiman,514445.0
zai-intelligence-20260408,group_chat,aisha_suleiman,275.0
zai-intelligence-20260408,group_chat,aisha_suleiman,245.0
zai-intelligence-20260408,group_chat,aisha_suleiman,250.0
zai-intelligence-20260408,group_chat,aisha_suleiman,89050.0
zai-intelligence-20260408,group_chat,aisha_suleiman,335.0
zai-intelligence-20260408,group_chat,aisha_suleiman,125.0
zai-intelligence-20260408,group_chat,aisha_suleiman,169355.0
zai-intelligence-20260408,group_chat,aisha_suleiman,107.0
zai-intelligence-20260408,group_chat,aisha_suleiman,122.0
zai-intelligence-20260408,group_chat,aisha_suleiman,120.0
zai-intelligence-20260408,group_chat,Nisha Reddy,192.0
zai-intelligence-20260408,group_chat,Nisha Reddy,173.0
zai-intelligence-20260408,group_chat,Nisha Reddy,123.0
zai-intelligence-20260408,group_chat,Nisha Reddy,345062.0
zai-intelligence-20260408,group_chat,Nisha Reddy,180.0
zai-intelligence-20260408,group_chat,Nisha Reddy,130.0
zai-intelligence-20260408,group_chat,Nisha Reddy,6665.0
zai-intelligence-20260408,group_chat,Nisha Reddy,216.0
zai-intelligence-20260408,group_chat,Nisha Reddy,261.0
zai-intelligence-20260408,group_chat,Nisha Reddy,228.0
zai-intelligence-20260408,group_chat,Nisha Reddy,78962.0
zai-intelligence-20260408,group_chat,Nisha Reddy,278.0
zai-intelligence-20260408,group_chat,Nisha Reddy,185.0
zai-intelligence-20260408,group_chat,Nisha Reddy,390.0
zai-intelligence-20260408,group_chat,Nisha Reddy,2460.0
zai-intelligence-20260408,group_chat,Nisha Reddy,85.0
zai-intelligence-20260408,group_chat,Nisha Reddy,150.0
zai-intelligence-20260408,group_chat,Nisha Reddy,169020.0
zai-intelligence-20260408,group_chat,Nisha Reddy,165.0
zai-intelligence-20260408,group_chat,Nisha Reddy,65.0
zai-intelligence-20260408,group_chat,Nisha Reddy,100.0
zai-intelligence-20260408,group_chat,Nisha Reddy,90.0
zai-intelligence-20260408,group_chat,Nisha Reddy,89572.0
zai-intelligence-20260408,group_chat,Nisha Reddy,230.0
zai-intelligence-20260408,group_chat,Nisha Reddy,180.0
zai-intelligence-20260408,group_chat,Nisha Reddy,112.0
zai-intelligence-20260408,group_chat,Nisha Reddy,172408.0
zai-intelligence-20260408,group_chat,Nisha Reddy,242.0
zai-intelligence-20260408,group_chat,Nisha Reddy,157.0
zai-intelligence-20260408,group_chat,Nisha Reddy,199.0
zai-intelligence-20260408,group_chat,Nisha Reddy,515145.0
zai-intelligence-20260408,group_chat,Nisha Reddy,385.0
zai-intelligence-20260408,group_chat,Nisha Reddy,448437.0
zai-intelligence-20260408,group_chat,Nisha Reddy,93.0
zai-intelligence-20260408,group_chat,Nisha Reddy,95.0
zai-intelligence-20260408,group_chat,Nisha Reddy,95.0
zai-intelligence-20260408,group_chat,Nisha Reddy,25.0
zai-intelligence-20260408,group_chat,Nisha Reddy,172525.0
zai-intelligence-20260408,group_chat,Nisha Reddy,140.0
zai-intelligence-20260408,group_chat,Nisha Reddy,80.0
zai-intelligence-20260408,group_chat,Nisha Reddy,15.0
zai-intelligence-20260408,group_chat,Nisha Reddy,80.0
zai-intelligence-20260408,group_chat,Nisha Reddy,50.0
zai-intelligence-20260408,group_chat,Nisha Reddy,244650.0
zai-intelligence-20260408,group_chat,Nisha Reddy,260.0
zai-intelligence-20260408,group_chat,Harpreet Singh,90.0
zai-intelligence-20260408,group_chat,Harpreet Singh,160.0
zai-intelligence-20260408,group_chat,Harpreet Singh,190.0
zai-intelligence-20260408,group_chat,Harpreet Singh,105.0
zai-intelligence-20260408,group_chat,Harpreet Singh,169370.0
zai-intelligence-20260408,group_chat,Harpreet Singh,180.0
zai-intelligence-20260408,group_chat,Harpreet Singh,157507.0
zai-intelligence-20260408,group_chat,Harpreet Singh,153.0
zai-intelligence-20260408,group_chat,Harpreet Singh,135.0
zai-intelligence-20260408,group_chat,Harpreet Singh,6585.0
zai-intelligence-20260408,group_chat,Harpreet Singh,138.0
zai-intelligence-20260408,group_chat,Harpreet Singh,37.0
zai-intelligence-20260408,group_chat,Harpreet Singh,254.0
zai-intelligence-20260408,group_chat,Harpreet Singh,196.0
zai-intelligence-20260408,group_chat,Harpreet Singh,10350.0
zai-intelligence-20260408,group_chat,Harpreet Singh,32.0
zai-intelligence-20260408,group_chat,Harpreet Singh,138.0
zai-intelligence-20260408,group_chat,Harpreet Singh,154.0
zai-intelligence-20260408,group_chat,Harpreet Singh,46.0
zai-intelligence-20260408,group_chat,Harpreet Singh,74.0
zai-intelligence-20260408,group_chat,Harpreet Singh,136.0
zai-intelligence-20260408,group_chat,Harpreet Singh,68125.0
zai-intelligence-20260408,group_chat,Harpreet Singh,165.0
zai-intelligence-20260408,group_chat,Harpreet Singh,303.0
zai-intelligence-20260408,group_chat,Harpreet Singh,247.0
zai-intelligence-20260408,group_chat,Harpreet Singh,83.0
zai-intelligence-20260408,group_chat,Harpreet Singh,171729.0
zai-intelligence-20260408,group_chat,Harpreet Singh,120.0
zai-intelligence-20260408,group_chat,Harpreet Singh,48.0
zai-intelligence-20260408,group_chat,Harpreet Singh,1.0
zai-intelligence-20260408,group_chat,Harpreet Singh,73.0
zai-intelligence-20260408,group_chat,Harpreet Singh,48.0
zai-intelligence-20260408,group_chat,Harpreet Singh,60.0
zai-intelligence-20260408,group_chat,Harpreet Singh,33.0
zai-intelligence-20260408,group_chat,Harpreet Singh,30.0
zai-intelligence-20260408,group_chat,Harpreet Singh,600.0
zai-intelligence-20260408,group_chat,Harpreet Singh,89038.0
zai-intelligence-20260408,group_chat,Harpreet Singh,67.0
zai-intelligence-20260408,group_chat,Harpreet Singh,235.0
zai-intelligence-20260408,group_chat,Harpreet Singh,103.0
zai-intelligence-20260408,group_chat,Harpreet Singh,83.0
zai-intelligence-20260408,group_chat,Harpreet Singh,172378.0
zai-intelligence-20260408,group_chat,Harpreet Singh,16.0
zai-intelligence-20260408,group_chat,Harpreet Singh,265.0
zai-intelligence-20260408,group_chat,Harpreet Singh,8.0
zai-intelligence-20260408,group_chat,Harpreet Singh,152.0
zai-intelligence-20260408,group_chat,Harpreet Singh,10.0
zai-intelligence-20260408,group_chat,Harpreet Singh,210.0
zai-intelligence-20260408,group_chat,Harpreet Singh,85648.0
zai-intelligence-20260408,group_chat,Harpreet Singh,142.0
zai-intelligence-20260408,group_chat,Harpreet Singh,345375.0
zai-intelligence-20260408,group_chat,Harpreet Singh,305.0
zai-intelligence-20260408,group_chat,Harpreet Singh,160.0
zai-intelligence-20260408,group_chat,Harpreet Singh,155.0
zai-intelligence-20260408,group_chat,Harpreet Singh,82617.0
zai-intelligence-20260408,group_chat,Harpreet Singh,280.0
zai-intelligence-20260408,group_chat,Harpreet Singh,408.0
zai-intelligence-20260408,group_chat,Harpreet Singh,312.0
zai-intelligence-20260408,group_chat,Harpreet Singh,313.0
zai-intelligence-20260408,group_chat,Harpreet Singh,2027.0
zai-intelligence-20260408,group_chat,Harpreet Singh,98.0
zai-intelligence-20260408,group_chat,Harpreet Singh,130.0
zai-intelligence-20260408,group_chat,Harpreet Singh,83235.0
zai-intelligence-20260408,group_chat,Harpreet Singh,298.0
zai-intelligence-20260408,group_chat,Harpreet Singh,171922.0
zai-intelligence-20260408,group_chat,Harpreet Singh,220.0
zai-intelligence-20260408,group_chat,Harpreet Singh,210.0
zai-intelligence-20260408,group_chat,Harpreet Singh,165.0
zai-intelligence-20260408,group_chat,Harpreet Singh,90.0
zai-intelligence-20260408,group_chat,Harpreet Singh,230.0
zai-intelligence-20260408,group_chat,Harpreet Singh,210.0
zai-intelligence-20260408,group_chat,Harpreet Singh,235.0
zai-intelligence-20260408,group_chat,Harpreet Singh,88477.0
zai-intelligence-20260408,group_chat,Harpreet Singh,173.0
zai-intelligence-20260408,group_chat,Harpreet Singh,110.0
zai-intelligence-20260408,group_chat,Harpreet Singh,100430.0
zai-intelligence-20260408,group_chat,Harpreet Singh,155.0
zai-intelligence-20260408,group_chat,Harpreet Singh,78.0
zai-intelligence-20260408,group_chat,Harpreet Singh,14.0
zai-intelligence-20260408,group_chat,Harpreet Singh,118.0
zai-intelligence-20260408,group_chat,Harpreet Singh,71812.0
zai-intelligence-20260408,group_chat,Harpreet Singh,113.0
zai-intelligence-20260408,group_chat,Harpreet Singh,130.0
zai-intelligence-20260408,group_chat,Harpreet Singh,14258.0
zai-intelligence-20260408,group_chat,Harpreet Singh,202.0
zai-intelligence-20260408,group_chat,Harpreet Singh,195.0
zai-intelligence-20260408,group_chat,Harpreet Singh,258605.0
zai-intelligence-20260408,group_chat,Harpreet Singh,162.0
zai-intelligence-20260408,group_chat,Harpreet Singh,121.0
zai-intelligence-20260408,group_chat,Harpreet Singh,71914.0
zai-intelligence-20260408,group_chat,Harpreet Singh,268.0
zai-intelligence-20260408,group_chat,Harpreet Singh,105.0
zai-intelligence-20260408,group_chat,Harpreet Singh,82290.0
zai-intelligence-20260408,group_chat,Harpreet Singh,140.0
zai-intelligence-20260408,group_chat,Harpreet Singh,115.0
zai-intelligence-20260408,group_chat,Harpreet Singh,3435.0
zai-intelligence-20260408,group_chat,Harpreet Singh,170.0
zai-intelligence-20260408,group_chat,Harpreet Singh,14338.0
zai-intelligence-20260408,group_chat,Harpreet Singh,367.0
zai-intelligence-20260408,group_chat,harpreet_singh,213.0
zai-intelligence-20260408,group_chat,harpreet_singh,165.0
zai-intelligence-20260408,group_chat,harpreet_singh,112.0
zai-intelligence-20260408,group_chat,harpreet_singh,163.0
zai-intelligence-20260408,group_chat,harpreet_singh,100255.0
zai-intelligence-20260408,group_chat,harpreet_singh,300.0
zai-intelligence-20260408,group_chat,harpreet_singh,300.0
zai-intelligence-20260408,group_chat,harpreet_singh,241220.0
zai-intelligence-20260408,group_chat,harpreet_singh,370.0
zai-intelligence-20260408,group_chat,harpreet_singh,85.0
zai-intelligence-20260408,group_chat,harpreet_singh,170.0
zai-intelligence-20260408,group_chat,harpreet_singh,707695.0
zai-intelligence-20260408,group_chat,harpreet_singh,165.0
zai-intelligence-20260408,group_chat,harpreet_singh,215.0
zai-intelligence-20260408,group_chat,harpreet_singh,345192.0
zai-intelligence-20260408,group_chat,harpreet_singh,170.0
zai-intelligence-20260408,group_chat,harpreet_singh,88.0
zai-intelligence-20260408,group_chat,harpreet_singh,70.0
zai-intelligence-20260408,group_chat,harpreet_singh,68250.0
zai-intelligence-20260408,group_chat,harpreet_singh,190.0
zai-intelligence-20260408,group_chat,harpreet_singh,62.0
zai-intelligence-20260408,group_chat,harpreet_singh,498.0
zai-intelligence-20260408,group_chat,harpreet_singh,89285.0
zai-intelligence-20260408,group_chat,harpreet_singh,240.0
zai-intelligence-20260408,group_chat,harpreet_singh,341545.0
zai-intelligence-20260408,group_chat,harpreet_singh,100.0
zai-intelligence-20260408,group_chat,harpreet_singh,259315.0
zai-intelligence-20260408,group_chat,harpreet_singh,200.0
zai-intelligence-20260408,group_chat,harpreet_singh,150.0
zai-intelligence-20260408,group_chat,Nia Kabongo,123.0
zai-intelligence-20260408,group_chat,Nia Kabongo,187.0
zai-intelligence-20260408,group_chat,Nia Kabongo,31.0
zai-intelligence-20260408,group_chat,Nia Kabongo,345347.0
zai-intelligence-20260408,group_chat,Nia Kabongo,215.0
zai-intelligence-20260408,group_chat,Nia Kabongo,305.0
zai-intelligence-20260408,group_chat,Nia Kabongo,68255.0
zai-intelligence-20260408,group_chat,Nia Kabongo,345.0
zai-intelligence-20260408,group_chat,Nia Kabongo,370.0
zai-intelligence-20260408,group_chat,Nia Kabongo,344615.0
zai-intelligence-20260408,group_chat,Nia Kabongo,116.0
zai-intelligence-20260408,group_chat,Nia Kabongo,69.0
zai-intelligence-20260408,group_chat,Nia Kabongo,154.0
zai-intelligence-20260408,group_chat,Nia Kabongo,36.0
zai-intelligence-20260408,group_chat,Nia Kabongo,89516.0
zai-intelligence-20260408,group_chat,Nia Kabongo,159.0
zai-intelligence-20260408,group_chat,Nia Kabongo,130.0
zai-intelligence-20260408,group_chat,Nia Kabongo,175.0
zai-intelligence-20260408,group_chat,Nia Kabongo,773822.0
zai-intelligence-20260408,group_chat,Nia Kabongo,48.0
zai-intelligence-20260408,group_chat,Nia Kabongo,340.0
zai-intelligence-20260408,group_chat,Nia Kabongo,202.0
zai-intelligence-20260408,group_chat,Nia Kabongo,240.0
zai-intelligence-20260408,group_chat,Nia Kabongo,362730.0
zai-intelligence-20260408,group_chat,Nia Kabongo,163.0
zai-intelligence-20260408,group_chat,Nia Kabongo,105.0
zai-intelligence-20260408,group_chat,Nia Kabongo,244342.0
zai-intelligence-20260408,group_chat,Nia Kabongo,113.0
zai-intelligence-20260408,group_chat,Nia Kabongo,135.0
zai-intelligence-20260408,group_chat,katya_petrov,165.0
zai-intelligence-20260408,group_chat,katya_petrov,180.0
zai-intelligence-20260408,group_chat,katya_petrov,130.0
zai-intelligence-20260408,group_chat,katya_petrov,71331.0
zai-intelligence-20260408,group_chat,katya_petrov,191.0
zai-intelligence-20260408,group_chat,katya_petrov,195.0
zai-intelligence-20260408,group_chat,katya_petrov,215.0
zai-intelligence-20260408,group_chat,katya_petrov,172491.0
zai-intelligence-20260408,group_chat,katya_petrov,164.0
zai-intelligence-20260408,group_chat,katya_petrov,85.0
zai-intelligence-20260408,group_chat,katya_petrov,79.0
zai-intelligence-20260408,group_chat,katya_petrov,59.0
zai-intelligence-20260408,group_chat,katya_petrov,82662.0
zai-intelligence-20260408,group_chat,katya_petrov,238.0
zai-intelligence-20260408,group_chat,katya_petrov,120.0
zai-intelligence-20260408,group_chat,katya_petrov,250.0
zai-intelligence-20260408,group_chat,katya_petrov,225.0
zai-intelligence-20260408,group_chat,katya_petrov,65.0
zai-intelligence-20260408,group_chat,katya_petrov,16442.0
zai-intelligence-20260408,group_chat,katya_petrov,215.0
zai-intelligence-20260408,group_chat,katya_petrov,180.0
zai-intelligence-20260408,group_chat,katya_petrov,163.0
zai-intelligence-20260408,group_chat,katya_petrov,71375.0
zai-intelligence-20260408,group_chat,katya_petrov,117.0
zai-intelligence-20260408,group_chat,katya_petrov,120.0
zai-intelligence-20260408,group_chat,katya_petrov,183.0
zai-intelligence-20260408,group_chat,katya_petrov,701647.0
zai-intelligence-20260408,group_chat,katya_petrov,238.0
zai-intelligence-20260408,group_chat,katya_petrov,62.0
zai-intelligence-20260408,group_chat,katya_petrov,146.0
zai-intelligence-20260408,group_chat,katya_petrov,142.0
zai-intelligence-20260408,group_chat,katya_petrov,150.0
zai-intelligence-20260408,group_chat,katya_petrov,158200.0
zai-intelligence-20260408,group_chat,katya_petrov,200.0
zai-intelligence-20260408,group_chat,katya_petrov,100.0
zai-intelligence-20260408,group_chat,katya_petrov,115.0
zai-intelligence-20260408,group_chat,katya_petrov,145.0
zai-intelligence-20260408,group_chat,katya_petrov,210.0
zai-intelligence-20260408,group_chat,katya_petrov,135.0
zai-intelligence-20260408,group_chat,katya_petrov,120.0
zai-intelligence-20260408,group_chat,katya_petrov,135.0
zai-intelligence-20260408,group_chat,katya_petrov,84525.0
zai-intelligence-20260408,group_chat,katya_petrov,90.0
zai-intelligence-20260408,group_chat,katya_petrov,105.0
zai-intelligence-20260408,group_chat,katya_petrov,452.0
zai-intelligence-20260408,group_chat,katya_petrov,128.0
zai-intelligence-20260408,group_chat,katya_petrov,125.0
zai-intelligence-20260408,group_chat,katya_petrov,120.0
zai-intelligence-20260408,group_chat,katya_petrov,348240.0
zai-intelligence-20260408,group_chat,katya_petrov,270.0
zai-intelligence-20260408,group_chat,katya_petrov,195.0
zai-intelligence-20260408,group_chat,katya_petrov,130.0
zai-intelligence-20260408,group_chat,katya_petrov,186635.0
zai-intelligence-20260408,group_chat,katya_petrov,175.0
zai-intelligence-20260408,group_chat,katya_petrov,212.0
zai-intelligence-20260408,group_chat,katya_petrov,63.0
zai-intelligence-20260408,group_chat,katya_petrov,155146.0
zai-intelligence-20260408,group_chat,katya_petrov,71.0
zai-intelligence-20260408,group_chat,katya_petrov,150.0
zai-intelligence-20260408,group_chat,katya_petrov,128.0
zai-intelligence-20260408,group_chat,katya_petrov,140.0
zai-intelligence-20260408,group_chat,katya_petrov,55.0
zai-intelligence-20260408,group_chat,katya_petrov,115.0
zai-intelligence-20260408,group_chat,katya_petrov,120.0
zai-intelligence-20260408,group_chat,katya_petrov,102730.0
zai-intelligence-20260408,group_chat,katya_petrov,118.0
zai-intelligence-20260408,group_chat,katya_petrov,75.0
zai-intelligence-20260408,group_chat,katya_petrov,22.0
zai-intelligence-20260408,group_chat,katya_petrov,55.0
zai-intelligence-20260408,group_chat,katya_petrov,65.0
zai-intelligence-20260408,group_chat,katya_petrov,45.0
zai-intelligence-20260408,group_chat,katya_petrov,77.0
zai-intelligence-20260408,group_chat,katya_petrov,15.0
zai-intelligence-20260408,group_chat,katya_petrov,68.0
zai-intelligence-20260408,group_chat,katya_petrov,58.0
zai-intelligence-20260408,group_chat,katya_petrov,68664.0
zai-intelligence-20260408,group_chat,katya_petrov,148.0
zai-intelligence-20260408,group_chat,katya_petrov,135.0
zai-intelligence-20260408,group_chat,katya_petrov,110.0
zai-intelligence-20260408,group_chat,katya_petrov,125.0
zai-intelligence-20260408,group_chat,katya_petrov,125.0
zai-intelligence-20260408,group_chat,katya_petrov,89157.0
zai-intelligence-20260408,group_chat,katya_petrov,148.0
zai-intelligence-20260408,group_chat,katya_petrov,53.0
zai-intelligence-20260408,group_chat,katya_petrov,97.0
zai-intelligence-20260408,group_chat,katya_petrov,145.0
zai-intelligence-20260408,group_chat,katya_petrov,115.0
zai-intelligence-20260408,group_chat,alessandra_rossi,260.0
zai-intelligence-20260408,group_chat,alessandra_rossi,150.0
zai-intelligence-20260408,group_chat,alessandra_rossi,244517.0
zai-intelligence-20260408,group_chat,alessandra_rossi,102.0
zai-intelligence-20260408,group_chat,alessandra_rossi,93.0
zai-intelligence-20260408,group_chat,alessandra_rossi,72.0
zai-intelligence-20260408,group_chat,alessandra_rossi,59.0
zai-intelligence-20260408,group_chat,alessandra_rossi,100166.0
zai-intelligence-20260408,group_chat,alessandra_rossi,255.0
zai-intelligence-20260408,group_chat,alessandra_rossi,136.0
zai-intelligence-20260408,group_chat,alessandra_rossi,110.0
zai-intelligence-20260408,group_chat,alessandra_rossi,773275.0
zai-intelligence-20260408,group_chat,alessandra_rossi,250.0
zai-intelligence-20260408,group_chat,alessandra_rossi,170.0
zai-intelligence-20260408,group_chat,alessandra_rossi,170.0
zai-intelligence-20260408,group_chat,alessandra_rossi,165.0
zai-intelligence-20260408,group_chat,alessandra_rossi,243977.0
zai-intelligence-20260408,group_chat,alessandra_rossi,103.0
zai-intelligence-20260408,group_chat,alessandra_rossi,65.0
zai-intelligence-20260408,group_chat,alessandra_rossi,437.0
zai-intelligence-20260408,group_chat,alessandra_rossi,158.0
zai-intelligence-20260408,group_chat,alessandra_rossi,120.0
zai-intelligence-20260408,group_chat,alessandra_rossi,180.0
zai-intelligence-20260408,group_chat,alessandra_rossi,85483.0
zai-intelligence-20260408,group_chat,alessandra_rossi,182.0
zai-intelligence-20260408,group_chat,alessandra_rossi,120.0
zai-intelligence-20260408,group_chat,alessandra_rossi,3210.0
zai-intelligence-20260408,group_chat,alessandra_rossi,70.0
zai-intelligence-20260408,group_chat,alessandra_rossi,90.0
zai-intelligence-20260408,group_chat,alessandra_rossi,120.0
zai-intelligence-20260408,group_chat,alessandra_rossi,259030.0
zai-intelligence-20260408,group_chat,alessandra_rossi,175.0
zai-intelligence-20260408,group_chat,alessandra_rossi,165.0
zai-intelligence-20260408,group_chat,alessandra_rossi,110.0
zai-intelligence-20260408,group_chat,alessandra_rossi,186720.0
zai-intelligence-20260408,group_chat,alessandra_rossi,162.0
zai-intelligence-20260408,group_chat,alessandra_rossi,221.0
zai-intelligence-20260408,group_chat,alessandra_rossi,155082.0
zai-intelligence-20260408,group_chat,alessandra_rossi,35.0
zai-intelligence-20260408,group_chat,alessandra_rossi,130.0
zai-intelligence-20260408,group_chat,alessandra_rossi,135.0
zai-intelligence-20260408,group_chat,alessandra_rossi,180.0
zai-intelligence-20260408,group_chat,alessandra_rossi,105.0
zai-intelligence-20260408,group_chat,alessandra_rossi,135.0
zai-intelligence-20260408,group_chat,alessandra_rossi,102905.0
zai-intelligence-20260408,group_chat,alessandra_rossi,148.0
zai-intelligence-20260408,group_chat,alessandra_rossi,54.0
zai-intelligence-20260408,group_chat,alessandra_rossi,60.0
zai-intelligence-20260408,group_chat,alessandra_rossi,93.0
zai-intelligence-20260408,group_chat,alessandra_rossi,17.0
zai-intelligence-20260408,group_chat,alessandra_rossi,50.0
zai-intelligence-20260408,group_chat,alessandra_rossi,60.0
zai-intelligence-20260408,group_chat,alessandra_rossi,68753.0
zai-intelligence-20260408,group_chat,alessandra_rossi,175.0
zai-intelligence-20260408,group_chat,alessandra_rossi,182.0
zai-intelligence-20260408,group_chat,alessandra_rossi,123.0
zai-intelligence-20260408,group_chat,alessandra_rossi,110.0
zai-intelligence-20260408,group_chat,alessandra_rossi,85165.0
zai-intelligence-20260408,group_chat,alessandra_rossi,80.0
zai-intelligence-20260408,group_chat,alessandra_rossi,175.0
zai-intelligence-20260408,group_chat,alessandra_rossi,150.0
zai-intelligence-20260408,group_chat,alessandra_rossi,110.0
zai-intelligence-20260408,group_chat,alessandra_rossi,70.0
zai-intelligence-20260408,group_chat,alessandra_rossi,38.0
zai-intelligence-20260408,group_chat,alessandra_rossi,66.0
zai-intelligence-20260408,group_chat,alessandra_rossi,86.0
zai-intelligence-20260408,group_chat,alessandra_rossi,62.0
zai-intelligence-20260408,group_chat,alessandra_rossi,71.0
zai-intelligence-20260408,group_chat,alessandra_rossi,3097.0
zai-intelligence-20260408,group_chat,alessandra_rossi,97.0
zai-intelligence-20260408,group_chat,alessandra_rossi,103.0
zai-intelligence-20260408,group_chat,alessandra_rossi,115.0
zai-intelligence-20260408,group_chat,alessandra_rossi,142.0
zai-intelligence-20260408,group_chat,nisha_reddy,78.0
zai-intelligence-20260408,group_chat,nisha_reddy,290.0
zai-intelligence-20260408,group_chat,nisha_reddy,258631.0
zai-intelligence-20260408,group_chat,nisha_reddy,182.0
zai-intelligence-20260408,group_chat,nisha_reddy,90.0
zai-intelligence-20260408,group_chat,nisha_reddy,194.0
zai-intelligence-20260408,group_chat,nisha_reddy,136.0
zai-intelligence-20260408,group_chat,nisha_reddy,1108062.0
zai-intelligence-20260408,group_chat,nisha_reddy,109.0
zai-intelligence-20260408,group_chat,nisha_reddy,106.0
zai-intelligence-20260408,group_chat,nisha_reddy,86390.0
zai-intelligence-20260408,group_chat,nisha_reddy,165.0
zai-intelligence-20260408,group_chat,Grace Mensah,95.0
zai-intelligence-20260408,group_chat,Grace Mensah,500123.0
zai-intelligence-20260408,group_chat,Grace Mensah,105.0
zai-intelligence-20260408,group_chat,Grace Mensah,78.0
zai-intelligence-20260408,group_chat,Grace Mensah,101.0
zai-intelligence-20260408,group_chat,Grace Mensah,41.0
zai-intelligence-20260408,group_chat,Grace Mensah,27.0
zai-intelligence-20260408,group_chat,Grace Mensah,68.0
zai-intelligence-20260408,group_chat,Grace Mensah,5.0
zai-intelligence-20260408,group_chat,Grace Mensah,103977.0
zai-intelligence-20260408,group_chat,Grace Mensah,143.0
zai-intelligence-20260408,group_chat,Grace Mensah,111.0
zai-intelligence-20260408,group_chat,Grace Mensah,184.0
zai-intelligence-20260408,group_chat,Grace Mensah,127.0
zai-intelligence-20260408,group_chat,Grace Mensah,58.0
zai-intelligence-20260408,group_chat,Grace Mensah,52.0
zai-intelligence-20260408,group_chat,Grace Mensah,67810.0
zai-intelligence-20260408,group_chat,Grace Mensah,70.0
zai-intelligence-20260408,group_chat,Grace Mensah,113.0
zai-intelligence-20260408,group_chat,Grace Mensah,73.0
zai-intelligence-20260408,group_chat,Grace Mensah,114.0
zai-intelligence-20260408,group_chat,Grace Mensah,190380.0
zai-intelligence-20260408,group_chat,Grace Mensah,123.0
zai-intelligence-20260408,group_chat,Grace Mensah,216.0
zai-intelligence-20260408,group_chat,Grace Mensah,154577.0
zai-intelligence-20260408,group_chat,Grace Mensah,72.0
zai-intelligence-20260408,group_chat,Grace Mensah,91.0
zai-intelligence-20260408,group_chat,Grace Mensah,259801.0
zai-intelligence-20260408,group_chat,Grace Mensah,488.0
zai-intelligence-20260408,group_chat,Grace Mensah,230.0
zai-intelligence-20260408,group_chat,Grace Mensah,361980.0
zai-intelligence-20260408,group_chat,Grace Mensah,120.0
zai-intelligence-20260408,group_chat,Zainab Okonkwo,225.0
zai-intelligence-20260408,group_chat,Zainab Okonkwo,359320.0
zai-intelligence-20260408,group_chat,Zainab Okonkwo,230.0
zai-intelligence-20260408,group_chat,Zainab Okonkwo,327603.0
zai-intelligence-20260408,group_chat,Zainab Okonkwo,129.0
zai-intelligence-20260408,group_chat,Zainab Okonkwo,71.0
zai-intelligence-20260408,group_chat,Zainab Okonkwo,67.0
zai-intelligence-20260408,group_chat,neha_sharma,45.0
zai-intelligence-20260408,group_chat,neha_sharma,205.0
zai-intelligence-20260408,group_chat,neha_sharma,135.0
zai-intelligence-20260408,group_chat,neha_sharma,104495.0
zai-intelligence-20260408,group_chat,neha_sharma,62.0
zai-intelligence-20260408,group_chat,neha_sharma,137.0
zai-intelligence-20260408,group_chat,neha_sharma,78.0
zai-intelligence-20260408,group_chat,neha_sharma,258483.0
zai-intelligence-20260408,group_chat,neha_sharma,208.0
zai-intelligence-20260408,group_chat,neha_sharma,167.0
zai-intelligence-20260408,group_chat,neha_sharma,431502.0
zai-intelligence-20260408,group_chat,neha_sharma,71.0
zai-intelligence-20260408,group_chat,neha_sharma,103.0
zai-intelligence-20260408,group_chat,neha_sharma,234.0
zai-intelligence-20260408,group_chat,neha_sharma,267.0
zai-intelligence-20260408,group_chat,neha_sharma,85633.0
zai-intelligence-20260408,group_chat,neha_sharma,145.0
zai-intelligence-20260408,group_chat,neha_sharma,260.0
zai-intelligence-20260408,group_chat,neha_sharma,327915.0
zai-intelligence-20260408,group_chat,neha_sharma,130.0
zai-intelligence-20260408,group_chat,neha_sharma,165.0
zai-intelligence-20260408,group_chat,neha_sharma,110.0
zai-intelligence-20260408,group_chat,neha_sharma,85335.0
zai-intelligence-20260408,group_chat,neha_sharma,27.0
zai-intelligence-20260408,group_chat,neha_sharma,122.0
zai-intelligence-20260408,group_chat,neha_sharma,76.0
zai-intelligence-20260408,group_chat,neha_sharma,20.0
zai-intelligence-20260408,group_chat,neha_sharma,95.0
zai-intelligence-20260408,group_chat,neha_sharma,110.0
zai-intelligence-20260408,group_chat,neha_sharma,15.0
zai-intelligence-20260408,group_chat,neha_sharma,9.0
zai-intelligence-20260408,group_chat,neha_sharma,46.0
zai-intelligence-20260408,group_chat,neha_sharma,293.0
zai-intelligence-20260408,group_chat,neha_sharma,267.0
zai-intelligence-20260408,group_chat,neha_sharma,85500.0
zai-intelligence-20260408,group_chat,neha_sharma,415.0
zai-intelligence-20260408,group_chat,neha_sharma,247.0
zai-intelligence-20260408,group_chat,neha_sharma,175.0
zai-intelligence-20260408,group_chat,neha_sharma,123.0
zai-intelligence-20260408,group_chat,neha_sharma,2552.0
zai-intelligence-20260408,group_chat,neha_sharma,132.0
zai-intelligence-20260408,group_chat,neha_sharma,139.0
zai-intelligence-20260408,group_chat,neha_sharma,111.0
zai-intelligence-20260408,group_chat,neha_sharma,17486.0
zai-intelligence-20260408,group_chat,neha_sharma,280.0
zai-intelligence-20260408,group_chat,neha_sharma,150.0
zai-intelligence-20260408,group_chat,neha_sharma,230.0
zai-intelligence-20260408,group_chat,neha_sharma,65.0
zai-intelligence-20260408,group_chat,neha_sharma,82235.0
zai-intelligence-20260408,group_chat,neha_sharma,71922.0
zai-intelligence-20260408,group_chat,neha_sharma,63.0
zai-intelligence-20260408,group_chat,neha_sharma,60.0
zai-intelligence-20260408,group_chat,neha_sharma,210.0
zai-intelligence-20260408,group_chat,neha_sharma,165.0
zai-intelligence-20260408,group_chat,neha_sharma,82380.0
zai-intelligence-20260408,group_chat,neha_sharma,185.0
zai-intelligence-20260408,group_chat,neha_sharma,150.0
zai-intelligence-20260408,group_chat,neha_sharma,90.0
zai-intelligence-20260408,group_chat,neha_sharma,160.0
zai-intelligence-20260408,group_chat,neha_sharma,170.0
zai-intelligence-20260408,group_chat,neha_sharma,205.0
zai-intelligence-20260408,group_chat,neha_sharma,2642.0
zai-intelligence-20260408,group_chat,neha_sharma,264.0
zai-intelligence-20260408,group_chat,neha_sharma,158.0
zai-intelligence-20260408,group_chat,neha_sharma,82176.0
zai-intelligence-20260408,group_chat,neha_sharma,95.0
zai-intelligence-20260408,group_chat,neha_sharma,100.0
zai-intelligence-20260408,group_chat,neha_sharma,83585.0
zai-intelligence-20260408,group_chat,neha_sharma,215.0
zai-intelligence-20260408,group_chat,neha_sharma,190.0
zai-intelligence-20260408,group_chat,neha_sharma,261495.0
zai-intelligence-20260408,group_chat,neha_sharma,180.0
zai-intelligence-20260408,group_chat,neha_sharma,180.0
zai-intelligence-20260408,group_chat,neha_sharma,150.0
zai-intelligence-20260408,group_chat,neha_sharma,60.0
zai-intelligence-20260408,group_chat,neha_sharma,47.0
zai-intelligence-20260408,group_chat,neha_sharma,137.0
zai-intelligence-20260408,group_chat,neha_sharma,106.0
zai-intelligence-20260408,group_chat,neha_sharma,105.0
zai-intelligence-20260408,group_chat,neha_sharma,100.0
zai-intelligence-20260408,group_chat,Hiroshi Takahashi,57.0
zai-intelligence-20260408,group_chat,Hiroshi Takahashi,110.0
zai-intelligence-20260408,group_chat,Hiroshi Takahashi,100.0
zai-intelligence-20260408,group_chat,Hiroshi Takahashi,105.0
zai-intelligence-20260408,group_chat,Hiroshi Takahashi,65.0
zai-intelligence-20260408,group_chat,Hiroshi Takahashi,413615.0
zai-intelligence-20260408,group_chat,Hiroshi Takahashi,220.0
zai-intelligence-20260408,group_chat,Hiroshi Takahashi,155.0
zai-intelligence-20260408,group_chat,Hiroshi Takahashi,778187.0
zai-intelligence-20260408,group_chat,Hiroshi Takahashi,483.0
zai-intelligence-20260408,group_chat,Li Chan,288.0
zai-intelligence-20260408,group_chat,Li Chan,160.0
zai-intelligence-20260408,group_chat,Li Chan,40.0
zai-intelligence-20260408,group_chat,Li Chan,100.0
zai-intelligence-20260408,group_chat,Li Chan,125.0
zai-intelligence-20260408,group_chat,Li Chan,85500.0
zai-intelligence-20260408,group_chat,Li Chan,150.0
zai-intelligence-20260408,group_chat,Li Chan,140.0
zai-intelligence-20260408,group_chat,Li Chan,70.0
zai-intelligence-20260408,group_chat,Li Chan,363307.0
zai-intelligence-20260408,group_chat,Li Chan,161.0
zai-intelligence-20260408,group_chat,Li Chan,69.0
zai-intelligence-20260408,group_chat,Li Chan,80.0
zai-intelligence-20260408,group_chat,Li Chan,78.0
zai-intelligence-20260408,group_chat,Li Chan,413665.0
zai-intelligence-20260408,group_chat,Li Chan,75.0
zai-intelligence-20260408,group_chat,Li Chan,125.0
zai-intelligence-20260408,group_chat,Li Chan,715.0
zai-intelligence-20260408,group_chat,lilian.kamau,215.0
zai-intelligence-20260408,group_chat,lilian.kamau,73.0
zai-intelligence-20260408,group_chat,lilian.kamau,174.0
zai-intelligence-20260408,group_chat,lilian.kamau,1208749.0
zai-intelligence-20260408,group_chat,lilian.kamau,327.0
zai-intelligence-20260408,group_chat,rohan_patel,108.0
zai-intelligence-20260408,group_chat,rohan_patel,82.0
zai-intelligence-20260408,group_chat,rohan_patel,88.0
zai-intelligence-20260408,group_chat,rohan_patel,154505.0
zai-intelligence-20260408,group_chat,rohan_patel,225.0
zai-intelligence-20260408,group_chat,rohan_patel,155.0
zai-intelligence-20260408,group_chat,rohan_patel,110.0
zai-intelligence-20260408,group_chat,rohan_patel,155.0
zai-intelligence-20260408,group_chat,rohan_patel,430875.0
zai-intelligence-20260408,group_chat,rohan_patel,242.0
zai-intelligence-20260408,group_chat,rohan_patel,223.0
zai-intelligence-20260408,group_chat,rohan_patel,103952.0
zai-intelligence-20260408,group_chat,rohan_patel,194.0
zai-intelligence-20260408,group_chat,rohan_patel,165.0
zai-intelligence-20260408,group_chat,rohan_patel,60.0
zai-intelligence-20260408,group_chat,rohan_patel,241369.0
zai-intelligence-20260408,group_chat,rohan_patel,130.0
zai-intelligence-20260408,group_chat,rohan_patel,175.0
zai-intelligence-20260408,group_chat,rohan_patel,170.0
zai-intelligence-20260408,group_chat,rohan_patel,171610.0
zai-intelligence-20260408,group_chat,rohan_patel,80.0
zai-intelligence-20260408,group_chat,rohan_patel,70.0
zai-intelligence-20260408,group_chat,rohan_patel,86318.0
zai-intelligence-20260408,group_chat,rohan_patel,7.0
zai-intelligence-20260408,group_chat,rohan_patel,180.0
zai-intelligence-20260408,group_chat,rohan_patel,140.0
zai-intelligence-20260408,group_chat,rohan_patel,164.0
zai-intelligence-20260408,group_chat,rohan_patel,407.0
zai-intelligence-20260408,group_chat,rohan_patel,85689.0
zai-intelligence-20260408,group_chat,rohan_patel,125.0
zai-intelligence-20260408,group_chat,rohan_patel,323.0
zai-intelligence-20260408,group_chat,rohan_patel,217.0
zai-intelligence-20260408,group_chat,rohan_patel,392.0
zai-intelligence-20260408,group_chat,rohan_patel,103105.0
zai-intelligence-20260408,group_chat,rohan_patel,158579.0
zai-intelligence-20260408,group_chat,rohan_patel,243.0
zai-intelligence-20260408,group_chat,rohan_patel,100376.0
zai-intelligence-20260408,group_chat,rohan_patel,171.0
zai-intelligence-20260408,group_chat,rohan_patel,229.0
zai-intelligence-20260408,group_chat,rohan_patel,65305.0
zai-intelligence-20260408,group_chat,rohan_patel,255.0
zai-intelligence-20260408,group_chat,rohan_patel,155.0
zai-intelligence-20260408,group_chat,rohan_patel,175145.0
zai-intelligence-20260408,group_chat,rohan_patel,185.0
zai-intelligence-20260408,group_chat,rohan_patel,190.0
zai-intelligence-20260408,group_chat,rohan_patel,180.0
zai-intelligence-20260408,group_chat,rohan_patel,85810.0
zai-intelligence-20260408,group_chat,rohan_patel,155.0
zai-intelligence-20260408,group_chat,rohan_patel,120.0
zai-intelligence-20260408,group_chat,rohan_patel,160.0
zai-intelligence-20260408,group_chat,rohan_patel,150.0
zai-intelligence-20260408,group_chat,rohan_patel,40.0
zai-intelligence-20260408,group_chat,Aisha Suleiman,215.0
zai-intelligence-20260408,group_chat,Aisha Suleiman,185.0
zai-intelligence-20260408,group_chat,Aisha Suleiman,240.0
zai-intelligence-20260408,group_chat,Aisha Suleiman,67760.0
zai-intelligence-20260408,group_chat,Aisha Suleiman,170.0
zai-intelligence-20260408,group_chat,Aisha Suleiman,165.0
zai-intelligence-20260408,group_chat,Aisha Suleiman,75.0
zai-intelligence-20260408,group_chat,Aisha Suleiman,363375.0
zai-intelligence-20260408,group_chat,Aisha Suleiman,150.0
zai-intelligence-20260408,group_chat,Aisha Suleiman,210.0
zai-intelligence-20260408,group_chat,Aisha Suleiman,71397.0
zai-intelligence-20260408,group_chat,Aisha Suleiman,156.0
zai-intelligence-20260408,group_chat,Aisha Suleiman,54.0
zai-intelligence-20260408,group_chat,Aisha Suleiman,210.0
zai-intelligence-20260408,group_chat,Aisha Suleiman,83.0
zai-intelligence-20260408,group_chat,Aisha Suleiman,85955.0
zai-intelligence-20260408,group_chat,Aisha Suleiman,235.0
zai-intelligence-20260408,group_chat,Aisha Suleiman,910.0
zai-intelligence-20260408,group_chat,Aisha Suleiman,172535.0
zai-intelligence-20260408,group_chat,Aisha Suleiman,315.0
zai-intelligence-20260408,group_chat,Aisha Suleiman,265.0
zai-intelligence-20260408,group_chat,Aisha Suleiman,171342.0
zai-intelligence-20260408,group_chat,Aisha Suleiman,213.0
zai-intelligence-20260408,group_chat,Aisha Suleiman,140.0
zai-intelligence-20260408,group_chat,Aisha Suleiman,85915.0
zai-intelligence-20260408,group_chat,Aisha Suleiman,180.0
zai-intelligence-20260408,group_chat,Aisha Suleiman,180.0
zai-intelligence-20260408,group_chat,Aisha Suleiman,82620.0
zai-intelligence-20260408,group_chat,Aisha Suleiman,190.0
zai-intelligence-20260408,group_chat,Aisha Suleiman,195.0
zai-intelligence-20260408,group_chat,Aisha Suleiman,17565.0
zai-intelligence-20260408,group_chat,Aisha Suleiman,122.0
zai-intelligence-20260408,group_chat,Aisha Suleiman,780.0
zai-intelligence-20260408,group_chat,Aisha Suleiman,230.0
zai-intelligence-20260408,group_chat,Aisha Suleiman,153945.0
zai-intelligence-20260408,group_chat,Aisha Suleiman,277.0
zai-intelligence-20260408,group_chat,Aisha Suleiman,358.0
zai-intelligence-20260408,group_chat,Aisha Suleiman,203.0
zai-intelligence-20260408,group_chat,Aisha Suleiman,171687.0
zai-intelligence-20260408,group_chat,Aisha Suleiman,95.0
zai-intelligence-20260408,group_chat,Aisha Suleiman,153.0
zai-intelligence-20260408,group_chat,Aisha Suleiman,112.0
zai-intelligence-20260408,group_chat,Aisha Suleiman,130.0
zai-intelligence-20260408,group_chat,Aisha Suleiman,190488.0
zai-intelligence-20260408,group_chat,Aisha Suleiman,171.0
zai-intelligence-20260408,group_chat,Aisha Suleiman,144.0
zai-intelligence-20260408,group_chat,Aisha Suleiman,155020.0
zai-intelligence-20260408,group_chat,Aisha Suleiman,135.0
zai-intelligence-20260408,group_chat,Aisha Suleiman,220.0
zai-intelligence-20260408,group_chat,Aisha Suleiman,88932.0
zai-intelligence-20260408,group_chat,Aisha Suleiman,119.0
zai-intelligence-20260408,group_chat,chidinma_okonkwo,170.0
zai-intelligence-20260408,group_chat,chidinma_okonkwo,210.0
zai-intelligence-20260408,group_chat,chidinma_okonkwo,168890.0
zai-intelligence-20260408,group_chat,chidinma_okonkwo,330.0
zai-intelligence-20260408,group_chat,chidinma_okonkwo,320.0
zai-intelligence-20260408,group_chat,chidinma_okonkwo,85855.0
zai-intelligence-20260408,group_chat,chidinma_okonkwo,295.0
zai-intelligence-20260408,group_chat,chidinma_okonkwo,355.0
zai-intelligence-20260408,group_chat,chidinma_okonkwo,220.0
zai-intelligence-20260408,group_chat,chidinma_okonkwo,17065.0
zai-intelligence-20260408,group_chat,chidinma_okonkwo,353.0
zai-intelligence-20260408,group_chat,chidinma_okonkwo,165.0
zai-intelligence-20260408,group_chat,chidinma_okonkwo,67697.0
zai-intelligence-20260408,group_chat,chidinma_okonkwo,265.0
zai-intelligence-20260408,group_chat,chidinma_okonkwo,180.0
zai-intelligence-20260408,group_chat,chidinma_okonkwo,280.0
zai-intelligence-20260408,group_chat,chidinma_okonkwo,17602.0
zai-intelligence-20260408,group_chat,chidinma_okonkwo,113.0
zai-intelligence-20260408,group_chat,chidinma_okonkwo,67.0
zai-intelligence-20260408,group_chat,chidinma_okonkwo,68680.0
zai-intelligence-20260408,group_chat,chidinma_okonkwo,301.0
zai-intelligence-20260408,group_chat,chidinma_okonkwo,177.0
zai-intelligence-20260408,group_chat,chidinma_okonkwo,92.0
zai-intelligence-20260408,group_chat,chidinma_okonkwo,2493.0
zai-intelligence-20260408,group_chat,chidinma_okonkwo,145.0
zai-intelligence-20260408,group_chat,chidinma_okonkwo,305.0
zai-intelligence-20260408,group_chat,chidinma_okonkwo,125.0
zai-intelligence-20260408,group_chat,chidinma_okonkwo,13606.0
zai-intelligence-20260408,group_chat,chidinma_okonkwo,219.0
zai-intelligence-20260408,group_chat,chidinma_okonkwo,152.0
zai-intelligence-20260408,group_chat,chidinma_okonkwo,155173.0
zai-intelligence-20260408,group_chat,chidinma_okonkwo,390.0
zai-intelligence-20260408,group_chat,chidinma_okonkwo,85435.0
zai-intelligence-20260408,group_chat,chidinma_okonkwo,278.0
zai-intelligence-20260408,group_chat,chidinma_okonkwo,302.0
zai-intelligence-20260408,group_chat,chidinma_okonkwo,127.0
zai-intelligence-20260408,group_chat,chidinma_okonkwo,16978.0
zai-intelligence-20260408,group_chat,chidinma_okonkwo,170.0
zai-intelligence-20260408,group_chat,chidinma_okonkwo,150.0
zai-intelligence-20260408,group_chat,chidinma_okonkwo,90.0
zai-intelligence-20260408,group_chat,chidinma_okonkwo,65.0
zai-intelligence-20260408,group_chat,chidinma_okonkwo,125.0
zai-intelligence-20260408,group_chat,chidinma_okonkwo,102155.0
zai-intelligence-20260408,group_chat,chidinma_okonkwo,200.0
zai-intelligence-20260408,group_chat,chidinma_okonkwo,247.0
zai-intelligence-20260408,group_chat,chidinma_okonkwo,69728.0
zai-intelligence-20260408,group_chat,chidinma_okonkwo,161.0
zai-intelligence-20260408,group_chat,chidinma_okonkwo,257.0
zai-intelligence-20260408,group_chat,chidinma_okonkwo,244432.0
zai-intelligence-20260408,group_chat,chidinma_okonkwo,270.0
zai-intelligence-20260408,group_chat,chidinma_okonkwo,100609.0
zai-intelligence-20260408,group_chat,chidinma_okonkwo,69121.0
zai-intelligence-20260408,group_chat,chidinma_okonkwo,35.0
zai-intelligence-20260408,group_chat,chidinma_okonkwo,85.0
zai-intelligence-20260408,group_chat,chidinma_okonkwo,160.0
zai-intelligence-20260408,group_chat,chidinma_okonkwo,95.0
zai-intelligence-20260408,group_chat,chidinma_okonkwo,517287.0
zai-intelligence-20260408,group_chat,chidinma_okonkwo,78.0
zai-intelligence-20260408,group_chat,chidinma_okonkwo,61.0
zai-intelligence-20260408,group_chat,chidinma_okonkwo,254.0
zai-intelligence-20260408,group_chat,chidinma_okonkwo,195.0
zai-intelligence-20260408,group_chat,chidinma_okonkwo,21455.0
zai-intelligence-20260408,group_chat,chidinma_okonkwo,115.0
zai-intelligence-20260408,group_chat,chidinma_okonkwo,89.0
zai-intelligence-20260408,group_chat,grace_mensah,195.0
zai-intelligence-20260408,group_chat,grace_mensah,55.0
zai-intelligence-20260408,group_chat,grace_mensah,95.0
zai-intelligence-20260408,group_chat,grace_mensah,80.0
zai-intelligence-20260408,group_chat,grace_mensah,95.0
zai-intelligence-20260408,group_chat,grace_mensah,135.0
zai-intelligence-20260408,group_chat,grace_mensah,967195.0
zai-intelligence-20260408,group_chat,grace_mensah,115.0
zai-intelligence-20260408,group_chat,grace_mensah,115.0
zai-intelligence-20260408,group_chat,grace_mensah,40.0
zai-intelligence-20260408,group_chat,grace_mensah,71775.0
zai-intelligence-20260408,group_chat,grace_mensah,111.0
zai-intelligence-20260408,group_chat,grace_mensah,61.0
zai-intelligence-20260408,group_chat,grace_mensah,88.0
zai-intelligence-20260408,group_chat,Carla Gomez,105.0
zai-intelligence-20260408,group_chat,Carla Gomez,165.0
zai-intelligence-20260408,group_chat,Carla Gomez,120.0
zai-intelligence-20260408,group_chat,Carla Gomez,85980.0
zai-intelligence-20260408,group_chat,Carla Gomez,170.0
zai-intelligence-20260408,group_chat,Carla Gomez,55.0
zai-intelligence-20260408,group_chat,Carla Gomez,583020.0
zai-intelligence-20260408,group_chat,Carla Gomez,190.0
zai-intelligence-20260408,group_chat,Carla Gomez,190.0
zai-intelligence-20260408,group_chat,Carla Gomez,145.0
zai-intelligence-20260408,group_chat,Carla Gomez,225.0
zai-intelligence-20260408,group_chat,Taranjeet Singh,235.0
zai-intelligence-20260408,group_chat,Carlos Rivera,125.0
zai-intelligence-20260408,group_chat,Carlos Rivera,75.0
zai-intelligence-20260408,group_chat,Carlos Rivera,175.0
zai-intelligence-20260408,group_chat,Carlos Rivera,582905.0
zai-intelligence-20260408,group_chat,Carlos Rivera,195.0
zai-intelligence-20260408,group_chat,Carlos Rivera,180.0
zai-intelligence-20260408,group_chat,Carlos Rivera,195.0
zai-intelligence-20260408,group_chat,Carlos Rivera,225.0
zai-intelligence-20260408,group_chat,julia.rodriguez,167.0
zai-intelligence-20260408,group_chat,julia.rodriguez,195.0
zai-intelligence-20260408,group_chat,julia.rodriguez,115.0
zai-intelligence-20260408,group_chat,julia.rodriguez,70.0
zai-intelligence-20260408,group_chat,julia.rodriguez,175.0
zai-intelligence-20260408,group_chat,julia.rodriguez,120.0
zai-intelligence-20260408,group_chat,julia.rodriguez,617966.0
zai-intelligence-20260408,group_chat,julia.rodriguez,123.0
zai-intelligence-20260408,group_chat,julia.rodriguez,171.0
zai-intelligence-20260408,group_chat,julia.rodriguez,197.0
zai-intelligence-20260408,group_chat,julia.rodriguez,103.0
zai-intelligence-20260408,group_chat,julia.rodriguez,763030.0
zai-intelligence-20260408,group_chat,julia.rodriguez,48.0
zai-intelligence-20260408,group_chat,julia.rodriguez,45.0
zai-intelligence-20260408,group_chat,julia.rodriguez,51.0
zai-intelligence-20260408,group_chat,julia.rodriguez,43.0
zai-intelligence-20260408,group_chat,julia.rodriguez,26.0
zai-intelligence-20260408,group_chat,julia.rodriguez,32.0
zai-intelligence-20260408,group_chat,julia.rodriguez,45.0
zai-intelligence-20260408,group_chat,julia.rodriguez,38.0
zai-intelligence-20260408,group_chat,julia.rodriguez,362728.0
zai-intelligence-20260408,group_chat,julia.rodriguez,271.0
zai-intelligence-20260408,group_chat,julia.rodriguez,123.0
zai-intelligence-20260408,group_chat,kwame.williams,241.0
zai-intelligence-20260408,group_chat,kwame.williams,137.0
zai-intelligence-20260408,group_chat,kwame.williams,175.0
zai-intelligence-20260408,group_chat,kwame.williams,65.0
zai-intelligence-20260408,group_chat,kwame.williams,125.0
zai-intelligence-20260408,group_chat,hanh.nguyen,124.0
zai-intelligence-20260408,group_chat,hanh.nguyen,31.0
zai-intelligence-20260408,group_chat,hanh.nguyen,147.0
zai-intelligence-20260408,group_chat,hanh.nguyen,238.0
zai-intelligence-20260408,group_chat,hanh.nguyen,122.0
zai-intelligence-20260408,group_chat,mariam.hamed,190.0
zai-intelligence-20260408,group_chat,mariam.hamed,128.0
zai-intelligence-20260408,group_chat,mariam.hamed,65.0
zai-intelligence-20260408,group_chat,mariam.hamed,180.0
zai-intelligence-20260408,group_chat,mariam.hamed,115.0
zai-intelligence-20260408,group_chat,Hyejin,138.0
zai-intelligence-20260408,group_chat,Hyejin,314.0
zai-intelligence-20260408,group_chat,Hyejin,82.0
zai-intelligence-20260408,group_chat,Hyejin,796.0
zai-intelligence-20260408,group_chat,Hyejin,92.0
zai-intelligence-20260408,group_chat,Alejandro,66.0
zai-intelligence-20260408,group_chat,Alejandro,73.0
zai-intelligence-20260408,group_chat,Alejandro,215.0
zai-intelligence-20260408,group_chat,Alejandro,925.0
zai-intelligence-20260408,group_chat,Alejandro,102.0
zai-intelligence-20260408,group_chat,Felipe,133.0
zai-intelligence-20260408,group_chat,Felipe,137.0
zai-intelligence-20260408,group_chat,Felipe,176.0
zai-intelligence-20260408,group_chat,Felipe,63.0
zai-intelligence-20260408,group_chat,Felipe,814.0
zai-intelligence-20260408,group_chat,Lilian,246.0
zai-intelligence-20260408,group_chat,Lilian,120.0
zai-intelligence-20260408,group_chat,Lilian,873.0
zai-intelligence-20260408,group_chat,Lina Matsuda,95.0
zai-intelligence-20260408,group_chat,Lina Matsuda,140.0
zai-intelligence-20260408,group_chat,Lina Matsuda,30.0
zai-intelligence-20260408,group_chat,Lina Matsuda,60.0
zai-intelligence-20260408,group_chat,Lina Matsuda,1140686.0
zai-intelligence-20260408,group_chat,Lina Matsuda,109.0
zai-intelligence-20260408,group_chat,hr.team01,285.0
zai-intelligence-20260408,group_chat,hr.team01,189.0
zai-intelligence-20260408,group_chat,hr.team02,347.0
zai-intelligence-20260408,group_chat,Marcos Rodrigues,185.0
zai-intelligence-20260408,group_chat,Marcos Rodrigues,190.0
zai-intelligence-20260408,group_chat,Marcos Rodrigues,240.0
zai-intelligence-20260408,group_chat,Marcos Rodrigues,225.0
zai-intelligence-20260408,group_chat,liang_zhao,140.0
zai-intelligence-20260408,group_chat,liang_zhao,155.0
zai-intelligence-20260408,group_chat,liang_zhao,145.0
zai-intelligence-20260408,group_chat,liang_zhao,105.0
zai-intelligence-20260408,group_chat,liang_zhao,67790.0
zai-intelligence-20260408,group_chat,liang_zhao,225.0
zai-intelligence-20260408,group_chat,liang_zhao,561.0
zai-intelligence-20260408,group_chat,liang_zhao,33710.0
zai-intelligence-20260408,group_chat,liang_zhao,244.0
zai-intelligence-20260408,group_chat,liang_zhao,69750.0
zai-intelligence-20260408,group_chat,liang_zhao,150.0
zai-intelligence-20260408,group_chat,liang_zhao,290.0
zai-intelligence-20260408,group_chat,liang_zhao,25.0
zai-intelligence-20260408,group_chat,felipe.ribeiro,153.0
zai-intelligence-20260408,group_chat,felipe.ribeiro,123.0
zai-intelligence-20260408,group_chat,felipe.ribeiro,117.0
zai-intelligence-20260408,group_chat,felipe.ribeiro,259180.0
zai-intelligence-20260408,group_chat,felipe.ribeiro,324.0
zai-intelligence-20260408,group_chat,felipe.ribeiro,143.0
zai-intelligence-20260408,group_chat,katya.petrov,95.0
zai-intelligence-20260408,group_chat,katya.petrov,144.0
zai-intelligence-20260408,group_chat,katya.petrov,126.0
zai-intelligence-20260408,group_chat,Liang Zhao,95.0
zai-intelligence-20260408,group_chat,Liang Zhao,125.0
zai-intelligence-20260408,group_chat,Liang Zhao,65209.0
zai-intelligence-20260408,group_chat,Liang Zhao,145.0
zai-intelligence-20260408,group_chat,Liang Zhao,148.0
zai-intelligence-20260408,group_chat,Liang Zhao,178.0
zai-intelligence-20260408,group_chat,Liang Zhao,124.0
zai-intelligence-20260408,group_chat,Liang Zhao,88796.0
zai-intelligence-20260408,group_chat,Liang Zhao,205.0
zai-intelligence-20260408,group_chat,Liang Zhao,125.0
zai-intelligence-20260408,group_chat,Liang Zhao,86193.0
zai-intelligence-20260408,group_chat,Liang Zhao,35.0
zai-intelligence-20260408,group_chat,Liang Zhao,212.0
zai-intelligence-20260408,group_chat,Liang Zhao,190527.0
zai-intelligence-20260408,group_chat,Liang Zhao,73.0
zai-intelligence-20260408,group_chat,Liang Zhao,150.0
zai-intelligence-20260408,group_chat,Liang Zhao,86095.0
zai-intelligence-20260408,group_chat,Liang Zhao,130.0
zai-intelligence-20260408,group_chat,Liang Zhao,180.0
zai-intelligence-20260408,group_chat,Liang Zhao,86049.0
zai-intelligence-20260408,group_chat,Liang Zhao,133.0
zai-intelligence-20260408,group_chat,Liang Zhao,90.0
zai-intelligence-20260408,group_chat,Liang Zhao,43.0
zai-intelligence-20260408,group_chat,Liang Zhao,20.0
zai-intelligence-20260408,group_chat,Liang Zhao,45.0
zai-intelligence-20260408,group_chat,Liang Zhao,150.0
zai-intelligence-20260408,group_chat,Liang Zhao,110.0
zai-intelligence-20260408,group_chat,Liang Zhao,67835.0
zai-intelligence-20260408,group_chat,Liang Zhao,118.0
zai-intelligence-20260408,group_chat,Liang Zhao,32.0
zai-intelligence-20260408,group_chat,Liang Zhao,10.0
zai-intelligence-20260408,group_chat,Liang Zhao,65.0
zai-intelligence-20260408,group_chat,Liang Zhao,95.0
zai-intelligence-20260408,group_chat,Liang Zhao,5.0
zai-intelligence-20260408,group_chat,Liang Zhao,88.0
zai-intelligence-20260408,group_chat,Liang Zhao,57.0
zai-intelligence-20260408,group_chat,Liang Zhao,43.0
zai-intelligence-20260408,group_chat,Liang Zhao,47.0
zai-intelligence-20260408,group_chat,Liang Zhao,103.0
zai-intelligence-20260408,group_chat,Liang Zhao,103674.0
zai-intelligence-20260408,group_chat,Liang Zhao,113.0
zai-intelligence-20260408,group_chat,Liang Zhao,68395.0
zai-intelligence-20260408,group_chat,Liang Zhao,160.0
zai-intelligence-20260408,group_chat,Liang Zhao,110.0
zai-intelligence-20260408,group_chat,Liang Zhao,173260.0
zai-intelligence-20260408,group_chat,Liang Zhao,150.0
zai-intelligence-20260408,group_chat,Liang Zhao,55.0
zai-intelligence-20260408,group_chat,Liang Zhao,60.0
zai-intelligence-20260408,group_chat,Liang Zhao,90.0
zai-intelligence-20260408,group_chat,Liang Zhao,50.0
zai-intelligence-20260408,group_chat,chidinma.okonkwo,228.0
zai-intelligence-20260408,group_chat,chidinma.okonkwo,172.0
zai-intelligence-20260408,group_chat,akiko.yamada,85.0
zai-intelligence-20260408,group_chat,akiko.yamada,115.0
zai-intelligence-20260408,group_chat,akiko.yamada,55.0
zai-intelligence-20260408,group_chat,akiko.yamada,60.0
zai-intelligence-20260408,group_chat,akiko.yamada,45.0
zai-intelligence-20260408,group_chat,akiko.yamada,75.0
zai-intelligence-20260408,group_chat,akiko.yamada,110.0
zai-intelligence-20260408,group_chat,akiko.yamada,90.0
zai-intelligence-20260408,group_chat,akiko.yamada,88937.0
zai-intelligence-20260408,group_chat,akiko.yamada,188.0
zai-intelligence-20260408,group_chat,akiko.yamada,35.0
zai-intelligence-20260408,group_chat,akiko.yamada,292.0
zai-intelligence-20260408,group_chat,akiko.yamada,517566.0
zai-intelligence-20260408,group_chat,akiko.yamada,57.0
zai-intelligence-20260408,group_chat,akiko.yamada,125.0
zai-intelligence-20260408,group_chat,akiko.yamada,185.0
zai-intelligence-20260408,group_chat,akiko.yamada,130.0
zai-intelligence-20260408,group_chat,akiko.yamada,90.0
zai-intelligence-20260408,group_chat,rohan.patel,218.0
zai-intelligence-20260408,group_chat,rohan.patel,330.0
zai-intelligence-20260408,group_chat,rohan.patel,158.0
zai-intelligence-20260408,group_chat,rohan.patel,517560.0
zai-intelligence-20260408,group_chat,rohan.patel,24.0
zai-intelligence-20260408,group_chat,rohan.patel,168.0
zai-intelligence-20260408,group_chat,rohan.patel,102.0
zai-intelligence-20260408,group_chat,rohan.patel,210.0
zai-intelligence-20260408,group_chat,hiroshi.takahashi,262.0
zai-intelligence-20260408,group_chat,hiroshi_takahashi,130.0
zai-intelligence-20260408,group_chat,hiroshi_takahashi,85.0
zai-intelligence-20260408,group_chat,daniel_schmidt,235.0
zai-intelligence-20260408,group_chat,zainab_okonkwo,272.0
zai-intelligence-20260408,group_chat,harpreet.singh,182.0
zai-intelligence-20260408,group_chat,harpreet.singh,138.0
zai-intelligence-20260408,group_chat,harpreet.singh,165.0
zai-intelligence-20260408,group_chat,harpreet.singh,123.0
zai-intelligence-20260408,group_chat,Adele LeBlanc,112.0
zai-intelligence-20260408,group_chat,Takumi Sato,115.0
zai-intelligence-20260408,group_chat,Mariam Abdelaziz,102.0
zai-intelligence-20260408,meeting,tsharma,7200.0
zai-intelligence-20260408,meeting,tsharma,7200.0
zai-intelligence-20260408,meeting,tsharma,12600.0
zai-intelligence-20260408,meeting,tsharma,55800.0
zai-intelligence-20260408,meeting,tsharma,7200.0
zai-intelligence-20260408,meeting,tsharma,25200.0
zai-intelligence-20260408,meeting,tsharma,57600.0
zai-intelligence-20260408,meeting,tsharma,14400.0
zai-intelligence-20260408,meeting,tsharma,12600.0
zai-intelligence-20260408,meeting,tsharma,73800.0
zai-intelligence-20260408,meeting,tsharma,7200.0
zai-intelligence-20260408,meeting,tsharma,5400.0
zai-intelligence-20260408,meeting,tsharma,59400.0
zai-intelligence-20260408,meeting,tsharma,19800.0
zai-intelligence-20260408,meeting,tsharma,5400.0
zai-intelligence-20260408,meeting,tsharma,75600.0
zai-intelligence-20260408,meeting,tsharma,7200.0
zai-intelligence-20260408,meeting,tsharma,64800.0
zai-intelligence-20260408,meeting,tsharma,25200.0
zai-intelligence-20260408,meeting,tsharma,61200.0
zai-intelligence-20260408,meeting,tsharma,5400.0
zai-intelligence-20260408,meeting,tsharma,81000.0
zai-intelligence-20260408,meeting,tsharma,5400.0
zai-intelligence-20260408,meeting,tsharma,167400.0
zai-intelligence-20260408,meeting,tsharma,9000.0
zai-intelligence-20260408,meeting,tsharma,14400.0
zai-intelligence-20260408,meeting,tsharma,63000.0
zai-intelligence-20260408,meeting,tsharma,7200.0
zai-intelligence-20260408,meeting,tsharma,7200.0
zai-intelligence-20260408,meeting,tsharma,72000.0
zai-intelligence-20260408,meeting,tsharma,7200.0
zai-intelligence-20260408,meeting,tsharma,100800.0
zai-intelligence-20260408,meeting,tsharma,75600.0
zai-intelligence-20260408,meeting,tsharma,7200.0
zai-intelligence-20260408,meeting,tsharma,5400.0
zai-intelligence-20260408,meeting,tsharma,90000.0
zai-intelligence-20260408,meeting,tsharma,64800.0
zai-intelligence-20260408,meeting,tsharma,5400.0
zai-intelligence-20260408,meeting,tsharma,3600.0
zai-intelligence-20260408,meeting,tsharma,72000.0
zai-intelligence-20260408,meeting,tsharma,14400.0
zai-intelligence-20260408,meeting,tsharma,7200.0
zai-intelligence-20260408,meeting,tsharma,5400.0
zai-intelligence-20260408,meeting,tsharma,75600.0
zai-intelligence-20260408,meeting,tsharma,5400.0
zai-intelligence-20260408,meeting,tsharma,75600.0
zai-intelligence-20260408,meeting,tsharma,95400.0
zai-intelligence-20260408,meeting,tsharma,70200.0
zai-intelligence-20260408,meeting,tsharma,14400.0
zai-intelligence-20260408,meeting,tsharma,7200.0
zai-intelligence-20260408,meeting,tsharma,64800.0
zai-intelligence-20260408,meeting,tsharma,6300.0
zai-intelligence-20260408,meeting,tsharma,11700.0
zai-intelligence-20260408,meeting,tsharma,75600.0
zai-intelligence-20260408,meeting,tsharma,81000.0
zai-intelligence-20260408,meeting,tsharma,5400.0
zai-intelligence-20260408,meeting,tsharma,75600.0
zai-intelligence-20260408,meeting,tsharma,9000.0
zai-intelligence-20260408,meeting,tsharma,91800.0
zai-intelligence-20260408,meeting,tsharma,75600.0
zai-intelligence-20260408,meeting,tsharma,82800.0
zai-intelligence-20260408,meeting,tsharma,21600.0
zai-intelligence-20260408,meeting,tsharma,68400.0
zai-intelligence-20260408,meeting,tsharma,5400.0
zai-intelligence-20260408,meeting,tsharma,77400.0
zai-intelligence-20260408,meeting,tsharma,12600.0
zai-intelligence-20260408,meeting,tsharma,5400.0
zai-intelligence-20260408,meeting,tsharma,5400.0
zai-intelligence-20260408,meeting,arendon,14400.0
zai-intelligence-20260408,meeting,arendon,12600.0
zai-intelligence-20260408,meeting,arendon,1355400.0
zai-intelligence-20260408,meeting,fribeiro,14400.0
zai-intelligence-20260408,meeting,fribeiro,12600.0
zai-intelligence-20260408,meeting,fribeiro,55800.0
zai-intelligence-20260408,meeting,fribeiro,7200.0
zai-intelligence-20260408,meeting,fribeiro,25200.0
zai-intelligence-20260408,meeting,fribeiro,57600.0
zai-intelligence-20260408,meeting,fribeiro,5400.0
zai-intelligence-20260408,meeting,fribeiro,9000.0
zai-intelligence-20260408,meeting,fribeiro,12600.0
zai-intelligence-20260408,meeting,fribeiro,59400.0
zai-intelligence-20260408,meeting,fribeiro,14400.0
zai-intelligence-20260408,meeting,fribeiro,7200.0
zai-intelligence-20260408,meeting,fribeiro,5400.0
zai-intelligence-20260408,meeting,fribeiro,59400.0
zai-intelligence-20260408,meeting,fribeiro,14400.0
zai-intelligence-20260408,meeting,fribeiro,86400.0
zai-intelligence-20260408,meeting,fribeiro,3600.0
zai-intelligence-20260408,meeting,fribeiro,3600.0
zai-intelligence-20260408,meeting,fribeiro,64800.0
zai-intelligence-20260408,meeting,fribeiro,3600.0
zai-intelligence-20260408,meeting,fribeiro,88200.0
zai-intelligence-20260408,meeting,fribeiro,5400.0
zai-intelligence-20260408,meeting,fribeiro,75600.0
zai-intelligence-20260408,meeting,fribeiro,5400.0
zai-intelligence-20260408,meeting,fribeiro,16200.0
zai-intelligence-20260408,meeting,fribeiro,64800.0
zai-intelligence-20260408,meeting,fribeiro,18000.0
zai-intelligence-20260408,meeting,fribeiro,68400.0
zai-intelligence-20260408,meeting,fribeiro,93600.0
zai-intelligence-20260408,meeting,fribeiro,86400.0
zai-intelligence-20260408,meeting,fribeiro,79200.0
zai-intelligence-20260408,meeting,fribeiro,9000.0
zai-intelligence-20260408,meeting,fribeiro,95400.0
zai-intelligence-20260408,meeting,fribeiro,68400.0
zai-intelligence-20260408,meeting,fribeiro,97200.0
zai-intelligence-20260408,meeting,fribeiro,81000.0
zai-intelligence-20260408,meeting,fribeiro,16200.0
zai-intelligence-20260408,meeting,fribeiro,68400.0
zai-intelligence-20260408,meeting,fribeiro,12600.0
zai-intelligence-20260408,meeting,fribeiro,70200.0
zai-intelligence-20260408,meeting,fribeiro,7200.0
zai-intelligence-20260408,meeting,fribeiro,14400.0
zai-intelligence-20260408,meeting,fribeiro,7200.0
zai-intelligence-20260408,meeting,fribeiro,57600.0
zai-intelligence-20260408,meeting,fribeiro,10800.0
zai-intelligence-20260408,meeting,fribeiro,9000.0
zai-intelligence-20260408,meeting,fribeiro,70200.0
zai-intelligence-20260408,meeting,fribeiro,21600.0
zai-intelligence-20260408,meeting,fribeiro,64800.0
zai-intelligence-20260408,meeting,fribeiro,6300.0
zai-intelligence-20260408,meeting,fribeiro,11700.0
zai-intelligence-20260408,meeting,fribeiro,70200.0
zai-intelligence-20260408,meeting,fribeiro,5400.0
zai-intelligence-20260408,meeting,fribeiro,93600.0
zai-intelligence-20260408,meeting,fribeiro,77400.0
zai-intelligence-20260408,meeting,fribeiro,84600.0
zai-intelligence-20260408,meeting,fribeiro,82800.0
zai-intelligence-20260408,meeting,fribeiro,14400.0
zai-intelligence-20260408,meeting,fribeiro,5400.0
zai-intelligence-20260408,meeting,fribeiro,63000.0
zai-intelligence-20260408,meeting,fribeiro,21600.0
zai-intelligence-20260408,meeting,fribeiro,64800.0
zai-intelligence-20260408,meeting,fribeiro,18000.0
zai-intelligence-20260408,meeting,fribeiro,68400.0
zai-intelligence-20260408,meeting,fribeiro,12600.0
zai-intelligence-20260408,meeting,fribeiro,10800.0
zai-intelligence-20260408,meeting,kpetrov,14400.0
zai-intelligence-20260408,meeting,kpetrov,12600.0
zai-intelligence-20260408,meeting,kpetrov,63000.0
zai-intelligence-20260408,meeting,kpetrov,25200.0
zai-intelligence-20260408,meeting,kpetrov,57600.0
zai-intelligence-20260408,meeting,kpetrov,5400.0
zai-intelligence-20260408,meeting,kpetrov,21600.0
zai-intelligence-20260408,meeting,kpetrov,81000.0
zai-intelligence-20260408,meeting,kpetrov,84600.0
zai-intelligence-20260408,meeting,kpetrov,81000.0
zai-intelligence-20260408,meeting,kpetrov,3600.0
zai-intelligence-20260408,meeting,kpetrov,72000.0
zai-intelligence-20260408,meeting,kpetrov,93600.0
zai-intelligence-20260408,meeting,kpetrov,75600.0
zai-intelligence-20260408,meeting,kpetrov,172800.0
zai-intelligence-20260408,meeting,kpetrov,86400.0
zai-intelligence-20260408,meeting,kpetrov,93600.0
zai-intelligence-20260408,meeting,kpetrov,183600.0
zai-intelligence-20260408,meeting,kpetrov,165600.0
zai-intelligence-20260408,meeting,kpetrov,97200.0
zai-intelligence-20260408,meeting,kpetrov,81000.0
zai-intelligence-20260408,meeting,kpetrov,77400.0
zai-intelligence-20260408,meeting,kpetrov,21600.0
zai-intelligence-20260408,meeting,kpetrov,77400.0
zai-intelligence-20260408,meeting,kpetrov,70200.0
zai-intelligence-20260408,meeting,kpetrov,21600.0
zai-intelligence-20260408,meeting,kpetrov,71100.0
zai-intelligence-20260408,meeting,kpetrov,81900.0
zai-intelligence-20260408,meeting,kpetrov,99000.0
zai-intelligence-20260408,meeting,kpetrov,77400.0
zai-intelligence-20260408,meeting,kpetrov,84600.0
zai-intelligence-20260408,meeting,kpetrov,97200.0
zai-intelligence-20260408,meeting,kpetrov,90000.0
zai-intelligence-20260408,meeting,kpetrov,73800.0
zai-intelligence-20260408,meeting,kpetrov,90000.0
zai-intelligence-20260408,meeting,nsharma,19800.0
zai-intelligence-20260408,meeting,nsharma,63000.0
zai-intelligence-20260408,meeting,nsharma,432000.0
zai-intelligence-20260408,meeting,nsharma,3600.0
zai-intelligence-20260408,meeting,nsharma,171000.0
zai-intelligence-20260408,meeting,nsharma,86400.0
zai-intelligence-20260408,meeting,nsharma,340200.0
zai-intelligence-20260408,meeting,nsharma,104400.0
zai-intelligence-20260408,meeting,nsharma,68400.0
zai-intelligence-20260408,meeting,nsharma,14400.0
zai-intelligence-20260408,meeting,nsharma,243000.0
zai-intelligence-20260408,meeting,nsharma,88200.0
zai-intelligence-20260408,meeting,nsharma,106200.0
zai-intelligence-20260408,meeting,nsharma,66600.0
zai-intelligence-20260408,meeting,nsharma,86400.0
zai-intelligence-20260408,meeting,nsharma,3600.0
zai-intelligence-20260408,meeting,nsharma,10800.0
zai-intelligence-20260408,meeting,nsharma,7200.0
zai-intelligence-20260408,meeting,nsharma,70200.0
zai-intelligence-20260408,meeting,nsharma,19800.0
zai-intelligence-20260408,meeting,nsharma,66600.0
zai-intelligence-20260408,meeting,nsharma,86400.0
zai-intelligence-20260408,meeting,nsharma,14400.0
zai-intelligence-20260408,meeting,nsharma,5400.0
zai-intelligence-20260408,meeting,nsharma,61200.0
zai-intelligence-20260408,meeting,nsharma,3600.0
zai-intelligence-20260408,meeting,nsharma,82800.0
zai-intelligence-20260408,meeting,nsharma,86400.0
zai-intelligence-20260408,meeting,nsharma,95400.0
zai-intelligence-20260408,meeting,nsharma,77400.0
zai-intelligence-20260408,meeting,nsharma,23400.0
zai-intelligence-20260408,meeting,arossi,82800.0
zai-intelligence-20260408,meeting,arossi,25200.0
zai-intelligence-20260408,meeting,arossi,57600.0
zai-intelligence-20260408,meeting,arossi,5400.0
zai-intelligence-20260408,meeting,arossi,9000.0
zai-intelligence-20260408,meeting,arossi,12600.0
zai-intelligence-20260408,meeting,arossi,59400.0
zai-intelligence-20260408,meeting,arossi,14400.0
zai-intelligence-20260408,meeting,arossi,7200.0
zai-intelligence-20260408,meeting,arossi,5400.0
zai-intelligence-20260408,meeting,arossi,79200.0
zai-intelligence-20260408,meeting,arossi,73800.0
zai-intelligence-20260408,meeting,arossi,10800.0
zai-intelligence-20260408,meeting,arossi,72000.0
zai-intelligence-20260408,meeting,arossi,93600.0
zai-intelligence-20260408,meeting,arossi,12600.0
zai-intelligence-20260408,meeting,arossi,68400.0
zai-intelligence-20260408,meeting,arossi,81000.0
zai-intelligence-20260408,meeting,arossi,5400.0
zai-intelligence-20260408,meeting,arossi,12600.0
zai-intelligence-20260408,meeting,arossi,84600.0
zai-intelligence-20260408,meeting,arossi,70200.0
zai-intelligence-20260408,meeting,arossi,7200.0
zai-intelligence-20260408,meeting,arossi,86400.0
zai-intelligence-20260408,meeting,arossi,183600.0
zai-intelligence-20260408,meeting,arossi,82800.0
zai-intelligence-20260408,meeting,arossi,82800.0
zai-intelligence-20260408,meeting,arossi,97200.0
zai-intelligence-20260408,meeting,arossi,81000.0
zai-intelligence-20260408,meeting,arossi,77400.0
zai-intelligence-20260408,meeting,arossi,14400.0
zai-intelligence-20260408,meeting,arossi,7200.0
zai-intelligence-20260408,meeting,arossi,57600.0
zai-intelligence-20260408,meeting,arossi,111600.0
zai-intelligence-20260408,meeting,arossi,71100.0
zai-intelligence-20260408,meeting,arossi,81900.0
zai-intelligence-20260408,meeting,arossi,19800.0
zai-intelligence-20260408,meeting,arossi,79200.0
zai-intelligence-20260408,meeting,arossi,77400.0
zai-intelligence-20260408,meeting,arossi,84600.0
zai-intelligence-20260408,meeting,arossi,97200.0
zai-intelligence-20260408,meeting,arossi,90000.0
zai-intelligence-20260408,meeting,arossi,73800.0
zai-intelligence-20260408,meeting,arossi,90000.0
zai-intelligence-20260408,meeting,kvasilev,352800.0
zai-intelligence-20260408,meeting,kvasilev,79200.0
zai-intelligence-20260408,meeting,kvasilev,86400.0
zai-intelligence-20260408,meeting,kvasilev,102600.0
zai-intelligence-20260408,meeting,kvasilev,79200.0
zai-intelligence-20260408,meeting,kvasilev,502200.0
zai-intelligence-20260408,meeting,kvasilev,100800.0
zai-intelligence-20260408,meeting,kvasilev,72000.0
zai-intelligence-20260408,meeting,kvasilev,259200.0
zai-intelligence-20260408,meeting,kvasilev,21600.0
zai-intelligence-20260408,meeting,kvasilev,75600.0
zai-intelligence-20260408,meeting,kvasilev,75600.0
zai-intelligence-20260408,meeting,kvasilev,86400.0
zai-intelligence-20260408,meeting,kvasilev,14400.0
zai-intelligence-20260408,meeting,kvasilev,72000.0
zai-intelligence-20260408,meeting,kvasilev,25200.0
zai-intelligence-20260408,meeting,kvasilev,153000.0
zai-intelligence-20260408,meeting,kvasilev,14400.0
zai-intelligence-20260408,meeting,kvasilev,5400.0
zai-intelligence-20260408,meeting,kvasilev,61200.0
zai-intelligence-20260408,meeting,kvasilev,3600.0
zai-intelligence-20260408,meeting,kvasilev,82800.0
zai-intelligence-20260408,meeting,kvasilev,100800.0
zai-intelligence-20260408,meeting,kvasilev,72000.0
zai-intelligence-20260408,meeting,kvasilev,93600.0
zai-intelligence-20260408,meeting,kvasilev,19800.0
zai-intelligence-20260408,meeting,hwang,68400.0
zai-intelligence-20260408,meeting,hwang,90000.0
zai-intelligence-20260408,meeting,hwang,5400.0
zai-intelligence-20260408,meeting,hwang,21600.0
zai-intelligence-20260408,meeting,hwang,86400.0
zai-intelligence-20260408,meeting,hwang,59400.0
zai-intelligence-20260408,meeting,hwang,25200.0
zai-intelligence-20260408,meeting,hwang,147600.0
zai-intelligence-20260408,meeting,hwang,25200.0
zai-intelligence-20260408,meeting,hwang,169200.0
zai-intelligence-20260408,meeting,hwang,70200.0
zai-intelligence-20260408,meeting,hwang,90000.0
zai-intelligence-20260408,meeting,hwang,91800.0
zai-intelligence-20260408,meeting,hwang,72000.0
zai-intelligence-20260408,meeting,hwang,108000.0
zai-intelligence-20260408,meeting,hwang,75600.0
zai-intelligence-20260408,meeting,hwang,12600.0
zai-intelligence-20260408,meeting,hwang,90000.0
zai-intelligence-20260408,meeting,hwang,73800.0
zai-intelligence-20260408,meeting,hwang,72000.0
zai-intelligence-20260408,meeting,hwang,5400.0
zai-intelligence-20260408,meeting,hwang,9000.0
zai-intelligence-20260408,meeting,hwang,7200.0
zai-intelligence-20260408,meeting,hwang,5400.0
zai-intelligence-20260408,meeting,hwang,156600.0
zai-intelligence-20260408,meeting,hwang,75600.0
zai-intelligence-20260408,meeting,hwang,95400.0
zai-intelligence-20260408,meeting,hwang,9000.0
zai-intelligence-20260408,meeting,hwang,72000.0
zai-intelligence-20260408,meeting,hwang,10800.0
zai-intelligence-20260408,meeting,hwang,7200.0
zai-intelligence-20260408,meeting,hwang,75600.0
zai-intelligence-20260408,meeting,hwang,7200.0
zai-intelligence-20260408,meeting,hwang,79200.0
zai-intelligence-20260408,meeting,hwang,18000.0
zai-intelligence-20260408,meeting,hwang,57600.0
zai-intelligence-20260408,meeting,hwang,25200.0
zai-intelligence-20260408,meeting,hwang,75600.0
zai-intelligence-20260408,meeting,hwang,75600.0
zai-intelligence-20260408,meeting,hwang,7200.0
zai-intelligence-20260408,meeting,hwang,82800.0
zai-intelligence-20260408,meeting,hwang,82800.0
zai-intelligence-20260408,meeting,hwang,82800.0
zai-intelligence-20260408,meeting,hwang,18000.0
zai-intelligence-20260408,meeting,hwang,5400.0
zai-intelligence-20260408,meeting,mcarvalho,165600.0
zai-intelligence-20260408,meeting,mcarvalho,183600.0
zai-intelligence-20260408,meeting,mcarvalho,172800.0
zai-intelligence-20260408,meeting,mcarvalho,169200.0
zai-intelligence-20260408,meeting,mcarvalho,174600.0
zai-intelligence-20260408,meeting,mcarvalho,77400.0
zai-intelligence-20260408,meeting,mcarvalho,72000.0
zai-intelligence-20260408,meeting,mcarvalho,108000.0
zai-intelligence-20260408,meeting,mcarvalho,75600.0
zai-intelligence-20260408,meeting,mcarvalho,12600.0
zai-intelligence-20260408,meeting,mcarvalho,84600.0
zai-intelligence-20260408,meeting,mcarvalho,5400.0
zai-intelligence-20260408,meeting,mcarvalho,73800.0
zai-intelligence-20260408,meeting,mcarvalho,72000.0
zai-intelligence-20260408,meeting,mcarvalho,27000.0
zai-intelligence-20260408,meeting,mcarvalho,63000.0
zai-intelligence-20260408,meeting,mcarvalho,7200.0
zai-intelligence-20260408,meeting,mcarvalho,10800.0
zai-intelligence-20260408,meeting,mcarvalho,246600.0
zai-intelligence-20260408,meeting,mcarvalho,9000.0
zai-intelligence-20260408,meeting,mcarvalho,90000.0
zai-intelligence-20260408,meeting,mcarvalho,237600.0
zai-intelligence-20260408,meeting,mcarvalho,14400.0
zai-intelligence-20260408,meeting,mcarvalho,86400.0
zai-intelligence-20260408,meeting,mcarvalho,7200.0
zai-intelligence-20260408,meeting,mcarvalho,68400.0
zai-intelligence-20260408,meeting,mcarvalho,7200.0
zai-intelligence-20260408,meeting,mcarvalho,82800.0
zai-intelligence-20260408,meeting,mcarvalho,19800.0
zai-intelligence-20260408,meeting,mcarvalho,63000.0
zai-intelligence-20260408,meeting,mcarvalho,82800.0
zai-intelligence-20260408,meeting,mcarvalho,18000.0
zai-intelligence-20260408,meeting,mcarvalho,5400.0
zai-intelligence-20260408,meeting,jrodriguez,79200.0
zai-intelligence-20260408,meeting,jrodriguez,165600.0
zai-intelligence-20260408,meeting,jrodriguez,86400.0
zai-intelligence-20260408,meeting,jrodriguez,18000.0
zai-intelligence-20260408,meeting,jrodriguez,165600.0
zai-intelligence-20260408,meeting,jrodriguez,176400.0
zai-intelligence-20260408,meeting,jrodriguez,5400.0
zai-intelligence-20260408,meeting,jrodriguez,154800.0
zai-intelligence-20260408,meeting,jrodriguez,14400.0
zai-intelligence-20260408,meeting,jrodriguez,77400.0
zai-intelligence-20260408,meeting,jrodriguez,12600.0
zai-intelligence-20260408,meeting,jrodriguez,59400.0
zai-intelligence-20260408,meeting,jrodriguez,12600.0
zai-intelligence-20260408,meeting,jrodriguez,79200.0
zai-intelligence-20260408,meeting,jrodriguez,16200.0
zai-intelligence-20260408,meeting,jrodriguez,68400.0
zai-intelligence-20260408,meeting,jrodriguez,7200.0
zai-intelligence-20260408,meeting,jrodriguez,12600.0
zai-intelligence-20260408,meeting,jrodriguez,90000.0
zai-intelligence-20260408,meeting,jrodriguez,64800.0
zai-intelligence-20260408,meeting,jrodriguez,9000.0
zai-intelligence-20260408,meeting,jrodriguez,72000.0
zai-intelligence-20260408,meeting,jrodriguez,27000.0
zai-intelligence-20260408,meeting,jrodriguez,63000.0
zai-intelligence-20260408,meeting,jrodriguez,18000.0
zai-intelligence-20260408,meeting,jrodriguez,75600.0
zai-intelligence-20260408,meeting,jrodriguez,165600.0
zai-intelligence-20260408,meeting,jrodriguez,5400.0
zai-intelligence-20260408,meeting,jrodriguez,9000.0
zai-intelligence-20260408,meeting,jrodriguez,72000.0
zai-intelligence-20260408,meeting,jrodriguez,18000.0
zai-intelligence-20260408,meeting,jrodriguez,82800.0
zai-intelligence-20260408,meeting,jrodriguez,79200.0
zai-intelligence-20260408,meeting,jrodriguez,18000.0
zai-intelligence-20260408,meeting,jrodriguez,57600.0
zai-intelligence-20260408,meeting,jrodriguez,183600.0
zai-intelligence-20260408,meeting,jrodriguez,82800.0
zai-intelligence-20260408,meeting,jrodriguez,19800.0
zai-intelligence-20260408,meeting,jrodriguez,63000.0
zai-intelligence-20260408,meeting,jrodriguez,19800.0
zai-intelligence-20260408,meeting,jrodriguez,63000.0
zai-intelligence-20260408,meeting,jrodriguez,18000.0
zai-intelligence-20260408,meeting,jrodriguez,5400.0
zai-intelligence-20260408,meeting,okonkwo,349200.0
zai-intelligence-20260408,meeting,okonkwo,347400.0
zai-intelligence-20260408,meeting,okonkwo,82800.0
zai-intelligence-20260408,meeting,okonkwo,72000.0
zai-intelligence-20260408,meeting,okonkwo,91800.0
zai-intelligence-20260408,meeting,okonkwo,72000.0
zai-intelligence-20260408,meeting,okonkwo,108000.0
zai-intelligence-20260408,meeting,okonkwo,178200.0
zai-intelligence-20260408,meeting,okonkwo,64800.0
zai-intelligence-20260408,meeting,okonkwo,95400.0
zai-intelligence-20260408,meeting,okonkwo,12600.0
zai-intelligence-20260408,meeting,okonkwo,70200.0
zai-intelligence-20260408,meeting,okonkwo,10800.0
zai-intelligence-20260408,meeting,okonkwo,75600.0
zai-intelligence-20260408,meeting,okonkwo,180000.0
zai-intelligence-20260408,meeting,okonkwo,90000.0
zai-intelligence-20260408,meeting,okonkwo,82800.0
zai-intelligence-20260408,meeting,okonkwo,79200.0
zai-intelligence-20260408,meeting,okonkwo,18000.0
zai-intelligence-20260408,meeting,okonkwo,406800.0
zai-intelligence-20260408,meeting,dschmidt,1810800.0
zai-intelligence-20260408,meeting,mhamed,79200.0
zai-intelligence-20260408,meeting,mhamed,165600.0
zai-intelligence-20260408,meeting,mhamed,86400.0
zai-intelligence-20260408,meeting,mhamed,84600.0
zai-intelligence-20260408,meeting,mhamed,99000.0
zai-intelligence-20260408,meeting,mhamed,86400.0
zai-intelligence-20260408,meeting,mhamed,79200.0
zai-intelligence-20260408,meeting,mhamed,86400.0
zai-intelligence-20260408,meeting,mhamed,79200.0
zai-intelligence-20260408,meeting,mhamed,109800.0
zai-intelligence-20260408,meeting,mhamed,72000.0
zai-intelligence-20260408,meeting,mhamed,79200.0
zai-intelligence-20260408,meeting,mhamed,174600.0
zai-intelligence-20260408,meeting,mhamed,100800.0
zai-intelligence-20260408,meeting,mhamed,241200.0
zai-intelligence-20260408,meeting,mhamed,21600.0
zai-intelligence-20260408,meeting,mhamed,66600.0
zai-intelligence-20260408,meeting,mhamed,345600.0
zai-intelligence-20260408,meeting,mhamed,23400.0
zai-intelligence-20260408,meeting,mhamed,324000.0
zai-intelligence-20260408,meeting,mhamed,19800.0
zai-intelligence-20260408,meeting,mhamed,72000.0
zai-intelligence-20260408,meeting,mhamed,10800.0
zai-intelligence-20260408,meeting,arendón,27000.0
zai-intelligence-20260408,meeting,arendón,5400.0
zai-intelligence-20260408,meeting,arendón,72000.0
zai-intelligence-20260408,meeting,arendón,12600.0
zai-intelligence-20260408,meeting,arendón,73800.0
zai-intelligence-20260408,meeting,arendón,12600.0
zai-intelligence-20260408,meeting,arendón,59400.0
zai-intelligence-20260408,meeting,arendón,14400.0
zai-intelligence-20260408,meeting,arendón,10800.0
zai-intelligence-20260408,meeting,arendón,82800.0
zai-intelligence-20260408,meeting,arendón,64800.0
zai-intelligence-20260408,meeting,arendón,7200.0
zai-intelligence-20260408,meeting,arendón,18000.0
zai-intelligence-20260408,meeting,arendón,61200.0
zai-intelligence-20260408,meeting,arendón,5400.0
zai-intelligence-20260408,meeting,arendón,5400.0
zai-intelligence-20260408,meeting,arendón,75600.0
zai-intelligence-20260408,meeting,arendón,21600.0
zai-intelligence-20260408,meeting,arendón,151200.0
zai-intelligence-20260408,meeting,arendón,23400.0
zai-intelligence-20260408,meeting,arendón,172800.0
zai-intelligence-20260408,meeting,arendón,63000.0
zai-intelligence-20260408,meeting,arendón,9000.0
zai-intelligence-20260408,meeting,arendón,77400.0
zai-intelligence-20260408,meeting,arendón,86400.0
zai-intelligence-20260408,meeting,arendón,178200.0
zai-intelligence-20260408,meeting,arendón,9000.0
zai-intelligence-20260408,meeting,arendón,18000.0
zai-intelligence-20260408,meeting,arendón,52200.0
zai-intelligence-20260408,meeting,arendón,5400.0
zai-intelligence-20260408,meeting,arendón,82800.0
zai-intelligence-20260408,meeting,arendón,10800.0
zai-intelligence-20260408,meeting,arendón,7200.0
zai-intelligence-20260408,meeting,arendón,154800.0
zai-intelligence-20260408,meeting,arendón,86400.0
zai-intelligence-20260408,meeting,arendón,14400.0
zai-intelligence-20260408,meeting,arendón,7200.0
zai-intelligence-20260408,meeting,arendón,64800.0
zai-intelligence-20260408,meeting,arendón,10800.0
zai-intelligence-20260408,meeting,arendón,75600.0
zai-intelligence-20260408,meeting,arendón,5400.0
zai-intelligence-20260408,meeting,arendón,5400.0
zai-intelligence-20260408,meeting,arendón,12600.0
zai-intelligence-20260408,meeting,arendón,68400.0
zai-intelligence-20260408,meeting,arendón,14400.0
zai-intelligence-20260408,meeting,arendón,5400.0
zai-intelligence-20260408,meeting,arendón,61200.0
zai-intelligence-20260408,meeting,arendón,3600.0
zai-intelligence-20260408,meeting,arendón,82800.0
zai-intelligence-20260408,meeting,arendón,3600.0
zai-intelligence-20260408,meeting,arendón,19800.0
zai-intelligence-20260408,meeting,arendón,63000.0
zai-intelligence-20260408,meeting,arendón,14400.0
zai-intelligence-20260408,meeting,arendón,72000.0
zai-intelligence-20260408,meeting,arendón,18000.0
zai-intelligence-20260408,meeting,arendón,68400.0
zai-intelligence-20260408,meeting,arendón,7200.0
zai-intelligence-20260408,meeting,arendón,16200.0
zai-intelligence-20260408,meeting,arendón,3600.0
zai-intelligence-20260408,meeting,hnguyen,93600.0
zai-intelligence-20260408,meeting,hnguyen,72000.0
zai-intelligence-20260408,meeting,hnguyen,86400.0
zai-intelligence-20260408,meeting,hnguyen,84600.0
zai-intelligence-20260408,meeting,hnguyen,99000.0
zai-intelligence-20260408,meeting,hnguyen,86400.0
zai-intelligence-20260408,meeting,hnguyen,79200.0
zai-intelligence-20260408,meeting,hnguyen,86400.0
zai-intelligence-20260408,meeting,hnguyen,79200.0
zai-intelligence-20260408,meeting,hnguyen,109800.0
zai-intelligence-20260408,meeting,hnguyen,72000.0
zai-intelligence-20260408,meeting,hnguyen,79200.0
zai-intelligence-20260408,meeting,hnguyen,84600.0
zai-intelligence-20260408,meeting,hnguyen,90000.0
zai-intelligence-20260408,meeting,hnguyen,100800.0
zai-intelligence-20260408,meeting,hnguyen,162000.0
zai-intelligence-20260408,meeting,hnguyen,79200.0
zai-intelligence-20260408,meeting,hnguyen,21600.0
zai-intelligence-20260408,meeting,hnguyen,66600.0
zai-intelligence-20260408,meeting,hnguyen,90000.0
zai-intelligence-20260408,meeting,hnguyen,603000.0
zai-intelligence-20260408,meeting,hnguyen,91800.0
zai-intelligence-20260408,meeting,hnguyen,10800.0
zai-intelligence-20260408,meeting,kwilliams,93600.0
zai-intelligence-20260408,meeting,kwilliams,72000.0
zai-intelligence-20260408,meeting,kwilliams,86400.0
zai-intelligence-20260408,meeting,kwilliams,84600.0
zai-intelligence-20260408,meeting,kwilliams,99000.0
zai-intelligence-20260408,meeting,kwilliams,86400.0
zai-intelligence-20260408,meeting,kwilliams,79200.0
zai-intelligence-20260408,meeting,kwilliams,86400.0
zai-intelligence-20260408,meeting,kwilliams,79200.0
zai-intelligence-20260408,meeting,kwilliams,109800.0
zai-intelligence-20260408,meeting,kwilliams,72000.0
zai-intelligence-20260408,meeting,kwilliams,88200.0
zai-intelligence-20260408,meeting,kwilliams,75600.0
zai-intelligence-20260408,meeting,kwilliams,90000.0
zai-intelligence-20260408,meeting,kwilliams,342000.0
zai-intelligence-20260408,meeting,kwilliams,21600.0
zai-intelligence-20260408,meeting,kwilliams,66600.0
zai-intelligence-20260408,meeting,kwilliams,189000.0
zai-intelligence-20260408,meeting,kwilliams,345600.0
zai-intelligence-20260408,meeting,kwilliams,178200.0
zai-intelligence-20260408,meeting,kwilliams,72000.0
zai-intelligence-20260408,meeting,kwilliams,10800.0
zai-intelligence-20260408,meeting,mbaddour,93600.0
zai-intelligence-20260408,meeting,mbaddour,1371600.0
zai-intelligence-20260408,meeting,mbaddour,79200.0
zai-intelligence-20260408,meeting,mbaddour,21600.0
zai-intelligence-20260408,meeting,mbaddour,156600.0
zai-intelligence-20260408,meeting,mbaddour,181800.0
zai-intelligence-20260408,meeting,lkamau,149400.0
zai-intelligence-20260408,meeting,lkamau,187200.0
zai-intelligence-20260408,meeting,lkamau,7200.0
zai-intelligence-20260408,meeting,lkamau,64800.0
zai-intelligence-20260408,meeting,lkamau,25200.0
zai-intelligence-20260408,meeting,lkamau,61200.0
zai-intelligence-20260408,meeting,lkamau,23400.0
zai-intelligence-20260408,meeting,lkamau,63000.0
zai-intelligence-20260408,meeting,lkamau,5400.0
zai-intelligence-20260408,meeting,lkamau,10800.0
zai-intelligence-20260408,meeting,lkamau,70200.0
zai-intelligence-20260408,meeting,lkamau,5400.0
zai-intelligence-20260408,meeting,lkamau,97200.0
zai-intelligence-20260408,meeting,lkamau,77400.0
zai-intelligence-20260408,meeting,lkamau,14400.0
zai-intelligence-20260408,meeting,lkamau,72000.0
zai-intelligence-20260408,meeting,lkamau,16200.0
zai-intelligence-20260408,meeting,lkamau,63000.0
zai-intelligence-20260408,meeting,lkamau,86400.0
zai-intelligence-20260408,meeting,lkamau,23400.0
zai-intelligence-20260408,meeting,lkamau,63000.0
zai-intelligence-20260408,meeting,lkamau,86400.0
zai-intelligence-20260408,meeting,lkamau,21600.0
zai-intelligence-20260408,meeting,lkamau,70200.0
zai-intelligence-20260408,meeting,lkamau,27000.0
zai-intelligence-20260408,meeting,lkamau,52200.0
zai-intelligence-20260408,meeting,lkamau,106200.0
zai-intelligence-20260408,meeting,lkamau,68400.0
zai-intelligence-20260408,meeting,lkamau,10800.0
zai-intelligence-20260408,meeting,lkamau,75600.0
zai-intelligence-20260408,meeting,lkamau,86400.0
zai-intelligence-20260408,meeting,lkamau,14400.0
zai-intelligence-20260408,meeting,lkamau,7200.0
zai-intelligence-20260408,meeting,lkamau,64800.0
zai-intelligence-20260408,meeting,lkamau,86400.0
zai-intelligence-20260408,meeting,lkamau,10800.0
zai-intelligence-20260408,meeting,lkamau,12600.0
zai-intelligence-20260408,meeting,lkamau,336600.0
zai-intelligence-20260408,meeting,lkamau,72000.0
zai-intelligence-20260408,meeting,lkamau,18000.0
zai-intelligence-20260408,meeting,lkamau,91800.0
zai-intelligence-20260408,meeting,lkamau,3600.0
zai-intelligence-20260408,meeting,achukwuma,250200.0
zai-intelligence-20260408,meeting,achukwuma,79200.0
zai-intelligence-20260408,meeting,achukwuma,10800.0
zai-intelligence-20260408,meeting,achukwuma,3600.0
zai-intelligence-20260408,meeting,achukwuma,72000.0
zai-intelligence-20260408,meeting,achukwuma,270000.0
zai-intelligence-20260408,meeting,achukwuma,264600.0
zai-intelligence-20260408,meeting,achukwuma,63000.0
zai-intelligence-20260408,meeting,achukwuma,9000.0
zai-intelligence-20260408,meeting,achukwuma,369000.0
zai-intelligence-20260408,meeting,achukwuma,52200.0
zai-intelligence-20260408,meeting,achukwuma,88200.0
zai-intelligence-20260408,meeting,achukwuma,172800.0
zai-intelligence-20260408,meeting,achukwuma,86400.0
zai-intelligence-20260408,meeting,achukwuma,21600.0
zai-intelligence-20260408,meeting,achukwuma,90000.0
zai-intelligence-20260408,meeting,achukwuma,153000.0
zai-intelligence-20260408,meeting,achukwuma,14400.0
zai-intelligence-20260408,meeting,achukwuma,66600.0
zai-intelligence-20260408,meeting,achukwuma,3600.0
zai-intelligence-20260408,meeting,achukwuma,82800.0
zai-intelligence-20260408,meeting,achukwuma,23400.0
zai-intelligence-20260408,meeting,achukwuma,63000.0
zai-intelligence-20260408,meeting,achukwuma,21600.0
zai-intelligence-20260408,meeting,achukwuma,64800.0
zai-intelligence-20260408,meeting,achukwuma,86400.0
zai-intelligence-20260408,meeting,achukwuma,7200.0
zai-intelligence-20260408,meeting,achukwuma,16200.0
zai-intelligence-20260408,meeting,achukwuma,3600.0
zai-intelligence-20260408,meeting,rpatel,149400.0
zai-intelligence-20260408,meeting,rpatel,187200.0
zai-intelligence-20260408,meeting,rpatel,79200.0
zai-intelligence-20260408,meeting,rpatel,181800.0
zai-intelligence-20260408,meeting,rpatel,88200.0
zai-intelligence-20260408,meeting,rpatel,264600.0
zai-intelligence-20260408,meeting,rpatel,149400.0
zai-intelligence-20260408,meeting,rpatel,100800.0
zai-intelligence-20260408,meeting,rpatel,190800.0
zai-intelligence-20260408,meeting,rpatel,147600.0
zai-intelligence-20260408,meeting,rpatel,21600.0
zai-intelligence-20260408,meeting,rpatel,68400.0
zai-intelligence-20260408,meeting,rpatel,183600.0
zai-intelligence-20260408,meeting,rpatel,70200.0
zai-intelligence-20260408,meeting,rpatel,19800.0
zai-intelligence-20260408,meeting,rpatel,61200.0
zai-intelligence-20260408,meeting,rpatel,95400.0
zai-intelligence-20260408,meeting,rpatel,336600.0
zai-intelligence-20260408,meeting,rpatel,18000.0
zai-intelligence-20260408,meeting,yamada,149400.0
zai-intelligence-20260408,meeting,yamada,21600.0
zai-intelligence-20260408,meeting,yamada,84600.0
zai-intelligence-20260408,meeting,yamada,73800.0
zai-intelligence-20260408,meeting,yamada,189000.0
zai-intelligence-20260408,meeting,yamada,79200.0
zai-intelligence-20260408,meeting,yamada,70200.0
zai-intelligence-20260408,meeting,yamada,172800.0
zai-intelligence-20260408,meeting,yamada,109800.0
zai-intelligence-20260408,meeting,yamada,149400.0
zai-intelligence-20260408,meeting,yamada,18000.0
zai-intelligence-20260408,meeting,yamada,68400.0
zai-intelligence-20260408,meeting,yamada,14400.0
zai-intelligence-20260408,meeting,yamada,72000.0
zai-intelligence-20260408,meeting,yamada,91800.0
zai-intelligence-20260408,meeting,yamada,27000.0
zai-intelligence-20260408,meeting,yamada,140400.0
zai-intelligence-20260408,meeting,yamada,7200.0
zai-intelligence-20260408,meeting,yamada,14400.0
zai-intelligence-20260408,meeting,yamada,7200.0
zai-intelligence-20260408,meeting,yamada,73800.0
zai-intelligence-20260408,meeting,yamada,70200.0
zai-intelligence-20260408,meeting,yamada,86400.0
zai-intelligence-20260408,meeting,yamada,86400.0
zai-intelligence-20260408,meeting,yamada,25200.0
zai-intelligence-20260408,meeting,yamada,61200.0
zai-intelligence-20260408,meeting,yamada,91800.0
zai-intelligence-20260408,meeting,yamada,14400.0
zai-intelligence-20260408,meeting,yamada,5400.0
zai-intelligence-20260408,meeting,yamada,61200.0
zai-intelligence-20260408,meeting,yamada,3600.0
zai-intelligence-20260408,meeting,yamada,82800.0
zai-intelligence-20260408,meeting,yamada,100800.0
zai-intelligence-20260408,meeting,yamada,165600.0
zai-intelligence-20260408,meeting,yamada,19800.0
zai-intelligence-20260408,meeting,nkabongo,72000.0
zai-intelligence-20260408,meeting,nkabongo,171000.0
zai-intelligence-20260408,meeting,nkabongo,185400.0
zai-intelligence-20260408,meeting,nkabongo,432000.0
zai-intelligence-20260408,meeting,nkabongo,82800.0
zai-intelligence-20260408,meeting,nkabongo,606600.0
zai-intelligence-20260408,meeting,nkabongo,523800.0
zai-intelligence-20260408,meeting,nkabongo,250200.0
zai-intelligence-20260408,meeting,asuleiman,243000.0
zai-intelligence-20260408,meeting,asuleiman,185400.0
zai-intelligence-20260408,meeting,asuleiman,79200.0
zai-intelligence-20260408,meeting,asuleiman,347400.0
zai-intelligence-20260408,meeting,asuleiman,88200.0
zai-intelligence-20260408,meeting,asuleiman,75600.0
zai-intelligence-20260408,meeting,asuleiman,352800.0
zai-intelligence-20260408,meeting,asuleiman,100800.0
zai-intelligence-20260408,meeting,asuleiman,66600.0
zai-intelligence-20260408,meeting,asuleiman,90000.0
zai-intelligence-20260408,meeting,asuleiman,444600.0
zai-intelligence-20260408,meeting,asuleiman,178200.0
zai-intelligence-20260408,meeting,asuleiman,72000.0
zai-intelligence-20260408,meeting,hsingh,259200.0
zai-intelligence-20260408,meeting,hsingh,5400.0
zai-intelligence-20260408,meeting,hsingh,18000.0
zai-intelligence-20260408,meeting,hsingh,252000.0
zai-intelligence-20260408,meeting,hsingh,91800.0
zai-intelligence-20260408,meeting,hsingh,160200.0
zai-intelligence-20260408,meeting,hsingh,5400.0
zai-intelligence-20260408,meeting,hsingh,72000.0
zai-intelligence-20260408,meeting,hsingh,86400.0
zai-intelligence-20260408,meeting,hsingh,257400.0
zai-intelligence-20260408,meeting,hsingh,88200.0
zai-intelligence-20260408,meeting,hsingh,18000.0
zai-intelligence-20260408,meeting,hsingh,3600.0
zai-intelligence-20260408,meeting,hsingh,169200.0
zai-intelligence-20260408,meeting,hsingh,154800.0
zai-intelligence-20260408,meeting,hsingh,109800.0
zai-intelligence-20260408,meeting,hsingh,68400.0
zai-intelligence-20260408,meeting,hsingh,14400.0
zai-intelligence-20260408,meeting,hsingh,5400.0
zai-intelligence-20260408,meeting,hsingh,248400.0
zai-intelligence-20260408,meeting,hsingh,90000.0
zai-intelligence-20260408,meeting,hsingh,75600.0
zai-intelligence-20260408,meeting,hsingh,16200.0
zai-intelligence-20260408,meeting,hsingh,3600.0
zai-intelligence-20260408,meeting,nreddy,259200.0
zai-intelligence-20260408,meeting,nreddy,5400.0
zai-intelligence-20260408,meeting,nreddy,5400.0
zai-intelligence-20260408,meeting,nreddy,91800.0
zai-intelligence-20260408,meeting,nreddy,264600.0
zai-intelligence-20260408,meeting,nreddy,160200.0
zai-intelligence-20260408,meeting,nreddy,612000.0
zai-intelligence-20260408,meeting,nreddy,88200.0
zai-intelligence-20260408,meeting,nreddy,264600.0
zai-intelligence-20260408,meeting,nreddy,156600.0
zai-intelligence-20260408,meeting,nreddy,270000.0
zai-intelligence-20260408,meeting,gmensah,514800.0
zai-intelligence-20260408,meeting,gmensah,174600.0
zai-intelligence-20260408,meeting,gmensah,178200.0
zai-intelligence-20260408,meeting,gmensah,171000.0
zai-intelligence-20260408,meeting,gmensah,255600.0
zai-intelligence-20260408,meeting,gmensah,84600.0
zai-intelligence-20260408,meeting,gmensah,268200.0
zai-intelligence-20260408,meeting,zokonkwo,347400.0
zai-intelligence-20260408,meeting,zokonkwo,336600.0
zai-intelligence-20260408,meeting,zokonkwo,867600.0
zai-intelligence-20260408,meeting,lchan,331200.0
zai-intelligence-20260408,meeting,lchan,435600.0
zai-intelligence-20260408,meeting,cgomez,82800.0
zai-intelligence-20260408,meeting,cgomez,1121400.0
zai-intelligence-20260408,meeting,hr_team,82800.0
zai-intelligence-20260408,meeting,lmatsuda,1119600.0
zai-intelligence-20260408,meeting,hribeiro,1130400.0
zai-intelligence-20260408,meeting,lzhao,9000.0
zai-intelligence-20260408,meeting,lzhao,72000.0
zai-intelligence-20260408,meeting,lzhao,90000.0
zai-intelligence-20260408,meeting,lzhao,18000.0
zai-intelligence-20260408,meeting,lzhao,75600.0
zai-intelligence-20260408,meeting,lzhao,165600.0
zai-intelligence-20260408,meeting,lzhao,86400.0
zai-intelligence-20260408,meeting,lzhao,93600.0
zai-intelligence-20260408,meeting,lzhao,7200.0
zai-intelligence-20260408,meeting,lzhao,169200.0
zai-intelligence-20260408,meeting,lzhao,86400.0
