source,target,channel,timestamp
tsato,adubois,email,2026-03-25 10:15:00+00:00
tsato,mgarcia,email,2026-03-25 10:15:00+00:00
tsato,jhassan,email,2026-03-25 10:15:00+00:00
tsato,ymorales,email_cc,2026-03-25 10:15:00+00:00
tsato,ljohansson,email_cc,2026-03-25 10:15:00+00:00
mgarcia,adubois,email,2026-03-25 11:00:00+00:00
mgarcia,tsato,email,2026-03-25 11:00:00+00:00
mgarcia,jokonkwo,email,2026-03-25 11:00:00+00:00
mgarcia,msharif,email_cc,2026-03-25 11:00:00+00:00
mgarcia,rchowdhury,email_cc,2026-03-25 11:00:00+00:00
mgarcia,knguyen,email_cc,2026-03-25 11:00:00+00:00
rpatel,adubois,email,2026-03-25 09:45:00+00:00
rpatel,tsato,email,2026-03-25 09:45:00+00:00
rpatel,nkhatri,email_cc,2026-03-25 09:45:00+00:00
rpatel,mohammedhaddad,email_cc,2026-03-25 09:45:00+00:00
hwang,tsato,email,2026-03-25 12:30:00+00:00
hwang,jhassan,email,2026-03-25 12:30:00+00:00
hwang,tkobayashi,email_cc,2026-03-25 12:30:00+00:00
hwang,rprasad,email_cc,2026-03-25 12:30:00+00:00
jdubois,adubois,email,2026-03-25 08:50:00+00:00
jdubois,jokonkwo,email,2026-03-25 08:50:00+00:00
jdubois,mabebe,email,2026-03-25 08:50:00+00:00
jdubois,rmensah,email_cc,2026-03-25 08:50:00+00:00
jdubois,cndlovu,email_cc,2026-03-25 08:50:00+00:00
jdubois,adeokonkwo,email_cc,2026-03-25 08:50:00+00:00
msharif,mgarcia,email,2026-03-25 13:15:00+00:00
msharif,rchowdhury,email,2026-03-25 13:15:00+00:00
msharif,knguyen,email_cc,2026-03-25 13:15:00+00:00
msharif,lrossi,email_cc,2026-03-25 13:15:00+00:00
msharif,carlosgarcia,email_cc,2026-03-25 13:15:00+00:00
ymorales,tsato,email,2026-03-25 14:00:00+00:00
ymorales,ljohansson,email,2026-03-25 14:00:00+00:00
ymorales,hwang,email_cc,2026-03-25 14:00:00+00:00
ymorales,tkobayashi,email_cc,2026-03-25 14:00:00+00:00
nkhatri,rpatel,email,2026-03-25 11:30:00+00:00
nkhatri,mohammedhaddad,email,2026-03-25 11:30:00+00:00
nkhatri,adubois,email_cc,2026-03-25 11:30:00+00:00
nkhatri,aokonkwo,email_cc,2026-03-25 11:30:00+00:00
mabebe,jokonkwo,email,2026-03-25 15:45:00+00:00
mabebe,jdubois,email,2026-03-25 15:45:00+00:00
mabebe,rmensah,email_cc,2026-03-25 15:45:00+00:00
mabebe,fpereira,email_cc,2026-03-25 15:45:00+00:00
eabbas,jhassan,email,2026-03-25 16:00:00+00:00
eabbas,ljohansson,email,2026-03-25 16:00:00+00:00
eabbas,hwang,email_cc,2026-03-25 16:00:00+00:00
eabbas,tkobayashi,email_cc,2026-03-25 16:00:00+00:00
tsilva,tsato,email,2026-03-26 09:15:00+00:00
tsilva,jhassan,email,2026-03-26 09:15:00+00:00
tsilva,ymorales,email,2026-03-26 09:15:00+00:00
tsilva,kpark,email_cc,2026-03-26 09:15:00+00:00
tsilva,tkobayashi,email_cc,2026-03-26 09:15:00+00:00
mgarcia,adubois,email,2026-03-26 10:30:00+00:00
mgarcia,tsato,email,2026-03-26 10:30:00+00:00
mgarcia,jokonkwo,email,2026-03-26 10:30:00+00:00
mgarcia,msharif,email_cc,2026-03-26 10:30:00+00:00
mgarcia,rchowdhury,email_cc,2026-03-26 10:30:00+00:00
mgarcia,lrossi,email_cc,2026-03-26 10:30:00+00:00
adubois,rpatel,email,2026-03-26 11:00:00+00:00
adubois,tsato,email,2026-03-26 11:00:00+00:00
adubois,mgarcia,email,2026-03-26 11:00:00+00:00
adubois,mabebe,email_cc,2026-03-26 11:00:00+00:00
adubois,jdubois,email_cc,2026-03-26 11:00:00+00:00
adubois,rmensah,email_cc,2026-03-26 11:00:00+00:00
msharif,jhassan,email,2026-03-26 11:45:00+00:00
msharif,kpark,email,2026-03-26 11:45:00+00:00
msharif,tkobayashi,email,2026-03-26 11:45:00+00:00
msharif,rchowdhury,email_cc,2026-03-26 11:45:00+00:00
msharif,lrossi,email_cc,2026-03-26 11:45:00+00:00
jdubois,mabebe,email,2026-03-26 12:15:00+00:00
jdubois,rmensah,email,2026-03-26 12:15:00+00:00
jdubois,fpereira,email,2026-03-26 12:15:00+00:00
jdubois,jokonkwo,email_cc,2026-03-26 12:15:00+00:00
amustafa,mgarcia,email,2026-03-26 13:00:00+00:00
amustafa,rpatel,email,2026-03-26 13:00:00+00:00
amustafa,nkhatri,email_cc,2026-03-26 13:00:00+00:00
amustafa,mohammedhaddad,email_cc,2026-03-26 13:00:00+00:00
lzhang,adubois,email,2026-03-26 13:45:00+00:00
lzhang,tsato,email,2026-03-26 13:45:00+00:00
lzhang,rpatel,email,2026-03-26 13:45:00+00:00
lzhang,mgarcia,email_cc,2026-03-26 13:45:00+00:00
lzhang,jokonkwo,email_cc,2026-03-26 13:45:00+00:00
ymorales,jhassan,email,2026-03-26 14:30:00+00:00
ymorales,eabbas,email,2026-03-26 14:30:00+00:00
ymorales,ljohansson,email,2026-03-26 14:30:00+00:00
ymorales,tsato,email_cc,2026-03-26 14:30:00+00:00
ymorales,hwang,email_cc,2026-03-26 14:30:00+00:00
mgarcia,msharif,email,2026-03-26 15:00:00+00:00
mgarcia,rchowdhury,email,2026-03-26 15:00:00+00:00
mgarcia,adubois,email_cc,2026-03-26 15:00:00+00:00
mgarcia,tsato,email_cc,2026-03-26 15:00:00+00:00
mabebe,rmensah,email,2026-03-26 15:30:00+00:00
mabebe,fpereira,email,2026-03-26 15:30:00+00:00
mabebe,cndlovu,email,2026-03-26 15:30:00+00:00
mabebe,jdubois,email_cc,2026-03-26 15:30:00+00:00
mabebe,jokonkwo,email_cc,2026-03-26 15:30:00+00:00
hwang,tsato,email,2026-03-27 09:15:00+00:00
hwang,jhassan,email,2026-03-27 09:15:00+00:00
hwang,ljohansson,email,2026-03-27 09:15:00+00:00
hwang,mgarcia,email_cc,2026-03-27 09:15:00+00:00
hwang,ymorales,email_cc,2026-03-27 09:15:00+00:00
mgarcia,tsato,email,2026-03-27 09:30:00+00:00
mgarcia,jhassan,email,2026-03-27 09:30:00+00:00
mgarcia,rchowdhury,email,2026-03-27 09:30:00+00:00
mgarcia,carlosgarcia,email,2026-03-27 09:30:00+00:00
mgarcia,adubois,email_cc,2026-03-27 09:30:00+00:00
mgarcia,ymorales,email_cc,2026-03-27 09:30:00+00:00
adubois,tsato,email,2026-03-27 10:00:00+00:00
adubois,mgarcia,email,2026-03-27 10:00:00+00:00
adubois,rpatel,email,2026-03-27 10:00:00+00:00
adubois,jhassan,email_cc,2026-03-27 10:00:00+00:00
adubois,ymorales,email_cc,2026-03-27 10:00:00+00:00
msharif,rchowdhury,email,2026-03-27 10:30:00+00:00
msharif,carlosgarcia,email,2026-03-27 10:30:00+00:00
msharif,mgarcia,email,2026-03-27 10:30:00+00:00
msharif,jhassan,email_cc,2026-03-27 10:30:00+00:00
rpatel,adubois,email,2026-03-27 11:00:00+00:00
rpatel,lzhang,email,2026-03-27 11:00:00+00:00
rpatel,ymorales,email,2026-03-27 11:00:00+00:00
rpatel,mgarcia,email_cc,2026-03-27 11:00:00+00:00
rpatel,rprasad,email_cc,2026-03-27 11:00:00+00:00
rpatel,kpark,email_cc,2026-03-27 11:00:00+00:00
jhassan,hwang,email,2026-03-27 11:15:00+00:00
jhassan,tkobayashi,email,2026-03-27 11:15:00+00:00
jhassan,rprasad,email,2026-03-27 11:15:00+00:00
jhassan,kpark,email,2026-03-27 11:15:00+00:00
jhassan,tsato,email_cc,2026-03-27 11:15:00+00:00
jhassan,ljohansson,email_cc,2026-03-27 11:15:00+00:00
jhassan,ymorales,email_cc,2026-03-27 11:15:00+00:00
jdubois,mabebe,email,2026-03-27 11:30:00+00:00
jdubois,rmensah,email,2026-03-27 11:30:00+00:00
jdubois,fpereira,email,2026-03-27 11:30:00+00:00
jdubois,jokonkwo,email_cc,2026-03-27 11:30:00+00:00
jdubois,adeyokonkwo,email_cc,2026-03-27 11:30:00+00:00
mouyang,msharif,email,2026-03-27 12:00:00+00:00
mouyang,rchowdhury,email,2026-03-27 12:00:00+00:00
mouyang,knguyen,email,2026-03-27 12:00:00+00:00
mouyang,rpatel,email_cc,2026-03-27 12:00:00+00:00
mouyang,mohammedhaddad,email_cc,2026-03-27 12:00:00+00:00
ymorales,tsato,email,2026-03-27 12:30:00+00:00
ymorales,jhassan,email,2026-03-27 12:30:00+00:00
ymorales,mgarcia,email_cc,2026-03-27 12:30:00+00:00
ymorales,adubois,email_cc,2026-03-27 12:30:00+00:00
lzhang,adubois,email,2026-03-27 13:00:00+00:00
lzhang,rpatel,email,2026-03-27 13:00:00+00:00
lzhang,mgarcia,email,2026-03-27 13:00:00+00:00
lzhang,jhassan,email_cc,2026-03-27 13:00:00+00:00
lzhang,ymorales,email_cc,2026-03-27 13:00:00+00:00
tsato,jhassan,email,2026-03-28 09:00:00+00:00
tsato,kpark,email,2026-03-28 09:00:00+00:00
tsato,tkobayashi,email,2026-03-28 09:00:00+00:00
tsato,ljohansson,email,2026-03-28 09:00:00+00:00
tsato,adubois,email_cc,2026-03-28 09:00:00+00:00
tsato,ymorales,email_cc,2026-03-28 09:00:00+00:00
adubois,mgarcia,email,2026-03-28 09:30:00+00:00
adubois,jokonkwo,email,2026-03-28 09:30:00+00:00
adubois,rpatel,email_cc,2026-03-28 09:30:00+00:00
adubois,tsato,email_cc,2026-03-28 09:30:00+00:00
hr,all_employees,email,2026-03-28 10:00:00+00:00
jokonkwo,jdubois,email,2026-03-28 10:15:00+00:00
jokonkwo,mabebe,email,2026-03-28 10:15:00+00:00
jokonkwo,rmensah,email,2026-03-28 10:15:00+00:00
jokonkwo,adubois,email_cc,2026-03-28 10:15:00+00:00
jokonkwo,mgarcia,email_cc,2026-03-28 10:15:00+00:00
jhassan,tsato,email,2026-03-28 10:45:00+00:00
jhassan,kpark,email,2026-03-28 10:45:00+00:00
jhassan,tkobayashi,email,2026-03-28 10:45:00+00:00
jhassan,ljohansson,email_cc,2026-03-28 10:45:00+00:00
jhassan,ymorales,email_cc,2026-03-28 10:45:00+00:00
mgarcia,rchowdhury,email,2026-03-28 11:00:00+00:00
mgarcia,msharif,email,2026-03-28 11:00:00+00:00
mgarcia,carlosgarcia,email,2026-03-28 11:00:00+00:00
mgarcia,adubois,email_cc,2026-03-28 11:00:00+00:00
mgarcia,tsato,email_cc,2026-03-28 11:00:00+00:00
rpatel,adubois,email,2026-03-28 11:30:00+00:00
rpatel,tsato,email,2026-03-28 11:30:00+00:00
rpatel,jokonkwo,email,2026-03-28 11:30:00+00:00
rpatel,mgarcia,email_cc,2026-03-28 11:30:00+00:00
tsato,adubois,email,2026-03-28 12:00:00+00:00
tsato,rpatel,email,2026-03-28 12:00:00+00:00
tsato,ymorales,email,2026-03-28 12:00:00+00:00
tsato,jhassan,email_cc,2026-03-28 12:00:00+00:00
tsato,ljohansson,email_cc,2026-03-28 12:00:00+00:00
adubois,all_employees,email,2026-03-28 13:00:00+00:00
msharif,rchowdhury,email,2026-03-28 14:00:00+00:00
msharif,mgarcia,email,2026-03-28 14:00:00+00:00
msharif,carlosgarcia,email_cc,2026-03-28 14:00:00+00:00
hwang,tsato,email,2026-03-29 09:15:00+00:00
hwang,mgarcia,email,2026-03-29 09:15:00+00:00
hwang,jhassan,email,2026-03-29 09:15:00+00:00
hwang,lzhang,email_cc,2026-03-29 09:15:00+00:00
hwang,adubois,email_cc,2026-03-29 09:15:00+00:00
mgarcia,adubois,email,2026-03-29 10:30:00+00:00
mgarcia,tsato,email,2026-03-29 10:30:00+00:00
mgarcia,jokonkwo,email,2026-03-29 10:30:00+00:00
mgarcia,msharif,email_cc,2026-03-29 10:30:00+00:00
mgarcia,rchowdhury,email_cc,2026-03-29 10:30:00+00:00
jdubois,jokonkwo,email,2026-03-29 11:00:00+00:00
jdubois,mabebe,email,2026-03-29 11:00:00+00:00
jdubois,mgarcia,email,2026-03-29 11:00:00+00:00
jdubois,rmensah,email_cc,2026-03-29 11:00:00+00:00
jdubois,fpereira,email_cc,2026-03-29 11:00:00+00:00
jdubois,adeyokonkwo,email_cc,2026-03-29 11:00:00+00:00
tsato,jhassan,email,2026-03-29 11:45:00+00:00
tsato,hwang,email,2026-03-29 11:45:00+00:00
tsato,tkobayashi,email,2026-03-29 11:45:00+00:00
tsato,adubois,email_cc,2026-03-29 11:45:00+00:00
tsato,lzhang,email_cc,2026-03-29 11:45:00+00:00
amustafa,adubois,email,2026-03-29 12:15:00+00:00
amustafa,nsingh,email,2026-03-29 12:15:00+00:00
amustafa,rchowdhury,email,2026-03-29 12:15:00+00:00
amustafa,msharif,email_cc,2026-03-29 12:15:00+00:00
amustafa,knguyen,email_cc,2026-03-29 12:15:00+00:00
jokonkwo,jdubois,email,2026-03-29 13:00:00+00:00
jokonkwo,mabebe,email,2026-03-29 13:00:00+00:00
jokonkwo,mgarcia,email,2026-03-29 13:00:00+00:00
jokonkwo,adubois,email_cc,2026-03-29 13:00:00+00:00
jokonkwo,rmensah,email_cc,2026-03-29 13:00:00+00:00
msharif,mgarcia,email,2026-03-29 13:45:00+00:00
msharif,rchowdhury,email,2026-03-29 13:45:00+00:00
msharif,lrossi,email,2026-03-29 13:45:00+00:00
msharif,tsato,email_cc,2026-03-29 13:45:00+00:00
msharif,jhassan,email_cc,2026-03-29 13:45:00+00:00
adubois,tsato,email,2026-03-29 14:30:00+00:00
adubois,mgarcia,email,2026-03-29 14:30:00+00:00
adubois,jokonkwo,email,2026-03-29 14:30:00+00:00
adubois,nsingh,email_cc,2026-03-29 14:30:00+00:00
adubois,lzhang,email_cc,2026-03-29 14:30:00+00:00
jhassan,hwang,email,2026-03-29 15:00:00+00:00
jhassan,tkobayashi,email,2026-03-29 15:00:00+00:00
jhassan,rprasad,email,2026-03-29 15:00:00+00:00
jhassan,tsato,email_cc,2026-03-29 15:00:00+00:00
jhassan,ljohansson,email_cc,2026-03-29 15:00:00+00:00
rchowdhury,msharif,email,2026-03-29 16:00:00+00:00
rchowdhury,knguyen,email,2026-03-29 16:00:00+00:00
rchowdhury,lrossi,email,2026-03-29 16:00:00+00:00
rchowdhury,mgarcia,email_cc,2026-03-29 16:00:00+00:00
rchowdhury,adubois,email_cc,2026-03-29 16:00:00+00:00
adubois,all_employees,email,2026-03-30 09:30:00+00:00
tsato,jhassan,email,2026-03-30 10:15:00+00:00
tsato,ymorales,email,2026-03-30 10:15:00+00:00
tsato,rprasad,email,2026-03-30 10:15:00+00:00
tsato,tkobayashi,email,2026-03-30 10:15:00+00:00
tsato,mgarcia,email_cc,2026-03-30 10:15:00+00:00
tsato,adubois,email_cc,2026-03-30 10:15:00+00:00
jokonkwo,mgarcia,email,2026-03-30 11:00:00+00:00
jokonkwo,mabebe,email,2026-03-30 11:00:00+00:00
jokonkwo,rmensah,email,2026-03-30 11:00:00+00:00
jokonkwo,adubois,email_cc,2026-03-30 11:00:00+00:00
jokonkwo,rpatel,email_cc,2026-03-30 11:00:00+00:00
mgarcia,jhassan,email,2026-03-30 11:30:00+00:00
mgarcia,rchowdhury,email,2026-03-30 11:30:00+00:00
mgarcia,lrossi,email,2026-03-30 11:30:00+00:00
mgarcia,knguyen,email,2026-03-30 11:30:00+00:00
mgarcia,jokonkwo,email_cc,2026-03-30 11:30:00+00:00
mgarcia,tsato,email_cc,2026-03-30 11:30:00+00:00
adubois,rpatel,email,2026-03-30 12:00:00+00:00
adubois,jokonkwo,email,2026-03-30 12:00:00+00:00
adubois,mgarcia,email,2026-03-30 12:00:00+00:00
adubois,tsato,email_cc,2026-03-30 12:00:00+00:00
hr_department,all_employees,email,2026-03-30 12:30:00+00:00
rpatel,adubois,email,2026-03-30 13:00:00+00:00
rpatel,mgarcia,email,2026-03-30 13:00:00+00:00
rpatel,jokonkwo,email,2026-03-30 13:00:00+00:00
rpatel,tsato,email,2026-03-30 13:00:00+00:00
jhassan,tsato,email,2026-03-30 14:00:00+00:00
jhassan,rprasad,email,2026-03-30 14:00:00+00:00
jhassan,tkobayashi,email,2026-03-30 14:00:00+00:00
jhassan,eabbas,email,2026-03-30 14:00:00+00:00
jhassan,mgarcia,email_cc,2026-03-30 14:00:00+00:00
mgarcia,rmensah,email,2026-03-30 15:00:00+00:00
mgarcia,mabebe,email,2026-03-30 15:00:00+00:00
mgarcia,fpereira,email,2026-03-30 15:00:00+00:00
mgarcia,jokonkwo,email_cc,2026-03-30 15:00:00+00:00
anonymous,all_employees,email,2026-03-30 16:00:00+00:00
mgarcia,tsato,email,2026-03-31 09:00:00+00:00
mgarcia,jhassan,email,2026-03-31 09:00:00+00:00
mgarcia,kpark,email,2026-03-31 09:00:00+00:00
mgarcia,tkobayashi,email,2026-03-31 09:00:00+00:00
mgarcia,adubois,email_cc,2026-03-31 09:00:00+00:00
mgarcia,rchowdhury,email_cc,2026-03-31 09:00:00+00:00
jhassan,tsato,email,2026-03-31 10:30:00+00:00
jhassan,kpark,email,2026-03-31 10:30:00+00:00
jhassan,tkobayashi,email,2026-03-31 10:30:00+00:00
jhassan,mgarcia,email_cc,2026-03-31 10:30:00+00:00
jhassan,adubois,email_cc,2026-03-31 10:30:00+00:00
adubois,mgarcia,email,2026-03-31 11:45:00+00:00
adubois,jokonkwo,email,2026-03-31 11:45:00+00:00
adubois,mabebe,email,2026-03-31 11:45:00+00:00
adubois,rpatel,email_cc,2026-03-31 11:45:00+00:00
adubois,tsato,email_cc,2026-03-31 11:45:00+00:00
rchowdhury,msharif,email,2026-03-31 13:15:00+00:00
rchowdhury,carlosgarcia,email,2026-03-31 13:15:00+00:00
rchowdhury,lrossi,email,2026-03-31 13:15:00+00:00
rchowdhury,mgarcia,email_cc,2026-03-31 13:15:00+00:00
rchowdhury,adubois,email_cc,2026-03-31 13:15:00+00:00
adubois,rpatel,email,2026-03-31 14:00:00+00:00
adubois,mgarcia,email,2026-03-31 14:00:00+00:00
adubois,jokonkwo,email,2026-03-31 14:00:00+00:00
adubois,tsato,email_cc,2026-03-31 14:00:00+00:00
adubois,jhassan,email_cc,2026-03-31 14:00:00+00:00
tsato,mgarcia,email,2026-03-31 15:30:00+00:00
tsato,jhassan,email,2026-03-31 15:30:00+00:00
tsato,adubois,email_cc,2026-03-31 15:30:00+00:00
tsato,rpatel,email_cc,2026-03-31 15:30:00+00:00
jhassan,tkobayashi,email,2026-03-31 16:45:00+00:00
jhassan,kpark,email,2026-03-31 16:45:00+00:00
jhassan,hwang,email,2026-03-31 16:45:00+00:00
jhassan,tsato,email_cc,2026-03-31 16:45:00+00:00
jhassan,mgarcia,email_cc,2026-03-31 16:45:00+00:00
adubois,rpatel,email,2026-03-31 17:30:00+00:00
adubois,mgarcia,email,2026-03-31 17:30:00+00:00
adubois,jokonkwo,email,2026-03-31 17:30:00+00:00
adubois,tsato,email,2026-03-31 17:30:00+00:00
adubois,jhassan,email_cc,2026-03-31 17:30:00+00:00
mgarcia,rchowdhury,email,2026-03-31 18:15:00+00:00
mgarcia,msharif,email,2026-03-31 18:15:00+00:00
mgarcia,carlosgarcia,email,2026-03-31 18:15:00+00:00
mgarcia,adubois,email_cc,2026-03-31 18:15:00+00:00
mgarcia,tsato,email_cc,2026-03-31 18:15:00+00:00
rpatel,adubois,email,2026-03-31 19:00:00+00:00
rpatel,mgarcia,email,2026-03-31 19:00:00+00:00
rpatel,tsato,email_cc,2026-03-31 19:00:00+00:00
rpatel,jhassan,email_cc,2026-03-31 19:00:00+00:00
adubois,tsato,email,2026-04-01 09:00:00+00:00
adubois,rpatel,email,2026-04-01 09:00:00+00:00
adubois,mgarcia,email,2026-04-01 09:00:00+00:00
adubois,jokonkwo,email,2026-04-01 09:00:00+00:00
adubois,jhassan,email_cc,2026-04-01 09:00:00+00:00
adubois,ljohansson,email_cc,2026-04-01 09:00:00+00:00
tsato,jhassan,email,2026-04-01 09:30:00+00:00
tsato,kpark,email,2026-04-01 09:30:00+00:00
tsato,tkobayashi,email,2026-04-01 09:30:00+00:00
tsato,hwang,email,2026-04-01 09:30:00+00:00
tsato,mgarcia,email_cc,2026-04-01 09:30:00+00:00
tsato,adubois,email_cc,2026-04-01 09:30:00+00:00
mgarcia,rchowdhury,email,2026-04-01 10:00:00+00:00
mgarcia,carlosgarcia,email,2026-04-01 10:00:00+00:00
mgarcia,lrossi,email,2026-04-01 10:00:00+00:00
mgarcia,knguyen,email,2026-04-01 10:00:00+00:00
mgarcia,tsato,email_cc,2026-04-01 10:00:00+00:00
mgarcia,jhassan,email_cc,2026-04-01 10:00:00+00:00
rpatel,nkhatri,email,2026-04-01 10:30:00+00:00
rpatel,mouyang,email,2026-04-01 10:30:00+00:00
rpatel,mohammedhaddad,email,2026-04-01 10:30:00+00:00
rpatel,amustafa,email,2026-04-01 10:30:00+00:00
rpatel,adubois,email_cc,2026-04-01 10:30:00+00:00
jokonkwo,jdubois,email,2026-04-01 11:00:00+00:00
jokonkwo,mabebe,email,2026-04-01 11:00:00+00:00
jokonkwo,rmensah,email,2026-04-01 11:00:00+00:00
jokonkwo,msilva,email,2026-04-01 11:00:00+00:00
jokonkwo,adubois,email_cc,2026-04-01 11:00:00+00:00
jokonkwo,rpatel,email_cc,2026-04-01 11:00:00+00:00
adubois,msharif,email,2026-04-01 11:30:00+00:00
adubois,rchowdhury,email,2026-04-01 11:30:00+00:00
adubois,carlosgarcia,email,2026-04-01 11:30:00+00:00
adubois,knguyen,email,2026-04-01 11:30:00+00:00
adubois,mgarcia,email_cc,2026-04-01 11:30:00+00:00
adubois,rpatel,email_cc,2026-04-01 11:30:00+00:00
jhassan,tsato,email,2026-04-01 12:00:00+00:00
jhassan,ljohansson,email,2026-04-01 12:00:00+00:00
jhassan,eabbas,email,2026-04-01 12:00:00+00:00
jhassan,adubois,email_cc,2026-04-01 12:00:00+00:00
jhassan,mgarcia,email_cc,2026-04-01 12:00:00+00:00
mgarcia,adubois,email,2026-04-01 12:30:00+00:00
mgarcia,tsato,email,2026-04-01 12:30:00+00:00
mgarcia,jhassan,email_cc,2026-04-01 12:30:00+00:00
mgarcia,rchowdhury,email_cc,2026-04-01 12:30:00+00:00
rpatel,nkhatri,email,2026-04-01 13:00:00+00:00
rpatel,mouyang,email,2026-04-01 13:00:00+00:00
rpatel,mohammedhaddad,email,2026-04-01 13:00:00+00:00
rpatel,adubois,email_cc,2026-04-01 13:00:00+00:00
rpatel,jokonkwo,email_cc,2026-04-01 13:00:00+00:00
adubois,all_employees,email,2026-04-01 14:00:00+00:00
tsato,jhassan,email,2026-04-02 09:00:00+00:00
tsato,kpark,email,2026-04-02 09:00:00+00:00
tsato,tkobayashi,email,2026-04-02 09:00:00+00:00
tsato,mgarcia,email_cc,2026-04-02 09:00:00+00:00
tsato,adubois,email_cc,2026-04-02 09:00:00+00:00
mgarcia,jokonkwo,email,2026-04-02 09:30:00+00:00
mgarcia,mabebe,email,2026-04-02 09:30:00+00:00
mgarcia,rmensah,email,2026-04-02 09:30:00+00:00
mgarcia,adubois,email_cc,2026-04-02 09:30:00+00:00
mgarcia,tsato,email_cc,2026-04-02 09:30:00+00:00
jdubois,mabebe,email,2026-04-02 10:15:00+00:00
jdubois,rmensah,email,2026-04-02 10:15:00+00:00
jdubois,fpereira,email,2026-04-02 10:15:00+00:00
jdubois,cndlovu,email,2026-04-02 10:15:00+00:00
jdubois,jokonkwo,email_cc,2026-04-02 10:15:00+00:00
jdubois,adubois,email_cc,2026-04-02 10:15:00+00:00
msharif,rchowdhury,email,2026-04-02 11:00:00+00:00
msharif,knguyen,email,2026-04-02 11:00:00+00:00
msharif,carlosgarcia,email,2026-04-02 11:00:00+00:00
msharif,lrossi,email,2026-04-02 11:00:00+00:00
msharif,mgarcia,email_cc,2026-04-02 11:00:00+00:00
adubois,tsato,email,2026-04-02 12:00:00+00:00
adubois,mgarcia,email,2026-04-02 12:00:00+00:00
adubois,rpatel,email,2026-04-02 12:00:00+00:00
adubois,jokonkwo,email,2026-04-02 12:00:00+00:00
adubois,jhassan,email_cc,2026-04-02 12:00:00+00:00
adubois,jdubois,email_cc,2026-04-02 12:00:00+00:00
jhassan,hwang,email,2026-04-02 13:30:00+00:00
jhassan,tkobayashi,email,2026-04-02 13:30:00+00:00
jhassan,rprasad,email,2026-04-02 13:30:00+00:00
jhassan,tsato,email_cc,2026-04-02 13:30:00+00:00
jhassan,ljohansson,email_cc,2026-04-02 13:30:00+00:00
rpatel,adubois,email,2026-04-02 14:00:00+00:00
rpatel,jokonkwo,email,2026-04-02 14:00:00+00:00
rpatel,mgarcia,email,2026-04-02 14:00:00+00:00
rpatel,nkhatri,email_cc,2026-04-02 14:00:00+00:00
rpatel,amustafa,email_cc,2026-04-02 14:00:00+00:00
mgarcia,tsato,email,2026-04-02 15:00:00+00:00
mgarcia,jhassan,email,2026-04-02 15:00:00+00:00
mgarcia,msharif,email,2026-04-02 15:00:00+00:00
mgarcia,adubois,email_cc,2026-04-02 15:00:00+00:00
mgarcia,rpatel,email_cc,2026-04-02 15:00:00+00:00
msharif,rchowdhury,email,2026-04-02 16:00:00+00:00
msharif,knguyen,email,2026-04-02 16:00:00+00:00
msharif,carlosgarcia,email,2026-04-02 16:00:00+00:00
msharif,lrossi,email,2026-04-02 16:00:00+00:00
msharif,mgarcia,email_cc,2026-04-02 16:00:00+00:00
msharif,eabbas,email_cc,2026-04-02 16:00:00+00:00
mabebe,rmensah,email,2026-04-02 17:30:00+00:00
mabebe,fpereira,email,2026-04-02 17:30:00+00:00
mabebe,cndlovu,email,2026-04-02 17:30:00+00:00
mabebe,jdubois,email_cc,2026-04-02 17:30:00+00:00
mabebe,jokonkwo,email_cc,2026-04-02 17:30:00+00:00
jhassan,tsato,email,2026-04-03 09:15:00+00:00
jhassan,ljohansson,email,2026-04-03 09:15:00+00:00
jhassan,hwang,email,2026-04-03 09:15:00+00:00
jhassan,adubois,email_cc,2026-04-03 09:15:00+00:00
jhassan,mgarcia,email_cc,2026-04-03 09:15:00+00:00
mgarcia,rchowdhury,email,2026-04-03 10:00:00+00:00
mgarcia,msharif,email,2026-04-03 10:00:00+00:00
mgarcia,knguyen,email,2026-04-03 10:00:00+00:00
mgarcia,carlosgarcia,email,2026-04-03 10:00:00+00:00
mgarcia,lrossi,email,2026-04-03 10:00:00+00:00
mgarcia,adubois,email_cc,2026-04-03 10:00:00+00:00
mgarcia,jdubois,email_cc,2026-04-03 10:00:00+00:00
adubois,rpatel,email,2026-04-03 11:30:00+00:00
adubois,jokonkwo,email,2026-04-03 11:30:00+00:00
adubois,mgarcia,email,2026-04-03 11:30:00+00:00
adubois,tsato,email_cc,2026-04-03 11:30:00+00:00
adubois,jdubois,email_cc,2026-04-03 11:30:00+00:00
mabebe,rmensah,email,2026-04-03 09:45:00+00:00
mabebe,fpereira,email,2026-04-03 09:45:00+00:00
mabebe,msilva,email,2026-04-03 09:45:00+00:00
mabebe,jokonkwo,email_cc,2026-04-03 09:45:00+00:00
mabebe,adeyokonkwo,email_cc,2026-04-03 09:45:00+00:00
tsato,jhassan,email,2026-04-03 10:45:00+00:00
tsato,ljohansson,email,2026-04-03 10:45:00+00:00
tsato,kpark,email,2026-04-03 10:45:00+00:00
tsato,tkobayashi,email,2026-04-03 10:45:00+00:00
tsato,adubois,email_cc,2026-04-03 10:45:00+00:00
tsato,ymorales,email_cc,2026-04-03 10:45:00+00:00
adubois,tsato,email,2026-04-03 12:00:00+00:00
adubois,jokonkwo,email,2026-04-03 12:00:00+00:00
adubois,rpatel,email,2026-04-03 12:00:00+00:00
adubois,mgarcia,email,2026-04-03 12:00:00+00:00
adubois,jdubois,email_cc,2026-04-03 12:00:00+00:00
jdubois,mabebe,email,2026-04-03 11:15:00+00:00
jdubois,rmensah,email,2026-04-03 11:15:00+00:00
jdubois,fpereira,email,2026-04-03 11:15:00+00:00
jdubois,jokonkwo,email_cc,2026-04-03 11:15:00+00:00
jdubois,adeyokonkwo,email_cc,2026-04-03 11:15:00+00:00
mgarcia,rchowdhury,email,2026-04-03 13:00:00+00:00
mgarcia,msharif,email,2026-04-03 13:00:00+00:00
mgarcia,knguyen,email,2026-04-03 13:00:00+00:00
mgarcia,adubois,email_cc,2026-04-03 13:00:00+00:00
mgarcia,tsato,email_cc,2026-04-03 13:00:00+00:00
adubois,rpatel,email,2026-04-03 14:30:00+00:00
adubois,jokonkwo,email,2026-04-03 14:30:00+00:00
adubois,mgarcia,email_cc,2026-04-03 14:30:00+00:00
adubois,tsato,email_cc,2026-04-03 14:30:00+00:00
msharif,rchowdhury,email,2026-04-03 15:00:00+00:00
msharif,knguyen,email,2026-04-03 15:00:00+00:00
msharif,carlosgarcia,email,2026-04-03 15:00:00+00:00
msharif,mgarcia,email_cc,2026-04-03 15:00:00+00:00
mariana_garcia,mgarcia,chat,2026-03-25 14:02:43+00:00
takeshi_sato,mgarcia,chat,2026-03-25 14:03:10+00:00
mariana_garcia,mgarcia,chat,2026-03-25 14:03:35+00:00
takeshi_sato,mgarcia,chat,2026-03-25 14:03:58+00:00
mariana_garcia,mgarcia,chat,2026-03-25 14:04:25+00:00
takeshi_sato,mgarcia,chat,2026-03-25 14:04:48+00:00
mariana_garcia,mgarcia,chat,2026-03-25 14:05:12+00:00
takeshi_sato,mgarcia,chat,2026-03-25 14:05:30+00:00
mariana_garcia,mgarcia,chat,2026-03-25 14:05:55+00:00
takeshi_sato,mgarcia,chat,2026-03-25 14:06:10+00:00
mariana_garcia,mgarcia,chat,2026-03-25 14:06:33+00:00
takeshi_sato,mgarcia,chat,2026-03-25 14:06:58+00:00
mariana_garcia,mgarcia,chat,2026-03-25 14:07:20+00:00
takeshi_sato,mgarcia,chat,2026-03-25 14:07:37+00:00
mariana_garcia,mgarcia,chat,2026-03-25 14:07:59+00:00
takeshi_sato,mgarcia,chat,2026-03-25 14:08:15+00:00
mariana_garcia,mgarcia,chat,2026-03-25 14:08:32+00:00
takeshi_sato,mgarcia,chat,2026-03-25 14:08:49+00:00
mariana_garcia,mgarcia,chat,2026-03-25 14:09:03+00:00
takeshi_sato,tsato,chat,2026-03-25 13:02:15+00:00
hyun_jae_wang,tsato,chat,2026-03-25 13:03:01+00:00
takeshi_sato,tsato,chat,2026-03-25 13:03:45+00:00
hyun_jae_wang,tsato,chat,2026-03-25 13:04:12+00:00
takeshi_sato,tsato,chat,2026-03-25 13:04:49+00:00
hyun_jae_wang,tsato,chat,2026-03-25 13:05:10+00:00
takeshi_sato,tsato,chat,2026-03-25 13:05:47+00:00
hyun_jae_wang,tsato,chat,2026-03-25 13:06:23+00:00
takeshi_sato,tsato,chat,2026-03-25 13:07:05+00:00
hyun_jae_wang,tsato,chat,2026-03-25 13:07:39+00:00
takeshi_sato,tsato,chat,2026-03-25 13:08:12+00:00
hyun_jae_wang,tsato,chat,2026-03-25 13:08:45+00:00
takeshi_sato,tsato,chat,2026-03-25 13:09:21+00:00
hyun_jae_wang,tsato,chat,2026-03-25 13:09:48+00:00
takeshi_sato,tsato,chat,2026-03-25 13:10:14+00:00
hyun_jae_wang,tsato,chat,2026-03-25 13:10:40+00:00
takeshi_sato,tsato,chat,2026-03-25 13:11:05+00:00
hyun_jae_wang,tsato,chat,2026-03-25 13:11:30+00:00
takeshi_sato,tsato,chat,2026-03-25 13:11:49+00:00
Amélie Dubois,adubois,chat,2026-03-25 14:02:15+00:00
Ravi Patel,adubois,chat,2026-03-25 14:03:03+00:00
Ravi Patel,adubois,chat,2026-03-25 14:03:20+00:00
Amélie Dubois,adubois,chat,2026-03-25 14:04:10+00:00
Ravi Patel,adubois,chat,2026-03-25 14:04:45+00:00
Amélie Dubois,adubois,chat,2026-03-25 14:05:12+00:00
Ravi Patel,adubois,chat,2026-03-25 14:05:40+00:00
Amélie Dubois,adubois,chat,2026-03-25 14:06:02+00:00
Amélie Dubois,adubois,chat,2026-03-25 14:06:20+00:00
Ravi Patel,adubois,chat,2026-03-25 14:07:01+00:00
Amélie Dubois,adubois,chat,2026-03-25 14:07:20+00:00
Ravi Patel,adubois,chat,2026-03-25 14:07:45+00:00
Amélie Dubois,adubois,chat,2026-03-25 14:08:00+00:00
Amélie Dubois,adubois,chat,2026-03-25 14:08:47+00:00
Ravi Patel,adubois,chat,2026-03-25 14:09:10+00:00
Amélie Dubois,adubois,chat,2026-03-25 14:09:30+00:00
Ravi Patel,adubois,chat,2026-03-25 14:10:00+00:00
Amélie Dubois,adubois,chat,2026-03-25 14:10:15+00:00
Ravi Patel,adubois,chat,2026-03-25 14:10:35+00:00
Amélie Dubois,adubois,chat,2026-03-25 14:10:50+00:00
Ravi Patel,adubois,chat,2026-03-25 14:11:10+00:00
Mona Sharif,msharif,chat,2026-03-25 10:12:34+00:00
Ritika Chowdhury,msharif,chat,2026-03-25 10:13:02+00:00
Mona Sharif,msharif,chat,2026-03-25 10:13:45+00:00
Ritika Chowdhury,msharif,chat,2026-03-25 10:14:21+00:00
Mona Sharif,msharif,chat,2026-03-25 10:15:10+00:00
Ritika Chowdhury,msharif,chat,2026-03-25 10:15:48+00:00
Mona Sharif,msharif,chat,2026-03-25 10:16:23+00:00
Ritika Chowdhury,msharif,chat,2026-03-25 10:16:58+00:00
Mona Sharif,msharif,chat,2026-03-25 10:17:30+00:00
Ritika Chowdhury,msharif,chat,2026-03-25 10:18:05+00:00
Mona Sharif,msharif,chat,2026-03-25 10:18:40+00:00
Ritika Chowdhury,msharif,chat,2026-03-25 10:19:12+00:00
Mona Sharif,msharif,chat,2026-03-25 10:19:32+00:00
Ritika Chowdhury,msharif,chat,2026-03-25 10:19:42+00:00
Jamal Okonkwo,jokonkwo,chat,2026-03-25 14:32:10+00:00
Mandla Abebe,jokonkwo,chat,2026-03-25 14:33:05+00:00
Jamal Okonkwo,jokonkwo,chat,2026-03-25 14:34:20+00:00
Mandla Abebe,jokonkwo,chat,2026-03-25 14:34:45+00:00
Jamal Okonkwo,jokonkwo,chat,2026-03-25 14:35:10+00:00
Mandla Abebe,jokonkwo,chat,2026-03-25 14:36:00+00:00
Jamal Okonkwo,jokonkwo,chat,2026-03-25 14:36:45+00:00
Mandla Abebe,jokonkwo,chat,2026-03-25 14:37:15+00:00
Jamal Okonkwo,jokonkwo,chat,2026-03-25 14:37:50+00:00
Mandla Abebe,jokonkwo,chat,2026-03-25 14:38:25+00:00
Jamal Okonkwo,jokonkwo,chat,2026-03-25 14:39:05+00:00
Mandla Abebe,jokonkwo,chat,2026-03-25 14:39:45+00:00
Jamal Okonkwo,jokonkwo,chat,2026-03-25 14:40:10+00:00
Mandla Abebe,jokonkwo,chat,2026-03-25 14:40:30+00:00
Jamal Okonkwo,jokonkwo,chat,2026-03-25 14:40:50+00:00
Mandla Abebe,jokonkwo,chat,2026-03-25 14:41:15+00:00
Jamal Okonkwo,jokonkwo,chat,2026-03-25 14:42:00+00:00
Thiago Silva,tsilva,chat,2026-03-26 14:03:12+00:00
Jamal Hassan,tsilva,chat,2026-03-26 14:03:55+00:00
Thiago Silva,tsilva,chat,2026-03-26 14:04:27+00:00
Jamal Hassan,tsilva,chat,2026-03-26 14:04:50+00:00
Thiago Silva,tsilva,chat,2026-03-26 14:05:15+00:00
Jamal Hassan,tsilva,chat,2026-03-26 14:05:38+00:00
Thiago Silva,tsilva,chat,2026-03-26 14:06:05+00:00
Jamal Hassan,tsilva,chat,2026-03-26 14:06:28+00:00
Thiago Silva,tsilva,chat,2026-03-26 14:06:52+00:00
Jamal Hassan,tsilva,chat,2026-03-26 14:07:10+00:00
Jamal Hassan,tsilva,chat,2026-03-26 14:08:02+00:00
Thiago Silva,tsilva,chat,2026-03-26 14:08:30+00:00
Jamal Hassan,tsilva,chat,2026-03-26 14:08:55+00:00
Thiago Silva,tsilva,chat,2026-03-26 14:09:14+00:00
Jamal Hassan,tsilva,chat,2026-03-26 14:09:38+00:00
Thiago Silva,tsilva,chat,2026-03-26 14:10:05+00:00
Jamal Hassan,tsilva,chat,2026-03-26 14:10:22+00:00
mandla_abebe,mabebe,chat,2026-03-26 10:02:12+00:00
rose_mensah,mabebe,chat,2026-03-26 10:03:45+00:00
mandla_abebe,mabebe,chat,2026-03-26 10:04:30+00:00
rose_mensah,mabebe,chat,2026-03-26 10:05:12+00:00
mandla_abebe,mabebe,chat,2026-03-26 10:06:00+00:00
rose_mensah,mabebe,chat,2026-03-26 10:06:45+00:00
mandla_abebe,mabebe,chat,2026-03-26 10:07:20+00:00
rose_mensah,mabebe,chat,2026-03-26 10:08:03+00:00
mandla_abebe,mabebe,chat,2026-03-26 10:08:30+00:00
mandla_abebe,mabebe,chat,2026-03-26 10:10:12+00:00
rose_mensah,mabebe,chat,2026-03-26 10:11:00+00:00
mandla_abebe,mabebe,chat,2026-03-26 10:12:15+00:00
rose_mensah,mabebe,chat,2026-03-26 10:13:00+00:00
mandla_abebe,mabebe,chat,2026-03-26 10:14:25+00:00
rose_mensah,mabebe,chat,2026-03-26 10:15:10+00:00
mandla_abebe,mabebe,chat,2026-03-26 10:16:02+00:00
rose_mensah,mabebe,chat,2026-03-26 10:16:45+00:00
mandla_abebe,mabebe,chat,2026-03-26 10:17:12+00:00
rose_mensah,mabebe,chat,2026-03-26 10:17:45+00:00
Amélie Dubois,adubois,chat,2026-03-26 13:05:23+00:00
Takeshi Sato,adubois,chat,2026-03-26 13:06:10+00:00
Amélie Dubois,adubois,chat,2026-03-26 13:06:35+00:00
Takeshi Sato,adubois,chat,2026-03-26 13:07:08+00:00
Amélie Dubois,adubois,chat,2026-03-26 13:07:31+00:00
Takeshi Sato,adubois,chat,2026-03-26 13:08:02+00:00
Amélie Dubois,adubois,chat,2026-03-26 13:08:41+00:00
Takeshi Sato,adubois,chat,2026-03-26 13:09:12+00:00
Amélie Dubois,adubois,chat,2026-03-26 13:09:39+00:00
Takeshi Sato,adubois,chat,2026-03-26 13:10:02+00:00
Amélie Dubois,adubois,chat,2026-03-26 13:10:30+00:00
Takeshi Sato,adubois,chat,2026-03-26 13:10:55+00:00
Amélie Dubois,adubois,chat,2026-03-26 13:11:20+00:00
Takeshi Sato,adubois,chat,2026-03-26 13:11:45+00:00
Amélie Dubois,adubois,chat,2026-03-26 13:12:15+00:00
Takeshi Sato,adubois,chat,2026-03-26 13:12:40+00:00
Amélie Dubois,adubois,chat,2026-03-26 13:13:02+00:00
Takeshi Sato,adubois,chat,2026-03-26 13:13:28+00:00
Amélie Dubois,adubois,chat,2026-03-26 13:13:48+00:00
Takeshi Sato,adubois,chat,2026-03-26 13:14:05+00:00
neha_khatri,nkhatri,chat,2026-03-26 10:12:03+00:00
mohammed_haddad,nkhatri,chat,2026-03-26 10:12:45+00:00
neha_khatri,nkhatri,chat,2026-03-26 10:13:12+00:00
mohammed_haddad,nkhatri,chat,2026-03-26 10:13:42+00:00
neha_khatri,nkhatri,chat,2026-03-26 10:14:10+00:00
neha_khatri,nkhatri,chat,2026-03-26 10:14:25+00:00
mohammed_haddad,nkhatri,chat,2026-03-26 10:14:45+00:00
neha_khatri,nkhatri,chat,2026-03-26 10:15:12+00:00
mohammed_haddad,nkhatri,chat,2026-03-26 10:15:40+00:00
neha_khatri,nkhatri,chat,2026-03-26 10:16:02+00:00
mohammed_haddad,nkhatri,chat,2026-03-26 10:16:15+00:00
neha_khatri,nkhatri,chat,2026-03-26 10:17:00+00:00
mohammed_haddad,nkhatri,chat,2026-03-26 10:17:25+00:00
neha_khatri,nkhatri,chat,2026-03-26 10:17:52+00:00
mohammed_haddad,nkhatri,chat,2026-03-26 10:18:20+00:00
neha_khatri,nkhatri,chat,2026-03-26 10:18:45+00:00
mohammed_haddad,nkhatri,chat,2026-03-26 10:19:05+00:00
Mona_Sharif,msharif,chat,2026-03-26 09:15:00+00:00
Ritika_Chowdhury,msharif,chat,2026-03-26 09:16:22+00:00
Mona_Sharif,msharif,chat,2026-03-26 09:17:10+00:00
Ritika_Chowdhury,msharif,chat,2026-03-26 09:17:45+00:00
Mona_Sharif,msharif,chat,2026-03-26 09:18:30+00:00
Ritika_Chowdhury,msharif,chat,2026-03-26 09:19:12+00:00
Mona_Sharif,msharif,chat,2026-03-26 09:20:03+00:00
Ritika_Chowdhury,msharif,chat,2026-03-26 09:22:10+00:00
Mona_Sharif,msharif,chat,2026-03-26 09:23:05+00:00
Ritika_Chowdhury,msharif,chat,2026-03-26 09:23:45+00:00
Mona_Sharif,msharif,chat,2026-03-26 09:24:10+00:00
Mona_Sharif,msharif,chat,2026-03-26 09:26:30+00:00
Ritika_Chowdhury,msharif,chat,2026-03-26 09:27:12+00:00
Mona_Sharif,msharif,chat,2026-03-26 09:28:05+00:00
Ritika_Chowdhury,msharif,chat,2026-03-26 09:29:00+00:00
Mona_Sharif,msharif,chat,2026-03-26 09:29:45+00:00
Ritika_Chowdhury,msharif,chat,2026-03-26 09:30:30+00:00
Mona_Sharif,msharif,chat,2026-03-26 09:31:15+00:00
Ritika_Chowdhury,msharif,chat,2026-03-26 09:32:00+00:00
Mona_Sharif,msharif,chat,2026-03-26 09:32:30+00:00
Hyun-Jae Wang,hwang,chat,2026-03-27 09:12:34+00:00
Taro Kobayashi,hwang,chat,2026-03-27 09:13:02+00:00
Hyun-Jae Wang,hwang,chat,2026-03-27 09:13:45+00:00
Taro Kobayashi,hwang,chat,2026-03-27 09:14:10+00:00
Hyun-Jae Wang,hwang,chat,2026-03-27 09:14:53+00:00
Taro Kobayashi,hwang,chat,2026-03-27 09:15:26+00:00
Hyun-Jae Wang,hwang,chat,2026-03-27 09:16:05+00:00
Taro Kobayashi,hwang,chat,2026-03-27 09:16:29+00:00
Hyun-Jae Wang,hwang,chat,2026-03-27 09:17:04+00:00
Taro Kobayashi,hwang,chat,2026-03-27 09:18:12+00:00
Hyun-Jae Wang,hwang,chat,2026-03-27 09:18:45+00:00
Taro Kobayashi,hwang,chat,2026-03-27 09:19:20+00:00
Hyun-Jae Wang,hwang,chat,2026-03-27 09:19:45+00:00
Taro Kobayashi,hwang,chat,2026-03-27 09:20:05+00:00
Mona Sharif,msharif,chat,2026-03-27 09:12:45+00:00
Ritika Chowdhury,msharif,chat,2026-03-27 09:13:10+00:00
Mona Sharif,msharif,chat,2026-03-27 09:13:32+00:00
Ritika Chowdhury,msharif,chat,2026-03-27 09:13:50+00:00
Mona Sharif,msharif,chat,2026-03-27 09:14:15+00:00
Ritika Chowdhury,msharif,chat,2026-03-27 09:14:38+00:00
Mona Sharif,msharif,chat,2026-03-27 09:14:58+00:00
Ritika Chowdhury,msharif,chat,2026-03-27 09:15:12+00:00
Ritika Chowdhury,msharif,chat,2026-03-27 09:17:03+00:00
Mona Sharif,msharif,chat,2026-03-27 09:17:42+00:00
Ritika Chowdhury,msharif,chat,2026-03-27 09:18:07+00:00
Mona Sharif,msharif,chat,2026-03-27 09:18:30+00:00
Ritika Chowdhury,msharif,chat,2026-03-27 09:18:53+00:00
Mona Sharif,msharif,chat,2026-03-27 09:19:15+00:00
Ritika Chowdhury,msharif,chat,2026-03-27 09:19:29+00:00
Ritika Chowdhury,msharif,chat,2026-03-27 09:21:04+00:00
Mona Sharif,msharif,chat,2026-03-27 09:21:32+00:00
Ritika Chowdhury,msharif,chat,2026-03-27 09:22:01+00:00
Mona Sharif,msharif,chat,2026-03-27 09:22:25+00:00
Ritika Chowdhury,msharif,chat,2026-03-27 09:22:50+00:00
Mona Sharif,msharif,chat,2026-03-27 09:23:12+00:00
Ritika Chowdhury,msharif,chat,2026-03-27 09:23:40+00:00
Mona Sharif,msharif,chat,2026-03-27 09:24:03+00:00
Ritika Chowdhury,msharif,chat,2026-03-27 09:24:18+00:00
Mona Sharif,msharif,chat,2026-03-27 09:24:30+00:00
mariana.garcia,mgarcia,chat,2026-03-27 10:03:12+00:00
takeshi.sato,mgarcia,chat,2026-03-27 10:04:47+00:00
mariana.garcia,mgarcia,chat,2026-03-27 10:05:30+00:00
takeshi.sato,mgarcia,chat,2026-03-27 10:06:15+00:00
mariana.garcia,mgarcia,chat,2026-03-27 10:07:02+00:00
takeshi.sato,mgarcia,chat,2026-03-27 10:08:21+00:00
mariana.garcia,mgarcia,chat,2026-03-27 10:09:03+00:00
takeshi.sato,mgarcia,chat,2026-03-27 10:10:10+00:00
mariana.garcia,mgarcia,chat,2026-03-27 10:11:15+00:00
takeshi.sato,mgarcia,chat,2026-03-27 10:12:48+00:00
mariana.garcia,mgarcia,chat,2026-03-27 10:13:37+00:00
takeshi.sato,mgarcia,chat,2026-03-27 10:14:02+00:00
takeshi.sato,mgarcia,chat,2026-03-27 10:17:45+00:00
mariana.garcia,mgarcia,chat,2026-03-27 10:18:33+00:00
takeshi.sato,mgarcia,chat,2026-03-27 10:19:50+00:00
mariana.garcia,mgarcia,chat,2026-03-27 10:20:27+00:00
takeshi.sato,mgarcia,chat,2026-03-27 10:21:14+00:00
mariana.garcia,mgarcia,chat,2026-03-27 10:22:03+00:00
takeshi.sato,mgarcia,chat,2026-03-27 10:23:12+00:00
mariana.garcia,mgarcia,chat,2026-03-27 10:23:45+00:00
Jamal Hassan,jhassan,chat,2026-03-27 10:02:15+00:00
Hyun-Jae Wang,jhassan,chat,2026-03-27 10:03:08+00:00
Jamal Hassan,jhassan,chat,2026-03-27 10:03:45+00:00
Hyun-Jae Wang,jhassan,chat,2026-03-27 10:04:22+00:00
Jamal Hassan,jhassan,chat,2026-03-27 10:05:10+00:00
Hyun-Jae Wang,jhassan,chat,2026-03-27 10:05:48+00:00
Jamal Hassan,jhassan,chat,2026-03-27 10:06:30+00:00
Hyun-Jae Wang,jhassan,chat,2026-03-27 10:07:01+00:00
Jamal Hassan,jhassan,chat,2026-03-27 10:07:25+00:00
Hyun-Jae Wang,jhassan,chat,2026-03-27 10:08:45+00:00
Jamal Hassan,jhassan,chat,2026-03-27 10:09:22+00:00
Hyun-Jae Wang,jhassan,chat,2026-03-27 10:10:03+00:00
Jamal Hassan,jhassan,chat,2026-03-27 10:10:47+00:00
Hyun-Jae Wang,jhassan,chat,2026-03-27 10:11:15+00:00
Jamal Hassan,jhassan,chat,2026-03-27 10:11:40+00:00
Hyun-Jae Wang,jhassan,chat,2026-03-27 10:12:00+00:00
khoi_nguyen,knguyen,chat,2026-03-27 09:15:00+00:00
carlos_garcia,knguyen,chat,2026-03-27 09:16:20+00:00
khoi_nguyen,knguyen,chat,2026-03-27 09:17:05+00:00
carlos_garcia,knguyen,chat,2026-03-27 09:18:30+00:00
khoi_nguyen,knguyen,chat,2026-03-27 09:19:10+00:00
carlos_garcia,knguyen,chat,2026-03-27 09:20:15+00:00
khoi_nguyen,knguyen,chat,2026-03-27 09:22:00+00:00
carlos_garcia,knguyen,chat,2026-03-27 09:23:45+00:00
khoi_nguyen,knguyen,chat,2026-03-27 09:24:30+00:00
carlos_garcia,knguyen,chat,2026-03-27 09:25:20+00:00
khoi_nguyen,knguyen,chat,2026-03-27 09:26:10+00:00
carlos_garcia,knguyen,chat,2026-03-27 09:27:00+00:00
khoi_nguyen,knguyen,chat,2026-03-27 09:28:40+00:00
carlos_garcia,knguyen,chat,2026-03-27 09:29:25+00:00
khoi_nguyen,knguyen,chat,2026-03-27 09:30:00+00:00
Amélie Dubois,adubois,chat,2026-03-27 09:15:32+00:00
Mariana Garcia,adubois,chat,2026-03-27 09:16:05+00:00
Amélie Dubois,adubois,chat,2026-03-27 09:17:18+00:00
Mariana Garcia,adubois,chat,2026-03-27 09:18:02+00:00
Amélie Dubois,adubois,chat,2026-03-27 09:19:10+00:00
Mariana Garcia,adubois,chat,2026-03-27 09:20:03+00:00
Amélie Dubois,adubois,chat,2026-03-27 09:21:45+00:00
Mariana Garcia,adubois,chat,2026-03-27 09:22:30+00:00
Amélie Dubois,adubois,chat,2026-03-27 09:23:12+00:00
Mariana Garcia,adubois,chat,2026-03-27 09:24:00+00:00
Amélie Dubois,adubois,chat,2026-03-27 09:25:22+00:00
Mariana Garcia,adubois,chat,2026-03-27 09:26:04+00:00
Amélie Dubois,adubois,chat,2026-03-27 09:27:15+00:00
Mariana Garcia,adubois,chat,2026-03-27 09:28:00+00:00
mariana_garcia,mgarcia,chat,2026-03-28 10:15:00+00:00
jamal_hassan,mgarcia,chat,2026-03-28 10:16:12+00:00
mariana_garcia,mgarcia,chat,2026-03-28 10:16:43+00:00
jamal_hassan,mgarcia,chat,2026-03-28 10:17:21+00:00
mariana_garcia,mgarcia,chat,2026-03-28 10:18:05+00:00
jamal_hassan,mgarcia,chat,2026-03-28 10:19:02+00:00
mariana_garcia,mgarcia,chat,2026-03-28 10:20:15+00:00
jamal_hassan,mgarcia,chat,2026-03-28 10:21:30+00:00
mariana_garcia,mgarcia,chat,2026-03-28 10:22:05+00:00
jamal_hassan,mgarcia,chat,2026-03-28 10:23:18+00:00
mariana_garcia,mgarcia,chat,2026-03-28 10:24:01+00:00
jamal_hassan,mgarcia,chat,2026-03-28 10:24:55+00:00
mariana_garcia,mgarcia,chat,2026-03-28 10:25:34+00:00
jamal_hassan,mgarcia,chat,2026-03-28 10:26:02+00:00
mariana_garcia,mgarcia,chat,2026-03-28 10:26:45+00:00
jamal_hassan,mgarcia,chat,2026-03-28 10:27:30+00:00
mariana_garcia,mgarcia,chat,2026-03-28 10:28:05+00:00
jamal_hassan,mgarcia,chat,2026-03-28 10:28:25+00:00
thiago_silva,tsilva,chat,2026-03-28 14:12:03+00:00
kai_park,tsilva,chat,2026-03-28 14:12:18+00:00
thiago_silva,tsilva,chat,2026-03-28 14:12:30+00:00
kai_park,tsilva,chat,2026-03-28 14:13:02+00:00
thiago_silva,tsilva,chat,2026-03-28 14:13:20+00:00
kai_park,tsilva,chat,2026-03-28 14:13:45+00:00
thiago_silva,tsilva,chat,2026-03-28 14:14:12+00:00
kai_park,tsilva,chat,2026-03-28 14:14:30+00:00
thiago_silva,tsilva,chat,2026-03-28 14:14:50+00:00
kai_park,tsilva,chat,2026-03-28 14:15:10+00:00
thiago_silva,tsilva,chat,2026-03-28 14:15:28+00:00
kai_park,tsilva,chat,2026-03-28 14:15:45+00:00
thiago_silva,tsilva,chat,2026-03-28 14:16:02+00:00
kai_park,tsilva,chat,2026-03-28 14:16:15+00:00
thiago_silva,tsilva,chat,2026-03-28 14:16:28+00:00
Mona Sharif,msharif,chat,2026-03-28 10:15:00+00:00
Ritika Chowdhury,msharif,chat,2026-03-28 10:15:45+00:00
Mona Sharif,msharif,chat,2026-03-28 10:16:20+00:00
Ritika Chowdhury,msharif,chat,2026-03-28 10:17:10+00:00
Mona Sharif,msharif,chat,2026-03-28 10:17:45+00:00
Ritika Chowdhury,msharif,chat,2026-03-28 10:18:30+00:00
Mona Sharif,msharif,chat,2026-03-28 10:19:05+00:00
Ritika Chowdhury,msharif,chat,2026-03-28 10:19:30+00:00
Mona Sharif,msharif,chat,2026-03-28 10:20:10+00:00
Ritika Chowdhury,msharif,chat,2026-03-28 10:20:45+00:00
Mona Sharif,msharif,chat,2026-03-28 10:21:20+00:00
Ritika Chowdhury,msharif,chat,2026-03-28 10:21:50+00:00
Mona Sharif,msharif,chat,2026-03-28 10:22:15+00:00
Ritika Chowdhury,msharif,chat,2026-03-28 10:22:45+00:00
Mona Sharif,msharif,chat,2026-03-28 10:23:15+00:00
Ritika Chowdhury,msharif,chat,2026-03-28 10:23:40+00:00
Mona Sharif,msharif,chat,2026-03-28 10:24:10+00:00
Mandla Abebe,mabebe,chat,2026-03-28 14:02:00+00:00
Rose Mensah,mabebe,chat,2026-03-28 14:03:10+00:00
Mandla Abebe,mabebe,chat,2026-03-28 14:04:25+00:00
Rose Mensah,mabebe,chat,2026-03-28 14:05:00+00:00
Mandla Abebe,mabebe,chat,2026-03-28 14:05:45+00:00
Rose Mensah,mabebe,chat,2026-03-28 14:06:20+00:00
Mandla Abebe,mabebe,chat,2026-03-28 14:07:10+00:00
Rose Mensah,mabebe,chat,2026-03-28 14:07:45+00:00
Mandla Abebe,mabebe,chat,2026-03-28 14:08:00+00:00
Mandla Abebe,mabebe,chat,2026-03-28 14:09:30+00:00
Rose Mensah,mabebe,chat,2026-03-28 14:10:15+00:00
Mandla Abebe,mabebe,chat,2026-03-28 14:11:00+00:00
Rose Mensah,mabebe,chat,2026-03-28 14:11:35+00:00
Mandla Abebe,mabebe,chat,2026-03-28 14:12:05+00:00
Rose Mensah,mabebe,chat,2026-03-28 14:12:30+00:00
Mandla Abebe,mabebe,chat,2026-03-28 14:13:00+00:00
Ana Patel,anapatel,chat,2026-03-28 14:02:34+00:00
Taro Kobayashi,anapatel,chat,2026-03-28 14:03:10+00:00
Ana Patel,anapatel,chat,2026-03-28 14:03:25+00:00
Taro Kobayashi,anapatel,chat,2026-03-28 14:03:48+00:00
Ana Patel,anapatel,chat,2026-03-28 14:04:12+00:00
Taro Kobayashi,anapatel,chat,2026-03-28 14:04:28+00:00
Ana Patel,anapatel,chat,2026-03-28 14:04:45+00:00
Taro Kobayashi,anapatel,chat,2026-03-28 14:05:02+00:00
Ana Patel,anapatel,chat,2026-03-28 14:05:18+00:00
Taro Kobayashi,anapatel,chat,2026-03-28 14:05:50+00:00
Ana Patel,anapatel,chat,2026-03-28 14:06:11+00:00
Taro Kobayashi,anapatel,chat,2026-03-28 14:06:23+00:00
Ana Patel,anapatel,chat,2026-03-28 14:06:35+00:00
Ana Patel,anapatel,chat,2026-03-28 14:06:50+00:00
Taro Kobayashi,anapatel,chat,2026-03-28 14:07:12+00:00
Ana Patel,anapatel,chat,2026-03-28 14:07:30+00:00
Taro Kobayashi,anapatel,chat,2026-03-28 14:07:45+00:00
Ana Patel,anapatel,chat,2026-03-28 14:08:05+00:00
yara.morales,ymorales,chat,2026-03-28 14:02:15+00:00
takeshi.sato,ymorales,chat,2026-03-28 14:02:40+00:00
yara.morales,ymorales,chat,2026-03-28 14:03:12+00:00
takeshi.sato,ymorales,chat,2026-03-28 14:03:38+00:00
yara.morales,ymorales,chat,2026-03-28 14:04:10+00:00
takeshi.sato,ymorales,chat,2026-03-28 14:04:33+00:00
yara.morales,ymorales,chat,2026-03-28 14:04:51+00:00
takeshi.sato,ymorales,chat,2026-03-28 14:05:18+00:00
yara.morales,ymorales,chat,2026-03-28 14:05:38+00:00
yara.morales,ymorales,chat,2026-03-28 14:06:05+00:00
takeshi.sato,ymorales,chat,2026-03-28 14:06:24+00:00
yara.morales,ymorales,chat,2026-03-28 14:06:54+00:00
takeshi.sato,ymorales,chat,2026-03-28 14:07:12+00:00
yara.morales,ymorales,chat,2026-03-28 14:07:40+00:00
takeshi.sato,ymorales,chat,2026-03-28 14:08:05+00:00
yara.morales,ymorales,chat,2026-03-28 14:08:30+00:00
takeshi.sato,ymorales,chat,2026-03-28 14:08:55+00:00
yara.morales,ymorales,chat,2026-03-28 14:09:20+00:00
takeshi.sato,ymorales,chat,2026-03-28 14:09:35+00:00
hyunjae_wang,hwang,chat,2026-03-29 14:03:12+00:00
taro_kobayashi,hwang,chat,2026-03-29 14:03:45+00:00
hyunjae_wang,hwang,chat,2026-03-29 14:04:10+00:00
taro_kobayashi,hwang,chat,2026-03-29 14:04:35+00:00
hyunjae_wang,hwang,chat,2026-03-29 14:05:02+00:00
taro_kobayashi,hwang,chat,2026-03-29 14:05:27+00:00
hyunjae_wang,hwang,chat,2026-03-29 14:05:40+00:00
taro_kobayashi,hwang,chat,2026-03-29 14:05:55+00:00
hyunjae_wang,hwang,chat,2026-03-29 14:06:24+00:00
taro_kobayashi,hwang,chat,2026-03-29 14:06:48+00:00
hyunjae_wang,hwang,chat,2026-03-29 14:07:15+00:00
taro_kobayashi,hwang,chat,2026-03-29 14:07:38+00:00
hyunjae_wang,hwang,chat,2026-03-29 14:08:05+00:00
taro_kobayashi,hwang,chat,2026-03-29 14:08:28+00:00
hyunjae_wang,hwang,chat,2026-03-29 14:08:52+00:00
taro_kobayashi,hwang,chat,2026-03-29 14:09:13+00:00
hyunjae_wang,hwang,chat,2026-03-29 14:09:37+00:00
taro_kobayashi,hwang,chat,2026-03-29 14:09:58+00:00
taro_kobayashi,hwang,chat,2026-03-29 14:11:12+00:00
hyunjae_wang,hwang,chat,2026-03-29 14:11:36+00:00
thiago_silva,tsilva,chat,2026-03-29 10:12:34+00:00
kai_park,tsilva,chat,2026-03-29 10:13:02+00:00
thiago_silva,tsilva,chat,2026-03-29 10:13:28+00:00
kai_park,tsilva,chat,2026-03-29 10:14:10+00:00
thiago_silva,tsilva,chat,2026-03-29 10:14:45+00:00
kai_park,tsilva,chat,2026-03-29 10:15:12+00:00
thiago_silva,tsilva,chat,2026-03-29 10:15:30+00:00
kai_park,tsilva,chat,2026-03-29 10:15:54+00:00
thiago_silva,tsilva,chat,2026-03-29 10:16:21+00:00
kai_park,tsilva,chat,2026-03-29 10:16:55+00:00
thiago_silva,tsilva,chat,2026-03-29 10:17:19+00:00
kai_park,tsilva,chat,2026-03-29 10:17:38+00:00
thiago_silva,tsilva,chat,2026-03-29 10:18:05+00:00
kai_park,tsilva,chat,2026-03-29 10:18:29+00:00
thiago_silva,tsilva,chat,2026-03-29 10:18:57+00:00
kai_park,tsilva,chat,2026-03-29 10:19:24+00:00
thiago_silva,tsilva,chat,2026-03-29 10:19:50+00:00
kai_park,tsilva,chat,2026-03-29 10:20:13+00:00
thiago_silva,tsilva,chat,2026-03-29 10:20:25+00:00
Amélie Dubois,adubois,chat,2026-03-29 08:15:00+00:00
Mariana Garcia,adubois,chat,2026-03-29 08:16:12+00:00
Amélie Dubois,adubois,chat,2026-03-29 08:17:30+00:00
Mariana Garcia,adubois,chat,2026-03-29 08:18:45+00:00
Amélie Dubois,adubois,chat,2026-03-29 08:19:52+00:00
Mariana Garcia,adubois,chat,2026-03-29 08:20:47+00:00
Amélie Dubois,adubois,chat,2026-03-29 08:22:03+00:00
Mariana Garcia,adubois,chat,2026-03-29 08:23:15+00:00
Amélie Dubois,adubois,chat,2026-03-29 08:24:40+00:00
Mariana Garcia,adubois,chat,2026-03-29 08:25:55+00:00
Amélie Dubois,adubois,chat,2026-03-29 08:27:14+00:00
Mariana Garcia,adubois,chat,2026-03-29 08:28:32+00:00
Amélie Dubois,adubois,chat,2026-03-29 08:29:50+00:00
Mariana Garcia,adubois,chat,2026-03-29 08:30:22+00:00
mariana.garcia,mgarcia,chat,2026-03-29 09:15:00+00:00
jamal.okonkwo,mgarcia,chat,2026-03-29 09:16:12+00:00
mariana.garcia,mgarcia,chat,2026-03-29 09:16:55+00:00
jamal.okonkwo,mgarcia,chat,2026-03-29 09:17:30+00:00
mariana.garcia,mgarcia,chat,2026-03-29 09:18:10+00:00
jamal.okonkwo,mgarcia,chat,2026-03-29 09:18:45+00:00
jamal.okonkwo,mgarcia,chat,2026-03-29 09:20:03+00:00
mariana.garcia,mgarcia,chat,2026-03-29 09:20:45+00:00
jamal.okonkwo,mgarcia,chat,2026-03-29 09:21:10+00:00
jamal.okonkwo,mgarcia,chat,2026-03-29 09:23:05+00:00
mariana.garcia,mgarcia,chat,2026-03-29 09:23:58+00:00
jamal.okonkwo,mgarcia,chat,2026-03-29 09:24:35+00:00
mariana.garcia,mgarcia,chat,2026-03-29 09:25:20+00:00
jamal.okonkwo,mgarcia,chat,2026-03-29 09:26:10+00:00
mariana.garcia,mgarcia,chat,2026-03-29 09:27:05+00:00
jamal.okonkwo,mgarcia,chat,2026-03-29 09:27:50+00:00
mariana.garcia,mgarcia,chat,2026-03-29 09:28:40+00:00
jamal.okonkwo,mgarcia,chat,2026-03-29 09:29:15+00:00
mariana.garcia,mgarcia,chat,2026-03-29 09:30:00+00:00
jamal.okonkwo,mgarcia,chat,2026-03-29 09:30:30+00:00
Amélie Dubois,adubois,chat,2026-03-30 09:12:00+00:00
Takeshi Sato,adubois,chat,2026-03-30 09:14:23+00:00
Amélie Dubois,adubois,chat,2026-03-30 09:15:47+00:00
Takeshi Sato,adubois,chat,2026-03-30 09:16:10+00:00
Takeshi Sato,adubois,chat,2026-03-30 09:18:42+00:00
Amélie Dubois,adubois,chat,2026-03-30 09:19:55+00:00
Takeshi Sato,adubois,chat,2026-03-30 09:20:33+00:00
Amélie Dubois,adubois,chat,2026-03-30 09:21:48+00:00
Takeshi Sato,adubois,chat,2026-03-30 09:23:11+00:00
Amélie Dubois,adubois,chat,2026-03-30 09:24:39+00:00
Takeshi Sato,adubois,chat,2026-03-30 09:25:55+00:00
Amélie Dubois,adubois,chat,2026-03-30 09:26:43+00:00
Takeshi Sato,adubois,chat,2026-03-30 09:28:05+00:00
Amélie Dubois,adubois,chat,2026-03-30 09:29:12+00:00
Takeshi Sato,adubois,chat,2026-03-30 09:30:30+00:00
Amélie Dubois,adubois,chat,2026-03-30 09:31:42+00:00
Takeshi Sato,adubois,chat,2026-03-30 09:32:18+00:00
Amélie Dubois,adubois,chat,2026-03-30 09:33:05+00:00
Mariana Garcia,mgarcia,chat,2026-03-30 13:02:15+00:00
Mona Sharif,mgarcia,chat,2026-03-30 13:03:00+00:00
Mariana Garcia,mgarcia,chat,2026-03-30 13:03:45+00:00
Mona Sharif,mgarcia,chat,2026-03-30 13:04:12+00:00
Mariana Garcia,mgarcia,chat,2026-03-30 13:04:40+00:00
Mona Sharif,mgarcia,chat,2026-03-30 13:05:10+00:00
Mariana Garcia,mgarcia,chat,2026-03-30 13:05:38+00:00
Mona Sharif,mgarcia,chat,2026-03-30 13:06:05+00:00
Mariana Garcia,mgarcia,chat,2026-03-30 13:06:40+00:00
Mona Sharif,mgarcia,chat,2026-03-30 13:07:10+00:00
Mariana Garcia,mgarcia,chat,2026-03-30 13:07:38+00:00
Mona Sharif,mgarcia,chat,2026-03-30 13:08:05+00:00
Mariana Garcia,mgarcia,chat,2026-03-30 13:08:35+00:00
Mona Sharif,mgarcia,chat,2026-03-30 13:09:05+00:00
Mariana Garcia,mgarcia,chat,2026-03-30 13:09:30+00:00
Mona Sharif,mgarcia,chat,2026-03-30 13:09:45+00:00
takeshi_sato,tsato,chat,2026-03-30 08:15:34+00:00
jamal_hassan,tsato,chat,2026-03-30 08:16:12+00:00
takeshi_sato,tsato,chat,2026-03-30 08:16:48+00:00
jamal_hassan,tsato,chat,2026-03-30 08:17:05+00:00
takeshi_sato,tsato,chat,2026-03-30 08:17:22+00:00
jamal_hassan,tsato,chat,2026-03-30 08:18:01+00:00
takeshi_sato,tsato,chat,2026-03-30 08:18:34+00:00
jamal_hassan,tsato,chat,2026-03-30 08:19:12+00:00
takeshi_sato,tsato,chat,2026-03-30 08:19:47+00:00
jamal_hassan,tsato,chat,2026-03-30 08:20:15+00:00
takeshi_sato,tsato,chat,2026-03-30 08:20:42+00:00
jamal_hassan,tsato,chat,2026-03-30 08:21:18+00:00
takeshi_sato,tsato,chat,2026-03-30 08:21:45+00:00
jamal_hassan,tsato,chat,2026-03-30 08:22:14+00:00
takeshi_sato,tsato,chat,2026-03-30 08:22:30+00:00
jamal_okonkwo,jokonkwo,chat,2026-03-30 09:12:43+00:00
mandla_abebe,jokonkwo,chat,2026-03-30 09:14:10+00:00
jamal_okonkwo,jokonkwo,chat,2026-03-30 09:15:27+00:00
mandla_abebe,jokonkwo,chat,2026-03-30 09:16:05+00:00
jamal_okonkwo,jokonkwo,chat,2026-03-30 09:16:40+00:00
jamal_okonkwo,jokonkwo,chat,2026-03-30 09:18:21+00:00
mandla_abebe,jokonkwo,chat,2026-03-30 09:19:04+00:00
jamal_okonkwo,jokonkwo,chat,2026-03-30 09:19:30+00:00
mandla_abebe,jokonkwo,chat,2026-03-30 09:20:12+00:00
jamal_okonkwo,jokonkwo,chat,2026-03-30 09:21:47+00:00
mandla_abebe,jokonkwo,chat,2026-03-30 09:22:05+00:00
mandla_abebe,jokonkwo,chat,2026-03-30 09:23:50+00:00
jamal_okonkwo,jokonkwo,chat,2026-03-30 09:24:29+00:00
mandla_abebe,jokonkwo,chat,2026-03-30 09:25:02+00:00
jamal_okonkwo,jokonkwo,chat,2026-03-30 09:25:47+00:00
mandla_abebe,jokonkwo,chat,2026-03-30 09:26:30+00:00
jamal_okonkwo,jokonkwo,chat,2026-03-30 09:27:12+00:00
mandla_abebe,jokonkwo,chat,2026-03-30 09:27:50+00:00
jamal_okonkwo,jokonkwo,chat,2026-03-30 09:28:23+00:00
mandla_abebe,jokonkwo,chat,2026-03-30 09:28:47+00:00
jamal_okonkwo,jokonkwo,chat,2026-03-30 09:29:05+00:00
ravi_patel,rpatel,chat,2026-03-30 09:15:00+00:00
neha_khatri,rpatel,chat,2026-03-30 09:16:22+00:00
ravi_patel,rpatel,chat,2026-03-30 09:17:10+00:00
neha_khatri,rpatel,chat,2026-03-30 09:18:05+00:00
ravi_patel,rpatel,chat,2026-03-30 09:19:30+00:00
neha_khatri,rpatel,chat,2026-03-30 09:20:15+00:00
ravi_patel,rpatel,chat,2026-03-30 09:21:50+00:00
neha_khatri,rpatel,chat,2026-03-30 09:22:30+00:00
ravi_patel,rpatel,chat,2026-03-30 09:23:15+00:00
neha_khatri,rpatel,chat,2026-03-30 09:23:42+00:00
ravi_patel,rpatel,chat,2026-03-30 09:24:20+00:00
neha_khatri,rpatel,chat,2026-03-30 09:26:10+00:00
ravi_patel,rpatel,chat,2026-03-30 09:27:05+00:00
neha_khatri,rpatel,chat,2026-03-30 09:28:00+00:00
ravi_patel,rpatel,chat,2026-03-30 09:29:30+00:00
neha_khatri,rpatel,chat,2026-03-30 09:30:25+00:00
ravi_patel,rpatel,chat,2026-03-30 09:31:00+00:00
neha_khatri,rpatel,chat,2026-03-30 09:31:25+00:00
thiago_silva,tsilva,chat,2026-03-31 09:14:32+00:00
taro_kobayashi,tsilva,chat,2026-03-31 09:15:10+00:00
thiago_silva,tsilva,chat,2026-03-31 09:15:45+00:00
taro_kobayashi,tsilva,chat,2026-03-31 09:16:01+00:00
taro_kobayashi,tsilva,chat,2026-03-31 09:18:23+00:00
thiago_silva,tsilva,chat,2026-03-31 09:19:05+00:00
taro_kobayashi,tsilva,chat,2026-03-31 09:20:12+00:00
thiago_silva,tsilva,chat,2026-03-31 09:20:50+00:00
thiago_silva,tsilva,chat,2026-03-31 09:22:03+00:00
taro_kobayashi,tsilva,chat,2026-03-31 09:22:45+00:00
thiago_silva,tsilva,chat,2026-03-31 09:23:30+00:00
taro_kobayashi,tsilva,chat,2026-03-31 09:23:45+00:00
taro_kobayashi,tsilva,chat,2026-03-31 09:29:10+00:00
thiago_silva,tsilva,chat,2026-03-31 09:30:02+00:00
thiago_silva,tsilva,chat,2026-03-31 09:31:15+00:00
taro_kobayashi,tsilva,chat,2026-03-31 09:31:50+00:00
thiago_silva,tsilva,chat,2026-03-31 09:33:12+00:00
taro_kobayashi,tsilva,chat,2026-03-31 09:34:08+00:00
thiago_silva,tsilva,chat,2026-03-31 09:34:50+00:00
taro_kobayashi,tsilva,chat,2026-03-31 09:35:10+00:00
Mariana Garcia,mgarcia,chat,2026-03-31 10:02:15+00:00
Ritika Chowdhury,mgarcia,chat,2026-03-31 10:03:42+00:00
Mariana Garcia,mgarcia,chat,2026-03-31 10:04:30+00:00
Ritika Chowdhury,mgarcia,chat,2026-03-31 10:05:08+00:00
Mariana Garcia,mgarcia,chat,2026-03-31 10:06:21+00:00
Ritika Chowdhury,mgarcia,chat,2026-03-31 10:07:05+00:00
Mariana Garcia,mgarcia,chat,2026-03-31 10:08:12+00:00
Ritika Chowdhury,mgarcia,chat,2026-03-31 10:08:38+00:00
Ritika Chowdhury,mgarcia,chat,2026-03-31 10:10:03+00:00
Mariana Garcia,mgarcia,chat,2026-03-31 10:10:48+00:00
Ritika Chowdhury,mgarcia,chat,2026-03-31 10:11:25+00:00
Mariana Garcia,mgarcia,chat,2026-03-31 10:12:09+00:00
Ritika Chowdhury,mgarcia,chat,2026-03-31 10:12:45+00:00
Mariana Garcia,mgarcia,chat,2026-03-31 10:13:22+00:00
Ritika Chowdhury,mgarcia,chat,2026-03-31 10:14:01+00:00
Mariana Garcia,mgarcia,chat,2026-03-31 10:14:27+00:00
Ritika Chowdhury,mgarcia,chat,2026-03-31 10:15:05+00:00
mona_sharif,msharif,chat,2026-03-31 10:03:12+00:00
ritika_chowdhury,msharif,chat,2026-03-31 10:04:05+00:00
mona_sharif,msharif,chat,2026-03-31 10:05:22+00:00
ritika_chowdhury,msharif,chat,2026-03-31 10:06:10+00:00
mona_sharif,msharif,chat,2026-03-31 10:06:45+00:00
ritika_chowdhury,msharif,chat,2026-03-31 10:07:30+00:00
mona_sharif,msharif,chat,2026-03-31 10:08:15+00:00
ritika_chowdhury,msharif,chat,2026-03-31 10:09:02+00:00
mona_sharif,msharif,chat,2026-03-31 10:09:45+00:00
ritika_chowdhury,msharif,chat,2026-03-31 10:10:20+00:00
mona_sharif,msharif,chat,2026-03-31 10:11:05+00:00
ritika_chowdhury,msharif,chat,2026-03-31 10:11:40+00:00
mona_sharif,msharif,chat,2026-03-31 10:12:10+00:00
ritika_chowdhury,msharif,chat,2026-03-31 10:12:45+00:00
mona_sharif,msharif,chat,2026-03-31 10:13:10+00:00
Amélie_Dubois,adubois,chat,2026-03-31 09:14:32+00:00
Ravi_Patel,adubois,chat,2026-03-31 09:15:03+00:00
Amélie_Dubois,adubois,chat,2026-03-31 09:15:45+00:00
Ravi_Patel,adubois,chat,2026-03-31 09:16:12+00:00
Amélie_Dubois,adubois,chat,2026-03-31 09:16:40+00:00
Ravi_Patel,adubois,chat,2026-03-31 09:17:05+00:00
Amélie_Dubois,adubois,chat,2026-03-31 09:17:30+00:00
Ravi_Patel,adubois,chat,2026-03-31 09:18:12+00:00
Amélie_Dubois,adubois,chat,2026-03-31 09:18:50+00:00
Ravi_Patel,adubois,chat,2026-03-31 09:19:21+00:00
Amélie_Dubois,adubois,chat,2026-03-31 09:19:47+00:00
Ravi_Patel,adubois,chat,2026-03-31 09:20:15+00:00
Amélie_Dubois,adubois,chat,2026-03-31 09:20:52+00:00
Ravi_Patel,adubois,chat,2026-03-31 09:21:30+00:00
Amélie_Dubois,adubois,chat,2026-03-31 09:22:08+00:00
Ravi_Patel,adubois,chat,2026-03-31 09:22:50+00:00
Amélie_Dubois,adubois,chat,2026-03-31 09:23:22+00:00
Ravi_Patel,adubois,chat,2026-03-31 09:23:48+00:00
Amélie_Dubois,adubois,chat,2026-03-31 09:24:05+00:00
Ravi_Patel,adubois,chat,2026-03-31 09:24:18+00:00
Thiago Silva,tsilva,chat,2026-03-31 10:12:03+00:00
Kai Park,tsilva,chat,2026-03-31 10:12:45+00:00
Thiago Silva,tsilva,chat,2026-03-31 10:13:22+00:00
Kai Park,tsilva,chat,2026-03-31 10:13:56+00:00
Thiago Silva,tsilva,chat,2026-03-31 10:14:15+00:00
Kai Park,tsilva,chat,2026-03-31 10:14:36+00:00
Thiago Silva,tsilva,chat,2026-03-31 10:15:01+00:00
Kai Park,tsilva,chat,2026-03-31 10:15:45+00:00
Thiago Silva,tsilva,chat,2026-03-31 10:16:08+00:00
Kai Park,tsilva,chat,2026-03-31 10:16:54+00:00
Thiago Silva,tsilva,chat,2026-03-31 10:17:22+00:00
Kai Park,tsilva,chat,2026-03-31 10:18:01+00:00
Thiago Silva,tsilva,chat,2026-03-31 10:18:19+00:00
Kai Park,tsilva,chat,2026-03-31 10:19:03+00:00
Thiago Silva,tsilva,chat,2026-03-31 10:19:28+00:00
Kai Park,tsilva,chat,2026-03-31 10:19:45+00:00
Thiago Silva,tsilva,chat,2026-03-31 10:20:01+00:00
Amélie Dubois,adubois,chat,2026-04-01 09:02:14+00:00
Takeshi Sato,adubois,chat,2026-04-01 09:03:01+00:00
Amélie Dubois,adubois,chat,2026-04-01 09:03:45+00:00
Takeshi Sato,adubois,chat,2026-04-01 09:04:12+00:00
Amélie Dubois,adubois,chat,2026-04-01 09:04:58+00:00
Takeshi Sato,adubois,chat,2026-04-01 09:05:21+00:00
Takeshi Sato,adubois,chat,2026-04-01 09:08:37+00:00
Amélie Dubois,adubois,chat,2026-04-01 09:09:15+00:00
Takeshi Sato,adubois,chat,2026-04-01 09:10:02+00:00
Amélie Dubois,adubois,chat,2026-04-01 09:10:53+00:00
Takeshi Sato,adubois,chat,2026-04-01 09:11:28+00:00
Amélie Dubois,adubois,chat,2026-04-01 09:12:10+00:00
Takeshi Sato,adubois,chat,2026-04-01 09:12:54+00:00
Amélie Dubois,adubois,chat,2026-04-01 09:13:25+00:00
Takeshi Sato,adubois,chat,2026-04-01 09:14:07+00:00
Amélie Dubois,adubois,chat,2026-04-01 09:14:45+00:00
Takeshi Sato,adubois,chat,2026-04-01 09:15:12+00:00
Amélie Dubois,adubois,chat,2026-04-01 09:15:43+00:00
Takeshi Sato,adubois,chat,2026-04-01 09:16:05+00:00
Amélie Dubois,adubois,chat,2026-04-01 10:02:15+00:00
Ravi Patel,adubois,chat,2026-04-01 10:03:42+00:00
Amélie Dubois,adubois,chat,2026-04-01 10:04:20+00:00
Ravi Patel,adubois,chat,2026-04-01 10:05:12+00:00
Amélie Dubois,adubois,chat,2026-04-01 10:06:45+00:00
Ravi Patel,adubois,chat,2026-04-01 10:07:30+00:00
Amélie Dubois,adubois,chat,2026-04-01 10:08:15+00:00
Ravi Patel,adubois,chat,2026-04-01 10:09:05+00:00
Amélie Dubois,adubois,chat,2026-04-01 10:10:20+00:00
Ravi Patel,adubois,chat,2026-04-01 10:11:40+00:00
Amélie Dubois,adubois,chat,2026-04-01 10:12:25+00:00
Ravi Patel,adubois,chat,2026-04-01 10:13:10+00:00
Amélie Dubois,adubois,chat,2026-04-01 10:14:00+00:00
Ravi Patel,adubois,chat,2026-04-01 10:14:20+00:00
mariana_garcia,mgarcia,chat,2026-04-01 09:15:00+00:00
ritika_chowdhury,mgarcia,chat,2026-04-01 09:16:12+00:00
ritika_chowdhury,mgarcia,chat,2026-04-01 09:16:45+00:00
mariana_garcia,mgarcia,chat,2026-04-01 09:18:30+00:00
ritika_chowdhury,mgarcia,chat,2026-04-01 09:19:05+00:00
mariana_garcia,mgarcia,chat,2026-04-01 09:20:45+00:00
ritika_chowdhury,mgarcia,chat,2026-04-01 09:21:30+00:00
mariana_garcia,mgarcia,chat,2026-04-01 09:22:10+00:00
ritika_chowdhury,mgarcia,chat,2026-04-01 09:22:45+00:00
mariana_garcia,mgarcia,chat,2026-04-01 09:23:30+00:00
ritika_chowdhury,mgarcia,chat,2026-04-01 09:24:10+00:00
mariana_garcia,mgarcia,chat,2026-04-01 09:25:00+00:00
ritika_chowdhury,mgarcia,chat,2026-04-01 09:25:35+00:00
mariana_garcia,mgarcia,chat,2026-04-01 09:26:00+00:00
jamal_hassan,jhassan,chat,2026-04-01 14:03:25+00:00
lina_johansson,jhassan,chat,2026-04-01 14:03:58+00:00
jamal_hassan,jhassan,chat,2026-04-01 14:04:15+00:00
lina_johansson,jhassan,chat,2026-04-01 14:06:12+00:00
jamal_hassan,jhassan,chat,2026-04-01 14:06:55+00:00
lina_johansson,jhassan,chat,2026-04-01 14:07:30+00:00
jamal_hassan,jhassan,chat,2026-04-01 14:08:05+00:00
lina_johansson,jhassan,chat,2026-04-01 14:08:42+00:00
jamal_hassan,jhassan,chat,2026-04-01 14:09:15+00:00
lina_johansson,jhassan,chat,2026-04-01 14:10:00+00:00
jamal_hassan,jhassan,chat,2026-04-01 14:10:35+00:00
lina_johansson,jhassan,chat,2026-04-01 14:11:12+00:00
jamal_hassan,jhassan,chat,2026-04-01 14:11:40+00:00
lina_johansson,jhassan,chat,2026-04-01 14:12:05+00:00
jamal_hassan,jhassan,chat,2026-04-01 14:12:45+00:00
lina_johansson,jhassan,chat,2026-04-01 14:13:20+00:00
jamal_hassan,jhassan,chat,2026-04-01 14:13:50+00:00
lina_johansson,jhassan,chat,2026-04-01 14:14:10+00:00
Amélie Dubois,adubois,chat,2026-04-01 13:45:12+00:00
Mariana Garcia,adubois,chat,2026-04-01 13:46:03+00:00
Amélie Dubois,adubois,chat,2026-04-01 13:46:48+00:00
Mariana Garcia,adubois,chat,2026-04-01 13:47:30+00:00
Amélie Dubois,adubois,chat,2026-04-01 13:48:10+00:00
Mariana Garcia,adubois,chat,2026-04-01 13:48:59+00:00
Amélie Dubois,adubois,chat,2026-04-01 13:49:40+00:00
Mariana Garcia,adubois,chat,2026-04-01 13:50:25+00:00
Amélie Dubois,adubois,chat,2026-04-01 13:51:07+00:00
Mariana Garcia,adubois,chat,2026-04-01 13:51:48+00:00
Amélie Dubois,adubois,chat,2026-04-01 13:52:32+00:00
Mariana Garcia,adubois,chat,2026-04-01 13:53:15+00:00
Amélie Dubois,adubois,chat,2026-04-01 13:54:01+00:00
Mariana Garcia,adubois,chat,2026-04-01 13:54:45+00:00
Amélie Dubois,adubois,chat,2026-04-01 13:55:12+00:00
Mariana Garcia,adubois,chat,2026-04-01 13:55:30+00:00
Amélie Dubois,adubois,chat,2026-04-01 14:02:13+00:00
Jamal Okonkwo,adubois,chat,2026-04-01 14:02:43+00:00
Amélie Dubois,adubois,chat,2026-04-01 14:03:20+00:00
Jamal Okonkwo,adubois,chat,2026-04-01 14:03:50+00:00
Amélie Dubois,adubois,chat,2026-04-01 14:04:10+00:00
Jamal Okonkwo,adubois,chat,2026-04-01 14:04:30+00:00
Amélie Dubois,adubois,chat,2026-04-01 14:05:00+00:00
Jamal Okonkwo,adubois,chat,2026-04-01 14:05:32+00:00
Amélie Dubois,adubois,chat,2026-04-01 14:06:00+00:00
Jamal Okonkwo,adubois,chat,2026-04-01 14:06:45+00:00
Amélie Dubois,adubois,chat,2026-04-01 14:07:10+00:00
Jamal Okonkwo,adubois,chat,2026-04-01 14:07:40+00:00
Amélie Dubois,adubois,chat,2026-04-01 14:08:15+00:00
Jamal Okonkwo,adubois,chat,2026-04-01 14:08:45+00:00
Amélie Dubois,adubois,chat,2026-04-01 14:09:10+00:00
Jamal Okonkwo,adubois,chat,2026-04-01 14:09:45+00:00
Amélie Dubois,adubois,chat,2026-04-01 14:10:20+00:00
Jamal Okonkwo,adubois,chat,2026-04-01 14:10:50+00:00
Amélie Dubois,adubois,chat,2026-04-01 14:11:20+00:00
Jamal Okonkwo,adubois,chat,2026-04-01 14:11:40+00:00
Amélie Dubois,adubois,chat,2026-04-01 14:12:00+00:00
Jamal Okonkwo,adubois,chat,2026-04-01 14:12:25+00:00
thiago.silva,tsilva,chat,2026-04-02 11:02:15+00:00
jamal.hassan,tsilva,chat,2026-04-02 11:02:45+00:00
thiago.silva,tsilva,chat,2026-04-02 11:03:12+00:00
jamal.hassan,tsilva,chat,2026-04-02 11:03:35+00:00
thiago.silva,tsilva,chat,2026-04-02 11:04:02+00:00
jamal.hassan,tsilva,chat,2026-04-02 11:04:27+00:00
jamal.hassan,tsilva,chat,2026-04-02 11:05:10+00:00
thiago.silva,tsilva,chat,2026-04-02 11:05:42+00:00
jamal.hassan,tsilva,chat,2026-04-02 11:06:15+00:00
thiago.silva,tsilva,chat,2026-04-02 11:06:37+00:00
jamal.hassan,tsilva,chat,2026-04-02 11:07:05+00:00
thiago.silva,tsilva,chat,2026-04-02 11:07:42+00:00
jamal.hassan,tsilva,chat,2026-04-02 11:08:10+00:00
thiago.silva,tsilva,chat,2026-04-02 11:09:02+00:00
jamal.hassan,tsilva,chat,2026-04-02 11:09:35+00:00
thiago.silva,tsilva,chat,2026-04-02 11:10:02+00:00
jamal.hassan,tsilva,chat,2026-04-02 11:10:20+00:00
Amélie Dubois,adubois,chat,2026-04-02 10:03:00+00:00
Mariana Garcia,adubois,chat,2026-04-02 10:03:45+00:00
Amélie Dubois,adubois,chat,2026-04-02 10:04:15+00:00
Mariana Garcia,adubois,chat,2026-04-02 10:04:35+00:00
Mariana Garcia,adubois,chat,2026-04-02 10:06:20+00:00
Amélie Dubois,adubois,chat,2026-04-02 10:06:50+00:00
Mariana Garcia,adubois,chat,2026-04-02 10:07:25+00:00
Amélie Dubois,adubois,chat,2026-04-02 10:08:00+00:00
Mariana Garcia,adubois,chat,2026-04-02 10:08:30+00:00
Amélie Dubois,adubois,chat,2026-04-02 10:09:10+00:00
Mariana Garcia,adubois,chat,2026-04-02 10:09:45+00:00
Amélie Dubois,adubois,chat,2026-04-02 10:10:15+00:00
Mariana Garcia,adubois,chat,2026-04-02 10:11:00+00:00
Amélie Dubois,adubois,chat,2026-04-02 10:11:40+00:00
Mariana Garcia,adubois,chat,2026-04-02 10:12:15+00:00
Amélie Dubois,adubois,chat,2026-04-02 10:12:50+00:00
Mariana Garcia,adubois,chat,2026-04-02 10:13:20+00:00
Amélie Dubois,adubois,chat,2026-04-02 10:13:45+00:00
Takeshi Sato,tsato,chat,2026-04-02 14:02:15+00:00
Jamal Hassan,tsato,chat,2026-04-02 14:03:10+00:00
Takeshi Sato,tsato,chat,2026-04-02 14:03:45+00:00
Jamal Hassan,tsato,chat,2026-04-02 14:04:22+00:00
Takeshi Sato,tsato,chat,2026-04-02 14:05:10+00:00
Jamal Hassan,tsato,chat,2026-04-02 14:05:50+00:00
Takeshi Sato,tsato,chat,2026-04-02 14:06:30+00:00
Jamal Hassan,tsato,chat,2026-04-02 14:07:05+00:00
Takeshi Sato,tsato,chat,2026-04-02 14:07:50+00:00
Jamal Hassan,tsato,chat,2026-04-02 14:08:20+00:00
Takeshi Sato,tsato,chat,2026-04-02 14:09:00+00:00
Jamal Hassan,tsato,chat,2026-04-02 14:09:15+00:00
Jamal Hassan,tsato,chat,2026-04-02 14:10:05+00:00
Takeshi Sato,tsato,chat,2026-04-02 14:10:25+00:00
Jamal Hassan,tsato,chat,2026-04-02 14:11:10+00:00
Takeshi Sato,tsato,chat,2026-04-02 14:11:50+00:00
Jamal Hassan,tsato,chat,2026-04-02 14:12:25+00:00
Takeshi Sato,tsato,chat,2026-04-02 14:12:50+00:00
mariana_garcia,mgarcia,chat,2026-04-02 09:10:23+00:00
ritika_chowdhury,mgarcia,chat,2026-04-02 09:11:01+00:00
mariana_garcia,mgarcia,chat,2026-04-02 09:11:45+00:00
ritika_chowdhury,mgarcia,chat,2026-04-02 09:12:12+00:00
mariana_garcia,mgarcia,chat,2026-04-02 09:12:35+00:00
ritika_chowdhury,mgarcia,chat,2026-04-02 09:13:02+00:00
mariana_garcia,mgarcia,chat,2026-04-02 09:13:18+00:00
mariana_garcia,mgarcia,chat,2026-04-02 09:14:01+00:00
ritika_chowdhury,mgarcia,chat,2026-04-02 09:14:25+00:00
mariana_garcia,mgarcia,chat,2026-04-02 09:15:02+00:00
ritika_chowdhury,mgarcia,chat,2026-04-02 09:15:30+00:00
mariana_garcia,mgarcia,chat,2026-04-02 09:16:01+00:00
ritika_chowdhury,mgarcia,chat,2026-04-02 09:16:25+00:00
mariana_garcia,mgarcia,chat,2026-04-02 09:17:02+00:00
ritika_chowdhury,mgarcia,chat,2026-04-02 09:17:30+00:00
mariana_garcia,mgarcia,chat,2026-04-02 09:17:45+00:00
jamal_hassan,jhassan,chat,2026-04-02 10:12:34+00:00
hyun_jae_wang,jhassan,chat,2026-04-02 10:13:02+00:00
jamal_hassan,jhassan,chat,2026-04-02 10:13:25+00:00
hyun_jae_wang,jhassan,chat,2026-04-02 10:13:47+00:00
jamal_hassan,jhassan,chat,2026-04-02 10:14:05+00:00
hyun_jae_wang,jhassan,chat,2026-04-02 10:15:12+00:00
hyun_jae_wang,jhassan,chat,2026-04-02 10:16:03+00:00
jamal_hassan,jhassan,chat,2026-04-02 10:16:42+00:00
hyun_jae_wang,jhassan,chat,2026-04-02 10:17:09+00:00
jamal_hassan,jhassan,chat,2026-04-02 10:17:38+00:00
hyun_jae_wang,jhassan,chat,2026-04-02 10:18:10+00:00
jamal_hassan,jhassan,chat,2026-04-02 10:18:30+00:00
hyun_jae_wang,jhassan,chat,2026-04-02 10:19:02+00:00
jamal_hassan,jhassan,chat,2026-04-02 10:19:30+00:00
hyun_jae_wang,jhassan,chat,2026-04-02 10:20:05+00:00
jamal_hassan,jhassan,chat,2026-04-02 10:22:15+00:00
hyun_jae_wang,jhassan,chat,2026-04-02 10:22:45+00:00
jamal_hassan,jhassan,chat,2026-04-02 10:23:10+00:00
hyun_jae_wang,jhassan,chat,2026-04-02 10:23:35+00:00
Amélie Dubois,adubois,chat,2026-04-02 09:03:12+00:00
Ravi Patel,adubois,chat,2026-04-02 09:04:55+00:00
Amélie Dubois,adubois,chat,2026-04-02 09:05:30+00:00
Ravi Patel,adubois,chat,2026-04-02 09:07:02+00:00
Ravi Patel,adubois,chat,2026-04-02 09:08:15+00:00
Amélie Dubois,adubois,chat,2026-04-02 09:09:47+00:00
Ravi Patel,adubois,chat,2026-04-02 09:10:21+00:00
Amélie Dubois,adubois,chat,2026-04-02 09:11:10+00:00
Ravi Patel,adubois,chat,2026-04-02 09:12:34+00:00
Amélie Dubois,adubois,chat,2026-04-02 09:13:05+00:00
Amélie Dubois,adubois,chat,2026-04-02 09:14:22+00:00
Ravi Patel,adubois,chat,2026-04-02 09:15:01+00:00
Amélie Dubois,adubois,chat,2026-04-02 09:15:58+00:00
Ravi Patel,adubois,chat,2026-04-02 09:16:49+00:00
Amélie Dubois,adubois,chat,2026-04-02 09:17:32+00:00
Ravi Patel,adubois,chat,2026-04-02 09:18:10+00:00
Amélie Dubois,adubois,chat,2026-04-02 09:18:45+00:00
Ravi Patel,adubois,chat,2026-04-02 09:19:11+00:00
Mona Sharif,msharif,chat,2026-04-03 14:03:12+00:00
Mariana Garcia,msharif,chat,2026-04-03 14:03:47+00:00
Mona Sharif,msharif,chat,2026-04-03 14:04:15+00:00
Mariana Garcia,msharif,chat,2026-04-03 14:04:38+00:00
Mona Sharif,msharif,chat,2026-04-03 14:05:01+00:00
Mariana Garcia,msharif,chat,2026-04-03 14:05:27+00:00
Mona Sharif,msharif,chat,2026-04-03 14:05:45+00:00
Mariana Garcia,msharif,chat,2026-04-03 14:06:01+00:00
Mariana Garcia,msharif,chat,2026-04-03 14:06:38+00:00
Mona Sharif,msharif,chat,2026-04-03 14:07:01+00:00
Mariana Garcia,msharif,chat,2026-04-03 14:07:23+00:00
Mona Sharif,msharif,chat,2026-04-03 14:07:42+00:00
Mariana Garcia,msharif,chat,2026-04-03 14:08:05+00:00
Mona Sharif,msharif,chat,2026-04-03 14:08:29+00:00
Mariana Garcia,msharif,chat,2026-04-03 14:08:44+00:00
Mona Sharif,msharif,chat,2026-04-03 14:09:12+00:00
Mariana Garcia,msharif,chat,2026-04-03 14:09:30+00:00
Jamal Okonkwo,jokonkwo,chat,2026-04-03 10:12:34+00:00
Mandla Abebe,jokonkwo,chat,2026-04-03 10:13:02+00:00
Jamal Okonkwo,jokonkwo,chat,2026-04-03 10:13:25+00:00
Mandla Abebe,jokonkwo,chat,2026-04-03 10:13:41+00:00
Jamal Okonkwo,jokonkwo,chat,2026-04-03 10:14:10+00:00
Mandla Abebe,jokonkwo,chat,2026-04-03 10:14:45+00:00
Jamal Okonkwo,jokonkwo,chat,2026-04-03 10:15:12+00:00
Mandla Abebe,jokonkwo,chat,2026-04-03 10:15:25+00:00
Mandla Abebe,jokonkwo,chat,2026-04-03 10:15:50+00:00
Jamal Okonkwo,jokonkwo,chat,2026-04-03 10:16:15+00:00
Mandla Abebe,jokonkwo,chat,2026-04-03 10:16:32+00:00
Jamal Okonkwo,jokonkwo,chat,2026-04-03 10:16:50+00:00
Jamal Okonkwo,jokonkwo,chat,2026-04-03 10:17:18+00:00
Mandla Abebe,jokonkwo,chat,2026-04-03 10:17:40+00:00
Jamal Okonkwo,jokonkwo,chat,2026-04-03 10:17:55+00:00
Jamal Okonkwo,jokonkwo,chat,2026-04-03 10:19:12+00:00
Mandla Abebe,jokonkwo,chat,2026-04-03 10:19:28+00:00
Jamal Okonkwo,jokonkwo,chat,2026-04-03 10:20:05+00:00
Mandla Abebe,jokonkwo,chat,2026-04-03 10:20:30+00:00
Jamal Okonkwo,jokonkwo,chat,2026-04-03 10:20:50+00:00
Mandla Abebe,jokonkwo,chat,2026-04-03 10:21:10+00:00
Jamal Okonkwo,jokonkwo,chat,2026-04-03 10:21:45+00:00
Mandla Abebe,jokonkwo,chat,2026-04-03 10:22:03+00:00
Jamal Okonkwo,jokonkwo,chat,2026-04-03 10:22:18+00:00
amelie_dubois,adubois,chat,2026-04-03 09:12:45+00:00
ravi_patel,adubois,chat,2026-04-03 09:13:12+00:00
amelie_dubois,adubois,chat,2026-04-03 09:13:45+00:00
ravi_patel,adubois,chat,2026-04-03 09:14:10+00:00
amelie_dubois,adubois,chat,2026-04-03 09:14:39+00:00
ravi_patel,adubois,chat,2026-04-03 09:14:51+00:00
amelie_dubois,adubois,chat,2026-04-03 09:15:10+00:00
ravi_patel,adubois,chat,2026-04-03 09:15:43+00:00
amelie_dubois,adubois,chat,2026-04-03 09:16:12+00:00
ravi_patel,adubois,chat,2026-04-03 09:16:38+00:00
amelie_dubois,adubois,chat,2026-04-03 09:17:05+00:00
ravi_patel,adubois,chat,2026-04-03 09:17:22+00:00
amelie_dubois,adubois,chat,2026-04-03 09:17:50+00:00
ravi_patel,adubois,chat,2026-04-03 09:18:05+00:00
amelie_dubois,adubois,chat,2026-04-03 09:18:25+00:00
ravi_patel,adubois,chat,2026-04-03 09:18:42+00:00
amelie_dubois,adubois,chat,2026-04-03 09:19:10+00:00
ravi_patel,adubois,chat,2026-04-03 09:19:30+00:00
amelie_dubois,adubois,chat,2026-04-03 09:19:50+00:00
ravi_patel,adubois,chat,2026-04-03 09:20:05+00:00
mariana_garcia,mgarcia,chat,2026-04-03 09:02:15+00:00
ritika_chowdhury,mgarcia,chat,2026-04-03 09:03:04+00:00
mariana_garcia,mgarcia,chat,2026-04-03 09:03:45+00:00
ritika_chowdhury,mgarcia,chat,2026-04-03 09:04:12+00:00
mariana_garcia,mgarcia,chat,2026-04-03 09:04:51+00:00
ritika_chowdhury,mgarcia,chat,2026-04-03 09:05:30+00:00
mariana_garcia,mgarcia,chat,2026-04-03 09:06:12+00:00
ritika_chowdhury,mgarcia,chat,2026-04-03 09:07:05+00:00
mariana_garcia,mgarcia,chat,2026-04-03 09:07:36+00:00
ritika_chowdhury,mgarcia,chat,2026-04-03 09:08:10+00:00
mariana_garcia,mgarcia,chat,2026-04-03 09:08:40+00:00
ritika_chowdhury,mgarcia,chat,2026-04-03 09:09:15+00:00
mariana_garcia,mgarcia,chat,2026-04-03 09:09:45+00:00
ritika_chowdhury,mgarcia,chat,2026-04-03 09:10:20+00:00
mariana_garcia,mgarcia,chat,2026-04-03 09:11:02+00:00
ritika_chowdhury,mgarcia,chat,2026-04-03 09:11:36+00:00
mariana_garcia,mgarcia,chat,2026-04-03 09:12:05+00:00
Jamal Hassan,jhassan,chat,2026-04-03 09:12:00+00:00
Takeshi Sato,jhassan,chat,2026-04-03 09:12:45+00:00
Jamal Hassan,jhassan,chat,2026-04-03 09:13:20+00:00
Takeshi Sato,jhassan,chat,2026-04-03 09:14:00+00:00
Jamal Hassan,jhassan,chat,2026-04-03 09:14:40+00:00
Takeshi Sato,jhassan,chat,2026-04-03 09:15:10+00:00
Jamal Hassan,jhassan,chat,2026-04-03 09:15:45+00:00
Takeshi Sato,jhassan,chat,2026-04-03 09:16:15+00:00
Jamal Hassan,jhassan,chat,2026-04-03 09:16:50+00:00
Takeshi Sato,jhassan,chat,2026-04-03 09:17:20+00:00
Jamal Hassan,jhassan,chat,2026-04-03 09:17:50+00:00
Takeshi Sato,jhassan,chat,2026-04-03 09:18:25+00:00
Jamal Hassan,jhassan,chat,2026-04-03 09:18:50+00:00
Jamal Hassan,jhassan,chat,2026-04-03 09:19:20+00:00
Takeshi Sato,jhassan,chat,2026-04-03 09:20:00+00:00
Jamal Hassan,jhassan,chat,2026-04-03 09:20:40+00:00
Takeshi Sato,jhassan,chat,2026-04-03 09:21:10+00:00
Jamal Hassan,jhassan,chat,2026-04-03 09:21:40+00:00
Takeshi Sato,jhassan,chat,2026-04-03 09:22:10+00:00
Jamal Hassan,jhassan,chat,2026-04-03 09:22:40+00:00
Takeshi Sato,jhassan,chat,2026-04-03 09:23:10+00:00
Jamal Hassan,jhassan,chat,2026-04-03 09:23:35+00:00
mariana_garcia,mgarcia,chat,2026-04-03 09:02:15+00:00
amelie_dubois,mgarcia,chat,2026-04-03 09:02:45+00:00
mariana_garcia,mgarcia,chat,2026-04-03 09:03:12+00:00
amelie_dubois,mgarcia,chat,2026-04-03 09:04:09+00:00
mariana_garcia,mgarcia,chat,2026-04-03 09:04:30+00:00
mariana_garcia,mgarcia,chat,2026-04-03 09:06:03+00:00
amelie_dubois,mgarcia,chat,2026-04-03 09:06:45+00:00
mariana_garcia,mgarcia,chat,2026-04-03 09:07:22+00:00
amelie_dubois,mgarcia,chat,2026-04-03 09:08:05+00:00
mariana_garcia,mgarcia,chat,2026-04-03 09:08:38+00:00
amelie_dubois,mgarcia,chat,2026-04-03 09:09:12+00:00
mariana_garcia,mgarcia,chat,2026-04-03 09:10:05+00:00
amelie_dubois,mgarcia,chat,2026-04-03 09:10:38+00:00
mariana_garcia,mgarcia,chat,2026-04-03 09:11:10+00:00
amelie_dubois,mgarcia,chat,2026-04-03 09:11:50+00:00
mariana_garcia,mgarcia,chat,2026-04-03 09:12:25+00:00
amelie_dubois,mgarcia,chat,2026-04-03 09:13:07+00:00
mariana_garcia,mgarcia,chat,2026-04-03 09:13:38+00:00
amelie_dubois,mgarcia,chat,2026-04-03 09:14:05+00:00
mariana_garcia,mgarcia,chat,2026-04-03 09:14:33+00:00
amelie_dubois,mgarcia,chat,2026-04-03 09:14:55+00:00
Takeshi Sato,tsato,group_chat,2026-03-25 14:03:21+00:00
Takeshi Sato,ymorales,group_chat,2026-03-25 14:03:21+00:00
Takeshi Sato,jhassan,group_chat,2026-03-25 14:03:21+00:00
Takeshi Sato,kpark,group_chat,2026-03-25 14:03:21+00:00
Takeshi Sato,tkobayashi,group_chat,2026-03-25 14:03:21+00:00
Yara Morales,tsato,group_chat,2026-03-25 14:03:45+00:00
Yara Morales,ymorales,group_chat,2026-03-25 14:03:45+00:00
Yara Morales,jhassan,group_chat,2026-03-25 14:03:45+00:00
Yara Morales,kpark,group_chat,2026-03-25 14:03:45+00:00
Yara Morales,tkobayashi,group_chat,2026-03-25 14:03:45+00:00
Jamal Hassan,tsato,group_chat,2026-03-25 14:04:01+00:00
Jamal Hassan,ymorales,group_chat,2026-03-25 14:04:01+00:00
Jamal Hassan,jhassan,group_chat,2026-03-25 14:04:01+00:00
Jamal Hassan,kpark,group_chat,2026-03-25 14:04:01+00:00
Jamal Hassan,tkobayashi,group_chat,2026-03-25 14:04:01+00:00
Kai Park,tsato,group_chat,2026-03-25 14:04:27+00:00
Kai Park,ymorales,group_chat,2026-03-25 14:04:27+00:00
Kai Park,jhassan,group_chat,2026-03-25 14:04:27+00:00
Kai Park,kpark,group_chat,2026-03-25 14:04:27+00:00
Kai Park,tkobayashi,group_chat,2026-03-25 14:04:27+00:00
Taro Kobayashi,tsato,group_chat,2026-03-25 14:04:42+00:00
Taro Kobayashi,ymorales,group_chat,2026-03-25 14:04:42+00:00
Taro Kobayashi,jhassan,group_chat,2026-03-25 14:04:42+00:00
Taro Kobayashi,kpark,group_chat,2026-03-25 14:04:42+00:00
Taro Kobayashi,tkobayashi,group_chat,2026-03-25 14:04:42+00:00
Kai Park,tsato,group_chat,2026-03-25 14:04:59+00:00
Kai Park,ymorales,group_chat,2026-03-25 14:04:59+00:00
Kai Park,jhassan,group_chat,2026-03-25 14:04:59+00:00
Kai Park,kpark,group_chat,2026-03-25 14:04:59+00:00
Kai Park,tkobayashi,group_chat,2026-03-25 14:04:59+00:00
Takeshi Sato,tsato,group_chat,2026-03-25 14:05:15+00:00
Takeshi Sato,ymorales,group_chat,2026-03-25 14:05:15+00:00
Takeshi Sato,jhassan,group_chat,2026-03-25 14:05:15+00:00
Takeshi Sato,kpark,group_chat,2026-03-25 14:05:15+00:00
Takeshi Sato,tkobayashi,group_chat,2026-03-25 14:05:15+00:00
Yara Morales,tsato,group_chat,2026-03-25 14:05:32+00:00
Yara Morales,ymorales,group_chat,2026-03-25 14:05:32+00:00
Yara Morales,jhassan,group_chat,2026-03-25 14:05:32+00:00
Yara Morales,kpark,group_chat,2026-03-25 14:05:32+00:00
Yara Morales,tkobayashi,group_chat,2026-03-25 14:05:32+00:00
Jamal Hassan,tsato,group_chat,2026-03-25 14:05:48+00:00
Jamal Hassan,ymorales,group_chat,2026-03-25 14:05:48+00:00
Jamal Hassan,jhassan,group_chat,2026-03-25 14:05:48+00:00
Jamal Hassan,kpark,group_chat,2026-03-25 14:05:48+00:00
Jamal Hassan,tkobayashi,group_chat,2026-03-25 14:05:48+00:00
Taro Kobayashi,tsato,group_chat,2026-03-25 14:06:02+00:00
Taro Kobayashi,ymorales,group_chat,2026-03-25 14:06:02+00:00
Taro Kobayashi,jhassan,group_chat,2026-03-25 14:06:02+00:00
Taro Kobayashi,kpark,group_chat,2026-03-25 14:06:02+00:00
Taro Kobayashi,tkobayashi,group_chat,2026-03-25 14:06:02+00:00
Takeshi Sato,tsato,group_chat,2026-03-25 14:06:21+00:00
Takeshi Sato,ymorales,group_chat,2026-03-25 14:06:21+00:00
Takeshi Sato,jhassan,group_chat,2026-03-25 14:06:21+00:00
Takeshi Sato,kpark,group_chat,2026-03-25 14:06:21+00:00
Takeshi Sato,tkobayashi,group_chat,2026-03-25 14:06:21+00:00
Kai Park,tsato,group_chat,2026-03-25 14:07:03+00:00
Kai Park,ymorales,group_chat,2026-03-25 14:07:03+00:00
Kai Park,jhassan,group_chat,2026-03-25 14:07:03+00:00
Kai Park,kpark,group_chat,2026-03-25 14:07:03+00:00
Kai Park,tkobayashi,group_chat,2026-03-25 14:07:03+00:00
Taro Kobayashi,tsato,group_chat,2026-03-25 14:07:15+00:00
Taro Kobayashi,ymorales,group_chat,2026-03-25 14:07:15+00:00
Taro Kobayashi,jhassan,group_chat,2026-03-25 14:07:15+00:00
Taro Kobayashi,kpark,group_chat,2026-03-25 14:07:15+00:00
Taro Kobayashi,tkobayashi,group_chat,2026-03-25 14:07:15+00:00
Yara Morales,tsato,group_chat,2026-03-25 14:07:36+00:00
Yara Morales,ymorales,group_chat,2026-03-25 14:07:36+00:00
Yara Morales,jhassan,group_chat,2026-03-25 14:07:36+00:00
Yara Morales,kpark,group_chat,2026-03-25 14:07:36+00:00
Yara Morales,tkobayashi,group_chat,2026-03-25 14:07:36+00:00
Kai Park,tsato,group_chat,2026-03-25 14:07:58+00:00
Kai Park,ymorales,group_chat,2026-03-25 14:07:58+00:00
Kai Park,jhassan,group_chat,2026-03-25 14:07:58+00:00
Kai Park,kpark,group_chat,2026-03-25 14:07:58+00:00
Kai Park,tkobayashi,group_chat,2026-03-25 14:07:58+00:00
Jamal Hassan,tsato,group_chat,2026-03-25 14:08:13+00:00
Jamal Hassan,ymorales,group_chat,2026-03-25 14:08:13+00:00
Jamal Hassan,jhassan,group_chat,2026-03-25 14:08:13+00:00
Jamal Hassan,kpark,group_chat,2026-03-25 14:08:13+00:00
Jamal Hassan,tkobayashi,group_chat,2026-03-25 14:08:13+00:00
Takeshi Sato,tsato,group_chat,2026-03-25 14:08:28+00:00
Takeshi Sato,ymorales,group_chat,2026-03-25 14:08:28+00:00
Takeshi Sato,jhassan,group_chat,2026-03-25 14:08:28+00:00
Takeshi Sato,kpark,group_chat,2026-03-25 14:08:28+00:00
Takeshi Sato,tkobayashi,group_chat,2026-03-25 14:08:28+00:00
Yara Morales,tsato,group_chat,2026-03-25 14:08:40+00:00
Yara Morales,ymorales,group_chat,2026-03-25 14:08:40+00:00
Yara Morales,jhassan,group_chat,2026-03-25 14:08:40+00:00
Yara Morales,kpark,group_chat,2026-03-25 14:08:40+00:00
Yara Morales,tkobayashi,group_chat,2026-03-25 14:08:40+00:00
Taro Kobayashi,tsato,group_chat,2026-03-25 14:08:56+00:00
Taro Kobayashi,ymorales,group_chat,2026-03-25 14:08:56+00:00
Taro Kobayashi,jhassan,group_chat,2026-03-25 14:08:56+00:00
Taro Kobayashi,kpark,group_chat,2026-03-25 14:08:56+00:00
Taro Kobayashi,tkobayashi,group_chat,2026-03-25 14:08:56+00:00
Jamal Hassan,tsato,group_chat,2026-03-25 14:09:08+00:00
Jamal Hassan,ymorales,group_chat,2026-03-25 14:09:08+00:00
Jamal Hassan,jhassan,group_chat,2026-03-25 14:09:08+00:00
Jamal Hassan,kpark,group_chat,2026-03-25 14:09:08+00:00
Jamal Hassan,tkobayashi,group_chat,2026-03-25 14:09:08+00:00
Yara Morales,tsato,group_chat,2026-03-25 14:09:25+00:00
Yara Morales,ymorales,group_chat,2026-03-25 14:09:25+00:00
Yara Morales,jhassan,group_chat,2026-03-25 14:09:25+00:00
Yara Morales,kpark,group_chat,2026-03-25 14:09:25+00:00
Yara Morales,tkobayashi,group_chat,2026-03-25 14:09:25+00:00
Kai Park,tsato,group_chat,2026-03-25 14:09:38+00:00
Kai Park,ymorales,group_chat,2026-03-25 14:09:38+00:00
Kai Park,jhassan,group_chat,2026-03-25 14:09:38+00:00
Kai Park,kpark,group_chat,2026-03-25 14:09:38+00:00
Kai Park,tkobayashi,group_chat,2026-03-25 14:09:38+00:00
Amélie Dubois,adubois,group_chat,2026-03-25 11:02:15+00:00
Amélie Dubois,mgarcia,group_chat,2026-03-25 11:02:15+00:00
Amélie Dubois,jokonkwo,group_chat,2026-03-25 11:02:15+00:00
Amélie Dubois,rpatel,group_chat,2026-03-25 11:02:15+00:00
Amélie Dubois,rchowdhury,group_chat,2026-03-25 11:02:15+00:00
Mariana Garcia,adubois,group_chat,2026-03-25 11:03:02+00:00
Mariana Garcia,mgarcia,group_chat,2026-03-25 11:03:02+00:00
Mariana Garcia,jokonkwo,group_chat,2026-03-25 11:03:02+00:00
Mariana Garcia,rpatel,group_chat,2026-03-25 11:03:02+00:00
Mariana Garcia,rchowdhury,group_chat,2026-03-25 11:03:02+00:00
Jamal Okonkwo,adubois,group_chat,2026-03-25 11:03:45+00:00
Jamal Okonkwo,mgarcia,group_chat,2026-03-25 11:03:45+00:00
Jamal Okonkwo,jokonkwo,group_chat,2026-03-25 11:03:45+00:00
Jamal Okonkwo,rpatel,group_chat,2026-03-25 11:03:45+00:00
Jamal Okonkwo,rchowdhury,group_chat,2026-03-25 11:03:45+00:00
Ravi Patel,adubois,group_chat,2026-03-25 11:04:12+00:00
Ravi Patel,mgarcia,group_chat,2026-03-25 11:04:12+00:00
Ravi Patel,jokonkwo,group_chat,2026-03-25 11:04:12+00:00
Ravi Patel,rpatel,group_chat,2026-03-25 11:04:12+00:00
Ravi Patel,rchowdhury,group_chat,2026-03-25 11:04:12+00:00
Ritika Chowdhury,adubois,group_chat,2026-03-25 11:05:30+00:00
Ritika Chowdhury,mgarcia,group_chat,2026-03-25 11:05:30+00:00
Ritika Chowdhury,jokonkwo,group_chat,2026-03-25 11:05:30+00:00
Ritika Chowdhury,rpatel,group_chat,2026-03-25 11:05:30+00:00
Ritika Chowdhury,rchowdhury,group_chat,2026-03-25 11:05:30+00:00
Amélie Dubois,adubois,group_chat,2026-03-25 11:06:20+00:00
Amélie Dubois,mgarcia,group_chat,2026-03-25 11:06:20+00:00
Amélie Dubois,jokonkwo,group_chat,2026-03-25 11:06:20+00:00
Amélie Dubois,rpatel,group_chat,2026-03-25 11:06:20+00:00
Amélie Dubois,rchowdhury,group_chat,2026-03-25 11:06:20+00:00
Mariana Garcia,adubois,group_chat,2026-03-25 11:06:55+00:00
Mariana Garcia,mgarcia,group_chat,2026-03-25 11:06:55+00:00
Mariana Garcia,jokonkwo,group_chat,2026-03-25 11:06:55+00:00
Mariana Garcia,rpatel,group_chat,2026-03-25 11:06:55+00:00
Mariana Garcia,rchowdhury,group_chat,2026-03-25 11:06:55+00:00
Jamal Okonkwo,adubois,group_chat,2026-03-25 11:07:10+00:00
Jamal Okonkwo,mgarcia,group_chat,2026-03-25 11:07:10+00:00
Jamal Okonkwo,jokonkwo,group_chat,2026-03-25 11:07:10+00:00
Jamal Okonkwo,rpatel,group_chat,2026-03-25 11:07:10+00:00
Jamal Okonkwo,rchowdhury,group_chat,2026-03-25 11:07:10+00:00
Ravi Patel,adubois,group_chat,2026-03-25 11:07:45+00:00
Ravi Patel,mgarcia,group_chat,2026-03-25 11:07:45+00:00
Ravi Patel,jokonkwo,group_chat,2026-03-25 11:07:45+00:00
Ravi Patel,rpatel,group_chat,2026-03-25 11:07:45+00:00
Ravi Patel,rchowdhury,group_chat,2026-03-25 11:07:45+00:00
Ritika Chowdhury,adubois,group_chat,2026-03-25 11:08:12+00:00
Ritika Chowdhury,mgarcia,group_chat,2026-03-25 11:08:12+00:00
Ritika Chowdhury,jokonkwo,group_chat,2026-03-25 11:08:12+00:00
Ritika Chowdhury,rpatel,group_chat,2026-03-25 11:08:12+00:00
Ritika Chowdhury,rchowdhury,group_chat,2026-03-25 11:08:12+00:00
Jamal Okonkwo,adubois,group_chat,2026-03-25 11:08:50+00:00
Jamal Okonkwo,mgarcia,group_chat,2026-03-25 11:08:50+00:00
Jamal Okonkwo,jokonkwo,group_chat,2026-03-25 11:08:50+00:00
Jamal Okonkwo,rpatel,group_chat,2026-03-25 11:08:50+00:00
Jamal Okonkwo,rchowdhury,group_chat,2026-03-25 11:08:50+00:00
Amélie Dubois,adubois,group_chat,2026-03-25 11:09:25+00:00
Amélie Dubois,mgarcia,group_chat,2026-03-25 11:09:25+00:00
Amélie Dubois,jokonkwo,group_chat,2026-03-25 11:09:25+00:00
Amélie Dubois,rpatel,group_chat,2026-03-25 11:09:25+00:00
Amélie Dubois,rchowdhury,group_chat,2026-03-25 11:09:25+00:00
Mariana Garcia,adubois,group_chat,2026-03-25 11:09:58+00:00
Mariana Garcia,mgarcia,group_chat,2026-03-25 11:09:58+00:00
Mariana Garcia,jokonkwo,group_chat,2026-03-25 11:09:58+00:00
Mariana Garcia,rpatel,group_chat,2026-03-25 11:09:58+00:00
Mariana Garcia,rchowdhury,group_chat,2026-03-25 11:09:58+00:00
Ravi Patel,adubois,group_chat,2026-03-25 11:10:35+00:00
Ravi Patel,mgarcia,group_chat,2026-03-25 11:10:35+00:00
Ravi Patel,jokonkwo,group_chat,2026-03-25 11:10:35+00:00
Ravi Patel,rpatel,group_chat,2026-03-25 11:10:35+00:00
Ravi Patel,rchowdhury,group_chat,2026-03-25 11:10:35+00:00
Ritika Chowdhury,adubois,group_chat,2026-03-25 11:11:05+00:00
Ritika Chowdhury,mgarcia,group_chat,2026-03-25 11:11:05+00:00
Ritika Chowdhury,jokonkwo,group_chat,2026-03-25 11:11:05+00:00
Ritika Chowdhury,rpatel,group_chat,2026-03-25 11:11:05+00:00
Ritika Chowdhury,rchowdhury,group_chat,2026-03-25 11:11:05+00:00
Jamal Okonkwo,adubois,group_chat,2026-03-25 11:11:30+00:00
Jamal Okonkwo,mgarcia,group_chat,2026-03-25 11:11:30+00:00
Jamal Okonkwo,jokonkwo,group_chat,2026-03-25 11:11:30+00:00
Jamal Okonkwo,rpatel,group_chat,2026-03-25 11:11:30+00:00
Jamal Okonkwo,rchowdhury,group_chat,2026-03-25 11:11:30+00:00
Amélie Dubois,adubois,group_chat,2026-03-25 11:12:00+00:00
Amélie Dubois,mgarcia,group_chat,2026-03-25 11:12:00+00:00
Amélie Dubois,jokonkwo,group_chat,2026-03-25 11:12:00+00:00
Amélie Dubois,rpatel,group_chat,2026-03-25 11:12:00+00:00
Amélie Dubois,rchowdhury,group_chat,2026-03-25 11:12:00+00:00
Takeshi Sato,tsato,group_chat,2026-03-25 14:02:10+00:00
Takeshi Sato,jhassan,group_chat,2026-03-25 14:02:10+00:00
Takeshi Sato,ljohansson,group_chat,2026-03-25 14:02:10+00:00
Takeshi Sato,hwang,group_chat,2026-03-25 14:02:10+00:00
Takeshi Sato,eabbas,group_chat,2026-03-25 14:02:10+00:00
Lina Johansson,tsato,group_chat,2026-03-25 14:03:05+00:00
Lina Johansson,jhassan,group_chat,2026-03-25 14:03:05+00:00
Lina Johansson,ljohansson,group_chat,2026-03-25 14:03:05+00:00
Lina Johansson,hwang,group_chat,2026-03-25 14:03:05+00:00
Lina Johansson,eabbas,group_chat,2026-03-25 14:03:05+00:00
Jamal Hassan,tsato,group_chat,2026-03-25 14:03:45+00:00
Jamal Hassan,jhassan,group_chat,2026-03-25 14:03:45+00:00
Jamal Hassan,ljohansson,group_chat,2026-03-25 14:03:45+00:00
Jamal Hassan,hwang,group_chat,2026-03-25 14:03:45+00:00
Jamal Hassan,eabbas,group_chat,2026-03-25 14:03:45+00:00
Takeshi Sato,tsato,group_chat,2026-03-25 14:04:20+00:00
Takeshi Sato,jhassan,group_chat,2026-03-25 14:04:20+00:00
Takeshi Sato,ljohansson,group_chat,2026-03-25 14:04:20+00:00
Takeshi Sato,hwang,group_chat,2026-03-25 14:04:20+00:00
Takeshi Sato,eabbas,group_chat,2026-03-25 14:04:20+00:00
Jamal Hassan,tsato,group_chat,2026-03-25 14:04:35+00:00
Jamal Hassan,jhassan,group_chat,2026-03-25 14:04:35+00:00
Jamal Hassan,ljohansson,group_chat,2026-03-25 14:04:35+00:00
Jamal Hassan,hwang,group_chat,2026-03-25 14:04:35+00:00
Jamal Hassan,eabbas,group_chat,2026-03-25 14:04:35+00:00
Hyun-Jae Wang,tsato,group_chat,2026-03-25 14:05:10+00:00
Hyun-Jae Wang,jhassan,group_chat,2026-03-25 14:05:10+00:00
Hyun-Jae Wang,ljohansson,group_chat,2026-03-25 14:05:10+00:00
Hyun-Jae Wang,hwang,group_chat,2026-03-25 14:05:10+00:00
Hyun-Jae Wang,eabbas,group_chat,2026-03-25 14:05:10+00:00
Ehsan Abbas,tsato,group_chat,2026-03-25 14:05:45+00:00
Ehsan Abbas,jhassan,group_chat,2026-03-25 14:05:45+00:00
Ehsan Abbas,ljohansson,group_chat,2026-03-25 14:05:45+00:00
Ehsan Abbas,hwang,group_chat,2026-03-25 14:05:45+00:00
Ehsan Abbas,eabbas,group_chat,2026-03-25 14:05:45+00:00
Lina Johansson,tsato,group_chat,2026-03-25 14:06:30+00:00
Lina Johansson,jhassan,group_chat,2026-03-25 14:06:30+00:00
Lina Johansson,ljohansson,group_chat,2026-03-25 14:06:30+00:00
Lina Johansson,hwang,group_chat,2026-03-25 14:06:30+00:00
Lina Johansson,eabbas,group_chat,2026-03-25 14:06:30+00:00
Jamal Hassan,tsato,group_chat,2026-03-25 14:07:05+00:00
Jamal Hassan,jhassan,group_chat,2026-03-25 14:07:05+00:00
Jamal Hassan,ljohansson,group_chat,2026-03-25 14:07:05+00:00
Jamal Hassan,hwang,group_chat,2026-03-25 14:07:05+00:00
Jamal Hassan,eabbas,group_chat,2026-03-25 14:07:05+00:00
Hyun-Jae Wang,tsato,group_chat,2026-03-25 14:07:40+00:00
Hyun-Jae Wang,jhassan,group_chat,2026-03-25 14:07:40+00:00
Hyun-Jae Wang,ljohansson,group_chat,2026-03-25 14:07:40+00:00
Hyun-Jae Wang,hwang,group_chat,2026-03-25 14:07:40+00:00
Hyun-Jae Wang,eabbas,group_chat,2026-03-25 14:07:40+00:00
Takeshi Sato,tsato,group_chat,2026-03-25 14:08:15+00:00
Takeshi Sato,jhassan,group_chat,2026-03-25 14:08:15+00:00
Takeshi Sato,ljohansson,group_chat,2026-03-25 14:08:15+00:00
Takeshi Sato,hwang,group_chat,2026-03-25 14:08:15+00:00
Takeshi Sato,eabbas,group_chat,2026-03-25 14:08:15+00:00
Lina Johansson,tsato,group_chat,2026-03-25 14:08:50+00:00
Lina Johansson,jhassan,group_chat,2026-03-25 14:08:50+00:00
Lina Johansson,ljohansson,group_chat,2026-03-25 14:08:50+00:00
Lina Johansson,hwang,group_chat,2026-03-25 14:08:50+00:00
Lina Johansson,eabbas,group_chat,2026-03-25 14:08:50+00:00
Ehsan Abbas,tsato,group_chat,2026-03-25 14:09:25+00:00
Ehsan Abbas,jhassan,group_chat,2026-03-25 14:09:25+00:00
Ehsan Abbas,ljohansson,group_chat,2026-03-25 14:09:25+00:00
Ehsan Abbas,hwang,group_chat,2026-03-25 14:09:25+00:00
Ehsan Abbas,eabbas,group_chat,2026-03-25 14:09:25+00:00
Jamal Hassan,tsato,group_chat,2026-03-25 14:10:10+00:00
Jamal Hassan,jhassan,group_chat,2026-03-25 14:10:10+00:00
Jamal Hassan,ljohansson,group_chat,2026-03-25 14:10:10+00:00
Jamal Hassan,hwang,group_chat,2026-03-25 14:10:10+00:00
Jamal Hassan,eabbas,group_chat,2026-03-25 14:10:10+00:00
Hyun-Jae Wang,tsato,group_chat,2026-03-25 14:10:40+00:00
Hyun-Jae Wang,jhassan,group_chat,2026-03-25 14:10:40+00:00
Hyun-Jae Wang,ljohansson,group_chat,2026-03-25 14:10:40+00:00
Hyun-Jae Wang,hwang,group_chat,2026-03-25 14:10:40+00:00
Hyun-Jae Wang,eabbas,group_chat,2026-03-25 14:10:40+00:00
Lina Johansson,tsato,group_chat,2026-03-25 14:11:15+00:00
Lina Johansson,jhassan,group_chat,2026-03-25 14:11:15+00:00
Lina Johansson,ljohansson,group_chat,2026-03-25 14:11:15+00:00
Lina Johansson,hwang,group_chat,2026-03-25 14:11:15+00:00
Lina Johansson,eabbas,group_chat,2026-03-25 14:11:15+00:00
Takeshi Sato,tsato,group_chat,2026-03-25 14:11:50+00:00
Takeshi Sato,jhassan,group_chat,2026-03-25 14:11:50+00:00
Takeshi Sato,ljohansson,group_chat,2026-03-25 14:11:50+00:00
Takeshi Sato,hwang,group_chat,2026-03-25 14:11:50+00:00
Takeshi Sato,eabbas,group_chat,2026-03-25 14:11:50+00:00
Ehsan Abbas,tsato,group_chat,2026-03-25 14:12:30+00:00
Ehsan Abbas,jhassan,group_chat,2026-03-25 14:12:30+00:00
Ehsan Abbas,ljohansson,group_chat,2026-03-25 14:12:30+00:00
Ehsan Abbas,hwang,group_chat,2026-03-25 14:12:30+00:00
Ehsan Abbas,eabbas,group_chat,2026-03-25 14:12:30+00:00
Lina Johansson,tsato,group_chat,2026-03-25 14:13:00+00:00
Lina Johansson,jhassan,group_chat,2026-03-25 14:13:00+00:00
Lina Johansson,ljohansson,group_chat,2026-03-25 14:13:00+00:00
Lina Johansson,hwang,group_chat,2026-03-25 14:13:00+00:00
Lina Johansson,eabbas,group_chat,2026-03-25 14:13:00+00:00
Jamal Hassan,tsato,group_chat,2026-03-25 14:13:20+00:00
Jamal Hassan,jhassan,group_chat,2026-03-25 14:13:20+00:00
Jamal Hassan,ljohansson,group_chat,2026-03-25 14:13:20+00:00
Jamal Hassan,hwang,group_chat,2026-03-25 14:13:20+00:00
Jamal Hassan,eabbas,group_chat,2026-03-25 14:13:20+00:00
Takeshi Sato,tsato,group_chat,2026-03-25 14:13:40+00:00
Takeshi Sato,jhassan,group_chat,2026-03-25 14:13:40+00:00
Takeshi Sato,ljohansson,group_chat,2026-03-25 14:13:40+00:00
Takeshi Sato,hwang,group_chat,2026-03-25 14:13:40+00:00
Takeshi Sato,eabbas,group_chat,2026-03-25 14:13:40+00:00
Amélie Dubois,adubois,group_chat,2026-03-25 09:12:00+00:00
Amélie Dubois,jdubois,group_chat,2026-03-25 09:12:00+00:00
Amélie Dubois,msharif,group_chat,2026-03-25 09:12:00+00:00
Amélie Dubois,rchowdhury,group_chat,2026-03-25 09:12:00+00:00
Ritika Chowdhury,adubois,group_chat,2026-03-25 09:12:45+00:00
Ritika Chowdhury,jdubois,group_chat,2026-03-25 09:12:45+00:00
Ritika Chowdhury,msharif,group_chat,2026-03-25 09:12:45+00:00
Ritika Chowdhury,rchowdhury,group_chat,2026-03-25 09:12:45+00:00
Mona Sharif,adubois,group_chat,2026-03-25 09:13:12+00:00
Mona Sharif,jdubois,group_chat,2026-03-25 09:13:12+00:00
Mona Sharif,msharif,group_chat,2026-03-25 09:13:12+00:00
Mona Sharif,rchowdhury,group_chat,2026-03-25 09:13:12+00:00
Jacqueline Dubois,adubois,group_chat,2026-03-25 09:14:05+00:00
Jacqueline Dubois,jdubois,group_chat,2026-03-25 09:14:05+00:00
Jacqueline Dubois,msharif,group_chat,2026-03-25 09:14:05+00:00
Jacqueline Dubois,rchowdhury,group_chat,2026-03-25 09:14:05+00:00
Amélie Dubois,adubois,group_chat,2026-03-25 09:14:40+00:00
Amélie Dubois,jdubois,group_chat,2026-03-25 09:14:40+00:00
Amélie Dubois,msharif,group_chat,2026-03-25 09:14:40+00:00
Amélie Dubois,rchowdhury,group_chat,2026-03-25 09:14:40+00:00
Ritika Chowdhury,adubois,group_chat,2026-03-25 09:15:10+00:00
Ritika Chowdhury,jdubois,group_chat,2026-03-25 09:15:10+00:00
Ritika Chowdhury,msharif,group_chat,2026-03-25 09:15:10+00:00
Ritika Chowdhury,rchowdhury,group_chat,2026-03-25 09:15:10+00:00
Mona Sharif,adubois,group_chat,2026-03-25 09:15:45+00:00
Mona Sharif,jdubois,group_chat,2026-03-25 09:15:45+00:00
Mona Sharif,msharif,group_chat,2026-03-25 09:15:45+00:00
Mona Sharif,rchowdhury,group_chat,2026-03-25 09:15:45+00:00
Amélie Dubois,adubois,group_chat,2026-03-25 09:16:20+00:00
Amélie Dubois,jdubois,group_chat,2026-03-25 09:16:20+00:00
Amélie Dubois,msharif,group_chat,2026-03-25 09:16:20+00:00
Amélie Dubois,rchowdhury,group_chat,2026-03-25 09:16:20+00:00
Jacqueline Dubois,adubois,group_chat,2026-03-25 09:16:55+00:00
Jacqueline Dubois,jdubois,group_chat,2026-03-25 09:16:55+00:00
Jacqueline Dubois,msharif,group_chat,2026-03-25 09:16:55+00:00
Jacqueline Dubois,rchowdhury,group_chat,2026-03-25 09:16:55+00:00
Ritika Chowdhury,adubois,group_chat,2026-03-25 09:17:30+00:00
Ritika Chowdhury,jdubois,group_chat,2026-03-25 09:17:30+00:00
Ritika Chowdhury,msharif,group_chat,2026-03-25 09:17:30+00:00
Ritika Chowdhury,rchowdhury,group_chat,2026-03-25 09:17:30+00:00
Mona Sharif,adubois,group_chat,2026-03-25 09:18:05+00:00
Mona Sharif,jdubois,group_chat,2026-03-25 09:18:05+00:00
Mona Sharif,msharif,group_chat,2026-03-25 09:18:05+00:00
Mona Sharif,rchowdhury,group_chat,2026-03-25 09:18:05+00:00
Amélie Dubois,adubois,group_chat,2026-03-25 09:18:40+00:00
Amélie Dubois,jdubois,group_chat,2026-03-25 09:18:40+00:00
Amélie Dubois,msharif,group_chat,2026-03-25 09:18:40+00:00
Amélie Dubois,rchowdhury,group_chat,2026-03-25 09:18:40+00:00
Jacqueline Dubois,adubois,group_chat,2026-03-25 09:19:15+00:00
Jacqueline Dubois,jdubois,group_chat,2026-03-25 09:19:15+00:00
Jacqueline Dubois,msharif,group_chat,2026-03-25 09:19:15+00:00
Jacqueline Dubois,rchowdhury,group_chat,2026-03-25 09:19:15+00:00
Ritika Chowdhury,adubois,group_chat,2026-03-25 09:19:50+00:00
Ritika Chowdhury,jdubois,group_chat,2026-03-25 09:19:50+00:00
Ritika Chowdhury,msharif,group_chat,2026-03-25 09:19:50+00:00
Ritika Chowdhury,rchowdhury,group_chat,2026-03-25 09:19:50+00:00
Mona Sharif,adubois,group_chat,2026-03-25 09:20:30+00:00
Mona Sharif,jdubois,group_chat,2026-03-25 09:20:30+00:00
Mona Sharif,msharif,group_chat,2026-03-25 09:20:30+00:00
Mona Sharif,rchowdhury,group_chat,2026-03-25 09:20:30+00:00
Amélie Dubois,adubois,group_chat,2026-03-25 09:21:00+00:00
Amélie Dubois,jdubois,group_chat,2026-03-25 09:21:00+00:00
Amélie Dubois,msharif,group_chat,2026-03-25 09:21:00+00:00
Amélie Dubois,rchowdhury,group_chat,2026-03-25 09:21:00+00:00
Jacqueline Dubois,adubois,group_chat,2026-03-25 09:21:25+00:00
Jacqueline Dubois,jdubois,group_chat,2026-03-25 09:21:25+00:00
Jacqueline Dubois,msharif,group_chat,2026-03-25 09:21:25+00:00
Jacqueline Dubois,rchowdhury,group_chat,2026-03-25 09:21:25+00:00
Ritika Chowdhury,adubois,group_chat,2026-03-25 09:21:45+00:00
Ritika Chowdhury,jdubois,group_chat,2026-03-25 09:21:45+00:00
Ritika Chowdhury,msharif,group_chat,2026-03-25 09:21:45+00:00
Ritika Chowdhury,rchowdhury,group_chat,2026-03-25 09:21:45+00:00
Mona Sharif,adubois,group_chat,2026-03-25 09:22:10+00:00
Mona Sharif,jdubois,group_chat,2026-03-25 09:22:10+00:00
Mona Sharif,msharif,group_chat,2026-03-25 09:22:10+00:00
Mona Sharif,rchowdhury,group_chat,2026-03-25 09:22:10+00:00
Mariana Garcia,mgarcia,group_chat,2026-03-25 15:01:00+00:00
Mariana Garcia,jokonkwo,group_chat,2026-03-25 15:01:00+00:00
Mariana Garcia,msharif,group_chat,2026-03-25 15:01:00+00:00
Mariana Garcia,carlosgarcia,group_chat,2026-03-25 15:01:00+00:00
Mariana Garcia,knguyen,group_chat,2026-03-25 15:01:00+00:00
Carlos Garcia,mgarcia,group_chat,2026-03-25 15:01:30+00:00
Carlos Garcia,jokonkwo,group_chat,2026-03-25 15:01:30+00:00
Carlos Garcia,msharif,group_chat,2026-03-25 15:01:30+00:00
Carlos Garcia,carlosgarcia,group_chat,2026-03-25 15:01:30+00:00
Carlos Garcia,knguyen,group_chat,2026-03-25 15:01:30+00:00
Jamal Okonkwo,mgarcia,group_chat,2026-03-25 15:02:15+00:00
Jamal Okonkwo,jokonkwo,group_chat,2026-03-25 15:02:15+00:00
Jamal Okonkwo,msharif,group_chat,2026-03-25 15:02:15+00:00
Jamal Okonkwo,carlosgarcia,group_chat,2026-03-25 15:02:15+00:00
Jamal Okonkwo,knguyen,group_chat,2026-03-25 15:02:15+00:00
Mona Sharif,mgarcia,group_chat,2026-03-25 15:02:50+00:00
Mona Sharif,jokonkwo,group_chat,2026-03-25 15:02:50+00:00
Mona Sharif,msharif,group_chat,2026-03-25 15:02:50+00:00
Mona Sharif,carlosgarcia,group_chat,2026-03-25 15:02:50+00:00
Mona Sharif,knguyen,group_chat,2026-03-25 15:02:50+00:00
Khoi Nguyen,mgarcia,group_chat,2026-03-25 15:03:20+00:00
Khoi Nguyen,jokonkwo,group_chat,2026-03-25 15:03:20+00:00
Khoi Nguyen,msharif,group_chat,2026-03-25 15:03:20+00:00
Khoi Nguyen,carlosgarcia,group_chat,2026-03-25 15:03:20+00:00
Khoi Nguyen,knguyen,group_chat,2026-03-25 15:03:20+00:00
Mariana Garcia,mgarcia,group_chat,2026-03-25 15:03:45+00:00
Mariana Garcia,jokonkwo,group_chat,2026-03-25 15:03:45+00:00
Mariana Garcia,msharif,group_chat,2026-03-25 15:03:45+00:00
Mariana Garcia,carlosgarcia,group_chat,2026-03-25 15:03:45+00:00
Mariana Garcia,knguyen,group_chat,2026-03-25 15:03:45+00:00
Jamal Okonkwo,mgarcia,group_chat,2026-03-25 15:04:05+00:00
Jamal Okonkwo,jokonkwo,group_chat,2026-03-25 15:04:05+00:00
Jamal Okonkwo,msharif,group_chat,2026-03-25 15:04:05+00:00
Jamal Okonkwo,carlosgarcia,group_chat,2026-03-25 15:04:05+00:00
Jamal Okonkwo,knguyen,group_chat,2026-03-25 15:04:05+00:00
Carlos Garcia,mgarcia,group_chat,2026-03-25 15:04:30+00:00
Carlos Garcia,jokonkwo,group_chat,2026-03-25 15:04:30+00:00
Carlos Garcia,msharif,group_chat,2026-03-25 15:04:30+00:00
Carlos Garcia,carlosgarcia,group_chat,2026-03-25 15:04:30+00:00
Carlos Garcia,knguyen,group_chat,2026-03-25 15:04:30+00:00
Mona Sharif,mgarcia,group_chat,2026-03-25 15:04:50+00:00
Mona Sharif,jokonkwo,group_chat,2026-03-25 15:04:50+00:00
Mona Sharif,msharif,group_chat,2026-03-25 15:04:50+00:00
Mona Sharif,carlosgarcia,group_chat,2026-03-25 15:04:50+00:00
Mona Sharif,knguyen,group_chat,2026-03-25 15:04:50+00:00
Khoi Nguyen,mgarcia,group_chat,2026-03-25 15:05:20+00:00
Khoi Nguyen,jokonkwo,group_chat,2026-03-25 15:05:20+00:00
Khoi Nguyen,msharif,group_chat,2026-03-25 15:05:20+00:00
Khoi Nguyen,carlosgarcia,group_chat,2026-03-25 15:05:20+00:00
Khoi Nguyen,knguyen,group_chat,2026-03-25 15:05:20+00:00
Mariana Garcia,mgarcia,group_chat,2026-03-25 15:05:40+00:00
Mariana Garcia,jokonkwo,group_chat,2026-03-25 15:05:40+00:00
Mariana Garcia,msharif,group_chat,2026-03-25 15:05:40+00:00
Mariana Garcia,carlosgarcia,group_chat,2026-03-25 15:05:40+00:00
Mariana Garcia,knguyen,group_chat,2026-03-25 15:05:40+00:00
Khoi Nguyen,mgarcia,group_chat,2026-03-25 15:06:10+00:00
Khoi Nguyen,jokonkwo,group_chat,2026-03-25 15:06:10+00:00
Khoi Nguyen,msharif,group_chat,2026-03-25 15:06:10+00:00
Khoi Nguyen,carlosgarcia,group_chat,2026-03-25 15:06:10+00:00
Khoi Nguyen,knguyen,group_chat,2026-03-25 15:06:10+00:00
Jamal Okonkwo,mgarcia,group_chat,2026-03-25 15:06:40+00:00
Jamal Okonkwo,jokonkwo,group_chat,2026-03-25 15:06:40+00:00
Jamal Okonkwo,msharif,group_chat,2026-03-25 15:06:40+00:00
Jamal Okonkwo,carlosgarcia,group_chat,2026-03-25 15:06:40+00:00
Jamal Okonkwo,knguyen,group_chat,2026-03-25 15:06:40+00:00
Carlos Garcia,mgarcia,group_chat,2026-03-25 15:07:00+00:00
Carlos Garcia,jokonkwo,group_chat,2026-03-25 15:07:00+00:00
Carlos Garcia,msharif,group_chat,2026-03-25 15:07:00+00:00
Carlos Garcia,carlosgarcia,group_chat,2026-03-25 15:07:00+00:00
Carlos Garcia,knguyen,group_chat,2026-03-25 15:07:00+00:00
Mariana Garcia,mgarcia,group_chat,2026-03-25 15:07:20+00:00
Mariana Garcia,jokonkwo,group_chat,2026-03-25 15:07:20+00:00
Mariana Garcia,msharif,group_chat,2026-03-25 15:07:20+00:00
Mariana Garcia,carlosgarcia,group_chat,2026-03-25 15:07:20+00:00
Mariana Garcia,knguyen,group_chat,2026-03-25 15:07:20+00:00
Mona Sharif,mgarcia,group_chat,2026-03-25 15:07:40+00:00
Mona Sharif,jokonkwo,group_chat,2026-03-25 15:07:40+00:00
Mona Sharif,msharif,group_chat,2026-03-25 15:07:40+00:00
Mona Sharif,carlosgarcia,group_chat,2026-03-25 15:07:40+00:00
Mona Sharif,knguyen,group_chat,2026-03-25 15:07:40+00:00
Khoi Nguyen,mgarcia,group_chat,2026-03-25 15:08:10+00:00
Khoi Nguyen,jokonkwo,group_chat,2026-03-25 15:08:10+00:00
Khoi Nguyen,msharif,group_chat,2026-03-25 15:08:10+00:00
Khoi Nguyen,carlosgarcia,group_chat,2026-03-25 15:08:10+00:00
Khoi Nguyen,knguyen,group_chat,2026-03-25 15:08:10+00:00
Carlos Garcia,mgarcia,group_chat,2026-03-25 15:08:30+00:00
Carlos Garcia,jokonkwo,group_chat,2026-03-25 15:08:30+00:00
Carlos Garcia,msharif,group_chat,2026-03-25 15:08:30+00:00
Carlos Garcia,carlosgarcia,group_chat,2026-03-25 15:08:30+00:00
Carlos Garcia,knguyen,group_chat,2026-03-25 15:08:30+00:00
Khoi Nguyen,mgarcia,group_chat,2026-03-25 15:09:00+00:00
Khoi Nguyen,jokonkwo,group_chat,2026-03-25 15:09:00+00:00
Khoi Nguyen,msharif,group_chat,2026-03-25 15:09:00+00:00
Khoi Nguyen,carlosgarcia,group_chat,2026-03-25 15:09:00+00:00
Khoi Nguyen,knguyen,group_chat,2026-03-25 15:09:00+00:00
Mariana Garcia,mgarcia,group_chat,2026-03-25 15:09:20+00:00
Mariana Garcia,jokonkwo,group_chat,2026-03-25 15:09:20+00:00
Mariana Garcia,msharif,group_chat,2026-03-25 15:09:20+00:00
Mariana Garcia,carlosgarcia,group_chat,2026-03-25 15:09:20+00:00
Mariana Garcia,knguyen,group_chat,2026-03-25 15:09:20+00:00
Jamal Okonkwo,mgarcia,group_chat,2026-03-25 15:09:40+00:00
Jamal Okonkwo,jokonkwo,group_chat,2026-03-25 15:09:40+00:00
Jamal Okonkwo,msharif,group_chat,2026-03-25 15:09:40+00:00
Jamal Okonkwo,carlosgarcia,group_chat,2026-03-25 15:09:40+00:00
Jamal Okonkwo,knguyen,group_chat,2026-03-25 15:09:40+00:00
Mona Sharif,mgarcia,group_chat,2026-03-25 15:10:05+00:00
Mona Sharif,jokonkwo,group_chat,2026-03-25 15:10:05+00:00
Mona Sharif,msharif,group_chat,2026-03-25 15:10:05+00:00
Mona Sharif,carlosgarcia,group_chat,2026-03-25 15:10:05+00:00
Mona Sharif,knguyen,group_chat,2026-03-25 15:10:05+00:00
Mariana Garcia,mgarcia,group_chat,2026-03-25 15:10:30+00:00
Mariana Garcia,jokonkwo,group_chat,2026-03-25 15:10:30+00:00
Mariana Garcia,msharif,group_chat,2026-03-25 15:10:30+00:00
Mariana Garcia,carlosgarcia,group_chat,2026-03-25 15:10:30+00:00
Mariana Garcia,knguyen,group_chat,2026-03-25 15:10:30+00:00
Khoi Nguyen,mgarcia,group_chat,2026-03-25 15:11:00+00:00
Khoi Nguyen,jokonkwo,group_chat,2026-03-25 15:11:00+00:00
Khoi Nguyen,msharif,group_chat,2026-03-25 15:11:00+00:00
Khoi Nguyen,carlosgarcia,group_chat,2026-03-25 15:11:00+00:00
Khoi Nguyen,knguyen,group_chat,2026-03-25 15:11:00+00:00
Carlos Garcia,mgarcia,group_chat,2026-03-25 15:11:30+00:00
Carlos Garcia,jokonkwo,group_chat,2026-03-25 15:11:30+00:00
Carlos Garcia,msharif,group_chat,2026-03-25 15:11:30+00:00
Carlos Garcia,carlosgarcia,group_chat,2026-03-25 15:11:30+00:00
Carlos Garcia,knguyen,group_chat,2026-03-25 15:11:30+00:00
Jamal Okonkwo,mgarcia,group_chat,2026-03-25 15:12:00+00:00
Jamal Okonkwo,jokonkwo,group_chat,2026-03-25 15:12:00+00:00
Jamal Okonkwo,msharif,group_chat,2026-03-25 15:12:00+00:00
Jamal Okonkwo,carlosgarcia,group_chat,2026-03-25 15:12:00+00:00
Jamal Okonkwo,knguyen,group_chat,2026-03-25 15:12:00+00:00
Mariana Garcia,mgarcia,group_chat,2026-03-25 15:12:30+00:00
Mariana Garcia,jokonkwo,group_chat,2026-03-25 15:12:30+00:00
Mariana Garcia,msharif,group_chat,2026-03-25 15:12:30+00:00
Mariana Garcia,carlosgarcia,group_chat,2026-03-25 15:12:30+00:00
Mariana Garcia,knguyen,group_chat,2026-03-25 15:12:30+00:00
Amélie Dubois,adubois,group_chat,2026-03-25 09:02:15+00:00
Amélie Dubois,mgarcia,group_chat,2026-03-25 09:02:15+00:00
Amélie Dubois,jhassan,group_chat,2026-03-25 09:02:15+00:00
Amélie Dubois,kpark,group_chat,2026-03-25 09:02:15+00:00
Amélie Dubois,tkobayashi,group_chat,2026-03-25 09:02:15+00:00
Mariana Garcia,adubois,group_chat,2026-03-25 09:02:50+00:00
Mariana Garcia,mgarcia,group_chat,2026-03-25 09:02:50+00:00
Mariana Garcia,jhassan,group_chat,2026-03-25 09:02:50+00:00
Mariana Garcia,kpark,group_chat,2026-03-25 09:02:50+00:00
Mariana Garcia,tkobayashi,group_chat,2026-03-25 09:02:50+00:00
Jamal Hassan,adubois,group_chat,2026-03-25 09:03:10+00:00
Jamal Hassan,mgarcia,group_chat,2026-03-25 09:03:10+00:00
Jamal Hassan,jhassan,group_chat,2026-03-25 09:03:10+00:00
Jamal Hassan,kpark,group_chat,2026-03-25 09:03:10+00:00
Jamal Hassan,tkobayashi,group_chat,2026-03-25 09:03:10+00:00
Kai Park,adubois,group_chat,2026-03-25 09:03:30+00:00
Kai Park,mgarcia,group_chat,2026-03-25 09:03:30+00:00
Kai Park,jhassan,group_chat,2026-03-25 09:03:30+00:00
Kai Park,kpark,group_chat,2026-03-25 09:03:30+00:00
Kai Park,tkobayashi,group_chat,2026-03-25 09:03:30+00:00
Jamal Hassan,adubois,group_chat,2026-03-25 09:03:50+00:00
Jamal Hassan,mgarcia,group_chat,2026-03-25 09:03:50+00:00
Jamal Hassan,jhassan,group_chat,2026-03-25 09:03:50+00:00
Jamal Hassan,kpark,group_chat,2026-03-25 09:03:50+00:00
Jamal Hassan,tkobayashi,group_chat,2026-03-25 09:03:50+00:00
Taro Kobayashi,adubois,group_chat,2026-03-25 09:04:15+00:00
Taro Kobayashi,mgarcia,group_chat,2026-03-25 09:04:15+00:00
Taro Kobayashi,jhassan,group_chat,2026-03-25 09:04:15+00:00
Taro Kobayashi,kpark,group_chat,2026-03-25 09:04:15+00:00
Taro Kobayashi,tkobayashi,group_chat,2026-03-25 09:04:15+00:00
Mariana Garcia,adubois,group_chat,2026-03-25 09:04:40+00:00
Mariana Garcia,mgarcia,group_chat,2026-03-25 09:04:40+00:00
Mariana Garcia,jhassan,group_chat,2026-03-25 09:04:40+00:00
Mariana Garcia,kpark,group_chat,2026-03-25 09:04:40+00:00
Mariana Garcia,tkobayashi,group_chat,2026-03-25 09:04:40+00:00
Amélie Dubois,adubois,group_chat,2026-03-25 09:05:05+00:00
Amélie Dubois,mgarcia,group_chat,2026-03-25 09:05:05+00:00
Amélie Dubois,jhassan,group_chat,2026-03-25 09:05:05+00:00
Amélie Dubois,kpark,group_chat,2026-03-25 09:05:05+00:00
Amélie Dubois,tkobayashi,group_chat,2026-03-25 09:05:05+00:00
Taro Kobayashi,adubois,group_chat,2026-03-25 09:05:25+00:00
Taro Kobayashi,mgarcia,group_chat,2026-03-25 09:05:25+00:00
Taro Kobayashi,jhassan,group_chat,2026-03-25 09:05:25+00:00
Taro Kobayashi,kpark,group_chat,2026-03-25 09:05:25+00:00
Taro Kobayashi,tkobayashi,group_chat,2026-03-25 09:05:25+00:00
Kai Park,adubois,group_chat,2026-03-25 09:06:00+00:00
Kai Park,mgarcia,group_chat,2026-03-25 09:06:00+00:00
Kai Park,jhassan,group_chat,2026-03-25 09:06:00+00:00
Kai Park,kpark,group_chat,2026-03-25 09:06:00+00:00
Kai Park,tkobayashi,group_chat,2026-03-25 09:06:00+00:00
Mariana Garcia,adubois,group_chat,2026-03-25 09:06:35+00:00
Mariana Garcia,mgarcia,group_chat,2026-03-25 09:06:35+00:00
Mariana Garcia,jhassan,group_chat,2026-03-25 09:06:35+00:00
Mariana Garcia,kpark,group_chat,2026-03-25 09:06:35+00:00
Mariana Garcia,tkobayashi,group_chat,2026-03-25 09:06:35+00:00
Amélie Dubois,adubois,group_chat,2026-03-25 09:06:50+00:00
Amélie Dubois,mgarcia,group_chat,2026-03-25 09:06:50+00:00
Amélie Dubois,jhassan,group_chat,2026-03-25 09:06:50+00:00
Amélie Dubois,kpark,group_chat,2026-03-25 09:06:50+00:00
Amélie Dubois,tkobayashi,group_chat,2026-03-25 09:06:50+00:00
Jamal Hassan,adubois,group_chat,2026-03-25 09:07:15+00:00
Jamal Hassan,mgarcia,group_chat,2026-03-25 09:07:15+00:00
Jamal Hassan,jhassan,group_chat,2026-03-25 09:07:15+00:00
Jamal Hassan,kpark,group_chat,2026-03-25 09:07:15+00:00
Jamal Hassan,tkobayashi,group_chat,2026-03-25 09:07:15+00:00
Taro Kobayashi,adubois,group_chat,2026-03-25 09:07:45+00:00
Taro Kobayashi,mgarcia,group_chat,2026-03-25 09:07:45+00:00
Taro Kobayashi,jhassan,group_chat,2026-03-25 09:07:45+00:00
Taro Kobayashi,kpark,group_chat,2026-03-25 09:07:45+00:00
Taro Kobayashi,tkobayashi,group_chat,2026-03-25 09:07:45+00:00
Kai Park,adubois,group_chat,2026-03-25 09:08:10+00:00
Kai Park,mgarcia,group_chat,2026-03-25 09:08:10+00:00
Kai Park,jhassan,group_chat,2026-03-25 09:08:10+00:00
Kai Park,kpark,group_chat,2026-03-25 09:08:10+00:00
Kai Park,tkobayashi,group_chat,2026-03-25 09:08:10+00:00
Mariana Garcia,adubois,group_chat,2026-03-25 09:08:25+00:00
Mariana Garcia,mgarcia,group_chat,2026-03-25 09:08:25+00:00
Mariana Garcia,jhassan,group_chat,2026-03-25 09:08:25+00:00
Mariana Garcia,kpark,group_chat,2026-03-25 09:08:25+00:00
Mariana Garcia,tkobayashi,group_chat,2026-03-25 09:08:25+00:00
Amélie Dubois,adubois,group_chat,2026-03-25 09:08:45+00:00
Amélie Dubois,mgarcia,group_chat,2026-03-25 09:08:45+00:00
Amélie Dubois,jhassan,group_chat,2026-03-25 09:08:45+00:00
Amélie Dubois,kpark,group_chat,2026-03-25 09:08:45+00:00
Amélie Dubois,tkobayashi,group_chat,2026-03-25 09:08:45+00:00
Amélie Dubois,adubois,group_chat,2026-03-25 09:02:15+00:00
Amélie Dubois,jokonkwo,group_chat,2026-03-25 09:02:15+00:00
Amélie Dubois,msharif,group_chat,2026-03-25 09:02:15+00:00
Amélie Dubois,rchowdhury,group_chat,2026-03-25 09:02:15+00:00
Amélie Dubois,knguyen,group_chat,2026-03-25 09:02:15+00:00
Khoi Nguyen,adubois,group_chat,2026-03-25 09:02:30+00:00
Khoi Nguyen,jokonkwo,group_chat,2026-03-25 09:02:30+00:00
Khoi Nguyen,msharif,group_chat,2026-03-25 09:02:30+00:00
Khoi Nguyen,rchowdhury,group_chat,2026-03-25 09:02:30+00:00
Khoi Nguyen,knguyen,group_chat,2026-03-25 09:02:30+00:00
Jamal Okonkwo,adubois,group_chat,2026-03-25 09:03:05+00:00
Jamal Okonkwo,jokonkwo,group_chat,2026-03-25 09:03:05+00:00
Jamal Okonkwo,msharif,group_chat,2026-03-25 09:03:05+00:00
Jamal Okonkwo,rchowdhury,group_chat,2026-03-25 09:03:05+00:00
Jamal Okonkwo,knguyen,group_chat,2026-03-25 09:03:05+00:00
Ritika Chowdhury,adubois,group_chat,2026-03-25 09:04:22+00:00
Ritika Chowdhury,jokonkwo,group_chat,2026-03-25 09:04:22+00:00
Ritika Chowdhury,msharif,group_chat,2026-03-25 09:04:22+00:00
Ritika Chowdhury,rchowdhury,group_chat,2026-03-25 09:04:22+00:00
Ritika Chowdhury,knguyen,group_chat,2026-03-25 09:04:22+00:00
Mona Sharif,adubois,group_chat,2026-03-25 09:04:35+00:00
Mona Sharif,jokonkwo,group_chat,2026-03-25 09:04:35+00:00
Mona Sharif,msharif,group_chat,2026-03-25 09:04:35+00:00
Mona Sharif,rchowdhury,group_chat,2026-03-25 09:04:35+00:00
Mona Sharif,knguyen,group_chat,2026-03-25 09:04:35+00:00
Amélie Dubois,adubois,group_chat,2026-03-25 09:05:50+00:00
Amélie Dubois,jokonkwo,group_chat,2026-03-25 09:05:50+00:00
Amélie Dubois,msharif,group_chat,2026-03-25 09:05:50+00:00
Amélie Dubois,rchowdhury,group_chat,2026-03-25 09:05:50+00:00
Amélie Dubois,knguyen,group_chat,2026-03-25 09:05:50+00:00
Khoi Nguyen,adubois,group_chat,2026-03-25 09:06:03+00:00
Khoi Nguyen,jokonkwo,group_chat,2026-03-25 09:06:03+00:00
Khoi Nguyen,msharif,group_chat,2026-03-25 09:06:03+00:00
Khoi Nguyen,rchowdhury,group_chat,2026-03-25 09:06:03+00:00
Khoi Nguyen,knguyen,group_chat,2026-03-25 09:06:03+00:00
Jamal Okonkwo,adubois,group_chat,2026-03-25 09:06:45+00:00
Jamal Okonkwo,jokonkwo,group_chat,2026-03-25 09:06:45+00:00
Jamal Okonkwo,msharif,group_chat,2026-03-25 09:06:45+00:00
Jamal Okonkwo,rchowdhury,group_chat,2026-03-25 09:06:45+00:00
Jamal Okonkwo,knguyen,group_chat,2026-03-25 09:06:45+00:00
Ritika Chowdhury,adubois,group_chat,2026-03-25 09:06:55+00:00
Ritika Chowdhury,jokonkwo,group_chat,2026-03-25 09:06:55+00:00
Ritika Chowdhury,msharif,group_chat,2026-03-25 09:06:55+00:00
Ritika Chowdhury,rchowdhury,group_chat,2026-03-25 09:06:55+00:00
Ritika Chowdhury,knguyen,group_chat,2026-03-25 09:06:55+00:00
Mona Sharif,adubois,group_chat,2026-03-25 09:07:20+00:00
Mona Sharif,jokonkwo,group_chat,2026-03-25 09:07:20+00:00
Mona Sharif,msharif,group_chat,2026-03-25 09:07:20+00:00
Mona Sharif,rchowdhury,group_chat,2026-03-25 09:07:20+00:00
Mona Sharif,knguyen,group_chat,2026-03-25 09:07:20+00:00
Amélie Dubois,adubois,group_chat,2026-03-25 09:07:35+00:00
Amélie Dubois,jokonkwo,group_chat,2026-03-25 09:07:35+00:00
Amélie Dubois,msharif,group_chat,2026-03-25 09:07:35+00:00
Amélie Dubois,rchowdhury,group_chat,2026-03-25 09:07:35+00:00
Amélie Dubois,knguyen,group_chat,2026-03-25 09:07:35+00:00
Khoi Nguyen,adubois,group_chat,2026-03-25 09:08:10+00:00
Khoi Nguyen,jokonkwo,group_chat,2026-03-25 09:08:10+00:00
Khoi Nguyen,msharif,group_chat,2026-03-25 09:08:10+00:00
Khoi Nguyen,rchowdhury,group_chat,2026-03-25 09:08:10+00:00
Khoi Nguyen,knguyen,group_chat,2026-03-25 09:08:10+00:00
Ritika Chowdhury,adubois,group_chat,2026-03-25 09:08:20+00:00
Ritika Chowdhury,jokonkwo,group_chat,2026-03-25 09:08:20+00:00
Ritika Chowdhury,msharif,group_chat,2026-03-25 09:08:20+00:00
Ritika Chowdhury,rchowdhury,group_chat,2026-03-25 09:08:20+00:00
Ritika Chowdhury,knguyen,group_chat,2026-03-25 09:08:20+00:00
Jamal Okonkwo,adubois,group_chat,2026-03-25 09:08:25+00:00
Jamal Okonkwo,jokonkwo,group_chat,2026-03-25 09:08:25+00:00
Jamal Okonkwo,msharif,group_chat,2026-03-25 09:08:25+00:00
Jamal Okonkwo,rchowdhury,group_chat,2026-03-25 09:08:25+00:00
Jamal Okonkwo,knguyen,group_chat,2026-03-25 09:08:25+00:00
Mona Sharif,adubois,group_chat,2026-03-25 09:09:00+00:00
Mona Sharif,jokonkwo,group_chat,2026-03-25 09:09:00+00:00
Mona Sharif,msharif,group_chat,2026-03-25 09:09:00+00:00
Mona Sharif,rchowdhury,group_chat,2026-03-25 09:09:00+00:00
Mona Sharif,knguyen,group_chat,2026-03-25 09:09:00+00:00
Amélie Dubois,adubois,group_chat,2026-03-25 09:09:15+00:00
Amélie Dubois,jokonkwo,group_chat,2026-03-25 09:09:15+00:00
Amélie Dubois,msharif,group_chat,2026-03-25 09:09:15+00:00
Amélie Dubois,rchowdhury,group_chat,2026-03-25 09:09:15+00:00
Amélie Dubois,knguyen,group_chat,2026-03-25 09:09:15+00:00
Amélie Dubois,adubois,group_chat,2026-03-25 09:02:00+00:00
Amélie Dubois,tsato,group_chat,2026-03-25 09:02:00+00:00
Amélie Dubois,mgarcia,group_chat,2026-03-25 09:02:00+00:00
Amélie Dubois,jhassan,group_chat,2026-03-25 09:02:00+00:00
Amélie Dubois,ljohansson,group_chat,2026-03-25 09:02:00+00:00
Takeshi Sato,adubois,group_chat,2026-03-25 09:02:15+00:00
Takeshi Sato,tsato,group_chat,2026-03-25 09:02:15+00:00
Takeshi Sato,mgarcia,group_chat,2026-03-25 09:02:15+00:00
Takeshi Sato,jhassan,group_chat,2026-03-25 09:02:15+00:00
Takeshi Sato,ljohansson,group_chat,2026-03-25 09:02:15+00:00
Mariana Garcia,adubois,group_chat,2026-03-25 09:03:10+00:00
Mariana Garcia,tsato,group_chat,2026-03-25 09:03:10+00:00
Mariana Garcia,mgarcia,group_chat,2026-03-25 09:03:10+00:00
Mariana Garcia,jhassan,group_chat,2026-03-25 09:03:10+00:00
Mariana Garcia,ljohansson,group_chat,2026-03-25 09:03:10+00:00
Jamal Hassan,adubois,group_chat,2026-03-25 09:03:35+00:00
Jamal Hassan,tsato,group_chat,2026-03-25 09:03:35+00:00
Jamal Hassan,mgarcia,group_chat,2026-03-25 09:03:35+00:00
Jamal Hassan,jhassan,group_chat,2026-03-25 09:03:35+00:00
Jamal Hassan,ljohansson,group_chat,2026-03-25 09:03:35+00:00
Amélie Dubois,adubois,group_chat,2026-03-25 09:04:10+00:00
Amélie Dubois,tsato,group_chat,2026-03-25 09:04:10+00:00
Amélie Dubois,mgarcia,group_chat,2026-03-25 09:04:10+00:00
Amélie Dubois,jhassan,group_chat,2026-03-25 09:04:10+00:00
Amélie Dubois,ljohansson,group_chat,2026-03-25 09:04:10+00:00
Lina Johansson,adubois,group_chat,2026-03-25 09:05:00+00:00
Lina Johansson,tsato,group_chat,2026-03-25 09:05:00+00:00
Lina Johansson,mgarcia,group_chat,2026-03-25 09:05:00+00:00
Lina Johansson,jhassan,group_chat,2026-03-25 09:05:00+00:00
Lina Johansson,ljohansson,group_chat,2026-03-25 09:05:00+00:00
Mariana Garcia,adubois,group_chat,2026-03-25 09:07:20+00:00
Mariana Garcia,tsato,group_chat,2026-03-25 09:07:20+00:00
Mariana Garcia,mgarcia,group_chat,2026-03-25 09:07:20+00:00
Mariana Garcia,jhassan,group_chat,2026-03-25 09:07:20+00:00
Mariana Garcia,ljohansson,group_chat,2026-03-25 09:07:20+00:00
Amélie Dubois,adubois,group_chat,2026-03-25 09:07:45+00:00
Amélie Dubois,tsato,group_chat,2026-03-25 09:07:45+00:00
Amélie Dubois,mgarcia,group_chat,2026-03-25 09:07:45+00:00
Amélie Dubois,jhassan,group_chat,2026-03-25 09:07:45+00:00
Amélie Dubois,ljohansson,group_chat,2026-03-25 09:07:45+00:00
Mariana Garcia,adubois,group_chat,2026-03-25 09:08:10+00:00
Mariana Garcia,tsato,group_chat,2026-03-25 09:08:10+00:00
Mariana Garcia,mgarcia,group_chat,2026-03-25 09:08:10+00:00
Mariana Garcia,jhassan,group_chat,2026-03-25 09:08:10+00:00
Mariana Garcia,ljohansson,group_chat,2026-03-25 09:08:10+00:00
Takeshi Sato,adubois,group_chat,2026-03-25 09:09:30+00:00
Takeshi Sato,tsato,group_chat,2026-03-25 09:09:30+00:00
Takeshi Sato,mgarcia,group_chat,2026-03-25 09:09:30+00:00
Takeshi Sato,jhassan,group_chat,2026-03-25 09:09:30+00:00
Takeshi Sato,ljohansson,group_chat,2026-03-25 09:09:30+00:00
Jamal Hassan,adubois,group_chat,2026-03-25 09:09:45+00:00
Jamal Hassan,tsato,group_chat,2026-03-25 09:09:45+00:00
Jamal Hassan,mgarcia,group_chat,2026-03-25 09:09:45+00:00
Jamal Hassan,jhassan,group_chat,2026-03-25 09:09:45+00:00
Jamal Hassan,ljohansson,group_chat,2026-03-25 09:09:45+00:00
Lina Johansson,adubois,group_chat,2026-03-25 09:10:00+00:00
Lina Johansson,tsato,group_chat,2026-03-25 09:10:00+00:00
Lina Johansson,mgarcia,group_chat,2026-03-25 09:10:00+00:00
Lina Johansson,jhassan,group_chat,2026-03-25 09:10:00+00:00
Lina Johansson,ljohansson,group_chat,2026-03-25 09:10:00+00:00
Amélie Dubois,adubois,group_chat,2026-03-25 09:11:25+00:00
Amélie Dubois,tsato,group_chat,2026-03-25 09:11:25+00:00
Amélie Dubois,mgarcia,group_chat,2026-03-25 09:11:25+00:00
Amélie Dubois,jhassan,group_chat,2026-03-25 09:11:25+00:00
Amélie Dubois,ljohansson,group_chat,2026-03-25 09:11:25+00:00
Mariana Garcia,adubois,group_chat,2026-03-25 09:12:05+00:00
Mariana Garcia,tsato,group_chat,2026-03-25 09:12:05+00:00
Mariana Garcia,mgarcia,group_chat,2026-03-25 09:12:05+00:00
Mariana Garcia,jhassan,group_chat,2026-03-25 09:12:05+00:00
Mariana Garcia,ljohansson,group_chat,2026-03-25 09:12:05+00:00
Mandla Abebe,mabebe,group_chat,2026-03-25 09:00:03+00:00
Mandla Abebe,jdubois,group_chat,2026-03-25 09:00:03+00:00
Mandla Abebe,rchowdhury,group_chat,2026-03-25 09:00:03+00:00
Mandla Abebe,amustafa,group_chat,2026-03-25 09:00:03+00:00
Mandla Abebe,nkhatri,group_chat,2026-03-25 09:00:03+00:00
Jacqueline Dubois,mabebe,group_chat,2026-03-25 09:01:15+00:00
Jacqueline Dubois,jdubois,group_chat,2026-03-25 09:01:15+00:00
Jacqueline Dubois,rchowdhury,group_chat,2026-03-25 09:01:15+00:00
Jacqueline Dubois,amustafa,group_chat,2026-03-25 09:01:15+00:00
Jacqueline Dubois,nkhatri,group_chat,2026-03-25 09:01:15+00:00
Amina Mustafa,mabebe,group_chat,2026-03-25 09:01:40+00:00
Amina Mustafa,jdubois,group_chat,2026-03-25 09:01:40+00:00
Amina Mustafa,rchowdhury,group_chat,2026-03-25 09:01:40+00:00
Amina Mustafa,amustafa,group_chat,2026-03-25 09:01:40+00:00
Amina Mustafa,nkhatri,group_chat,2026-03-25 09:01:40+00:00
Neha Khatri,mabebe,group_chat,2026-03-25 09:02:10+00:00
Neha Khatri,jdubois,group_chat,2026-03-25 09:02:10+00:00
Neha Khatri,rchowdhury,group_chat,2026-03-25 09:02:10+00:00
Neha Khatri,amustafa,group_chat,2026-03-25 09:02:10+00:00
Neha Khatri,nkhatri,group_chat,2026-03-25 09:02:10+00:00
Ritika Chowdhury,mabebe,group_chat,2026-03-25 09:03:25+00:00
Ritika Chowdhury,jdubois,group_chat,2026-03-25 09:03:25+00:00
Ritika Chowdhury,rchowdhury,group_chat,2026-03-25 09:03:25+00:00
Ritika Chowdhury,amustafa,group_chat,2026-03-25 09:03:25+00:00
Ritika Chowdhury,nkhatri,group_chat,2026-03-25 09:03:25+00:00
Jacqueline Dubois,mabebe,group_chat,2026-03-25 09:03:40+00:00
Jacqueline Dubois,jdubois,group_chat,2026-03-25 09:03:40+00:00
Jacqueline Dubois,rchowdhury,group_chat,2026-03-25 09:03:40+00:00
Jacqueline Dubois,amustafa,group_chat,2026-03-25 09:03:40+00:00
Jacqueline Dubois,nkhatri,group_chat,2026-03-25 09:03:40+00:00
Mandla Abebe,mabebe,group_chat,2026-03-25 09:04:05+00:00
Mandla Abebe,jdubois,group_chat,2026-03-25 09:04:05+00:00
Mandla Abebe,rchowdhury,group_chat,2026-03-25 09:04:05+00:00
Mandla Abebe,amustafa,group_chat,2026-03-25 09:04:05+00:00
Mandla Abebe,nkhatri,group_chat,2026-03-25 09:04:05+00:00
Amina Mustafa,mabebe,group_chat,2026-03-25 09:04:22+00:00
Amina Mustafa,jdubois,group_chat,2026-03-25 09:04:22+00:00
Amina Mustafa,rchowdhury,group_chat,2026-03-25 09:04:22+00:00
Amina Mustafa,amustafa,group_chat,2026-03-25 09:04:22+00:00
Amina Mustafa,nkhatri,group_chat,2026-03-25 09:04:22+00:00
Neha Khatri,mabebe,group_chat,2026-03-25 09:04:45+00:00
Neha Khatri,jdubois,group_chat,2026-03-25 09:04:45+00:00
Neha Khatri,rchowdhury,group_chat,2026-03-25 09:04:45+00:00
Neha Khatri,amustafa,group_chat,2026-03-25 09:04:45+00:00
Neha Khatri,nkhatri,group_chat,2026-03-25 09:04:45+00:00
Mandla Abebe,mabebe,group_chat,2026-03-25 09:05:10+00:00
Mandla Abebe,jdubois,group_chat,2026-03-25 09:05:10+00:00
Mandla Abebe,rchowdhury,group_chat,2026-03-25 09:05:10+00:00
Mandla Abebe,amustafa,group_chat,2026-03-25 09:05:10+00:00
Mandla Abebe,nkhatri,group_chat,2026-03-25 09:05:10+00:00
Ritika Chowdhury,mabebe,group_chat,2026-03-25 09:06:00+00:00
Ritika Chowdhury,jdubois,group_chat,2026-03-25 09:06:00+00:00
Ritika Chowdhury,rchowdhury,group_chat,2026-03-25 09:06:00+00:00
Ritika Chowdhury,amustafa,group_chat,2026-03-25 09:06:00+00:00
Ritika Chowdhury,nkhatri,group_chat,2026-03-25 09:06:00+00:00
Jacqueline Dubois,mabebe,group_chat,2026-03-25 09:06:20+00:00
Jacqueline Dubois,jdubois,group_chat,2026-03-25 09:06:20+00:00
Jacqueline Dubois,rchowdhury,group_chat,2026-03-25 09:06:20+00:00
Jacqueline Dubois,amustafa,group_chat,2026-03-25 09:06:20+00:00
Jacqueline Dubois,nkhatri,group_chat,2026-03-25 09:06:20+00:00
Neha Khatri,mabebe,group_chat,2026-03-25 09:07:15+00:00
Neha Khatri,jdubois,group_chat,2026-03-25 09:07:15+00:00
Neha Khatri,rchowdhury,group_chat,2026-03-25 09:07:15+00:00
Neha Khatri,amustafa,group_chat,2026-03-25 09:07:15+00:00
Neha Khatri,nkhatri,group_chat,2026-03-25 09:07:15+00:00
Amina Mustafa,mabebe,group_chat,2026-03-25 09:08:40+00:00
Amina Mustafa,jdubois,group_chat,2026-03-25 09:08:40+00:00
Amina Mustafa,rchowdhury,group_chat,2026-03-25 09:08:40+00:00
Amina Mustafa,amustafa,group_chat,2026-03-25 09:08:40+00:00
Amina Mustafa,nkhatri,group_chat,2026-03-25 09:08:40+00:00
Mandla Abebe,mabebe,group_chat,2026-03-25 09:09:05+00:00
Mandla Abebe,jdubois,group_chat,2026-03-25 09:09:05+00:00
Mandla Abebe,rchowdhury,group_chat,2026-03-25 09:09:05+00:00
Mandla Abebe,amustafa,group_chat,2026-03-25 09:09:05+00:00
Mandla Abebe,nkhatri,group_chat,2026-03-25 09:09:05+00:00
Neha Khatri,mabebe,group_chat,2026-03-25 09:12:30+00:00
Neha Khatri,jdubois,group_chat,2026-03-25 09:12:30+00:00
Neha Khatri,rchowdhury,group_chat,2026-03-25 09:12:30+00:00
Neha Khatri,amustafa,group_chat,2026-03-25 09:12:30+00:00
Neha Khatri,nkhatri,group_chat,2026-03-25 09:12:30+00:00
Jacqueline Dubois,mabebe,group_chat,2026-03-25 09:12:50+00:00
Jacqueline Dubois,jdubois,group_chat,2026-03-25 09:12:50+00:00
Jacqueline Dubois,rchowdhury,group_chat,2026-03-25 09:12:50+00:00
Jacqueline Dubois,amustafa,group_chat,2026-03-25 09:12:50+00:00
Jacqueline Dubois,nkhatri,group_chat,2026-03-25 09:12:50+00:00
Amina Mustafa,mabebe,group_chat,2026-03-25 09:13:05+00:00
Amina Mustafa,jdubois,group_chat,2026-03-25 09:13:05+00:00
Amina Mustafa,rchowdhury,group_chat,2026-03-25 09:13:05+00:00
Amina Mustafa,amustafa,group_chat,2026-03-25 09:13:05+00:00
Amina Mustafa,nkhatri,group_chat,2026-03-25 09:13:05+00:00
Mariana Garcia,mgarcia,group_chat,2026-03-25 10:02:12+00:00
Mariana Garcia,rmensah,group_chat,2026-03-25 10:02:12+00:00
Mariana Garcia,fpereira,group_chat,2026-03-25 10:02:12+00:00
Mariana Garcia,adeyokonkwo,group_chat,2026-03-25 10:02:12+00:00
Mariana Garcia,msharif,group_chat,2026-03-25 10:02:12+00:00
Rose Mensah,mgarcia,group_chat,2026-03-25 10:02:30+00:00
Rose Mensah,rmensah,group_chat,2026-03-25 10:02:30+00:00
Rose Mensah,fpereira,group_chat,2026-03-25 10:02:30+00:00
Rose Mensah,adeyokonkwo,group_chat,2026-03-25 10:02:30+00:00
Rose Mensah,msharif,group_chat,2026-03-25 10:02:30+00:00
Fabiana Pereira,mgarcia,group_chat,2026-03-25 10:02:45+00:00
Fabiana Pereira,rmensah,group_chat,2026-03-25 10:02:45+00:00
Fabiana Pereira,fpereira,group_chat,2026-03-25 10:02:45+00:00
Fabiana Pereira,adeyokonkwo,group_chat,2026-03-25 10:02:45+00:00
Fabiana Pereira,msharif,group_chat,2026-03-25 10:02:45+00:00
Ade Okonkwo,mgarcia,group_chat,2026-03-25 10:03:10+00:00
Ade Okonkwo,rmensah,group_chat,2026-03-25 10:03:10+00:00
Ade Okonkwo,fpereira,group_chat,2026-03-25 10:03:10+00:00
Ade Okonkwo,adeyokonkwo,group_chat,2026-03-25 10:03:10+00:00
Ade Okonkwo,msharif,group_chat,2026-03-25 10:03:10+00:00
Mona Sharif,mgarcia,group_chat,2026-03-25 10:03:30+00:00
Mona Sharif,rmensah,group_chat,2026-03-25 10:03:30+00:00
Mona Sharif,fpereira,group_chat,2026-03-25 10:03:30+00:00
Mona Sharif,adeyokonkwo,group_chat,2026-03-25 10:03:30+00:00
Mona Sharif,msharif,group_chat,2026-03-25 10:03:30+00:00
Rose Mensah,mgarcia,group_chat,2026-03-25 10:03:45+00:00
Rose Mensah,rmensah,group_chat,2026-03-25 10:03:45+00:00
Rose Mensah,fpereira,group_chat,2026-03-25 10:03:45+00:00
Rose Mensah,adeyokonkwo,group_chat,2026-03-25 10:03:45+00:00
Rose Mensah,msharif,group_chat,2026-03-25 10:03:45+00:00
Mariana Garcia,mgarcia,group_chat,2026-03-25 10:04:00+00:00
Mariana Garcia,rmensah,group_chat,2026-03-25 10:04:00+00:00
Mariana Garcia,fpereira,group_chat,2026-03-25 10:04:00+00:00
Mariana Garcia,adeyokonkwo,group_chat,2026-03-25 10:04:00+00:00
Mariana Garcia,msharif,group_chat,2026-03-25 10:04:00+00:00
Fabiana Pereira,mgarcia,group_chat,2026-03-25 10:04:30+00:00
Fabiana Pereira,rmensah,group_chat,2026-03-25 10:04:30+00:00
Fabiana Pereira,fpereira,group_chat,2026-03-25 10:04:30+00:00
Fabiana Pereira,adeyokonkwo,group_chat,2026-03-25 10:04:30+00:00
Fabiana Pereira,msharif,group_chat,2026-03-25 10:04:30+00:00
Ade Okonkwo,mgarcia,group_chat,2026-03-25 10:04:45+00:00
Ade Okonkwo,rmensah,group_chat,2026-03-25 10:04:45+00:00
Ade Okonkwo,fpereira,group_chat,2026-03-25 10:04:45+00:00
Ade Okonkwo,adeyokonkwo,group_chat,2026-03-25 10:04:45+00:00
Ade Okonkwo,msharif,group_chat,2026-03-25 10:04:45+00:00
Mona Sharif,mgarcia,group_chat,2026-03-25 10:05:00+00:00
Mona Sharif,rmensah,group_chat,2026-03-25 10:05:00+00:00
Mona Sharif,fpereira,group_chat,2026-03-25 10:05:00+00:00
Mona Sharif,adeyokonkwo,group_chat,2026-03-25 10:05:00+00:00
Mona Sharif,msharif,group_chat,2026-03-25 10:05:00+00:00
Rose Mensah,mgarcia,group_chat,2026-03-25 10:05:15+00:00
Rose Mensah,rmensah,group_chat,2026-03-25 10:05:15+00:00
Rose Mensah,fpereira,group_chat,2026-03-25 10:05:15+00:00
Rose Mensah,adeyokonkwo,group_chat,2026-03-25 10:05:15+00:00
Rose Mensah,msharif,group_chat,2026-03-25 10:05:15+00:00
Mariana Garcia,mgarcia,group_chat,2026-03-25 10:05:30+00:00
Mariana Garcia,rmensah,group_chat,2026-03-25 10:05:30+00:00
Mariana Garcia,fpereira,group_chat,2026-03-25 10:05:30+00:00
Mariana Garcia,adeyokonkwo,group_chat,2026-03-25 10:05:30+00:00
Mariana Garcia,msharif,group_chat,2026-03-25 10:05:30+00:00
Fabiana Pereira,mgarcia,group_chat,2026-03-25 10:05:40+00:00
Fabiana Pereira,rmensah,group_chat,2026-03-25 10:05:40+00:00
Fabiana Pereira,fpereira,group_chat,2026-03-25 10:05:40+00:00
Fabiana Pereira,adeyokonkwo,group_chat,2026-03-25 10:05:40+00:00
Fabiana Pereira,msharif,group_chat,2026-03-25 10:05:40+00:00
Rose Mensah,mgarcia,group_chat,2026-03-25 10:06:00+00:00
Rose Mensah,rmensah,group_chat,2026-03-25 10:06:00+00:00
Rose Mensah,fpereira,group_chat,2026-03-25 10:06:00+00:00
Rose Mensah,adeyokonkwo,group_chat,2026-03-25 10:06:00+00:00
Rose Mensah,msharif,group_chat,2026-03-25 10:06:00+00:00
Ade Okonkwo,mgarcia,group_chat,2026-03-25 10:06:20+00:00
Ade Okonkwo,rmensah,group_chat,2026-03-25 10:06:20+00:00
Ade Okonkwo,fpereira,group_chat,2026-03-25 10:06:20+00:00
Ade Okonkwo,adeyokonkwo,group_chat,2026-03-25 10:06:20+00:00
Ade Okonkwo,msharif,group_chat,2026-03-25 10:06:20+00:00
Mona Sharif,mgarcia,group_chat,2026-03-25 10:06:35+00:00
Mona Sharif,rmensah,group_chat,2026-03-25 10:06:35+00:00
Mona Sharif,fpereira,group_chat,2026-03-25 10:06:35+00:00
Mona Sharif,adeyokonkwo,group_chat,2026-03-25 10:06:35+00:00
Mona Sharif,msharif,group_chat,2026-03-25 10:06:35+00:00
Fabiana Pereira,mgarcia,group_chat,2026-03-25 10:07:00+00:00
Fabiana Pereira,rmensah,group_chat,2026-03-25 10:07:00+00:00
Fabiana Pereira,fpereira,group_chat,2026-03-25 10:07:00+00:00
Fabiana Pereira,adeyokonkwo,group_chat,2026-03-25 10:07:00+00:00
Fabiana Pereira,msharif,group_chat,2026-03-25 10:07:00+00:00
Mariana Garcia,mgarcia,group_chat,2026-03-25 10:07:15+00:00
Mariana Garcia,rmensah,group_chat,2026-03-25 10:07:15+00:00
Mariana Garcia,fpereira,group_chat,2026-03-25 10:07:15+00:00
Mariana Garcia,adeyokonkwo,group_chat,2026-03-25 10:07:15+00:00
Mariana Garcia,msharif,group_chat,2026-03-25 10:07:15+00:00
Rose Mensah,mgarcia,group_chat,2026-03-25 10:07:30+00:00
Rose Mensah,rmensah,group_chat,2026-03-25 10:07:30+00:00
Rose Mensah,fpereira,group_chat,2026-03-25 10:07:30+00:00
Rose Mensah,adeyokonkwo,group_chat,2026-03-25 10:07:30+00:00
Rose Mensah,msharif,group_chat,2026-03-25 10:07:30+00:00
Fabiana Pereira,mgarcia,group_chat,2026-03-25 10:07:45+00:00
Fabiana Pereira,rmensah,group_chat,2026-03-25 10:07:45+00:00
Fabiana Pereira,fpereira,group_chat,2026-03-25 10:07:45+00:00
Fabiana Pereira,adeyokonkwo,group_chat,2026-03-25 10:07:45+00:00
Fabiana Pereira,msharif,group_chat,2026-03-25 10:07:45+00:00
Takeshi Sato,tsato,group_chat,2026-03-26 10:02:15+00:00
Takeshi Sato,jhassan,group_chat,2026-03-26 10:02:15+00:00
Takeshi Sato,tkobayashi,group_chat,2026-03-26 10:02:15+00:00
Takeshi Sato,hwang,group_chat,2026-03-26 10:02:15+00:00
Takeshi Sato,rprasad,group_chat,2026-03-26 10:02:15+00:00
Jamal Hassan,tsato,group_chat,2026-03-26 10:03:02+00:00
Jamal Hassan,jhassan,group_chat,2026-03-26 10:03:02+00:00
Jamal Hassan,tkobayashi,group_chat,2026-03-26 10:03:02+00:00
Jamal Hassan,hwang,group_chat,2026-03-26 10:03:02+00:00
Jamal Hassan,rprasad,group_chat,2026-03-26 10:03:02+00:00
Taro Kobayashi,tsato,group_chat,2026-03-26 10:03:29+00:00
Taro Kobayashi,jhassan,group_chat,2026-03-26 10:03:29+00:00
Taro Kobayashi,tkobayashi,group_chat,2026-03-26 10:03:29+00:00
Taro Kobayashi,hwang,group_chat,2026-03-26 10:03:29+00:00
Taro Kobayashi,rprasad,group_chat,2026-03-26 10:03:29+00:00
Hyun-Jae Wang,tsato,group_chat,2026-03-26 10:03:58+00:00
Hyun-Jae Wang,jhassan,group_chat,2026-03-26 10:03:58+00:00
Hyun-Jae Wang,tkobayashi,group_chat,2026-03-26 10:03:58+00:00
Hyun-Jae Wang,hwang,group_chat,2026-03-26 10:03:58+00:00
Hyun-Jae Wang,rprasad,group_chat,2026-03-26 10:03:58+00:00
Takeshi Sato,tsato,group_chat,2026-03-26 10:04:15+00:00
Takeshi Sato,jhassan,group_chat,2026-03-26 10:04:15+00:00
Takeshi Sato,tkobayashi,group_chat,2026-03-26 10:04:15+00:00
Takeshi Sato,hwang,group_chat,2026-03-26 10:04:15+00:00
Takeshi Sato,rprasad,group_chat,2026-03-26 10:04:15+00:00
Jamal Hassan,tsato,group_chat,2026-03-26 10:04:45+00:00
Jamal Hassan,jhassan,group_chat,2026-03-26 10:04:45+00:00
Jamal Hassan,tkobayashi,group_chat,2026-03-26 10:04:45+00:00
Jamal Hassan,hwang,group_chat,2026-03-26 10:04:45+00:00
Jamal Hassan,rprasad,group_chat,2026-03-26 10:04:45+00:00
Rohit Prasad,tsato,group_chat,2026-03-26 10:05:02+00:00
Rohit Prasad,jhassan,group_chat,2026-03-26 10:05:02+00:00
Rohit Prasad,tkobayashi,group_chat,2026-03-26 10:05:02+00:00
Rohit Prasad,hwang,group_chat,2026-03-26 10:05:02+00:00
Rohit Prasad,rprasad,group_chat,2026-03-26 10:05:02+00:00
Taro Kobayashi,tsato,group_chat,2026-03-26 10:05:15+00:00
Taro Kobayashi,jhassan,group_chat,2026-03-26 10:05:15+00:00
Taro Kobayashi,tkobayashi,group_chat,2026-03-26 10:05:15+00:00
Taro Kobayashi,hwang,group_chat,2026-03-26 10:05:15+00:00
Taro Kobayashi,rprasad,group_chat,2026-03-26 10:05:15+00:00
Taro Kobayashi,tsato,group_chat,2026-03-26 10:06:02+00:00
Taro Kobayashi,jhassan,group_chat,2026-03-26 10:06:02+00:00
Taro Kobayashi,tkobayashi,group_chat,2026-03-26 10:06:02+00:00
Taro Kobayashi,hwang,group_chat,2026-03-26 10:06:02+00:00
Taro Kobayashi,rprasad,group_chat,2026-03-26 10:06:02+00:00
Jamal Hassan,tsato,group_chat,2026-03-26 10:06:28+00:00
Jamal Hassan,jhassan,group_chat,2026-03-26 10:06:28+00:00
Jamal Hassan,tkobayashi,group_chat,2026-03-26 10:06:28+00:00
Jamal Hassan,hwang,group_chat,2026-03-26 10:06:28+00:00
Jamal Hassan,rprasad,group_chat,2026-03-26 10:06:28+00:00
Rohit Prasad,tsato,group_chat,2026-03-26 10:06:59+00:00
Rohit Prasad,jhassan,group_chat,2026-03-26 10:06:59+00:00
Rohit Prasad,tkobayashi,group_chat,2026-03-26 10:06:59+00:00
Rohit Prasad,hwang,group_chat,2026-03-26 10:06:59+00:00
Rohit Prasad,rprasad,group_chat,2026-03-26 10:06:59+00:00
Hyun-Jae Wang,tsato,group_chat,2026-03-26 10:07:15+00:00
Hyun-Jae Wang,jhassan,group_chat,2026-03-26 10:07:15+00:00
Hyun-Jae Wang,tkobayashi,group_chat,2026-03-26 10:07:15+00:00
Hyun-Jae Wang,hwang,group_chat,2026-03-26 10:07:15+00:00
Hyun-Jae Wang,rprasad,group_chat,2026-03-26 10:07:15+00:00
Rohit Prasad,tsato,group_chat,2026-03-26 10:07:32+00:00
Rohit Prasad,jhassan,group_chat,2026-03-26 10:07:32+00:00
Rohit Prasad,tkobayashi,group_chat,2026-03-26 10:07:32+00:00
Rohit Prasad,hwang,group_chat,2026-03-26 10:07:32+00:00
Rohit Prasad,rprasad,group_chat,2026-03-26 10:07:32+00:00
Takeshi Sato,tsato,group_chat,2026-03-26 10:07:55+00:00
Takeshi Sato,jhassan,group_chat,2026-03-26 10:07:55+00:00
Takeshi Sato,tkobayashi,group_chat,2026-03-26 10:07:55+00:00
Takeshi Sato,hwang,group_chat,2026-03-26 10:07:55+00:00
Takeshi Sato,rprasad,group_chat,2026-03-26 10:07:55+00:00
Jamal Hassan,tsato,group_chat,2026-03-26 10:08:12+00:00
Jamal Hassan,jhassan,group_chat,2026-03-26 10:08:12+00:00
Jamal Hassan,tkobayashi,group_chat,2026-03-26 10:08:12+00:00
Jamal Hassan,hwang,group_chat,2026-03-26 10:08:12+00:00
Jamal Hassan,rprasad,group_chat,2026-03-26 10:08:12+00:00
Taro Kobayashi,tsato,group_chat,2026-03-26 10:08:45+00:00
Taro Kobayashi,jhassan,group_chat,2026-03-26 10:08:45+00:00
Taro Kobayashi,tkobayashi,group_chat,2026-03-26 10:08:45+00:00
Taro Kobayashi,hwang,group_chat,2026-03-26 10:08:45+00:00
Taro Kobayashi,rprasad,group_chat,2026-03-26 10:08:45+00:00
Takeshi Sato,tsato,group_chat,2026-03-26 10:09:12+00:00
Takeshi Sato,jhassan,group_chat,2026-03-26 10:09:12+00:00
Takeshi Sato,tkobayashi,group_chat,2026-03-26 10:09:12+00:00
Takeshi Sato,hwang,group_chat,2026-03-26 10:09:12+00:00
Takeshi Sato,rprasad,group_chat,2026-03-26 10:09:12+00:00
Rohit Prasad,tsato,group_chat,2026-03-26 10:35:22+00:00
Rohit Prasad,jhassan,group_chat,2026-03-26 10:35:22+00:00
Rohit Prasad,tkobayashi,group_chat,2026-03-26 10:35:22+00:00
Rohit Prasad,hwang,group_chat,2026-03-26 10:35:22+00:00
Rohit Prasad,rprasad,group_chat,2026-03-26 10:35:22+00:00
Hyun-Jae Wang,tsato,group_chat,2026-03-26 10:36:01+00:00
Hyun-Jae Wang,jhassan,group_chat,2026-03-26 10:36:01+00:00
Hyun-Jae Wang,tkobayashi,group_chat,2026-03-26 10:36:01+00:00
Hyun-Jae Wang,hwang,group_chat,2026-03-26 10:36:01+00:00
Hyun-Jae Wang,rprasad,group_chat,2026-03-26 10:36:01+00:00
Jamal Hassan,tsato,group_chat,2026-03-26 10:37:45+00:00
Jamal Hassan,jhassan,group_chat,2026-03-26 10:37:45+00:00
Jamal Hassan,tkobayashi,group_chat,2026-03-26 10:37:45+00:00
Jamal Hassan,hwang,group_chat,2026-03-26 10:37:45+00:00
Jamal Hassan,rprasad,group_chat,2026-03-26 10:37:45+00:00
Taro Kobayashi,tsato,group_chat,2026-03-26 10:38:22+00:00
Taro Kobayashi,jhassan,group_chat,2026-03-26 10:38:22+00:00
Taro Kobayashi,tkobayashi,group_chat,2026-03-26 10:38:22+00:00
Taro Kobayashi,hwang,group_chat,2026-03-26 10:38:22+00:00
Taro Kobayashi,rprasad,group_chat,2026-03-26 10:38:22+00:00
Hyun-Jae Wang,tsato,group_chat,2026-03-26 10:50:11+00:00
Hyun-Jae Wang,jhassan,group_chat,2026-03-26 10:50:11+00:00
Hyun-Jae Wang,tkobayashi,group_chat,2026-03-26 10:50:11+00:00
Hyun-Jae Wang,hwang,group_chat,2026-03-26 10:50:11+00:00
Hyun-Jae Wang,rprasad,group_chat,2026-03-26 10:50:11+00:00
Rohit Prasad,tsato,group_chat,2026-03-26 10:51:45+00:00
Rohit Prasad,jhassan,group_chat,2026-03-26 10:51:45+00:00
Rohit Prasad,tkobayashi,group_chat,2026-03-26 10:51:45+00:00
Rohit Prasad,hwang,group_chat,2026-03-26 10:51:45+00:00
Rohit Prasad,rprasad,group_chat,2026-03-26 10:51:45+00:00
Takeshi Sato,tsato,group_chat,2026-03-26 10:52:32+00:00
Takeshi Sato,jhassan,group_chat,2026-03-26 10:52:32+00:00
Takeshi Sato,tkobayashi,group_chat,2026-03-26 10:52:32+00:00
Takeshi Sato,hwang,group_chat,2026-03-26 10:52:32+00:00
Takeshi Sato,rprasad,group_chat,2026-03-26 10:52:32+00:00
Amélie Dubois,adubois,group_chat,2026-03-26 09:03:12+00:00
Amélie Dubois,lzhang,group_chat,2026-03-26 09:03:12+00:00
Amélie Dubois,mgarcia,group_chat,2026-03-26 09:03:12+00:00
Amélie Dubois,jdubois,group_chat,2026-03-26 09:03:12+00:00
Amélie Dubois,msharif,group_chat,2026-03-26 09:03:12+00:00
Liang Zhang,adubois,group_chat,2026-03-26 09:04:30+00:00
Liang Zhang,lzhang,group_chat,2026-03-26 09:04:30+00:00
Liang Zhang,mgarcia,group_chat,2026-03-26 09:04:30+00:00
Liang Zhang,jdubois,group_chat,2026-03-26 09:04:30+00:00
Liang Zhang,msharif,group_chat,2026-03-26 09:04:30+00:00
Mariana Garcia,adubois,group_chat,2026-03-26 09:05:45+00:00
Mariana Garcia,lzhang,group_chat,2026-03-26 09:05:45+00:00
Mariana Garcia,mgarcia,group_chat,2026-03-26 09:05:45+00:00
Mariana Garcia,jdubois,group_chat,2026-03-26 09:05:45+00:00
Mariana Garcia,msharif,group_chat,2026-03-26 09:05:45+00:00
Jacqueline Dubois,adubois,group_chat,2026-03-26 09:06:20+00:00
Jacqueline Dubois,lzhang,group_chat,2026-03-26 09:06:20+00:00
Jacqueline Dubois,mgarcia,group_chat,2026-03-26 09:06:20+00:00
Jacqueline Dubois,jdubois,group_chat,2026-03-26 09:06:20+00:00
Jacqueline Dubois,msharif,group_chat,2026-03-26 09:06:20+00:00
Mona Sharif,adubois,group_chat,2026-03-26 09:07:10+00:00
Mona Sharif,lzhang,group_chat,2026-03-26 09:07:10+00:00
Mona Sharif,mgarcia,group_chat,2026-03-26 09:07:10+00:00
Mona Sharif,jdubois,group_chat,2026-03-26 09:07:10+00:00
Mona Sharif,msharif,group_chat,2026-03-26 09:07:10+00:00
Liang Zhang,adubois,group_chat,2026-03-26 09:07:55+00:00
Liang Zhang,lzhang,group_chat,2026-03-26 09:07:55+00:00
Liang Zhang,mgarcia,group_chat,2026-03-26 09:07:55+00:00
Liang Zhang,jdubois,group_chat,2026-03-26 09:07:55+00:00
Liang Zhang,msharif,group_chat,2026-03-26 09:07:55+00:00
Amélie Dubois,adubois,group_chat,2026-03-26 09:08:30+00:00
Amélie Dubois,lzhang,group_chat,2026-03-26 09:08:30+00:00
Amélie Dubois,mgarcia,group_chat,2026-03-26 09:08:30+00:00
Amélie Dubois,jdubois,group_chat,2026-03-26 09:08:30+00:00
Amélie Dubois,msharif,group_chat,2026-03-26 09:08:30+00:00
Mariana Garcia,adubois,group_chat,2026-03-26 09:09:10+00:00
Mariana Garcia,lzhang,group_chat,2026-03-26 09:09:10+00:00
Mariana Garcia,mgarcia,group_chat,2026-03-26 09:09:10+00:00
Mariana Garcia,jdubois,group_chat,2026-03-26 09:09:10+00:00
Mariana Garcia,msharif,group_chat,2026-03-26 09:09:10+00:00
Jacqueline Dubois,adubois,group_chat,2026-03-26 09:09:45+00:00
Jacqueline Dubois,lzhang,group_chat,2026-03-26 09:09:45+00:00
Jacqueline Dubois,mgarcia,group_chat,2026-03-26 09:09:45+00:00
Jacqueline Dubois,jdubois,group_chat,2026-03-26 09:09:45+00:00
Jacqueline Dubois,msharif,group_chat,2026-03-26 09:09:45+00:00
Mariana Garcia,adubois,group_chat,2026-03-26 09:10:15+00:00
Mariana Garcia,lzhang,group_chat,2026-03-26 09:10:15+00:00
Mariana Garcia,mgarcia,group_chat,2026-03-26 09:10:15+00:00
Mariana Garcia,jdubois,group_chat,2026-03-26 09:10:15+00:00
Mariana Garcia,msharif,group_chat,2026-03-26 09:10:15+00:00
Mona Sharif,adubois,group_chat,2026-03-26 09:11:00+00:00
Mona Sharif,lzhang,group_chat,2026-03-26 09:11:00+00:00
Mona Sharif,mgarcia,group_chat,2026-03-26 09:11:00+00:00
Mona Sharif,jdubois,group_chat,2026-03-26 09:11:00+00:00
Mona Sharif,msharif,group_chat,2026-03-26 09:11:00+00:00
Amélie Dubois,adubois,group_chat,2026-03-26 09:11:50+00:00
Amélie Dubois,lzhang,group_chat,2026-03-26 09:11:50+00:00
Amélie Dubois,mgarcia,group_chat,2026-03-26 09:11:50+00:00
Amélie Dubois,jdubois,group_chat,2026-03-26 09:11:50+00:00
Amélie Dubois,msharif,group_chat,2026-03-26 09:11:50+00:00
Liang Zhang,adubois,group_chat,2026-03-26 09:12:10+00:00
Liang Zhang,lzhang,group_chat,2026-03-26 09:12:10+00:00
Liang Zhang,mgarcia,group_chat,2026-03-26 09:12:10+00:00
Liang Zhang,jdubois,group_chat,2026-03-26 09:12:10+00:00
Liang Zhang,msharif,group_chat,2026-03-26 09:12:10+00:00
Jacqueline Dubois,adubois,group_chat,2026-03-26 09:13:05+00:00
Jacqueline Dubois,lzhang,group_chat,2026-03-26 09:13:05+00:00
Jacqueline Dubois,mgarcia,group_chat,2026-03-26 09:13:05+00:00
Jacqueline Dubois,jdubois,group_chat,2026-03-26 09:13:05+00:00
Jacqueline Dubois,msharif,group_chat,2026-03-26 09:13:05+00:00
Mariana Garcia,adubois,group_chat,2026-03-26 09:13:45+00:00
Mariana Garcia,lzhang,group_chat,2026-03-26 09:13:45+00:00
Mariana Garcia,mgarcia,group_chat,2026-03-26 09:13:45+00:00
Mariana Garcia,jdubois,group_chat,2026-03-26 09:13:45+00:00
Mariana Garcia,msharif,group_chat,2026-03-26 09:13:45+00:00
Mona Sharif,adubois,group_chat,2026-03-26 09:14:20+00:00
Mona Sharif,lzhang,group_chat,2026-03-26 09:14:20+00:00
Mona Sharif,mgarcia,group_chat,2026-03-26 09:14:20+00:00
Mona Sharif,jdubois,group_chat,2026-03-26 09:14:20+00:00
Mona Sharif,msharif,group_chat,2026-03-26 09:14:20+00:00
Amélie Dubois,adubois,group_chat,2026-03-26 09:15:00+00:00
Amélie Dubois,lzhang,group_chat,2026-03-26 09:15:00+00:00
Amélie Dubois,mgarcia,group_chat,2026-03-26 09:15:00+00:00
Amélie Dubois,jdubois,group_chat,2026-03-26 09:15:00+00:00
Amélie Dubois,msharif,group_chat,2026-03-26 09:15:00+00:00
Liang Zhang,adubois,group_chat,2026-03-26 09:16:30+00:00
Liang Zhang,lzhang,group_chat,2026-03-26 09:16:30+00:00
Liang Zhang,mgarcia,group_chat,2026-03-26 09:16:30+00:00
Liang Zhang,jdubois,group_chat,2026-03-26 09:16:30+00:00
Liang Zhang,msharif,group_chat,2026-03-26 09:16:30+00:00
Jacqueline Dubois,adubois,group_chat,2026-03-26 09:17:10+00:00
Jacqueline Dubois,lzhang,group_chat,2026-03-26 09:17:10+00:00
Jacqueline Dubois,mgarcia,group_chat,2026-03-26 09:17:10+00:00
Jacqueline Dubois,jdubois,group_chat,2026-03-26 09:17:10+00:00
Jacqueline Dubois,msharif,group_chat,2026-03-26 09:17:10+00:00
Mariana Garcia,adubois,group_chat,2026-03-26 09:17:45+00:00
Mariana Garcia,lzhang,group_chat,2026-03-26 09:17:45+00:00
Mariana Garcia,mgarcia,group_chat,2026-03-26 09:17:45+00:00
Mariana Garcia,jdubois,group_chat,2026-03-26 09:17:45+00:00
Mariana Garcia,msharif,group_chat,2026-03-26 09:17:45+00:00
Mona Sharif,adubois,group_chat,2026-03-26 09:18:20+00:00
Mona Sharif,lzhang,group_chat,2026-03-26 09:18:20+00:00
Mona Sharif,mgarcia,group_chat,2026-03-26 09:18:20+00:00
Mona Sharif,jdubois,group_chat,2026-03-26 09:18:20+00:00
Mona Sharif,msharif,group_chat,2026-03-26 09:18:20+00:00
Amélie Dubois,adubois,group_chat,2026-03-26 09:18:55+00:00
Amélie Dubois,lzhang,group_chat,2026-03-26 09:18:55+00:00
Amélie Dubois,mgarcia,group_chat,2026-03-26 09:18:55+00:00
Amélie Dubois,jdubois,group_chat,2026-03-26 09:18:55+00:00
Amélie Dubois,msharif,group_chat,2026-03-26 09:18:55+00:00
Liang Zhang,adubois,group_chat,2026-03-26 09:19:15+00:00
Liang Zhang,lzhang,group_chat,2026-03-26 09:19:15+00:00
Liang Zhang,mgarcia,group_chat,2026-03-26 09:19:15+00:00
Liang Zhang,jdubois,group_chat,2026-03-26 09:19:15+00:00
Liang Zhang,msharif,group_chat,2026-03-26 09:19:15+00:00
mariana_garcia,mgarcia,group_chat,2026-03-26 09:12:45+00:00
mariana_garcia,rchowdhury,group_chat,2026-03-26 09:12:45+00:00
mariana_garcia,carlosgarcia,group_chat,2026-03-26 09:12:45+00:00
mariana_garcia,knguyen,group_chat,2026-03-26 09:12:45+00:00
mariana_garcia,lrossi,group_chat,2026-03-26 09:12:45+00:00
carlos_garcia,mgarcia,group_chat,2026-03-26 09:13:12+00:00
carlos_garcia,rchowdhury,group_chat,2026-03-26 09:13:12+00:00
carlos_garcia,carlosgarcia,group_chat,2026-03-26 09:13:12+00:00
carlos_garcia,knguyen,group_chat,2026-03-26 09:13:12+00:00
carlos_garcia,lrossi,group_chat,2026-03-26 09:13:12+00:00
ritika_chowdhury,mgarcia,group_chat,2026-03-26 09:13:45+00:00
ritika_chowdhury,rchowdhury,group_chat,2026-03-26 09:13:45+00:00
ritika_chowdhury,carlosgarcia,group_chat,2026-03-26 09:13:45+00:00
ritika_chowdhury,knguyen,group_chat,2026-03-26 09:13:45+00:00
ritika_chowdhury,lrossi,group_chat,2026-03-26 09:13:45+00:00
khoi_nguyen,mgarcia,group_chat,2026-03-26 09:14:10+00:00
khoi_nguyen,rchowdhury,group_chat,2026-03-26 09:14:10+00:00
khoi_nguyen,carlosgarcia,group_chat,2026-03-26 09:14:10+00:00
khoi_nguyen,knguyen,group_chat,2026-03-26 09:14:10+00:00
khoi_nguyen,lrossi,group_chat,2026-03-26 09:14:10+00:00
luca_rossi,mgarcia,group_chat,2026-03-26 09:14:32+00:00
luca_rossi,rchowdhury,group_chat,2026-03-26 09:14:32+00:00
luca_rossi,carlosgarcia,group_chat,2026-03-26 09:14:32+00:00
luca_rossi,knguyen,group_chat,2026-03-26 09:14:32+00:00
luca_rossi,lrossi,group_chat,2026-03-26 09:14:32+00:00
mariana_garcia,mgarcia,group_chat,2026-03-26 09:14:58+00:00
mariana_garcia,rchowdhury,group_chat,2026-03-26 09:14:58+00:00
mariana_garcia,carlosgarcia,group_chat,2026-03-26 09:14:58+00:00
mariana_garcia,knguyen,group_chat,2026-03-26 09:14:58+00:00
mariana_garcia,lrossi,group_chat,2026-03-26 09:14:58+00:00
ritika_chowdhury,mgarcia,group_chat,2026-03-26 09:15:20+00:00
ritika_chowdhury,rchowdhury,group_chat,2026-03-26 09:15:20+00:00
ritika_chowdhury,carlosgarcia,group_chat,2026-03-26 09:15:20+00:00
ritika_chowdhury,knguyen,group_chat,2026-03-26 09:15:20+00:00
ritika_chowdhury,lrossi,group_chat,2026-03-26 09:15:20+00:00
carlos_garcia,mgarcia,group_chat,2026-03-26 09:15:45+00:00
carlos_garcia,rchowdhury,group_chat,2026-03-26 09:15:45+00:00
carlos_garcia,carlosgarcia,group_chat,2026-03-26 09:15:45+00:00
carlos_garcia,knguyen,group_chat,2026-03-26 09:15:45+00:00
carlos_garcia,lrossi,group_chat,2026-03-26 09:15:45+00:00
khoi_nguyen,mgarcia,group_chat,2026-03-26 09:16:12+00:00
khoi_nguyen,rchowdhury,group_chat,2026-03-26 09:16:12+00:00
khoi_nguyen,carlosgarcia,group_chat,2026-03-26 09:16:12+00:00
khoi_nguyen,knguyen,group_chat,2026-03-26 09:16:12+00:00
khoi_nguyen,lrossi,group_chat,2026-03-26 09:16:12+00:00
luca_rossi,mgarcia,group_chat,2026-03-26 09:16:32+00:00
luca_rossi,rchowdhury,group_chat,2026-03-26 09:16:32+00:00
luca_rossi,carlosgarcia,group_chat,2026-03-26 09:16:32+00:00
luca_rossi,knguyen,group_chat,2026-03-26 09:16:32+00:00
luca_rossi,lrossi,group_chat,2026-03-26 09:16:32+00:00
mariana_garcia,mgarcia,group_chat,2026-03-26 09:17:05+00:00
mariana_garcia,rchowdhury,group_chat,2026-03-26 09:17:05+00:00
mariana_garcia,carlosgarcia,group_chat,2026-03-26 09:17:05+00:00
mariana_garcia,knguyen,group_chat,2026-03-26 09:17:05+00:00
mariana_garcia,lrossi,group_chat,2026-03-26 09:17:05+00:00
ritika_chowdhury,mgarcia,group_chat,2026-03-26 09:17:32+00:00
ritika_chowdhury,rchowdhury,group_chat,2026-03-26 09:17:32+00:00
ritika_chowdhury,carlosgarcia,group_chat,2026-03-26 09:17:32+00:00
ritika_chowdhury,knguyen,group_chat,2026-03-26 09:17:32+00:00
ritika_chowdhury,lrossi,group_chat,2026-03-26 09:17:32+00:00
carlos_garcia,mgarcia,group_chat,2026-03-26 09:18:05+00:00
carlos_garcia,rchowdhury,group_chat,2026-03-26 09:18:05+00:00
carlos_garcia,carlosgarcia,group_chat,2026-03-26 09:18:05+00:00
carlos_garcia,knguyen,group_chat,2026-03-26 09:18:05+00:00
carlos_garcia,lrossi,group_chat,2026-03-26 09:18:05+00:00
khoi_nguyen,mgarcia,group_chat,2026-03-26 09:18:32+00:00
khoi_nguyen,rchowdhury,group_chat,2026-03-26 09:18:32+00:00
khoi_nguyen,carlosgarcia,group_chat,2026-03-26 09:18:32+00:00
khoi_nguyen,knguyen,group_chat,2026-03-26 09:18:32+00:00
khoi_nguyen,lrossi,group_chat,2026-03-26 09:18:32+00:00
luca_rossi,mgarcia,group_chat,2026-03-26 09:18:55+00:00
luca_rossi,rchowdhury,group_chat,2026-03-26 09:18:55+00:00
luca_rossi,carlosgarcia,group_chat,2026-03-26 09:18:55+00:00
luca_rossi,knguyen,group_chat,2026-03-26 09:18:55+00:00
luca_rossi,lrossi,group_chat,2026-03-26 09:18:55+00:00
mariana_garcia,mgarcia,group_chat,2026-03-26 09:19:12+00:00
mariana_garcia,rchowdhury,group_chat,2026-03-26 09:19:12+00:00
mariana_garcia,carlosgarcia,group_chat,2026-03-26 09:19:12+00:00
mariana_garcia,knguyen,group_chat,2026-03-26 09:19:12+00:00
mariana_garcia,lrossi,group_chat,2026-03-26 09:19:12+00:00
ritika_chowdhury,mgarcia,group_chat,2026-03-26 09:19:35+00:00
ritika_chowdhury,rchowdhury,group_chat,2026-03-26 09:19:35+00:00
ritika_chowdhury,carlosgarcia,group_chat,2026-03-26 09:19:35+00:00
ritika_chowdhury,knguyen,group_chat,2026-03-26 09:19:35+00:00
ritika_chowdhury,lrossi,group_chat,2026-03-26 09:19:35+00:00
mariana_garcia,mgarcia,group_chat,2026-03-26 09:19:50+00:00
mariana_garcia,rchowdhury,group_chat,2026-03-26 09:19:50+00:00
mariana_garcia,carlosgarcia,group_chat,2026-03-26 09:19:50+00:00
mariana_garcia,knguyen,group_chat,2026-03-26 09:19:50+00:00
mariana_garcia,lrossi,group_chat,2026-03-26 09:19:50+00:00
carlos_garcia,mgarcia,group_chat,2026-03-26 09:20:05+00:00
carlos_garcia,rchowdhury,group_chat,2026-03-26 09:20:05+00:00
carlos_garcia,carlosgarcia,group_chat,2026-03-26 09:20:05+00:00
carlos_garcia,knguyen,group_chat,2026-03-26 09:20:05+00:00
carlos_garcia,lrossi,group_chat,2026-03-26 09:20:05+00:00
khoi_nguyen,mgarcia,group_chat,2026-03-26 09:20:25+00:00
khoi_nguyen,rchowdhury,group_chat,2026-03-26 09:20:25+00:00
khoi_nguyen,carlosgarcia,group_chat,2026-03-26 09:20:25+00:00
khoi_nguyen,knguyen,group_chat,2026-03-26 09:20:25+00:00
khoi_nguyen,lrossi,group_chat,2026-03-26 09:20:25+00:00
Jamal Okonkwo,jokonkwo,group_chat,2026-03-26 14:05:00+00:00
Jamal Okonkwo,mabebe,group_chat,2026-03-26 14:05:00+00:00
Jamal Okonkwo,jdubois,group_chat,2026-03-26 14:05:00+00:00
Jamal Okonkwo,cndlovu,group_chat,2026-03-26 14:05:00+00:00
Jacqueline Dubois,jokonkwo,group_chat,2026-03-26 14:06:15+00:00
Jacqueline Dubois,mabebe,group_chat,2026-03-26 14:06:15+00:00
Jacqueline Dubois,jdubois,group_chat,2026-03-26 14:06:15+00:00
Jacqueline Dubois,cndlovu,group_chat,2026-03-26 14:06:15+00:00
Mandla Abebe,jokonkwo,group_chat,2026-03-26 14:07:02+00:00
Mandla Abebe,mabebe,group_chat,2026-03-26 14:07:02+00:00
Mandla Abebe,jdubois,group_chat,2026-03-26 14:07:02+00:00
Mandla Abebe,cndlovu,group_chat,2026-03-26 14:07:02+00:00
Chipo Ndlovu,jokonkwo,group_chat,2026-03-26 14:07:45+00:00
Chipo Ndlovu,mabebe,group_chat,2026-03-26 14:07:45+00:00
Chipo Ndlovu,jdubois,group_chat,2026-03-26 14:07:45+00:00
Chipo Ndlovu,cndlovu,group_chat,2026-03-26 14:07:45+00:00
Jamal Okonkwo,jokonkwo,group_chat,2026-03-26 14:08:10+00:00
Jamal Okonkwo,mabebe,group_chat,2026-03-26 14:08:10+00:00
Jamal Okonkwo,jdubois,group_chat,2026-03-26 14:08:10+00:00
Jamal Okonkwo,cndlovu,group_chat,2026-03-26 14:08:10+00:00
Jacqueline Dubois,jokonkwo,group_chat,2026-03-26 14:08:50+00:00
Jacqueline Dubois,mabebe,group_chat,2026-03-26 14:08:50+00:00
Jacqueline Dubois,jdubois,group_chat,2026-03-26 14:08:50+00:00
Jacqueline Dubois,cndlovu,group_chat,2026-03-26 14:08:50+00:00
Chipo Ndlovu,jokonkwo,group_chat,2026-03-26 14:09:22+00:00
Chipo Ndlovu,mabebe,group_chat,2026-03-26 14:09:22+00:00
Chipo Ndlovu,jdubois,group_chat,2026-03-26 14:09:22+00:00
Chipo Ndlovu,cndlovu,group_chat,2026-03-26 14:09:22+00:00
Mandla Abebe,jokonkwo,group_chat,2026-03-26 14:10:05+00:00
Mandla Abebe,mabebe,group_chat,2026-03-26 14:10:05+00:00
Mandla Abebe,jdubois,group_chat,2026-03-26 14:10:05+00:00
Mandla Abebe,cndlovu,group_chat,2026-03-26 14:10:05+00:00
Jamal Okonkwo,jokonkwo,group_chat,2026-03-26 14:10:45+00:00
Jamal Okonkwo,mabebe,group_chat,2026-03-26 14:10:45+00:00
Jamal Okonkwo,jdubois,group_chat,2026-03-26 14:10:45+00:00
Jamal Okonkwo,cndlovu,group_chat,2026-03-26 14:10:45+00:00
Jacqueline Dubois,jokonkwo,group_chat,2026-03-26 14:11:12+00:00
Jacqueline Dubois,mabebe,group_chat,2026-03-26 14:11:12+00:00
Jacqueline Dubois,jdubois,group_chat,2026-03-26 14:11:12+00:00
Jacqueline Dubois,cndlovu,group_chat,2026-03-26 14:11:12+00:00
Chipo Ndlovu,jokonkwo,group_chat,2026-03-26 14:11:50+00:00
Chipo Ndlovu,mabebe,group_chat,2026-03-26 14:11:50+00:00
Chipo Ndlovu,jdubois,group_chat,2026-03-26 14:11:50+00:00
Chipo Ndlovu,cndlovu,group_chat,2026-03-26 14:11:50+00:00
Mandla Abebe,jokonkwo,group_chat,2026-03-26 14:12:30+00:00
Mandla Abebe,mabebe,group_chat,2026-03-26 14:12:30+00:00
Mandla Abebe,jdubois,group_chat,2026-03-26 14:12:30+00:00
Mandla Abebe,cndlovu,group_chat,2026-03-26 14:12:30+00:00
Jacqueline Dubois,jokonkwo,group_chat,2026-03-26 14:13:10+00:00
Jacqueline Dubois,mabebe,group_chat,2026-03-26 14:13:10+00:00
Jacqueline Dubois,jdubois,group_chat,2026-03-26 14:13:10+00:00
Jacqueline Dubois,cndlovu,group_chat,2026-03-26 14:13:10+00:00
Jamal Okonkwo,jokonkwo,group_chat,2026-03-26 14:13:40+00:00
Jamal Okonkwo,mabebe,group_chat,2026-03-26 14:13:40+00:00
Jamal Okonkwo,jdubois,group_chat,2026-03-26 14:13:40+00:00
Jamal Okonkwo,cndlovu,group_chat,2026-03-26 14:13:40+00:00
Mandla Abebe,jokonkwo,group_chat,2026-03-26 14:14:05+00:00
Mandla Abebe,mabebe,group_chat,2026-03-26 14:14:05+00:00
Mandla Abebe,jdubois,group_chat,2026-03-26 14:14:05+00:00
Mandla Abebe,cndlovu,group_chat,2026-03-26 14:14:05+00:00
Chipo Ndlovu,jokonkwo,group_chat,2026-03-26 14:14:30+00:00
Chipo Ndlovu,mabebe,group_chat,2026-03-26 14:14:30+00:00
Chipo Ndlovu,jdubois,group_chat,2026-03-26 14:14:30+00:00
Chipo Ndlovu,cndlovu,group_chat,2026-03-26 14:14:30+00:00
Jacqueline Dubois,jokonkwo,group_chat,2026-03-26 14:15:00+00:00
Jacqueline Dubois,mabebe,group_chat,2026-03-26 14:15:00+00:00
Jacqueline Dubois,jdubois,group_chat,2026-03-26 14:15:00+00:00
Jacqueline Dubois,cndlovu,group_chat,2026-03-26 14:15:00+00:00
Jamal Okonkwo,jokonkwo,group_chat,2026-03-26 14:15:30+00:00
Jamal Okonkwo,mabebe,group_chat,2026-03-26 14:15:30+00:00
Jamal Okonkwo,jdubois,group_chat,2026-03-26 14:15:30+00:00
Jamal Okonkwo,cndlovu,group_chat,2026-03-26 14:15:30+00:00
ana_patel,tsilva,group_chat,2026-03-26 10:02:15+00:00
ana_patel,anapatel,group_chat,2026-03-26 10:02:15+00:00
ana_patel,kpark,group_chat,2026-03-26 10:02:15+00:00
ana_patel,tkobayashi,group_chat,2026-03-26 10:02:15+00:00
ana_patel,ljohansson,group_chat,2026-03-26 10:02:15+00:00
kai_park,tsilva,group_chat,2026-03-26 10:03:01+00:00
kai_park,anapatel,group_chat,2026-03-26 10:03:01+00:00
kai_park,kpark,group_chat,2026-03-26 10:03:01+00:00
kai_park,tkobayashi,group_chat,2026-03-26 10:03:01+00:00
kai_park,ljohansson,group_chat,2026-03-26 10:03:01+00:00
taro_kobayashi,tsilva,group_chat,2026-03-26 10:03:27+00:00
taro_kobayashi,anapatel,group_chat,2026-03-26 10:03:27+00:00
taro_kobayashi,kpark,group_chat,2026-03-26 10:03:27+00:00
taro_kobayashi,tkobayashi,group_chat,2026-03-26 10:03:27+00:00
taro_kobayashi,ljohansson,group_chat,2026-03-26 10:03:27+00:00
lina_johansson,tsilva,group_chat,2026-03-26 10:04:10+00:00
lina_johansson,anapatel,group_chat,2026-03-26 10:04:10+00:00
lina_johansson,kpark,group_chat,2026-03-26 10:04:10+00:00
lina_johansson,tkobayashi,group_chat,2026-03-26 10:04:10+00:00
lina_johansson,ljohansson,group_chat,2026-03-26 10:04:10+00:00
thiago_silva,tsilva,group_chat,2026-03-26 10:04:45+00:00
thiago_silva,anapatel,group_chat,2026-03-26 10:04:45+00:00
thiago_silva,kpark,group_chat,2026-03-26 10:04:45+00:00
thiago_silva,tkobayashi,group_chat,2026-03-26 10:04:45+00:00
thiago_silva,ljohansson,group_chat,2026-03-26 10:04:45+00:00
ana_patel,tsilva,group_chat,2026-03-26 10:05:22+00:00
ana_patel,anapatel,group_chat,2026-03-26 10:05:22+00:00
ana_patel,kpark,group_chat,2026-03-26 10:05:22+00:00
ana_patel,tkobayashi,group_chat,2026-03-26 10:05:22+00:00
ana_patel,ljohansson,group_chat,2026-03-26 10:05:22+00:00
taro_kobayashi,tsilva,group_chat,2026-03-26 10:06:10+00:00
taro_kobayashi,anapatel,group_chat,2026-03-26 10:06:10+00:00
taro_kobayashi,kpark,group_chat,2026-03-26 10:06:10+00:00
taro_kobayashi,tkobayashi,group_chat,2026-03-26 10:06:10+00:00
taro_kobayashi,ljohansson,group_chat,2026-03-26 10:06:10+00:00
kai_park,tsilva,group_chat,2026-03-26 10:06:38+00:00
kai_park,anapatel,group_chat,2026-03-26 10:06:38+00:00
kai_park,kpark,group_chat,2026-03-26 10:06:38+00:00
kai_park,tkobayashi,group_chat,2026-03-26 10:06:38+00:00
kai_park,ljohansson,group_chat,2026-03-26 10:06:38+00:00
lina_johansson,tsilva,group_chat,2026-03-26 10:07:15+00:00
lina_johansson,anapatel,group_chat,2026-03-26 10:07:15+00:00
lina_johansson,kpark,group_chat,2026-03-26 10:07:15+00:00
lina_johansson,tkobayashi,group_chat,2026-03-26 10:07:15+00:00
lina_johansson,ljohansson,group_chat,2026-03-26 10:07:15+00:00
thiago_silva,tsilva,group_chat,2026-03-26 10:08:03+00:00
thiago_silva,anapatel,group_chat,2026-03-26 10:08:03+00:00
thiago_silva,kpark,group_chat,2026-03-26 10:08:03+00:00
thiago_silva,tkobayashi,group_chat,2026-03-26 10:08:03+00:00
thiago_silva,ljohansson,group_chat,2026-03-26 10:08:03+00:00
ana_patel,tsilva,group_chat,2026-03-26 10:08:55+00:00
ana_patel,anapatel,group_chat,2026-03-26 10:08:55+00:00
ana_patel,kpark,group_chat,2026-03-26 10:08:55+00:00
ana_patel,tkobayashi,group_chat,2026-03-26 10:08:55+00:00
ana_patel,ljohansson,group_chat,2026-03-26 10:08:55+00:00
kai_park,tsilva,group_chat,2026-03-26 10:09:30+00:00
kai_park,anapatel,group_chat,2026-03-26 10:09:30+00:00
kai_park,kpark,group_chat,2026-03-26 10:09:30+00:00
kai_park,tkobayashi,group_chat,2026-03-26 10:09:30+00:00
kai_park,ljohansson,group_chat,2026-03-26 10:09:30+00:00
lina_johansson,tsilva,group_chat,2026-03-26 10:10:02+00:00
lina_johansson,anapatel,group_chat,2026-03-26 10:10:02+00:00
lina_johansson,kpark,group_chat,2026-03-26 10:10:02+00:00
lina_johansson,tkobayashi,group_chat,2026-03-26 10:10:02+00:00
lina_johansson,ljohansson,group_chat,2026-03-26 10:10:02+00:00
taro_kobayashi,tsilva,group_chat,2026-03-26 10:10:25+00:00
taro_kobayashi,anapatel,group_chat,2026-03-26 10:10:25+00:00
taro_kobayashi,kpark,group_chat,2026-03-26 10:10:25+00:00
taro_kobayashi,tkobayashi,group_chat,2026-03-26 10:10:25+00:00
taro_kobayashi,ljohansson,group_chat,2026-03-26 10:10:25+00:00
thiago_silva,tsilva,group_chat,2026-03-26 10:11:12+00:00
thiago_silva,anapatel,group_chat,2026-03-26 10:11:12+00:00
thiago_silva,kpark,group_chat,2026-03-26 10:11:12+00:00
thiago_silva,tkobayashi,group_chat,2026-03-26 10:11:12+00:00
thiago_silva,ljohansson,group_chat,2026-03-26 10:11:12+00:00
ana_patel,tsilva,group_chat,2026-03-26 10:11:45+00:00
ana_patel,anapatel,group_chat,2026-03-26 10:11:45+00:00
ana_patel,kpark,group_chat,2026-03-26 10:11:45+00:00
ana_patel,tkobayashi,group_chat,2026-03-26 10:11:45+00:00
ana_patel,ljohansson,group_chat,2026-03-26 10:11:45+00:00
kai_park,tsilva,group_chat,2026-03-26 10:12:23+00:00
kai_park,anapatel,group_chat,2026-03-26 10:12:23+00:00
kai_park,kpark,group_chat,2026-03-26 10:12:23+00:00
kai_park,tkobayashi,group_chat,2026-03-26 10:12:23+00:00
kai_park,ljohansson,group_chat,2026-03-26 10:12:23+00:00
lina_johansson,tsilva,group_chat,2026-03-26 10:13:10+00:00
lina_johansson,anapatel,group_chat,2026-03-26 10:13:10+00:00
lina_johansson,kpark,group_chat,2026-03-26 10:13:10+00:00
lina_johansson,tkobayashi,group_chat,2026-03-26 10:13:10+00:00
lina_johansson,ljohansson,group_chat,2026-03-26 10:13:10+00:00
taro_kobayashi,tsilva,group_chat,2026-03-26 10:13:27+00:00
taro_kobayashi,anapatel,group_chat,2026-03-26 10:13:27+00:00
taro_kobayashi,kpark,group_chat,2026-03-26 10:13:27+00:00
taro_kobayashi,tkobayashi,group_chat,2026-03-26 10:13:27+00:00
taro_kobayashi,ljohansson,group_chat,2026-03-26 10:13:27+00:00
thiago_silva,tsilva,group_chat,2026-03-26 10:14:00+00:00
thiago_silva,anapatel,group_chat,2026-03-26 10:14:00+00:00
thiago_silva,kpark,group_chat,2026-03-26 10:14:00+00:00
thiago_silva,tkobayashi,group_chat,2026-03-26 10:14:00+00:00
thiago_silva,ljohansson,group_chat,2026-03-26 10:14:00+00:00
Kai Park,tsato,group_chat,2026-03-26 10:02:15+00:00
Kai Park,jhassan,group_chat,2026-03-26 10:02:15+00:00
Kai Park,tkobayashi,group_chat,2026-03-26 10:02:15+00:00
Kai Park,kpark,group_chat,2026-03-26 10:02:15+00:00
Taro Kobayashi,tsato,group_chat,2026-03-26 10:02:45+00:00
Taro Kobayashi,jhassan,group_chat,2026-03-26 10:02:45+00:00
Taro Kobayashi,tkobayashi,group_chat,2026-03-26 10:02:45+00:00
Taro Kobayashi,kpark,group_chat,2026-03-26 10:02:45+00:00
Jamal Hassan,tsato,group_chat,2026-03-26 10:03:10+00:00
Jamal Hassan,jhassan,group_chat,2026-03-26 10:03:10+00:00
Jamal Hassan,tkobayashi,group_chat,2026-03-26 10:03:10+00:00
Jamal Hassan,kpark,group_chat,2026-03-26 10:03:10+00:00
Takeshi Sato,tsato,group_chat,2026-03-26 10:03:45+00:00
Takeshi Sato,jhassan,group_chat,2026-03-26 10:03:45+00:00
Takeshi Sato,tkobayashi,group_chat,2026-03-26 10:03:45+00:00
Takeshi Sato,kpark,group_chat,2026-03-26 10:03:45+00:00
Kai Park,tsato,group_chat,2026-03-26 10:04:20+00:00
Kai Park,jhassan,group_chat,2026-03-26 10:04:20+00:00
Kai Park,tkobayashi,group_chat,2026-03-26 10:04:20+00:00
Kai Park,kpark,group_chat,2026-03-26 10:04:20+00:00
Taro Kobayashi,tsato,group_chat,2026-03-26 10:05:05+00:00
Taro Kobayashi,jhassan,group_chat,2026-03-26 10:05:05+00:00
Taro Kobayashi,tkobayashi,group_chat,2026-03-26 10:05:05+00:00
Taro Kobayashi,kpark,group_chat,2026-03-26 10:05:05+00:00
Jamal Hassan,tsato,group_chat,2026-03-26 10:05:30+00:00
Jamal Hassan,jhassan,group_chat,2026-03-26 10:05:30+00:00
Jamal Hassan,tkobayashi,group_chat,2026-03-26 10:05:30+00:00
Jamal Hassan,kpark,group_chat,2026-03-26 10:05:30+00:00
Kai Park,tsato,group_chat,2026-03-26 10:06:00+00:00
Kai Park,jhassan,group_chat,2026-03-26 10:06:00+00:00
Kai Park,tkobayashi,group_chat,2026-03-26 10:06:00+00:00
Kai Park,kpark,group_chat,2026-03-26 10:06:00+00:00
Takeshi Sato,tsato,group_chat,2026-03-26 10:06:25+00:00
Takeshi Sato,jhassan,group_chat,2026-03-26 10:06:25+00:00
Takeshi Sato,tkobayashi,group_chat,2026-03-26 10:06:25+00:00
Takeshi Sato,kpark,group_chat,2026-03-26 10:06:25+00:00
Kai Park,tsato,group_chat,2026-03-26 10:06:55+00:00
Kai Park,jhassan,group_chat,2026-03-26 10:06:55+00:00
Kai Park,tkobayashi,group_chat,2026-03-26 10:06:55+00:00
Kai Park,kpark,group_chat,2026-03-26 10:06:55+00:00
Jamal Hassan,tsato,group_chat,2026-03-26 10:07:10+00:00
Jamal Hassan,jhassan,group_chat,2026-03-26 10:07:10+00:00
Jamal Hassan,tkobayashi,group_chat,2026-03-26 10:07:10+00:00
Jamal Hassan,kpark,group_chat,2026-03-26 10:07:10+00:00
Taro Kobayashi,tsato,group_chat,2026-03-26 10:07:45+00:00
Taro Kobayashi,jhassan,group_chat,2026-03-26 10:07:45+00:00
Taro Kobayashi,tkobayashi,group_chat,2026-03-26 10:07:45+00:00
Taro Kobayashi,kpark,group_chat,2026-03-26 10:07:45+00:00
Kai Park,tsato,group_chat,2026-03-26 10:08:10+00:00
Kai Park,jhassan,group_chat,2026-03-26 10:08:10+00:00
Kai Park,tkobayashi,group_chat,2026-03-26 10:08:10+00:00
Kai Park,kpark,group_chat,2026-03-26 10:08:10+00:00
Takeshi Sato,tsato,group_chat,2026-03-26 10:08:30+00:00
Takeshi Sato,jhassan,group_chat,2026-03-26 10:08:30+00:00
Takeshi Sato,tkobayashi,group_chat,2026-03-26 10:08:30+00:00
Takeshi Sato,kpark,group_chat,2026-03-26 10:08:30+00:00
Jamal Hassan,tsato,group_chat,2026-03-26 10:09:00+00:00
Jamal Hassan,jhassan,group_chat,2026-03-26 10:09:00+00:00
Jamal Hassan,tkobayashi,group_chat,2026-03-26 10:09:00+00:00
Jamal Hassan,kpark,group_chat,2026-03-26 10:09:00+00:00
Amélie Dubois,adubois,group_chat,2026-03-26 14:03:45+00:00
Amélie Dubois,mgarcia,group_chat,2026-03-26 14:03:45+00:00
Amélie Dubois,rpatel,group_chat,2026-03-26 14:03:45+00:00
Amélie Dubois,jokonkwo,group_chat,2026-03-26 14:03:45+00:00
Amélie Dubois,msharif,group_chat,2026-03-26 14:03:45+00:00
Amélie Dubois,rchowdhury,group_chat,2026-03-26 14:03:45+00:00
Mariana Garcia,adubois,group_chat,2026-03-26 14:04:10+00:00
Mariana Garcia,mgarcia,group_chat,2026-03-26 14:04:10+00:00
Mariana Garcia,rpatel,group_chat,2026-03-26 14:04:10+00:00
Mariana Garcia,jokonkwo,group_chat,2026-03-26 14:04:10+00:00
Mariana Garcia,msharif,group_chat,2026-03-26 14:04:10+00:00
Mariana Garcia,rchowdhury,group_chat,2026-03-26 14:04:10+00:00
Ravi Patel,adubois,group_chat,2026-03-26 14:04:35+00:00
Ravi Patel,mgarcia,group_chat,2026-03-26 14:04:35+00:00
Ravi Patel,rpatel,group_chat,2026-03-26 14:04:35+00:00
Ravi Patel,jokonkwo,group_chat,2026-03-26 14:04:35+00:00
Ravi Patel,msharif,group_chat,2026-03-26 14:04:35+00:00
Ravi Patel,rchowdhury,group_chat,2026-03-26 14:04:35+00:00
Jamal Okonkwo,adubois,group_chat,2026-03-26 14:04:50+00:00
Jamal Okonkwo,mgarcia,group_chat,2026-03-26 14:04:50+00:00
Jamal Okonkwo,rpatel,group_chat,2026-03-26 14:04:50+00:00
Jamal Okonkwo,jokonkwo,group_chat,2026-03-26 14:04:50+00:00
Jamal Okonkwo,msharif,group_chat,2026-03-26 14:04:50+00:00
Jamal Okonkwo,rchowdhury,group_chat,2026-03-26 14:04:50+00:00
Mona Sharif,adubois,group_chat,2026-03-26 14:05:20+00:00
Mona Sharif,mgarcia,group_chat,2026-03-26 14:05:20+00:00
Mona Sharif,rpatel,group_chat,2026-03-26 14:05:20+00:00
Mona Sharif,jokonkwo,group_chat,2026-03-26 14:05:20+00:00
Mona Sharif,msharif,group_chat,2026-03-26 14:05:20+00:00
Mona Sharif,rchowdhury,group_chat,2026-03-26 14:05:20+00:00
Ritika Chowdhury,adubois,group_chat,2026-03-26 14:06:05+00:00
Ritika Chowdhury,mgarcia,group_chat,2026-03-26 14:06:05+00:00
Ritika Chowdhury,rpatel,group_chat,2026-03-26 14:06:05+00:00
Ritika Chowdhury,jokonkwo,group_chat,2026-03-26 14:06:05+00:00
Ritika Chowdhury,msharif,group_chat,2026-03-26 14:06:05+00:00
Ritika Chowdhury,rchowdhury,group_chat,2026-03-26 14:06:05+00:00
Amélie Dubois,adubois,group_chat,2026-03-26 14:06:25+00:00
Amélie Dubois,mgarcia,group_chat,2026-03-26 14:06:25+00:00
Amélie Dubois,rpatel,group_chat,2026-03-26 14:06:25+00:00
Amélie Dubois,jokonkwo,group_chat,2026-03-26 14:06:25+00:00
Amélie Dubois,msharif,group_chat,2026-03-26 14:06:25+00:00
Amélie Dubois,rchowdhury,group_chat,2026-03-26 14:06:25+00:00
Ravi Patel,adubois,group_chat,2026-03-26 14:07:10+00:00
Ravi Patel,mgarcia,group_chat,2026-03-26 14:07:10+00:00
Ravi Patel,rpatel,group_chat,2026-03-26 14:07:10+00:00
Ravi Patel,jokonkwo,group_chat,2026-03-26 14:07:10+00:00
Ravi Patel,msharif,group_chat,2026-03-26 14:07:10+00:00
Ravi Patel,rchowdhury,group_chat,2026-03-26 14:07:10+00:00
Mariana Garcia,adubois,group_chat,2026-03-26 14:07:30+00:00
Mariana Garcia,mgarcia,group_chat,2026-03-26 14:07:30+00:00
Mariana Garcia,rpatel,group_chat,2026-03-26 14:07:30+00:00
Mariana Garcia,jokonkwo,group_chat,2026-03-26 14:07:30+00:00
Mariana Garcia,msharif,group_chat,2026-03-26 14:07:30+00:00
Mariana Garcia,rchowdhury,group_chat,2026-03-26 14:07:30+00:00
Jamal Okonkwo,adubois,group_chat,2026-03-26 14:08:00+00:00
Jamal Okonkwo,mgarcia,group_chat,2026-03-26 14:08:00+00:00
Jamal Okonkwo,rpatel,group_chat,2026-03-26 14:08:00+00:00
Jamal Okonkwo,jokonkwo,group_chat,2026-03-26 14:08:00+00:00
Jamal Okonkwo,msharif,group_chat,2026-03-26 14:08:00+00:00
Jamal Okonkwo,rchowdhury,group_chat,2026-03-26 14:08:00+00:00
Amélie Dubois,adubois,group_chat,2026-03-26 14:08:15+00:00
Amélie Dubois,mgarcia,group_chat,2026-03-26 14:08:15+00:00
Amélie Dubois,rpatel,group_chat,2026-03-26 14:08:15+00:00
Amélie Dubois,jokonkwo,group_chat,2026-03-26 14:08:15+00:00
Amélie Dubois,msharif,group_chat,2026-03-26 14:08:15+00:00
Amélie Dubois,rchowdhury,group_chat,2026-03-26 14:08:15+00:00
Mona Sharif,adubois,group_chat,2026-03-26 14:09:00+00:00
Mona Sharif,mgarcia,group_chat,2026-03-26 14:09:00+00:00
Mona Sharif,rpatel,group_chat,2026-03-26 14:09:00+00:00
Mona Sharif,jokonkwo,group_chat,2026-03-26 14:09:00+00:00
Mona Sharif,msharif,group_chat,2026-03-26 14:09:00+00:00
Mona Sharif,rchowdhury,group_chat,2026-03-26 14:09:00+00:00
Ritika Chowdhury,adubois,group_chat,2026-03-26 14:09:30+00:00
Ritika Chowdhury,mgarcia,group_chat,2026-03-26 14:09:30+00:00
Ritika Chowdhury,rpatel,group_chat,2026-03-26 14:09:30+00:00
Ritika Chowdhury,jokonkwo,group_chat,2026-03-26 14:09:30+00:00
Ritika Chowdhury,msharif,group_chat,2026-03-26 14:09:30+00:00
Ritika Chowdhury,rchowdhury,group_chat,2026-03-26 14:09:30+00:00
Jamal Okonkwo,adubois,group_chat,2026-03-26 14:09:45+00:00
Jamal Okonkwo,mgarcia,group_chat,2026-03-26 14:09:45+00:00
Jamal Okonkwo,rpatel,group_chat,2026-03-26 14:09:45+00:00
Jamal Okonkwo,jokonkwo,group_chat,2026-03-26 14:09:45+00:00
Jamal Okonkwo,msharif,group_chat,2026-03-26 14:09:45+00:00
Jamal Okonkwo,rchowdhury,group_chat,2026-03-26 14:09:45+00:00
Ravi Patel,adubois,group_chat,2026-03-26 14:10:20+00:00
Ravi Patel,mgarcia,group_chat,2026-03-26 14:10:20+00:00
Ravi Patel,rpatel,group_chat,2026-03-26 14:10:20+00:00
Ravi Patel,jokonkwo,group_chat,2026-03-26 14:10:20+00:00
Ravi Patel,msharif,group_chat,2026-03-26 14:10:20+00:00
Ravi Patel,rchowdhury,group_chat,2026-03-26 14:10:20+00:00
Mariana Garcia,adubois,group_chat,2026-03-26 14:11:05+00:00
Mariana Garcia,mgarcia,group_chat,2026-03-26 14:11:05+00:00
Mariana Garcia,rpatel,group_chat,2026-03-26 14:11:05+00:00
Mariana Garcia,jokonkwo,group_chat,2026-03-26 14:11:05+00:00
Mariana Garcia,msharif,group_chat,2026-03-26 14:11:05+00:00
Mariana Garcia,rchowdhury,group_chat,2026-03-26 14:11:05+00:00
Amélie Dubois,adubois,group_chat,2026-03-26 14:11:40+00:00
Amélie Dubois,mgarcia,group_chat,2026-03-26 14:11:40+00:00
Amélie Dubois,rpatel,group_chat,2026-03-26 14:11:40+00:00
Amélie Dubois,jokonkwo,group_chat,2026-03-26 14:11:40+00:00
Amélie Dubois,msharif,group_chat,2026-03-26 14:11:40+00:00
Amélie Dubois,rchowdhury,group_chat,2026-03-26 14:11:40+00:00
Ritika Chowdhury,adubois,group_chat,2026-03-26 14:12:10+00:00
Ritika Chowdhury,mgarcia,group_chat,2026-03-26 14:12:10+00:00
Ritika Chowdhury,rpatel,group_chat,2026-03-26 14:12:10+00:00
Ritika Chowdhury,jokonkwo,group_chat,2026-03-26 14:12:10+00:00
Ritika Chowdhury,msharif,group_chat,2026-03-26 14:12:10+00:00
Ritika Chowdhury,rchowdhury,group_chat,2026-03-26 14:12:10+00:00
Jamal Okonkwo,adubois,group_chat,2026-03-26 14:12:45+00:00
Jamal Okonkwo,mgarcia,group_chat,2026-03-26 14:12:45+00:00
Jamal Okonkwo,rpatel,group_chat,2026-03-26 14:12:45+00:00
Jamal Okonkwo,jokonkwo,group_chat,2026-03-26 14:12:45+00:00
Jamal Okonkwo,msharif,group_chat,2026-03-26 14:12:45+00:00
Jamal Okonkwo,rchowdhury,group_chat,2026-03-26 14:12:45+00:00
Amélie Dubois,adubois,group_chat,2026-03-26 14:13:05+00:00
Amélie Dubois,mgarcia,group_chat,2026-03-26 14:13:05+00:00
Amélie Dubois,rpatel,group_chat,2026-03-26 14:13:05+00:00
Amélie Dubois,jokonkwo,group_chat,2026-03-26 14:13:05+00:00
Amélie Dubois,msharif,group_chat,2026-03-26 14:13:05+00:00
Amélie Dubois,rchowdhury,group_chat,2026-03-26 14:13:05+00:00
Mariana Garcia,adubois,group_chat,2026-03-26 14:13:20+00:00
Mariana Garcia,mgarcia,group_chat,2026-03-26 14:13:20+00:00
Mariana Garcia,rpatel,group_chat,2026-03-26 14:13:20+00:00
Mariana Garcia,jokonkwo,group_chat,2026-03-26 14:13:20+00:00
Mariana Garcia,msharif,group_chat,2026-03-26 14:13:20+00:00
Mariana Garcia,rchowdhury,group_chat,2026-03-26 14:13:20+00:00
jamal_okonkwo,jokonkwo,group_chat,2026-03-26 10:02:34+00:00
jamal_okonkwo,mabebe,group_chat,2026-03-26 10:02:34+00:00
jamal_okonkwo,rmensah,group_chat,2026-03-26 10:02:34+00:00
jamal_okonkwo,fpereira,group_chat,2026-03-26 10:02:34+00:00
jamal_okonkwo,cndlovu,group_chat,2026-03-26 10:02:34+00:00
mandla_abebe,jokonkwo,group_chat,2026-03-26 10:02:50+00:00
mandla_abebe,mabebe,group_chat,2026-03-26 10:02:50+00:00
mandla_abebe,rmensah,group_chat,2026-03-26 10:02:50+00:00
mandla_abebe,fpereira,group_chat,2026-03-26 10:02:50+00:00
mandla_abebe,cndlovu,group_chat,2026-03-26 10:02:50+00:00
chipo_ndlovu,jokonkwo,group_chat,2026-03-26 10:03:12+00:00
chipo_ndlovu,mabebe,group_chat,2026-03-26 10:03:12+00:00
chipo_ndlovu,rmensah,group_chat,2026-03-26 10:03:12+00:00
chipo_ndlovu,fpereira,group_chat,2026-03-26 10:03:12+00:00
chipo_ndlovu,cndlovu,group_chat,2026-03-26 10:03:12+00:00
fabiana_pereira,jokonkwo,group_chat,2026-03-26 10:03:25+00:00
fabiana_pereira,mabebe,group_chat,2026-03-26 10:03:25+00:00
fabiana_pereira,rmensah,group_chat,2026-03-26 10:03:25+00:00
fabiana_pereira,fpereira,group_chat,2026-03-26 10:03:25+00:00
fabiana_pereira,cndlovu,group_chat,2026-03-26 10:03:25+00:00
jamal_okonkwo,jokonkwo,group_chat,2026-03-26 10:03:35+00:00
jamal_okonkwo,mabebe,group_chat,2026-03-26 10:03:35+00:00
jamal_okonkwo,rmensah,group_chat,2026-03-26 10:03:35+00:00
jamal_okonkwo,fpereira,group_chat,2026-03-26 10:03:35+00:00
jamal_okonkwo,cndlovu,group_chat,2026-03-26 10:03:35+00:00
rose_mensah,jokonkwo,group_chat,2026-03-26 10:04:05+00:00
rose_mensah,mabebe,group_chat,2026-03-26 10:04:05+00:00
rose_mensah,rmensah,group_chat,2026-03-26 10:04:05+00:00
rose_mensah,fpereira,group_chat,2026-03-26 10:04:05+00:00
rose_mensah,cndlovu,group_chat,2026-03-26 10:04:05+00:00
chipo_ndlovu,jokonkwo,group_chat,2026-03-26 10:04:22+00:00
chipo_ndlovu,mabebe,group_chat,2026-03-26 10:04:22+00:00
chipo_ndlovu,rmensah,group_chat,2026-03-26 10:04:22+00:00
chipo_ndlovu,fpereira,group_chat,2026-03-26 10:04:22+00:00
chipo_ndlovu,cndlovu,group_chat,2026-03-26 10:04:22+00:00
fabiana_pereira,jokonkwo,group_chat,2026-03-26 10:04:33+00:00
fabiana_pereira,mabebe,group_chat,2026-03-26 10:04:33+00:00
fabiana_pereira,rmensah,group_chat,2026-03-26 10:04:33+00:00
fabiana_pereira,fpereira,group_chat,2026-03-26 10:04:33+00:00
fabiana_pereira,cndlovu,group_chat,2026-03-26 10:04:33+00:00
rose_mensah,jokonkwo,group_chat,2026-03-26 10:05:10+00:00
rose_mensah,mabebe,group_chat,2026-03-26 10:05:10+00:00
rose_mensah,rmensah,group_chat,2026-03-26 10:05:10+00:00
rose_mensah,fpereira,group_chat,2026-03-26 10:05:10+00:00
rose_mensah,cndlovu,group_chat,2026-03-26 10:05:10+00:00
jamal_okonkwo,jokonkwo,group_chat,2026-03-26 10:05:30+00:00
jamal_okonkwo,mabebe,group_chat,2026-03-26 10:05:30+00:00
jamal_okonkwo,rmensah,group_chat,2026-03-26 10:05:30+00:00
jamal_okonkwo,fpereira,group_chat,2026-03-26 10:05:30+00:00
jamal_okonkwo,cndlovu,group_chat,2026-03-26 10:05:30+00:00
chipo_ndlovu,jokonkwo,group_chat,2026-03-26 10:05:45+00:00
chipo_ndlovu,mabebe,group_chat,2026-03-26 10:05:45+00:00
chipo_ndlovu,rmensah,group_chat,2026-03-26 10:05:45+00:00
chipo_ndlovu,fpereira,group_chat,2026-03-26 10:05:45+00:00
chipo_ndlovu,cndlovu,group_chat,2026-03-26 10:05:45+00:00
rose_mensah,jokonkwo,group_chat,2026-03-26 10:06:00+00:00
rose_mensah,mabebe,group_chat,2026-03-26 10:06:00+00:00
rose_mensah,rmensah,group_chat,2026-03-26 10:06:00+00:00
rose_mensah,fpereira,group_chat,2026-03-26 10:06:00+00:00
rose_mensah,cndlovu,group_chat,2026-03-26 10:06:00+00:00
fabiana_pereira,jokonkwo,group_chat,2026-03-26 10:06:15+00:00
fabiana_pereira,mabebe,group_chat,2026-03-26 10:06:15+00:00
fabiana_pereira,rmensah,group_chat,2026-03-26 10:06:15+00:00
fabiana_pereira,fpereira,group_chat,2026-03-26 10:06:15+00:00
fabiana_pereira,cndlovu,group_chat,2026-03-26 10:06:15+00:00
mandla_abebe,jokonkwo,group_chat,2026-03-26 10:06:25+00:00
mandla_abebe,mabebe,group_chat,2026-03-26 10:06:25+00:00
mandla_abebe,rmensah,group_chat,2026-03-26 10:06:25+00:00
mandla_abebe,fpereira,group_chat,2026-03-26 10:06:25+00:00
mandla_abebe,cndlovu,group_chat,2026-03-26 10:06:25+00:00
rose_mensah,jokonkwo,group_chat,2026-03-26 10:06:40+00:00
rose_mensah,mabebe,group_chat,2026-03-26 10:06:40+00:00
rose_mensah,rmensah,group_chat,2026-03-26 10:06:40+00:00
rose_mensah,fpereira,group_chat,2026-03-26 10:06:40+00:00
rose_mensah,cndlovu,group_chat,2026-03-26 10:06:40+00:00
fabiana_pereira,jokonkwo,group_chat,2026-03-26 10:06:50+00:00
fabiana_pereira,mabebe,group_chat,2026-03-26 10:06:50+00:00
fabiana_pereira,rmensah,group_chat,2026-03-26 10:06:50+00:00
fabiana_pereira,fpereira,group_chat,2026-03-26 10:06:50+00:00
fabiana_pereira,cndlovu,group_chat,2026-03-26 10:06:50+00:00
chipo_ndlovu,jokonkwo,group_chat,2026-03-26 10:07:05+00:00
chipo_ndlovu,mabebe,group_chat,2026-03-26 10:07:05+00:00
chipo_ndlovu,rmensah,group_chat,2026-03-26 10:07:05+00:00
chipo_ndlovu,fpereira,group_chat,2026-03-26 10:07:05+00:00
chipo_ndlovu,cndlovu,group_chat,2026-03-26 10:07:05+00:00
jamal_okonkwo,jokonkwo,group_chat,2026-03-26 10:07:20+00:00
jamal_okonkwo,mabebe,group_chat,2026-03-26 10:07:20+00:00
jamal_okonkwo,rmensah,group_chat,2026-03-26 10:07:20+00:00
jamal_okonkwo,fpereira,group_chat,2026-03-26 10:07:20+00:00
jamal_okonkwo,cndlovu,group_chat,2026-03-26 10:07:20+00:00
Ravi Patel,rpatel,group_chat,2026-03-26 10:02:15+00:00
Ravi Patel,nkhatri,group_chat,2026-03-26 10:02:15+00:00
Ravi Patel,mohammedhaddad,group_chat,2026-03-26 10:02:15+00:00
Ravi Patel,fmensah,group_chat,2026-03-26 10:02:15+00:00
Ravi Patel,amustafa,group_chat,2026-03-26 10:02:15+00:00
Neha Khatri,rpatel,group_chat,2026-03-26 10:03:40+00:00
Neha Khatri,nkhatri,group_chat,2026-03-26 10:03:40+00:00
Neha Khatri,mohammedhaddad,group_chat,2026-03-26 10:03:40+00:00
Neha Khatri,fmensah,group_chat,2026-03-26 10:03:40+00:00
Neha Khatri,amustafa,group_chat,2026-03-26 10:03:40+00:00
Mohammed Haddad,rpatel,group_chat,2026-03-26 10:04:25+00:00
Mohammed Haddad,nkhatri,group_chat,2026-03-26 10:04:25+00:00
Mohammed Haddad,mohammedhaddad,group_chat,2026-03-26 10:04:25+00:00
Mohammed Haddad,fmensah,group_chat,2026-03-26 10:04:25+00:00
Mohammed Haddad,amustafa,group_chat,2026-03-26 10:04:25+00:00
Ravi Patel,rpatel,group_chat,2026-03-26 10:04:45+00:00
Ravi Patel,nkhatri,group_chat,2026-03-26 10:04:45+00:00
Ravi Patel,mohammedhaddad,group_chat,2026-03-26 10:04:45+00:00
Ravi Patel,fmensah,group_chat,2026-03-26 10:04:45+00:00
Ravi Patel,amustafa,group_chat,2026-03-26 10:04:45+00:00
Femi Mensah,rpatel,group_chat,2026-03-26 10:05:10+00:00
Femi Mensah,nkhatri,group_chat,2026-03-26 10:05:10+00:00
Femi Mensah,mohammedhaddad,group_chat,2026-03-26 10:05:10+00:00
Femi Mensah,fmensah,group_chat,2026-03-26 10:05:10+00:00
Femi Mensah,amustafa,group_chat,2026-03-26 10:05:10+00:00
Amina Mustafa,rpatel,group_chat,2026-03-26 10:05:45+00:00
Amina Mustafa,nkhatri,group_chat,2026-03-26 10:05:45+00:00
Amina Mustafa,mohammedhaddad,group_chat,2026-03-26 10:05:45+00:00
Amina Mustafa,fmensah,group_chat,2026-03-26 10:05:45+00:00
Amina Mustafa,amustafa,group_chat,2026-03-26 10:05:45+00:00
Neha Khatri,rpatel,group_chat,2026-03-26 10:06:25+00:00
Neha Khatri,nkhatri,group_chat,2026-03-26 10:06:25+00:00
Neha Khatri,mohammedhaddad,group_chat,2026-03-26 10:06:25+00:00
Neha Khatri,fmensah,group_chat,2026-03-26 10:06:25+00:00
Neha Khatri,amustafa,group_chat,2026-03-26 10:06:25+00:00
Ravi Patel,rpatel,group_chat,2026-03-26 10:07:10+00:00
Ravi Patel,nkhatri,group_chat,2026-03-26 10:07:10+00:00
Ravi Patel,mohammedhaddad,group_chat,2026-03-26 10:07:10+00:00
Ravi Patel,fmensah,group_chat,2026-03-26 10:07:10+00:00
Ravi Patel,amustafa,group_chat,2026-03-26 10:07:10+00:00
Mohammed Haddad,rpatel,group_chat,2026-03-26 10:07:30+00:00
Mohammed Haddad,nkhatri,group_chat,2026-03-26 10:07:30+00:00
Mohammed Haddad,mohammedhaddad,group_chat,2026-03-26 10:07:30+00:00
Mohammed Haddad,fmensah,group_chat,2026-03-26 10:07:30+00:00
Mohammed Haddad,amustafa,group_chat,2026-03-26 10:07:30+00:00
Femi Mensah,rpatel,group_chat,2026-03-26 10:08:15+00:00
Femi Mensah,nkhatri,group_chat,2026-03-26 10:08:15+00:00
Femi Mensah,mohammedhaddad,group_chat,2026-03-26 10:08:15+00:00
Femi Mensah,fmensah,group_chat,2026-03-26 10:08:15+00:00
Femi Mensah,amustafa,group_chat,2026-03-26 10:08:15+00:00
Amina Mustafa,rpatel,group_chat,2026-03-26 10:08:45+00:00
Amina Mustafa,nkhatri,group_chat,2026-03-26 10:08:45+00:00
Amina Mustafa,mohammedhaddad,group_chat,2026-03-26 10:08:45+00:00
Amina Mustafa,fmensah,group_chat,2026-03-26 10:08:45+00:00
Amina Mustafa,amustafa,group_chat,2026-03-26 10:08:45+00:00
Neha Khatri,rpatel,group_chat,2026-03-26 10:09:10+00:00
Neha Khatri,nkhatri,group_chat,2026-03-26 10:09:10+00:00
Neha Khatri,mohammedhaddad,group_chat,2026-03-26 10:09:10+00:00
Neha Khatri,fmensah,group_chat,2026-03-26 10:09:10+00:00
Neha Khatri,amustafa,group_chat,2026-03-26 10:09:10+00:00
Femi Mensah,rpatel,group_chat,2026-03-26 10:09:30+00:00
Femi Mensah,nkhatri,group_chat,2026-03-26 10:09:30+00:00
Femi Mensah,mohammedhaddad,group_chat,2026-03-26 10:09:30+00:00
Femi Mensah,fmensah,group_chat,2026-03-26 10:09:30+00:00
Femi Mensah,amustafa,group_chat,2026-03-26 10:09:30+00:00
Mohammed Haddad,rpatel,group_chat,2026-03-26 10:10:00+00:00
Mohammed Haddad,nkhatri,group_chat,2026-03-26 10:10:00+00:00
Mohammed Haddad,mohammedhaddad,group_chat,2026-03-26 10:10:00+00:00
Mohammed Haddad,fmensah,group_chat,2026-03-26 10:10:00+00:00
Mohammed Haddad,amustafa,group_chat,2026-03-26 10:10:00+00:00
Amina Mustafa,rpatel,group_chat,2026-03-26 10:10:45+00:00
Amina Mustafa,nkhatri,group_chat,2026-03-26 10:10:45+00:00
Amina Mustafa,mohammedhaddad,group_chat,2026-03-26 10:10:45+00:00
Amina Mustafa,fmensah,group_chat,2026-03-26 10:10:45+00:00
Amina Mustafa,amustafa,group_chat,2026-03-26 10:10:45+00:00
Mariana Garcia,mgarcia,group_chat,2026-03-26 10:01:15+00:00
Mariana Garcia,msharif,group_chat,2026-03-26 10:01:15+00:00
Mariana Garcia,rchowdhury,group_chat,2026-03-26 10:01:15+00:00
Mariana Garcia,carlosgarcia,group_chat,2026-03-26 10:01:15+00:00
Mariana Garcia,knguyen,group_chat,2026-03-26 10:01:15+00:00
Khoi Nguyen,mgarcia,group_chat,2026-03-26 10:02:03+00:00
Khoi Nguyen,msharif,group_chat,2026-03-26 10:02:03+00:00
Khoi Nguyen,rchowdhury,group_chat,2026-03-26 10:02:03+00:00
Khoi Nguyen,carlosgarcia,group_chat,2026-03-26 10:02:03+00:00
Khoi Nguyen,knguyen,group_chat,2026-03-26 10:02:03+00:00
Carlos Garcia,mgarcia,group_chat,2026-03-26 10:02:15+00:00
Carlos Garcia,msharif,group_chat,2026-03-26 10:02:15+00:00
Carlos Garcia,rchowdhury,group_chat,2026-03-26 10:02:15+00:00
Carlos Garcia,carlosgarcia,group_chat,2026-03-26 10:02:15+00:00
Carlos Garcia,knguyen,group_chat,2026-03-26 10:02:15+00:00
Mona Sharif,mgarcia,group_chat,2026-03-26 10:03:27+00:00
Mona Sharif,msharif,group_chat,2026-03-26 10:03:27+00:00
Mona Sharif,rchowdhury,group_chat,2026-03-26 10:03:27+00:00
Mona Sharif,carlosgarcia,group_chat,2026-03-26 10:03:27+00:00
Mona Sharif,knguyen,group_chat,2026-03-26 10:03:27+00:00
Ritika Chowdhury,mgarcia,group_chat,2026-03-26 10:04:12+00:00
Ritika Chowdhury,msharif,group_chat,2026-03-26 10:04:12+00:00
Ritika Chowdhury,rchowdhury,group_chat,2026-03-26 10:04:12+00:00
Ritika Chowdhury,carlosgarcia,group_chat,2026-03-26 10:04:12+00:00
Ritika Chowdhury,knguyen,group_chat,2026-03-26 10:04:12+00:00
Khoi Nguyen,mgarcia,group_chat,2026-03-26 10:04:30+00:00
Khoi Nguyen,msharif,group_chat,2026-03-26 10:04:30+00:00
Khoi Nguyen,rchowdhury,group_chat,2026-03-26 10:04:30+00:00
Khoi Nguyen,carlosgarcia,group_chat,2026-03-26 10:04:30+00:00
Khoi Nguyen,knguyen,group_chat,2026-03-26 10:04:30+00:00
Mariana Garcia,mgarcia,group_chat,2026-03-26 10:05:01+00:00
Mariana Garcia,msharif,group_chat,2026-03-26 10:05:01+00:00
Mariana Garcia,rchowdhury,group_chat,2026-03-26 10:05:01+00:00
Mariana Garcia,carlosgarcia,group_chat,2026-03-26 10:05:01+00:00
Mariana Garcia,knguyen,group_chat,2026-03-26 10:05:01+00:00
Carlos Garcia,mgarcia,group_chat,2026-03-26 10:05:20+00:00
Carlos Garcia,msharif,group_chat,2026-03-26 10:05:20+00:00
Carlos Garcia,rchowdhury,group_chat,2026-03-26 10:05:20+00:00
Carlos Garcia,carlosgarcia,group_chat,2026-03-26 10:05:20+00:00
Carlos Garcia,knguyen,group_chat,2026-03-26 10:05:20+00:00
Mona Sharif,mgarcia,group_chat,2026-03-26 10:06:12+00:00
Mona Sharif,msharif,group_chat,2026-03-26 10:06:12+00:00
Mona Sharif,rchowdhury,group_chat,2026-03-26 10:06:12+00:00
Mona Sharif,carlosgarcia,group_chat,2026-03-26 10:06:12+00:00
Mona Sharif,knguyen,group_chat,2026-03-26 10:06:12+00:00
Ritika Chowdhury,mgarcia,group_chat,2026-03-26 10:06:25+00:00
Ritika Chowdhury,msharif,group_chat,2026-03-26 10:06:25+00:00
Ritika Chowdhury,rchowdhury,group_chat,2026-03-26 10:06:25+00:00
Ritika Chowdhury,carlosgarcia,group_chat,2026-03-26 10:06:25+00:00
Ritika Chowdhury,knguyen,group_chat,2026-03-26 10:06:25+00:00
Khoi Nguyen,mgarcia,group_chat,2026-03-26 10:07:10+00:00
Khoi Nguyen,msharif,group_chat,2026-03-26 10:07:10+00:00
Khoi Nguyen,rchowdhury,group_chat,2026-03-26 10:07:10+00:00
Khoi Nguyen,carlosgarcia,group_chat,2026-03-26 10:07:10+00:00
Khoi Nguyen,knguyen,group_chat,2026-03-26 10:07:10+00:00
Carlos Garcia,mgarcia,group_chat,2026-03-26 10:07:30+00:00
Carlos Garcia,msharif,group_chat,2026-03-26 10:07:30+00:00
Carlos Garcia,rchowdhury,group_chat,2026-03-26 10:07:30+00:00
Carlos Garcia,carlosgarcia,group_chat,2026-03-26 10:07:30+00:00
Carlos Garcia,knguyen,group_chat,2026-03-26 10:07:30+00:00
Mariana Garcia,mgarcia,group_chat,2026-03-26 10:08:45+00:00
Mariana Garcia,msharif,group_chat,2026-03-26 10:08:45+00:00
Mariana Garcia,rchowdhury,group_chat,2026-03-26 10:08:45+00:00
Mariana Garcia,carlosgarcia,group_chat,2026-03-26 10:08:45+00:00
Mariana Garcia,knguyen,group_chat,2026-03-26 10:08:45+00:00
Mona Sharif,mgarcia,group_chat,2026-03-26 10:09:00+00:00
Mona Sharif,msharif,group_chat,2026-03-26 10:09:00+00:00
Mona Sharif,rchowdhury,group_chat,2026-03-26 10:09:00+00:00
Mona Sharif,carlosgarcia,group_chat,2026-03-26 10:09:00+00:00
Mona Sharif,knguyen,group_chat,2026-03-26 10:09:00+00:00
Khoi Nguyen,mgarcia,group_chat,2026-03-26 10:09:45+00:00
Khoi Nguyen,msharif,group_chat,2026-03-26 10:09:45+00:00
Khoi Nguyen,rchowdhury,group_chat,2026-03-26 10:09:45+00:00
Khoi Nguyen,carlosgarcia,group_chat,2026-03-26 10:09:45+00:00
Khoi Nguyen,knguyen,group_chat,2026-03-26 10:09:45+00:00
Carlos Garcia,mgarcia,group_chat,2026-03-26 10:10:15+00:00
Carlos Garcia,msharif,group_chat,2026-03-26 10:10:15+00:00
Carlos Garcia,rchowdhury,group_chat,2026-03-26 10:10:15+00:00
Carlos Garcia,carlosgarcia,group_chat,2026-03-26 10:10:15+00:00
Carlos Garcia,knguyen,group_chat,2026-03-26 10:10:15+00:00
Takeshi Sato,tsato,group_chat,2026-03-27 14:02:00+00:00
Takeshi Sato,mgarcia,group_chat,2026-03-27 14:02:00+00:00
Takeshi Sato,jhassan,group_chat,2026-03-27 14:02:00+00:00
Takeshi Sato,carlosgarcia,group_chat,2026-03-27 14:02:00+00:00
Takeshi Sato,rchowdhury,group_chat,2026-03-27 14:02:00+00:00
Mariana Garcia,tsato,group_chat,2026-03-27 14:02:35+00:00
Mariana Garcia,mgarcia,group_chat,2026-03-27 14:02:35+00:00
Mariana Garcia,jhassan,group_chat,2026-03-27 14:02:35+00:00
Mariana Garcia,carlosgarcia,group_chat,2026-03-27 14:02:35+00:00
Mariana Garcia,rchowdhury,group_chat,2026-03-27 14:02:35+00:00
Jamal Hassan,tsato,group_chat,2026-03-27 14:03:10+00:00
Jamal Hassan,mgarcia,group_chat,2026-03-27 14:03:10+00:00
Jamal Hassan,jhassan,group_chat,2026-03-27 14:03:10+00:00
Jamal Hassan,carlosgarcia,group_chat,2026-03-27 14:03:10+00:00
Jamal Hassan,rchowdhury,group_chat,2026-03-27 14:03:10+00:00
Carlos Garcia,tsato,group_chat,2026-03-27 14:03:42+00:00
Carlos Garcia,mgarcia,group_chat,2026-03-27 14:03:42+00:00
Carlos Garcia,jhassan,group_chat,2026-03-27 14:03:42+00:00
Carlos Garcia,carlosgarcia,group_chat,2026-03-27 14:03:42+00:00
Carlos Garcia,rchowdhury,group_chat,2026-03-27 14:03:42+00:00
Ritika Chowdhury,tsato,group_chat,2026-03-27 14:04:05+00:00
Ritika Chowdhury,mgarcia,group_chat,2026-03-27 14:04:05+00:00
Ritika Chowdhury,jhassan,group_chat,2026-03-27 14:04:05+00:00
Ritika Chowdhury,carlosgarcia,group_chat,2026-03-27 14:04:05+00:00
Ritika Chowdhury,rchowdhury,group_chat,2026-03-27 14:04:05+00:00
Takeshi Sato,tsato,group_chat,2026-03-27 14:04:28+00:00
Takeshi Sato,mgarcia,group_chat,2026-03-27 14:04:28+00:00
Takeshi Sato,jhassan,group_chat,2026-03-27 14:04:28+00:00
Takeshi Sato,carlosgarcia,group_chat,2026-03-27 14:04:28+00:00
Takeshi Sato,rchowdhury,group_chat,2026-03-27 14:04:28+00:00
Jamal Hassan,tsato,group_chat,2026-03-27 14:05:10+00:00
Jamal Hassan,mgarcia,group_chat,2026-03-27 14:05:10+00:00
Jamal Hassan,jhassan,group_chat,2026-03-27 14:05:10+00:00
Jamal Hassan,carlosgarcia,group_chat,2026-03-27 14:05:10+00:00
Jamal Hassan,rchowdhury,group_chat,2026-03-27 14:05:10+00:00
Mariana Garcia,tsato,group_chat,2026-03-27 14:05:30+00:00
Mariana Garcia,mgarcia,group_chat,2026-03-27 14:05:30+00:00
Mariana Garcia,jhassan,group_chat,2026-03-27 14:05:30+00:00
Mariana Garcia,carlosgarcia,group_chat,2026-03-27 14:05:30+00:00
Mariana Garcia,rchowdhury,group_chat,2026-03-27 14:05:30+00:00
Carlos Garcia,tsato,group_chat,2026-03-27 14:06:00+00:00
Carlos Garcia,mgarcia,group_chat,2026-03-27 14:06:00+00:00
Carlos Garcia,jhassan,group_chat,2026-03-27 14:06:00+00:00
Carlos Garcia,carlosgarcia,group_chat,2026-03-27 14:06:00+00:00
Carlos Garcia,rchowdhury,group_chat,2026-03-27 14:06:00+00:00
Jamal Hassan,tsato,group_chat,2026-03-27 14:06:16+00:00
Jamal Hassan,mgarcia,group_chat,2026-03-27 14:06:16+00:00
Jamal Hassan,jhassan,group_chat,2026-03-27 14:06:16+00:00
Jamal Hassan,carlosgarcia,group_chat,2026-03-27 14:06:16+00:00
Jamal Hassan,rchowdhury,group_chat,2026-03-27 14:06:16+00:00
Takeshi Sato,tsato,group_chat,2026-03-27 14:06:40+00:00
Takeshi Sato,mgarcia,group_chat,2026-03-27 14:06:40+00:00
Takeshi Sato,jhassan,group_chat,2026-03-27 14:06:40+00:00
Takeshi Sato,carlosgarcia,group_chat,2026-03-27 14:06:40+00:00
Takeshi Sato,rchowdhury,group_chat,2026-03-27 14:06:40+00:00
Carlos Garcia,tsato,group_chat,2026-03-27 14:07:05+00:00
Carlos Garcia,mgarcia,group_chat,2026-03-27 14:07:05+00:00
Carlos Garcia,jhassan,group_chat,2026-03-27 14:07:05+00:00
Carlos Garcia,carlosgarcia,group_chat,2026-03-27 14:07:05+00:00
Carlos Garcia,rchowdhury,group_chat,2026-03-27 14:07:05+00:00
Ritika Chowdhury,tsato,group_chat,2026-03-27 14:07:20+00:00
Ritika Chowdhury,mgarcia,group_chat,2026-03-27 14:07:20+00:00
Ritika Chowdhury,jhassan,group_chat,2026-03-27 14:07:20+00:00
Ritika Chowdhury,carlosgarcia,group_chat,2026-03-27 14:07:20+00:00
Ritika Chowdhury,rchowdhury,group_chat,2026-03-27 14:07:20+00:00
Mariana Garcia,tsato,group_chat,2026-03-27 14:07:50+00:00
Mariana Garcia,mgarcia,group_chat,2026-03-27 14:07:50+00:00
Mariana Garcia,jhassan,group_chat,2026-03-27 14:07:50+00:00
Mariana Garcia,carlosgarcia,group_chat,2026-03-27 14:07:50+00:00
Mariana Garcia,rchowdhury,group_chat,2026-03-27 14:07:50+00:00
Jamal Hassan,tsato,group_chat,2026-03-27 14:08:05+00:00
Jamal Hassan,mgarcia,group_chat,2026-03-27 14:08:05+00:00
Jamal Hassan,jhassan,group_chat,2026-03-27 14:08:05+00:00
Jamal Hassan,carlosgarcia,group_chat,2026-03-27 14:08:05+00:00
Jamal Hassan,rchowdhury,group_chat,2026-03-27 14:08:05+00:00
Takeshi Sato,tsato,group_chat,2026-03-27 14:08:30+00:00
Takeshi Sato,mgarcia,group_chat,2026-03-27 14:08:30+00:00
Takeshi Sato,jhassan,group_chat,2026-03-27 14:08:30+00:00
Takeshi Sato,carlosgarcia,group_chat,2026-03-27 14:08:30+00:00
Takeshi Sato,rchowdhury,group_chat,2026-03-27 14:08:30+00:00
Mariana Garcia,tsato,group_chat,2026-03-27 14:09:00+00:00
Mariana Garcia,mgarcia,group_chat,2026-03-27 14:09:00+00:00
Mariana Garcia,jhassan,group_chat,2026-03-27 14:09:00+00:00
Mariana Garcia,carlosgarcia,group_chat,2026-03-27 14:09:00+00:00
Mariana Garcia,rchowdhury,group_chat,2026-03-27 14:09:00+00:00
Ritika Chowdhury,tsato,group_chat,2026-03-27 14:10:15+00:00
Ritika Chowdhury,mgarcia,group_chat,2026-03-27 14:10:15+00:00
Ritika Chowdhury,jhassan,group_chat,2026-03-27 14:10:15+00:00
Ritika Chowdhury,carlosgarcia,group_chat,2026-03-27 14:10:15+00:00
Ritika Chowdhury,rchowdhury,group_chat,2026-03-27 14:10:15+00:00
Carlos Garcia,tsato,group_chat,2026-03-27 14:10:45+00:00
Carlos Garcia,mgarcia,group_chat,2026-03-27 14:10:45+00:00
Carlos Garcia,jhassan,group_chat,2026-03-27 14:10:45+00:00
Carlos Garcia,carlosgarcia,group_chat,2026-03-27 14:10:45+00:00
Carlos Garcia,rchowdhury,group_chat,2026-03-27 14:10:45+00:00
Ritika Chowdhury,tsato,group_chat,2026-03-27 14:11:00+00:00
Ritika Chowdhury,mgarcia,group_chat,2026-03-27 14:11:00+00:00
Ritika Chowdhury,jhassan,group_chat,2026-03-27 14:11:00+00:00
Ritika Chowdhury,carlosgarcia,group_chat,2026-03-27 14:11:00+00:00
Ritika Chowdhury,rchowdhury,group_chat,2026-03-27 14:11:00+00:00
Jamal Hassan,tsato,group_chat,2026-03-27 14:11:30+00:00
Jamal Hassan,mgarcia,group_chat,2026-03-27 14:11:30+00:00
Jamal Hassan,jhassan,group_chat,2026-03-27 14:11:30+00:00
Jamal Hassan,carlosgarcia,group_chat,2026-03-27 14:11:30+00:00
Jamal Hassan,rchowdhury,group_chat,2026-03-27 14:11:30+00:00
Takeshi Sato,tsato,group_chat,2026-03-27 14:11:50+00:00
Takeshi Sato,mgarcia,group_chat,2026-03-27 14:11:50+00:00
Takeshi Sato,jhassan,group_chat,2026-03-27 14:11:50+00:00
Takeshi Sato,carlosgarcia,group_chat,2026-03-27 14:11:50+00:00
Takeshi Sato,rchowdhury,group_chat,2026-03-27 14:11:50+00:00
Carlos Garcia,tsato,group_chat,2026-03-27 14:12:10+00:00
Carlos Garcia,mgarcia,group_chat,2026-03-27 14:12:10+00:00
Carlos Garcia,jhassan,group_chat,2026-03-27 14:12:10+00:00
Carlos Garcia,carlosgarcia,group_chat,2026-03-27 14:12:10+00:00
Carlos Garcia,rchowdhury,group_chat,2026-03-27 14:12:10+00:00
Ritika Chowdhury,tsato,group_chat,2026-03-27 14:12:25+00:00
Ritika Chowdhury,mgarcia,group_chat,2026-03-27 14:12:25+00:00
Ritika Chowdhury,jhassan,group_chat,2026-03-27 14:12:25+00:00
Ritika Chowdhury,carlosgarcia,group_chat,2026-03-27 14:12:25+00:00
Ritika Chowdhury,rchowdhury,group_chat,2026-03-27 14:12:25+00:00
Mariana Garcia,tsato,group_chat,2026-03-27 14:12:45+00:00
Mariana Garcia,mgarcia,group_chat,2026-03-27 14:12:45+00:00
Mariana Garcia,jhassan,group_chat,2026-03-27 14:12:45+00:00
Mariana Garcia,carlosgarcia,group_chat,2026-03-27 14:12:45+00:00
Mariana Garcia,rchowdhury,group_chat,2026-03-27 14:12:45+00:00
Takeshi Sato,tsato,group_chat,2026-03-27 14:13:05+00:00
Takeshi Sato,mgarcia,group_chat,2026-03-27 14:13:05+00:00
Takeshi Sato,jhassan,group_chat,2026-03-27 14:13:05+00:00
Takeshi Sato,carlosgarcia,group_chat,2026-03-27 14:13:05+00:00
Takeshi Sato,rchowdhury,group_chat,2026-03-27 14:13:05+00:00
Amélie Dubois,adubois,group_chat,2026-03-27 09:02:15+00:00
Amélie Dubois,rpatel,group_chat,2026-03-27 09:02:15+00:00
Amélie Dubois,klundqvist,group_chat,2026-03-27 09:02:15+00:00
Amélie Dubois,ljohansson,group_chat,2026-03-27 09:02:15+00:00
Ravi Patel,adubois,group_chat,2026-03-27 09:03:10+00:00
Ravi Patel,rpatel,group_chat,2026-03-27 09:03:10+00:00
Ravi Patel,klundqvist,group_chat,2026-03-27 09:03:10+00:00
Ravi Patel,ljohansson,group_chat,2026-03-27 09:03:10+00:00
Klara Lundqvist,adubois,group_chat,2026-03-27 09:03:45+00:00
Klara Lundqvist,rpatel,group_chat,2026-03-27 09:03:45+00:00
Klara Lundqvist,klundqvist,group_chat,2026-03-27 09:03:45+00:00
Klara Lundqvist,ljohansson,group_chat,2026-03-27 09:03:45+00:00
Lina Johansson,adubois,group_chat,2026-03-27 09:04:12+00:00
Lina Johansson,rpatel,group_chat,2026-03-27 09:04:12+00:00
Lina Johansson,klundqvist,group_chat,2026-03-27 09:04:12+00:00
Lina Johansson,ljohansson,group_chat,2026-03-27 09:04:12+00:00
Amélie Dubois,adubois,group_chat,2026-03-27 09:05:00+00:00
Amélie Dubois,rpatel,group_chat,2026-03-27 09:05:00+00:00
Amélie Dubois,klundqvist,group_chat,2026-03-27 09:05:00+00:00
Amélie Dubois,ljohansson,group_chat,2026-03-27 09:05:00+00:00
Ravi Patel,adubois,group_chat,2026-03-27 09:05:38+00:00
Ravi Patel,rpatel,group_chat,2026-03-27 09:05:38+00:00
Ravi Patel,klundqvist,group_chat,2026-03-27 09:05:38+00:00
Ravi Patel,ljohansson,group_chat,2026-03-27 09:05:38+00:00
Klara Lundqvist,adubois,group_chat,2026-03-27 09:06:05+00:00
Klara Lundqvist,rpatel,group_chat,2026-03-27 09:06:05+00:00
Klara Lundqvist,klundqvist,group_chat,2026-03-27 09:06:05+00:00
Klara Lundqvist,ljohansson,group_chat,2026-03-27 09:06:05+00:00
Lina Johansson,adubois,group_chat,2026-03-27 09:06:32+00:00
Lina Johansson,rpatel,group_chat,2026-03-27 09:06:32+00:00
Lina Johansson,klundqvist,group_chat,2026-03-27 09:06:32+00:00
Lina Johansson,ljohansson,group_chat,2026-03-27 09:06:32+00:00
Amélie Dubois,adubois,group_chat,2026-03-27 09:07:20+00:00
Amélie Dubois,rpatel,group_chat,2026-03-27 09:07:20+00:00
Amélie Dubois,klundqvist,group_chat,2026-03-27 09:07:20+00:00
Amélie Dubois,ljohansson,group_chat,2026-03-27 09:07:20+00:00
Ravi Patel,adubois,group_chat,2026-03-27 09:07:50+00:00
Ravi Patel,rpatel,group_chat,2026-03-27 09:07:50+00:00
Ravi Patel,klundqvist,group_chat,2026-03-27 09:07:50+00:00
Ravi Patel,ljohansson,group_chat,2026-03-27 09:07:50+00:00
Klara Lundqvist,adubois,group_chat,2026-03-27 09:08:25+00:00
Klara Lundqvist,rpatel,group_chat,2026-03-27 09:08:25+00:00
Klara Lundqvist,klundqvist,group_chat,2026-03-27 09:08:25+00:00
Klara Lundqvist,ljohansson,group_chat,2026-03-27 09:08:25+00:00
Lina Johansson,adubois,group_chat,2026-03-27 09:08:55+00:00
Lina Johansson,rpatel,group_chat,2026-03-27 09:08:55+00:00
Lina Johansson,klundqvist,group_chat,2026-03-27 09:08:55+00:00
Lina Johansson,ljohansson,group_chat,2026-03-27 09:08:55+00:00
Amélie Dubois,adubois,group_chat,2026-03-27 09:09:30+00:00
Amélie Dubois,rpatel,group_chat,2026-03-27 09:09:30+00:00
Amélie Dubois,klundqvist,group_chat,2026-03-27 09:09:30+00:00
Amélie Dubois,ljohansson,group_chat,2026-03-27 09:09:30+00:00
Ravi Patel,adubois,group_chat,2026-03-27 09:10:05+00:00
Ravi Patel,rpatel,group_chat,2026-03-27 09:10:05+00:00
Ravi Patel,klundqvist,group_chat,2026-03-27 09:10:05+00:00
Ravi Patel,ljohansson,group_chat,2026-03-27 09:10:05+00:00
Klara Lundqvist,adubois,group_chat,2026-03-27 09:10:40+00:00
Klara Lundqvist,rpatel,group_chat,2026-03-27 09:10:40+00:00
Klara Lundqvist,klundqvist,group_chat,2026-03-27 09:10:40+00:00
Klara Lundqvist,ljohansson,group_chat,2026-03-27 09:10:40+00:00
Lina Johansson,adubois,group_chat,2026-03-27 09:11:05+00:00
Lina Johansson,rpatel,group_chat,2026-03-27 09:11:05+00:00
Lina Johansson,klundqvist,group_chat,2026-03-27 09:11:05+00:00
Lina Johansson,ljohansson,group_chat,2026-03-27 09:11:05+00:00
Amélie Dubois,adubois,group_chat,2026-03-27 09:11:45+00:00
Amélie Dubois,rpatel,group_chat,2026-03-27 09:11:45+00:00
Amélie Dubois,klundqvist,group_chat,2026-03-27 09:11:45+00:00
Amélie Dubois,ljohansson,group_chat,2026-03-27 09:11:45+00:00
Ravi Patel,adubois,group_chat,2026-03-27 09:12:15+00:00
Ravi Patel,rpatel,group_chat,2026-03-27 09:12:15+00:00
Ravi Patel,klundqvist,group_chat,2026-03-27 09:12:15+00:00
Ravi Patel,ljohansson,group_chat,2026-03-27 09:12:15+00:00
Klara Lundqvist,adubois,group_chat,2026-03-27 09:12:45+00:00
Klara Lundqvist,rpatel,group_chat,2026-03-27 09:12:45+00:00
Klara Lundqvist,klundqvist,group_chat,2026-03-27 09:12:45+00:00
Klara Lundqvist,ljohansson,group_chat,2026-03-27 09:12:45+00:00
Lina Johansson,adubois,group_chat,2026-03-27 09:13:10+00:00
Lina Johansson,rpatel,group_chat,2026-03-27 09:13:10+00:00
Lina Johansson,klundqvist,group_chat,2026-03-27 09:13:10+00:00
Lina Johansson,ljohansson,group_chat,2026-03-27 09:13:10+00:00
Jamal Okonkwo,jokonkwo,group_chat,2026-03-27 08:15:00+00:00
Jamal Okonkwo,jdubois,group_chat,2026-03-27 08:15:00+00:00
Jamal Okonkwo,mabebe,group_chat,2026-03-27 08:15:00+00:00
Jamal Okonkwo,rmensah,group_chat,2026-03-27 08:15:00+00:00
Jacqueline Dubois,jokonkwo,group_chat,2026-03-27 08:16:12+00:00
Jacqueline Dubois,jdubois,group_chat,2026-03-27 08:16:12+00:00
Jacqueline Dubois,mabebe,group_chat,2026-03-27 08:16:12+00:00
Jacqueline Dubois,rmensah,group_chat,2026-03-27 08:16:12+00:00
Rose Mensah,jokonkwo,group_chat,2026-03-27 08:17:05+00:00
Rose Mensah,jdubois,group_chat,2026-03-27 08:17:05+00:00
Rose Mensah,mabebe,group_chat,2026-03-27 08:17:05+00:00
Rose Mensah,rmensah,group_chat,2026-03-27 08:17:05+00:00
Jamal Okonkwo,jokonkwo,group_chat,2026-03-27 08:18:30+00:00
Jamal Okonkwo,jdubois,group_chat,2026-03-27 08:18:30+00:00
Jamal Okonkwo,mabebe,group_chat,2026-03-27 08:18:30+00:00
Jamal Okonkwo,rmensah,group_chat,2026-03-27 08:18:30+00:00
Mandla Abebe,jokonkwo,group_chat,2026-03-27 08:19:02+00:00
Mandla Abebe,jdubois,group_chat,2026-03-27 08:19:02+00:00
Mandla Abebe,mabebe,group_chat,2026-03-27 08:19:02+00:00
Mandla Abebe,rmensah,group_chat,2026-03-27 08:19:02+00:00
Jacqueline Dubois,jokonkwo,group_chat,2026-03-27 08:19:55+00:00
Jacqueline Dubois,jdubois,group_chat,2026-03-27 08:19:55+00:00
Jacqueline Dubois,mabebe,group_chat,2026-03-27 08:19:55+00:00
Jacqueline Dubois,rmensah,group_chat,2026-03-27 08:19:55+00:00
Rose Mensah,jokonkwo,group_chat,2026-03-27 08:20:40+00:00
Rose Mensah,jdubois,group_chat,2026-03-27 08:20:40+00:00
Rose Mensah,mabebe,group_chat,2026-03-27 08:20:40+00:00
Rose Mensah,rmensah,group_chat,2026-03-27 08:20:40+00:00
Jamal Okonkwo,jokonkwo,group_chat,2026-03-27 08:21:22+00:00
Jamal Okonkwo,jdubois,group_chat,2026-03-27 08:21:22+00:00
Jamal Okonkwo,mabebe,group_chat,2026-03-27 08:21:22+00:00
Jamal Okonkwo,rmensah,group_chat,2026-03-27 08:21:22+00:00
Jacqueline Dubois,jokonkwo,group_chat,2026-03-27 08:22:00+00:00
Jacqueline Dubois,jdubois,group_chat,2026-03-27 08:22:00+00:00
Jacqueline Dubois,mabebe,group_chat,2026-03-27 08:22:00+00:00
Jacqueline Dubois,rmensah,group_chat,2026-03-27 08:22:00+00:00
Mandla Abebe,jokonkwo,group_chat,2026-03-27 08:23:10+00:00
Mandla Abebe,jdubois,group_chat,2026-03-27 08:23:10+00:00
Mandla Abebe,mabebe,group_chat,2026-03-27 08:23:10+00:00
Mandla Abebe,rmensah,group_chat,2026-03-27 08:23:10+00:00
Rose Mensah,jokonkwo,group_chat,2026-03-27 08:24:00+00:00
Rose Mensah,jdubois,group_chat,2026-03-27 08:24:00+00:00
Rose Mensah,mabebe,group_chat,2026-03-27 08:24:00+00:00
Rose Mensah,rmensah,group_chat,2026-03-27 08:24:00+00:00
Jamal Okonkwo,jokonkwo,group_chat,2026-03-27 08:25:15+00:00
Jamal Okonkwo,jdubois,group_chat,2026-03-27 08:25:15+00:00
Jamal Okonkwo,mabebe,group_chat,2026-03-27 08:25:15+00:00
Jamal Okonkwo,rmensah,group_chat,2026-03-27 08:25:15+00:00
Jacqueline Dubois,jokonkwo,group_chat,2026-03-27 08:26:00+00:00
Jacqueline Dubois,jdubois,group_chat,2026-03-27 08:26:00+00:00
Jacqueline Dubois,mabebe,group_chat,2026-03-27 08:26:00+00:00
Jacqueline Dubois,rmensah,group_chat,2026-03-27 08:26:00+00:00
Rose Mensah,jokonkwo,group_chat,2026-03-27 08:27:10+00:00
Rose Mensah,jdubois,group_chat,2026-03-27 08:27:10+00:00
Rose Mensah,mabebe,group_chat,2026-03-27 08:27:10+00:00
Rose Mensah,rmensah,group_chat,2026-03-27 08:27:10+00:00
Jamal Okonkwo,jokonkwo,group_chat,2026-03-27 08:28:30+00:00
Jamal Okonkwo,jdubois,group_chat,2026-03-27 08:28:30+00:00
Jamal Okonkwo,mabebe,group_chat,2026-03-27 08:28:30+00:00
Jamal Okonkwo,rmensah,group_chat,2026-03-27 08:28:30+00:00
Mandla Abebe,jokonkwo,group_chat,2026-03-27 08:29:00+00:00
Mandla Abebe,jdubois,group_chat,2026-03-27 08:29:00+00:00
Mandla Abebe,mabebe,group_chat,2026-03-27 08:29:00+00:00
Mandla Abebe,rmensah,group_chat,2026-03-27 08:29:00+00:00
Jacqueline Dubois,jokonkwo,group_chat,2026-03-27 08:30:10+00:00
Jacqueline Dubois,jdubois,group_chat,2026-03-27 08:30:10+00:00
Jacqueline Dubois,mabebe,group_chat,2026-03-27 08:30:10+00:00
Jacqueline Dubois,rmensah,group_chat,2026-03-27 08:30:10+00:00
Jamal Okonkwo,jokonkwo,group_chat,2026-03-27 08:31:05+00:00
Jamal Okonkwo,jdubois,group_chat,2026-03-27 08:31:05+00:00
Jamal Okonkwo,mabebe,group_chat,2026-03-27 08:31:05+00:00
Jamal Okonkwo,rmensah,group_chat,2026-03-27 08:31:05+00:00
Rose Mensah,jokonkwo,group_chat,2026-03-27 08:32:20+00:00
Rose Mensah,jdubois,group_chat,2026-03-27 08:32:20+00:00
Rose Mensah,mabebe,group_chat,2026-03-27 08:32:20+00:00
Rose Mensah,rmensah,group_chat,2026-03-27 08:32:20+00:00
Mandla Abebe,jokonkwo,group_chat,2026-03-27 08:33:15+00:00
Mandla Abebe,jdubois,group_chat,2026-03-27 08:33:15+00:00
Mandla Abebe,mabebe,group_chat,2026-03-27 08:33:15+00:00
Mandla Abebe,rmensah,group_chat,2026-03-27 08:33:15+00:00
Jacqueline Dubois,jokonkwo,group_chat,2026-03-27 08:33:50+00:00
Jacqueline Dubois,jdubois,group_chat,2026-03-27 08:33:50+00:00
Jacqueline Dubois,mabebe,group_chat,2026-03-27 08:33:50+00:00
Jacqueline Dubois,rmensah,group_chat,2026-03-27 08:33:50+00:00
Jamal Okonkwo,jokonkwo,group_chat,2026-03-27 08:34:30+00:00
Jamal Okonkwo,jdubois,group_chat,2026-03-27 08:34:30+00:00
Jamal Okonkwo,mabebe,group_chat,2026-03-27 08:34:30+00:00
Jamal Okonkwo,rmensah,group_chat,2026-03-27 08:34:30+00:00
Rose Mensah,jokonkwo,group_chat,2026-03-27 08:35:00+00:00
Rose Mensah,jdubois,group_chat,2026-03-27 08:35:00+00:00
Rose Mensah,mabebe,group_chat,2026-03-27 08:35:00+00:00
Rose Mensah,rmensah,group_chat,2026-03-27 08:35:00+00:00
Mandla Abebe,jokonkwo,group_chat,2026-03-27 08:35:40+00:00
Mandla Abebe,jdubois,group_chat,2026-03-27 08:35:40+00:00
Mandla Abebe,mabebe,group_chat,2026-03-27 08:35:40+00:00
Mandla Abebe,rmensah,group_chat,2026-03-27 08:35:40+00:00
Takeshi Sato,tsato,group_chat,2026-03-27 09:15:00+00:00
Takeshi Sato,ljohansson,group_chat,2026-03-27 09:15:00+00:00
Takeshi Sato,jhassan,group_chat,2026-03-27 09:15:00+00:00
Takeshi Sato,tkobayashi,group_chat,2026-03-27 09:15:00+00:00
Lina Johansson,tsato,group_chat,2026-03-27 09:16:12+00:00
Lina Johansson,ljohansson,group_chat,2026-03-27 09:16:12+00:00
Lina Johansson,jhassan,group_chat,2026-03-27 09:16:12+00:00
Lina Johansson,tkobayashi,group_chat,2026-03-27 09:16:12+00:00
Jamal Hassan,tsato,group_chat,2026-03-27 09:16:47+00:00
Jamal Hassan,ljohansson,group_chat,2026-03-27 09:16:47+00:00
Jamal Hassan,jhassan,group_chat,2026-03-27 09:16:47+00:00
Jamal Hassan,tkobayashi,group_chat,2026-03-27 09:16:47+00:00
Taro Kobayashi,tsato,group_chat,2026-03-27 09:17:30+00:00
Taro Kobayashi,ljohansson,group_chat,2026-03-27 09:17:30+00:00
Taro Kobayashi,jhassan,group_chat,2026-03-27 09:17:30+00:00
Taro Kobayashi,tkobayashi,group_chat,2026-03-27 09:17:30+00:00
Takeshi Sato,tsato,group_chat,2026-03-27 09:18:05+00:00
Takeshi Sato,ljohansson,group_chat,2026-03-27 09:18:05+00:00
Takeshi Sato,jhassan,group_chat,2026-03-27 09:18:05+00:00
Takeshi Sato,tkobayashi,group_chat,2026-03-27 09:18:05+00:00
Lina Johansson,tsato,group_chat,2026-03-27 09:18:50+00:00
Lina Johansson,ljohansson,group_chat,2026-03-27 09:18:50+00:00
Lina Johansson,jhassan,group_chat,2026-03-27 09:18:50+00:00
Lina Johansson,tkobayashi,group_chat,2026-03-27 09:18:50+00:00
Jamal Hassan,tsato,group_chat,2026-03-27 09:19:25+00:00
Jamal Hassan,ljohansson,group_chat,2026-03-27 09:19:25+00:00
Jamal Hassan,jhassan,group_chat,2026-03-27 09:19:25+00:00
Jamal Hassan,tkobayashi,group_chat,2026-03-27 09:19:25+00:00
Taro Kobayashi,tsato,group_chat,2026-03-27 09:20:01+00:00
Taro Kobayashi,ljohansson,group_chat,2026-03-27 09:20:01+00:00
Taro Kobayashi,jhassan,group_chat,2026-03-27 09:20:01+00:00
Taro Kobayashi,tkobayashi,group_chat,2026-03-27 09:20:01+00:00
Lina Johansson,tsato,group_chat,2026-03-27 09:20:45+00:00
Lina Johansson,ljohansson,group_chat,2026-03-27 09:20:45+00:00
Lina Johansson,jhassan,group_chat,2026-03-27 09:20:45+00:00
Lina Johansson,tkobayashi,group_chat,2026-03-27 09:20:45+00:00
Takeshi Sato,tsato,group_chat,2026-03-27 09:21:30+00:00
Takeshi Sato,ljohansson,group_chat,2026-03-27 09:21:30+00:00
Takeshi Sato,jhassan,group_chat,2026-03-27 09:21:30+00:00
Takeshi Sato,tkobayashi,group_chat,2026-03-27 09:21:30+00:00
Jamal Hassan,tsato,group_chat,2026-03-27 09:22:05+00:00
Jamal Hassan,ljohansson,group_chat,2026-03-27 09:22:05+00:00
Jamal Hassan,jhassan,group_chat,2026-03-27 09:22:05+00:00
Jamal Hassan,tkobayashi,group_chat,2026-03-27 09:22:05+00:00
Lina Johansson,tsato,group_chat,2026-03-27 09:22:45+00:00
Lina Johansson,ljohansson,group_chat,2026-03-27 09:22:45+00:00
Lina Johansson,jhassan,group_chat,2026-03-27 09:22:45+00:00
Lina Johansson,tkobayashi,group_chat,2026-03-27 09:22:45+00:00
Taro Kobayashi,tsato,group_chat,2026-03-27 09:23:10+00:00
Taro Kobayashi,ljohansson,group_chat,2026-03-27 09:23:10+00:00
Taro Kobayashi,jhassan,group_chat,2026-03-27 09:23:10+00:00
Taro Kobayashi,tkobayashi,group_chat,2026-03-27 09:23:10+00:00
Jamal Hassan,tsato,group_chat,2026-03-27 09:25:00+00:00
Jamal Hassan,ljohansson,group_chat,2026-03-27 09:25:00+00:00
Jamal Hassan,jhassan,group_chat,2026-03-27 09:25:00+00:00
Jamal Hassan,tkobayashi,group_chat,2026-03-27 09:25:00+00:00
Takeshi Sato,tsato,group_chat,2026-03-27 09:25:45+00:00
Takeshi Sato,ljohansson,group_chat,2026-03-27 09:25:45+00:00
Takeshi Sato,jhassan,group_chat,2026-03-27 09:25:45+00:00
Takeshi Sato,tkobayashi,group_chat,2026-03-27 09:25:45+00:00
Jamal Hassan,tsato,group_chat,2026-03-27 09:26:15+00:00
Jamal Hassan,ljohansson,group_chat,2026-03-27 09:26:15+00:00
Jamal Hassan,jhassan,group_chat,2026-03-27 09:26:15+00:00
Jamal Hassan,tkobayashi,group_chat,2026-03-27 09:26:15+00:00
Lina Johansson,tsato,group_chat,2026-03-27 09:27:00+00:00
Lina Johansson,ljohansson,group_chat,2026-03-27 09:27:00+00:00
Lina Johansson,jhassan,group_chat,2026-03-27 09:27:00+00:00
Lina Johansson,tkobayashi,group_chat,2026-03-27 09:27:00+00:00
Taro Kobayashi,tsato,group_chat,2026-03-27 09:28:20+00:00
Taro Kobayashi,ljohansson,group_chat,2026-03-27 09:28:20+00:00
Taro Kobayashi,jhassan,group_chat,2026-03-27 09:28:20+00:00
Taro Kobayashi,tkobayashi,group_chat,2026-03-27 09:28:20+00:00
Takeshi Sato,tsato,group_chat,2026-03-27 09:29:10+00:00
Takeshi Sato,ljohansson,group_chat,2026-03-27 09:29:10+00:00
Takeshi Sato,jhassan,group_chat,2026-03-27 09:29:10+00:00
Takeshi Sato,tkobayashi,group_chat,2026-03-27 09:29:10+00:00
Lina Johansson,tsato,group_chat,2026-03-27 09:29:50+00:00
Lina Johansson,ljohansson,group_chat,2026-03-27 09:29:50+00:00
Lina Johansson,jhassan,group_chat,2026-03-27 09:29:50+00:00
Lina Johansson,tkobayashi,group_chat,2026-03-27 09:29:50+00:00
Jamal Hassan,tsato,group_chat,2026-03-27 09:30:15+00:00
Jamal Hassan,ljohansson,group_chat,2026-03-27 09:30:15+00:00
Jamal Hassan,jhassan,group_chat,2026-03-27 09:30:15+00:00
Jamal Hassan,tkobayashi,group_chat,2026-03-27 09:30:15+00:00
Mariana Garcia,mgarcia,group_chat,2026-03-27 09:02:15+00:00
Mariana Garcia,tsato,group_chat,2026-03-27 09:02:15+00:00
Mariana Garcia,jhassan,group_chat,2026-03-27 09:02:15+00:00
Mariana Garcia,rchowdhury,group_chat,2026-03-27 09:02:15+00:00
Mariana Garcia,carlosgarcia,group_chat,2026-03-27 09:02:15+00:00
Mariana Garcia,kpark,group_chat,2026-03-27 09:02:15+00:00
Takeshi Sato,mgarcia,group_chat,2026-03-27 09:02:30+00:00
Takeshi Sato,tsato,group_chat,2026-03-27 09:02:30+00:00
Takeshi Sato,jhassan,group_chat,2026-03-27 09:02:30+00:00
Takeshi Sato,rchowdhury,group_chat,2026-03-27 09:02:30+00:00
Takeshi Sato,carlosgarcia,group_chat,2026-03-27 09:02:30+00:00
Takeshi Sato,kpark,group_chat,2026-03-27 09:02:30+00:00
Jamal Hassan,mgarcia,group_chat,2026-03-27 09:03:10+00:00
Jamal Hassan,tsato,group_chat,2026-03-27 09:03:10+00:00
Jamal Hassan,jhassan,group_chat,2026-03-27 09:03:10+00:00
Jamal Hassan,rchowdhury,group_chat,2026-03-27 09:03:10+00:00
Jamal Hassan,carlosgarcia,group_chat,2026-03-27 09:03:10+00:00
Jamal Hassan,kpark,group_chat,2026-03-27 09:03:10+00:00
Ritika Chowdhury,mgarcia,group_chat,2026-03-27 09:03:45+00:00
Ritika Chowdhury,tsato,group_chat,2026-03-27 09:03:45+00:00
Ritika Chowdhury,jhassan,group_chat,2026-03-27 09:03:45+00:00
Ritika Chowdhury,rchowdhury,group_chat,2026-03-27 09:03:45+00:00
Ritika Chowdhury,carlosgarcia,group_chat,2026-03-27 09:03:45+00:00
Ritika Chowdhury,kpark,group_chat,2026-03-27 09:03:45+00:00
Carlos Garcia,mgarcia,group_chat,2026-03-27 09:04:10+00:00
Carlos Garcia,tsato,group_chat,2026-03-27 09:04:10+00:00
Carlos Garcia,jhassan,group_chat,2026-03-27 09:04:10+00:00
Carlos Garcia,rchowdhury,group_chat,2026-03-27 09:04:10+00:00
Carlos Garcia,carlosgarcia,group_chat,2026-03-27 09:04:10+00:00
Carlos Garcia,kpark,group_chat,2026-03-27 09:04:10+00:00
Kai Park,mgarcia,group_chat,2026-03-27 09:04:25+00:00
Kai Park,tsato,group_chat,2026-03-27 09:04:25+00:00
Kai Park,jhassan,group_chat,2026-03-27 09:04:25+00:00
Kai Park,rchowdhury,group_chat,2026-03-27 09:04:25+00:00
Kai Park,carlosgarcia,group_chat,2026-03-27 09:04:25+00:00
Kai Park,kpark,group_chat,2026-03-27 09:04:25+00:00
Mariana Garcia,mgarcia,group_chat,2026-03-27 09:04:40+00:00
Mariana Garcia,tsato,group_chat,2026-03-27 09:04:40+00:00
Mariana Garcia,jhassan,group_chat,2026-03-27 09:04:40+00:00
Mariana Garcia,rchowdhury,group_chat,2026-03-27 09:04:40+00:00
Mariana Garcia,carlosgarcia,group_chat,2026-03-27 09:04:40+00:00
Mariana Garcia,kpark,group_chat,2026-03-27 09:04:40+00:00
Carlos Garcia,mgarcia,group_chat,2026-03-27 09:05:10+00:00
Carlos Garcia,tsato,group_chat,2026-03-27 09:05:10+00:00
Carlos Garcia,jhassan,group_chat,2026-03-27 09:05:10+00:00
Carlos Garcia,rchowdhury,group_chat,2026-03-27 09:05:10+00:00
Carlos Garcia,carlosgarcia,group_chat,2026-03-27 09:05:10+00:00
Carlos Garcia,kpark,group_chat,2026-03-27 09:05:10+00:00
Ritika Chowdhury,mgarcia,group_chat,2026-03-27 09:05:30+00:00
Ritika Chowdhury,tsato,group_chat,2026-03-27 09:05:30+00:00
Ritika Chowdhury,jhassan,group_chat,2026-03-27 09:05:30+00:00
Ritika Chowdhury,rchowdhury,group_chat,2026-03-27 09:05:30+00:00
Ritika Chowdhury,carlosgarcia,group_chat,2026-03-27 09:05:30+00:00
Ritika Chowdhury,kpark,group_chat,2026-03-27 09:05:30+00:00
Jamal Hassan,mgarcia,group_chat,2026-03-27 09:05:45+00:00
Jamal Hassan,tsato,group_chat,2026-03-27 09:05:45+00:00
Jamal Hassan,jhassan,group_chat,2026-03-27 09:05:45+00:00
Jamal Hassan,rchowdhury,group_chat,2026-03-27 09:05:45+00:00
Jamal Hassan,carlosgarcia,group_chat,2026-03-27 09:05:45+00:00
Jamal Hassan,kpark,group_chat,2026-03-27 09:05:45+00:00
Kai Park,mgarcia,group_chat,2026-03-27 09:06:10+00:00
Kai Park,tsato,group_chat,2026-03-27 09:06:10+00:00
Kai Park,jhassan,group_chat,2026-03-27 09:06:10+00:00
Kai Park,rchowdhury,group_chat,2026-03-27 09:06:10+00:00
Kai Park,carlosgarcia,group_chat,2026-03-27 09:06:10+00:00
Kai Park,kpark,group_chat,2026-03-27 09:06:10+00:00
Carlos Garcia,mgarcia,group_chat,2026-03-27 09:06:25+00:00
Carlos Garcia,tsato,group_chat,2026-03-27 09:06:25+00:00
Carlos Garcia,jhassan,group_chat,2026-03-27 09:06:25+00:00
Carlos Garcia,rchowdhury,group_chat,2026-03-27 09:06:25+00:00
Carlos Garcia,carlosgarcia,group_chat,2026-03-27 09:06:25+00:00
Carlos Garcia,kpark,group_chat,2026-03-27 09:06:25+00:00
Mariana Garcia,mgarcia,group_chat,2026-03-27 09:06:40+00:00
Mariana Garcia,tsato,group_chat,2026-03-27 09:06:40+00:00
Mariana Garcia,jhassan,group_chat,2026-03-27 09:06:40+00:00
Mariana Garcia,rchowdhury,group_chat,2026-03-27 09:06:40+00:00
Mariana Garcia,carlosgarcia,group_chat,2026-03-27 09:06:40+00:00
Mariana Garcia,kpark,group_chat,2026-03-27 09:06:40+00:00
Ritika Chowdhury,mgarcia,group_chat,2026-03-27 09:07:05+00:00
Ritika Chowdhury,tsato,group_chat,2026-03-27 09:07:05+00:00
Ritika Chowdhury,jhassan,group_chat,2026-03-27 09:07:05+00:00
Ritika Chowdhury,rchowdhury,group_chat,2026-03-27 09:07:05+00:00
Ritika Chowdhury,carlosgarcia,group_chat,2026-03-27 09:07:05+00:00
Ritika Chowdhury,kpark,group_chat,2026-03-27 09:07:05+00:00
Takeshi Sato,mgarcia,group_chat,2026-03-27 09:07:20+00:00
Takeshi Sato,tsato,group_chat,2026-03-27 09:07:20+00:00
Takeshi Sato,jhassan,group_chat,2026-03-27 09:07:20+00:00
Takeshi Sato,rchowdhury,group_chat,2026-03-27 09:07:20+00:00
Takeshi Sato,carlosgarcia,group_chat,2026-03-27 09:07:20+00:00
Takeshi Sato,kpark,group_chat,2026-03-27 09:07:20+00:00
Kai Park,mgarcia,group_chat,2026-03-27 09:08:00+00:00
Kai Park,tsato,group_chat,2026-03-27 09:08:00+00:00
Kai Park,jhassan,group_chat,2026-03-27 09:08:00+00:00
Kai Park,rchowdhury,group_chat,2026-03-27 09:08:00+00:00
Kai Park,carlosgarcia,group_chat,2026-03-27 09:08:00+00:00
Kai Park,kpark,group_chat,2026-03-27 09:08:00+00:00
Mariana Garcia,mgarcia,group_chat,2026-03-27 09:08:20+00:00
Mariana Garcia,tsato,group_chat,2026-03-27 09:08:20+00:00
Mariana Garcia,jhassan,group_chat,2026-03-27 09:08:20+00:00
Mariana Garcia,rchowdhury,group_chat,2026-03-27 09:08:20+00:00
Mariana Garcia,carlosgarcia,group_chat,2026-03-27 09:08:20+00:00
Mariana Garcia,kpark,group_chat,2026-03-27 09:08:20+00:00
Carlos Garcia,mgarcia,group_chat,2026-03-27 09:08:45+00:00
Carlos Garcia,tsato,group_chat,2026-03-27 09:08:45+00:00
Carlos Garcia,jhassan,group_chat,2026-03-27 09:08:45+00:00
Carlos Garcia,rchowdhury,group_chat,2026-03-27 09:08:45+00:00
Carlos Garcia,carlosgarcia,group_chat,2026-03-27 09:08:45+00:00
Carlos Garcia,kpark,group_chat,2026-03-27 09:08:45+00:00
Jamal Hassan,mgarcia,group_chat,2026-03-27 09:09:00+00:00
Jamal Hassan,tsato,group_chat,2026-03-27 09:09:00+00:00
Jamal Hassan,jhassan,group_chat,2026-03-27 09:09:00+00:00
Jamal Hassan,rchowdhury,group_chat,2026-03-27 09:09:00+00:00
Jamal Hassan,carlosgarcia,group_chat,2026-03-27 09:09:00+00:00
Jamal Hassan,kpark,group_chat,2026-03-27 09:09:00+00:00
Carlos Garcia,mgarcia,group_chat,2026-03-27 09:09:15+00:00
Carlos Garcia,tsato,group_chat,2026-03-27 09:09:15+00:00
Carlos Garcia,jhassan,group_chat,2026-03-27 09:09:15+00:00
Carlos Garcia,rchowdhury,group_chat,2026-03-27 09:09:15+00:00
Carlos Garcia,carlosgarcia,group_chat,2026-03-27 09:09:15+00:00
Carlos Garcia,kpark,group_chat,2026-03-27 09:09:15+00:00
Jamal Hassan,jhassan,group_chat,2026-03-27 09:02:15+00:00
Jamal Hassan,tsato,group_chat,2026-03-27 09:02:15+00:00
Jamal Hassan,hwang,group_chat,2026-03-27 09:02:15+00:00
Jamal Hassan,tkobayashi,group_chat,2026-03-27 09:02:15+00:00
Jamal Hassan,rprasad,group_chat,2026-03-27 09:02:15+00:00
Jamal Hassan,tsilva,group_chat,2026-03-27 09:02:15+00:00
Jamal Hassan,kpark,group_chat,2026-03-27 09:02:15+00:00
Jamal Hassan,anapatel,group_chat,2026-03-27 09:02:15+00:00
Ana Patel,jhassan,group_chat,2026-03-27 09:02:30+00:00
Ana Patel,tsato,group_chat,2026-03-27 09:02:30+00:00
Ana Patel,hwang,group_chat,2026-03-27 09:02:30+00:00
Ana Patel,tkobayashi,group_chat,2026-03-27 09:02:30+00:00
Ana Patel,rprasad,group_chat,2026-03-27 09:02:30+00:00
Ana Patel,tsilva,group_chat,2026-03-27 09:02:30+00:00
Ana Patel,kpark,group_chat,2026-03-27 09:02:30+00:00
Ana Patel,anapatel,group_chat,2026-03-27 09:02:30+00:00
Kai Park,jhassan,group_chat,2026-03-27 09:03:10+00:00
Kai Park,tsato,group_chat,2026-03-27 09:03:10+00:00
Kai Park,hwang,group_chat,2026-03-27 09:03:10+00:00
Kai Park,tkobayashi,group_chat,2026-03-27 09:03:10+00:00
Kai Park,rprasad,group_chat,2026-03-27 09:03:10+00:00
Kai Park,tsilva,group_chat,2026-03-27 09:03:10+00:00
Kai Park,kpark,group_chat,2026-03-27 09:03:10+00:00
Kai Park,anapatel,group_chat,2026-03-27 09:03:10+00:00
Taro Kobayashi,jhassan,group_chat,2026-03-27 09:04:05+00:00
Taro Kobayashi,tsato,group_chat,2026-03-27 09:04:05+00:00
Taro Kobayashi,hwang,group_chat,2026-03-27 09:04:05+00:00
Taro Kobayashi,tkobayashi,group_chat,2026-03-27 09:04:05+00:00
Taro Kobayashi,rprasad,group_chat,2026-03-27 09:04:05+00:00
Taro Kobayashi,tsilva,group_chat,2026-03-27 09:04:05+00:00
Taro Kobayashi,kpark,group_chat,2026-03-27 09:04:05+00:00
Taro Kobayashi,anapatel,group_chat,2026-03-27 09:04:05+00:00
Thiago Silva,jhassan,group_chat,2026-03-27 09:04:45+00:00
Thiago Silva,tsato,group_chat,2026-03-27 09:04:45+00:00
Thiago Silva,hwang,group_chat,2026-03-27 09:04:45+00:00
Thiago Silva,tkobayashi,group_chat,2026-03-27 09:04:45+00:00
Thiago Silva,rprasad,group_chat,2026-03-27 09:04:45+00:00
Thiago Silva,tsilva,group_chat,2026-03-27 09:04:45+00:00
Thiago Silva,kpark,group_chat,2026-03-27 09:04:45+00:00
Thiago Silva,anapatel,group_chat,2026-03-27 09:04:45+00:00
Rohit Prasad,jhassan,group_chat,2026-03-27 09:05:20+00:00
Rohit Prasad,tsato,group_chat,2026-03-27 09:05:20+00:00
Rohit Prasad,hwang,group_chat,2026-03-27 09:05:20+00:00
Rohit Prasad,tkobayashi,group_chat,2026-03-27 09:05:20+00:00
Rohit Prasad,rprasad,group_chat,2026-03-27 09:05:20+00:00
Rohit Prasad,tsilva,group_chat,2026-03-27 09:05:20+00:00
Rohit Prasad,kpark,group_chat,2026-03-27 09:05:20+00:00
Rohit Prasad,anapatel,group_chat,2026-03-27 09:05:20+00:00
Hyun-Jae Wang,jhassan,group_chat,2026-03-27 09:06:10+00:00
Hyun-Jae Wang,tsato,group_chat,2026-03-27 09:06:10+00:00
Hyun-Jae Wang,hwang,group_chat,2026-03-27 09:06:10+00:00
Hyun-Jae Wang,tkobayashi,group_chat,2026-03-27 09:06:10+00:00
Hyun-Jae Wang,rprasad,group_chat,2026-03-27 09:06:10+00:00
Hyun-Jae Wang,tsilva,group_chat,2026-03-27 09:06:10+00:00
Hyun-Jae Wang,kpark,group_chat,2026-03-27 09:06:10+00:00
Hyun-Jae Wang,anapatel,group_chat,2026-03-27 09:06:10+00:00
Ana Patel,jhassan,group_chat,2026-03-27 09:06:25+00:00
Ana Patel,tsato,group_chat,2026-03-27 09:06:25+00:00
Ana Patel,hwang,group_chat,2026-03-27 09:06:25+00:00
Ana Patel,tkobayashi,group_chat,2026-03-27 09:06:25+00:00
Ana Patel,rprasad,group_chat,2026-03-27 09:06:25+00:00
Ana Patel,tsilva,group_chat,2026-03-27 09:06:25+00:00
Ana Patel,kpark,group_chat,2026-03-27 09:06:25+00:00
Ana Patel,anapatel,group_chat,2026-03-27 09:06:25+00:00
Takeshi Sato,jhassan,group_chat,2026-03-27 09:06:50+00:00
Takeshi Sato,tsato,group_chat,2026-03-27 09:06:50+00:00
Takeshi Sato,hwang,group_chat,2026-03-27 09:06:50+00:00
Takeshi Sato,tkobayashi,group_chat,2026-03-27 09:06:50+00:00
Takeshi Sato,rprasad,group_chat,2026-03-27 09:06:50+00:00
Takeshi Sato,tsilva,group_chat,2026-03-27 09:06:50+00:00
Takeshi Sato,kpark,group_chat,2026-03-27 09:06:50+00:00
Takeshi Sato,anapatel,group_chat,2026-03-27 09:06:50+00:00
Jamal Hassan,jhassan,group_chat,2026-03-27 09:07:00+00:00
Jamal Hassan,tsato,group_chat,2026-03-27 09:07:00+00:00
Jamal Hassan,hwang,group_chat,2026-03-27 09:07:00+00:00
Jamal Hassan,tkobayashi,group_chat,2026-03-27 09:07:00+00:00
Jamal Hassan,rprasad,group_chat,2026-03-27 09:07:00+00:00
Jamal Hassan,tsilva,group_chat,2026-03-27 09:07:00+00:00
Jamal Hassan,kpark,group_chat,2026-03-27 09:07:00+00:00
Jamal Hassan,anapatel,group_chat,2026-03-27 09:07:00+00:00
Kai Park,jhassan,group_chat,2026-03-27 09:08:15+00:00
Kai Park,tsato,group_chat,2026-03-27 09:08:15+00:00
Kai Park,hwang,group_chat,2026-03-27 09:08:15+00:00
Kai Park,tkobayashi,group_chat,2026-03-27 09:08:15+00:00
Kai Park,rprasad,group_chat,2026-03-27 09:08:15+00:00
Kai Park,tsilva,group_chat,2026-03-27 09:08:15+00:00
Kai Park,kpark,group_chat,2026-03-27 09:08:15+00:00
Kai Park,anapatel,group_chat,2026-03-27 09:08:15+00:00
Thiago Silva,jhassan,group_chat,2026-03-27 09:08:30+00:00
Thiago Silva,tsato,group_chat,2026-03-27 09:08:30+00:00
Thiago Silva,hwang,group_chat,2026-03-27 09:08:30+00:00
Thiago Silva,tkobayashi,group_chat,2026-03-27 09:08:30+00:00
Thiago Silva,rprasad,group_chat,2026-03-27 09:08:30+00:00
Thiago Silva,tsilva,group_chat,2026-03-27 09:08:30+00:00
Thiago Silva,kpark,group_chat,2026-03-27 09:08:30+00:00
Thiago Silva,anapatel,group_chat,2026-03-27 09:08:30+00:00
Ana Patel,jhassan,group_chat,2026-03-27 09:09:00+00:00
Ana Patel,tsato,group_chat,2026-03-27 09:09:00+00:00
Ana Patel,hwang,group_chat,2026-03-27 09:09:00+00:00
Ana Patel,tkobayashi,group_chat,2026-03-27 09:09:00+00:00
Ana Patel,rprasad,group_chat,2026-03-27 09:09:00+00:00
Ana Patel,tsilva,group_chat,2026-03-27 09:09:00+00:00
Ana Patel,kpark,group_chat,2026-03-27 09:09:00+00:00
Ana Patel,anapatel,group_chat,2026-03-27 09:09:00+00:00
Taro Kobayashi,jhassan,group_chat,2026-03-27 09:09:20+00:00
Taro Kobayashi,tsato,group_chat,2026-03-27 09:09:20+00:00
Taro Kobayashi,hwang,group_chat,2026-03-27 09:09:20+00:00
Taro Kobayashi,tkobayashi,group_chat,2026-03-27 09:09:20+00:00
Taro Kobayashi,rprasad,group_chat,2026-03-27 09:09:20+00:00
Taro Kobayashi,tsilva,group_chat,2026-03-27 09:09:20+00:00
Taro Kobayashi,kpark,group_chat,2026-03-27 09:09:20+00:00
Taro Kobayashi,anapatel,group_chat,2026-03-27 09:09:20+00:00
Rohit Prasad,jhassan,group_chat,2026-03-27 09:10:05+00:00
Rohit Prasad,tsato,group_chat,2026-03-27 09:10:05+00:00
Rohit Prasad,hwang,group_chat,2026-03-27 09:10:05+00:00
Rohit Prasad,tkobayashi,group_chat,2026-03-27 09:10:05+00:00
Rohit Prasad,rprasad,group_chat,2026-03-27 09:10:05+00:00
Rohit Prasad,tsilva,group_chat,2026-03-27 09:10:05+00:00
Rohit Prasad,kpark,group_chat,2026-03-27 09:10:05+00:00
Rohit Prasad,anapatel,group_chat,2026-03-27 09:10:05+00:00
Jamal Hassan,jhassan,group_chat,2026-03-27 09:10:30+00:00
Jamal Hassan,tsato,group_chat,2026-03-27 09:10:30+00:00
Jamal Hassan,hwang,group_chat,2026-03-27 09:10:30+00:00
Jamal Hassan,tkobayashi,group_chat,2026-03-27 09:10:30+00:00
Jamal Hassan,rprasad,group_chat,2026-03-27 09:10:30+00:00
Jamal Hassan,tsilva,group_chat,2026-03-27 09:10:30+00:00
Jamal Hassan,kpark,group_chat,2026-03-27 09:10:30+00:00
Jamal Hassan,anapatel,group_chat,2026-03-27 09:10:30+00:00
Hyun-Jae Wang,jhassan,group_chat,2026-03-27 09:11:10+00:00
Hyun-Jae Wang,tsato,group_chat,2026-03-27 09:11:10+00:00
Hyun-Jae Wang,hwang,group_chat,2026-03-27 09:11:10+00:00
Hyun-Jae Wang,tkobayashi,group_chat,2026-03-27 09:11:10+00:00
Hyun-Jae Wang,rprasad,group_chat,2026-03-27 09:11:10+00:00
Hyun-Jae Wang,tsilva,group_chat,2026-03-27 09:11:10+00:00
Hyun-Jae Wang,kpark,group_chat,2026-03-27 09:11:10+00:00
Hyun-Jae Wang,anapatel,group_chat,2026-03-27 09:11:10+00:00
Ana Patel,jhassan,group_chat,2026-03-27 09:11:25+00:00
Ana Patel,tsato,group_chat,2026-03-27 09:11:25+00:00
Ana Patel,hwang,group_chat,2026-03-27 09:11:25+00:00
Ana Patel,tkobayashi,group_chat,2026-03-27 09:11:25+00:00
Ana Patel,rprasad,group_chat,2026-03-27 09:11:25+00:00
Ana Patel,tsilva,group_chat,2026-03-27 09:11:25+00:00
Ana Patel,kpark,group_chat,2026-03-27 09:11:25+00:00
Ana Patel,anapatel,group_chat,2026-03-27 09:11:25+00:00
Kai Park,jhassan,group_chat,2026-03-27 09:12:00+00:00
Kai Park,tsato,group_chat,2026-03-27 09:12:00+00:00
Kai Park,hwang,group_chat,2026-03-27 09:12:00+00:00
Kai Park,tkobayashi,group_chat,2026-03-27 09:12:00+00:00
Kai Park,rprasad,group_chat,2026-03-27 09:12:00+00:00
Kai Park,tsilva,group_chat,2026-03-27 09:12:00+00:00
Kai Park,kpark,group_chat,2026-03-27 09:12:00+00:00
Kai Park,anapatel,group_chat,2026-03-27 09:12:00+00:00
Takeshi Sato,jhassan,group_chat,2026-03-27 09:12:20+00:00
Takeshi Sato,tsato,group_chat,2026-03-27 09:12:20+00:00
Takeshi Sato,hwang,group_chat,2026-03-27 09:12:20+00:00
Takeshi Sato,tkobayashi,group_chat,2026-03-27 09:12:20+00:00
Takeshi Sato,rprasad,group_chat,2026-03-27 09:12:20+00:00
Takeshi Sato,tsilva,group_chat,2026-03-27 09:12:20+00:00
Takeshi Sato,kpark,group_chat,2026-03-27 09:12:20+00:00
Takeshi Sato,anapatel,group_chat,2026-03-27 09:12:20+00:00
Amélie_Dubois,adubois,group_chat,2026-03-27 10:05:23+00:00
Amélie_Dubois,tsato,group_chat,2026-03-27 10:05:23+00:00
Amélie_Dubois,rpatel,group_chat,2026-03-27 10:05:23+00:00
Amélie_Dubois,mgarcia,group_chat,2026-03-27 10:05:23+00:00
Amélie_Dubois,jdubois,group_chat,2026-03-27 10:05:23+00:00
Takeshi_Sato,adubois,group_chat,2026-03-27 10:06:10+00:00
Takeshi_Sato,tsato,group_chat,2026-03-27 10:06:10+00:00
Takeshi_Sato,rpatel,group_chat,2026-03-27 10:06:10+00:00
Takeshi_Sato,mgarcia,group_chat,2026-03-27 10:06:10+00:00
Takeshi_Sato,jdubois,group_chat,2026-03-27 10:06:10+00:00
Mariana_Garcia,adubois,group_chat,2026-03-27 10:06:47+00:00
Mariana_Garcia,tsato,group_chat,2026-03-27 10:06:47+00:00
Mariana_Garcia,rpatel,group_chat,2026-03-27 10:06:47+00:00
Mariana_Garcia,mgarcia,group_chat,2026-03-27 10:06:47+00:00
Mariana_Garcia,jdubois,group_chat,2026-03-27 10:06:47+00:00
Jacqueline_Dubois,adubois,group_chat,2026-03-27 10:07:15+00:00
Jacqueline_Dubois,tsato,group_chat,2026-03-27 10:07:15+00:00
Jacqueline_Dubois,rpatel,group_chat,2026-03-27 10:07:15+00:00
Jacqueline_Dubois,mgarcia,group_chat,2026-03-27 10:07:15+00:00
Jacqueline_Dubois,jdubois,group_chat,2026-03-27 10:07:15+00:00
Ravi_Patel,adubois,group_chat,2026-03-27 10:07:42+00:00
Ravi_Patel,tsato,group_chat,2026-03-27 10:07:42+00:00
Ravi_Patel,rpatel,group_chat,2026-03-27 10:07:42+00:00
Ravi_Patel,mgarcia,group_chat,2026-03-27 10:07:42+00:00
Ravi_Patel,jdubois,group_chat,2026-03-27 10:07:42+00:00
Takeshi_Sato,adubois,group_chat,2026-03-27 10:08:05+00:00
Takeshi_Sato,tsato,group_chat,2026-03-27 10:08:05+00:00
Takeshi_Sato,rpatel,group_chat,2026-03-27 10:08:05+00:00
Takeshi_Sato,mgarcia,group_chat,2026-03-27 10:08:05+00:00
Takeshi_Sato,jdubois,group_chat,2026-03-27 10:08:05+00:00
Amélie_Dubois,adubois,group_chat,2026-03-27 10:08:17+00:00
Amélie_Dubois,tsato,group_chat,2026-03-27 10:08:17+00:00
Amélie_Dubois,rpatel,group_chat,2026-03-27 10:08:17+00:00
Amélie_Dubois,mgarcia,group_chat,2026-03-27 10:08:17+00:00
Amélie_Dubois,jdubois,group_chat,2026-03-27 10:08:17+00:00
Mariana_Garcia,adubois,group_chat,2026-03-27 10:08:45+00:00
Mariana_Garcia,tsato,group_chat,2026-03-27 10:08:45+00:00
Mariana_Garcia,rpatel,group_chat,2026-03-27 10:08:45+00:00
Mariana_Garcia,mgarcia,group_chat,2026-03-27 10:08:45+00:00
Mariana_Garcia,jdubois,group_chat,2026-03-27 10:08:45+00:00
Jacqueline_Dubois,adubois,group_chat,2026-03-27 10:09:12+00:00
Jacqueline_Dubois,tsato,group_chat,2026-03-27 10:09:12+00:00
Jacqueline_Dubois,rpatel,group_chat,2026-03-27 10:09:12+00:00
Jacqueline_Dubois,mgarcia,group_chat,2026-03-27 10:09:12+00:00
Jacqueline_Dubois,jdubois,group_chat,2026-03-27 10:09:12+00:00
Ravi_Patel,adubois,group_chat,2026-03-27 10:09:30+00:00
Ravi_Patel,tsato,group_chat,2026-03-27 10:09:30+00:00
Ravi_Patel,rpatel,group_chat,2026-03-27 10:09:30+00:00
Ravi_Patel,mgarcia,group_chat,2026-03-27 10:09:30+00:00
Ravi_Patel,jdubois,group_chat,2026-03-27 10:09:30+00:00
Takeshi_Sato,adubois,group_chat,2026-03-27 10:09:45+00:00
Takeshi_Sato,tsato,group_chat,2026-03-27 10:09:45+00:00
Takeshi_Sato,rpatel,group_chat,2026-03-27 10:09:45+00:00
Takeshi_Sato,mgarcia,group_chat,2026-03-27 10:09:45+00:00
Takeshi_Sato,jdubois,group_chat,2026-03-27 10:09:45+00:00
Mariana_Garcia,adubois,group_chat,2026-03-27 10:10:02+00:00
Mariana_Garcia,tsato,group_chat,2026-03-27 10:10:02+00:00
Mariana_Garcia,rpatel,group_chat,2026-03-27 10:10:02+00:00
Mariana_Garcia,mgarcia,group_chat,2026-03-27 10:10:02+00:00
Mariana_Garcia,jdubois,group_chat,2026-03-27 10:10:02+00:00
Amélie_Dubois,adubois,group_chat,2026-03-27 10:10:28+00:00
Amélie_Dubois,tsato,group_chat,2026-03-27 10:10:28+00:00
Amélie_Dubois,rpatel,group_chat,2026-03-27 10:10:28+00:00
Amélie_Dubois,mgarcia,group_chat,2026-03-27 10:10:28+00:00
Amélie_Dubois,jdubois,group_chat,2026-03-27 10:10:28+00:00
Jacqueline_Dubois,adubois,group_chat,2026-03-27 10:10:45+00:00
Jacqueline_Dubois,tsato,group_chat,2026-03-27 10:10:45+00:00
Jacqueline_Dubois,rpatel,group_chat,2026-03-27 10:10:45+00:00
Jacqueline_Dubois,mgarcia,group_chat,2026-03-27 10:10:45+00:00
Jacqueline_Dubois,jdubois,group_chat,2026-03-27 10:10:45+00:00
Ravi_Patel,adubois,group_chat,2026-03-27 10:11:03+00:00
Ravi_Patel,tsato,group_chat,2026-03-27 10:11:03+00:00
Ravi_Patel,rpatel,group_chat,2026-03-27 10:11:03+00:00
Ravi_Patel,mgarcia,group_chat,2026-03-27 10:11:03+00:00
Ravi_Patel,jdubois,group_chat,2026-03-27 10:11:03+00:00
Mariana_Garcia,adubois,group_chat,2026-03-27 10:11:25+00:00
Mariana_Garcia,tsato,group_chat,2026-03-27 10:11:25+00:00
Mariana_Garcia,rpatel,group_chat,2026-03-27 10:11:25+00:00
Mariana_Garcia,mgarcia,group_chat,2026-03-27 10:11:25+00:00
Mariana_Garcia,jdubois,group_chat,2026-03-27 10:11:25+00:00
Takeshi_Sato,adubois,group_chat,2026-03-27 10:11:45+00:00
Takeshi_Sato,tsato,group_chat,2026-03-27 10:11:45+00:00
Takeshi_Sato,rpatel,group_chat,2026-03-27 10:11:45+00:00
Takeshi_Sato,mgarcia,group_chat,2026-03-27 10:11:45+00:00
Takeshi_Sato,jdubois,group_chat,2026-03-27 10:11:45+00:00
Amélie_Dubois,adubois,group_chat,2026-03-27 10:12:02+00:00
Amélie_Dubois,tsato,group_chat,2026-03-27 10:12:02+00:00
Amélie_Dubois,rpatel,group_chat,2026-03-27 10:12:02+00:00
Amélie_Dubois,mgarcia,group_chat,2026-03-27 10:12:02+00:00
Amélie_Dubois,jdubois,group_chat,2026-03-27 10:12:02+00:00
amelie_dubois,adubois,group_chat,2026-03-27 10:02:15+00:00
amelie_dubois,rpatel,group_chat,2026-03-27 10:02:15+00:00
amelie_dubois,nsingh,group_chat,2026-03-27 10:02:15+00:00
amelie_dubois,msharif,group_chat,2026-03-27 10:02:15+00:00
amelie_dubois,rchowdhury,group_chat,2026-03-27 10:02:15+00:00
ravi_patel,adubois,group_chat,2026-03-27 10:02:45+00:00
ravi_patel,rpatel,group_chat,2026-03-27 10:02:45+00:00
ravi_patel,nsingh,group_chat,2026-03-27 10:02:45+00:00
ravi_patel,msharif,group_chat,2026-03-27 10:02:45+00:00
ravi_patel,rchowdhury,group_chat,2026-03-27 10:02:45+00:00
nisha_singh,adubois,group_chat,2026-03-27 10:03:10+00:00
nisha_singh,rpatel,group_chat,2026-03-27 10:03:10+00:00
nisha_singh,nsingh,group_chat,2026-03-27 10:03:10+00:00
nisha_singh,msharif,group_chat,2026-03-27 10:03:10+00:00
nisha_singh,rchowdhury,group_chat,2026-03-27 10:03:10+00:00
mona_sharif,adubois,group_chat,2026-03-27 10:03:35+00:00
mona_sharif,rpatel,group_chat,2026-03-27 10:03:35+00:00
mona_sharif,nsingh,group_chat,2026-03-27 10:03:35+00:00
mona_sharif,msharif,group_chat,2026-03-27 10:03:35+00:00
mona_sharif,rchowdhury,group_chat,2026-03-27 10:03:35+00:00
ritika_chowdhury,adubois,group_chat,2026-03-27 10:04:00+00:00
ritika_chowdhury,rpatel,group_chat,2026-03-27 10:04:00+00:00
ritika_chowdhury,nsingh,group_chat,2026-03-27 10:04:00+00:00
ritika_chowdhury,msharif,group_chat,2026-03-27 10:04:00+00:00
ritika_chowdhury,rchowdhury,group_chat,2026-03-27 10:04:00+00:00
ravi_patel,adubois,group_chat,2026-03-27 10:04:45+00:00
ravi_patel,rpatel,group_chat,2026-03-27 10:04:45+00:00
ravi_patel,nsingh,group_chat,2026-03-27 10:04:45+00:00
ravi_patel,msharif,group_chat,2026-03-27 10:04:45+00:00
ravi_patel,rchowdhury,group_chat,2026-03-27 10:04:45+00:00
amelie_dubois,adubois,group_chat,2026-03-27 10:05:20+00:00
amelie_dubois,rpatel,group_chat,2026-03-27 10:05:20+00:00
amelie_dubois,nsingh,group_chat,2026-03-27 10:05:20+00:00
amelie_dubois,msharif,group_chat,2026-03-27 10:05:20+00:00
amelie_dubois,rchowdhury,group_chat,2026-03-27 10:05:20+00:00
nisha_singh,adubois,group_chat,2026-03-27 10:06:00+00:00
nisha_singh,rpatel,group_chat,2026-03-27 10:06:00+00:00
nisha_singh,nsingh,group_chat,2026-03-27 10:06:00+00:00
nisha_singh,msharif,group_chat,2026-03-27 10:06:00+00:00
nisha_singh,rchowdhury,group_chat,2026-03-27 10:06:00+00:00
mona_sharif,adubois,group_chat,2026-03-27 10:06:30+00:00
mona_sharif,rpatel,group_chat,2026-03-27 10:06:30+00:00
mona_sharif,nsingh,group_chat,2026-03-27 10:06:30+00:00
mona_sharif,msharif,group_chat,2026-03-27 10:06:30+00:00
mona_sharif,rchowdhury,group_chat,2026-03-27 10:06:30+00:00
amelie_dubois,adubois,group_chat,2026-03-27 10:06:50+00:00
amelie_dubois,rpatel,group_chat,2026-03-27 10:06:50+00:00
amelie_dubois,nsingh,group_chat,2026-03-27 10:06:50+00:00
amelie_dubois,msharif,group_chat,2026-03-27 10:06:50+00:00
amelie_dubois,rchowdhury,group_chat,2026-03-27 10:06:50+00:00
ritika_chowdhury,adubois,group_chat,2026-03-27 10:07:15+00:00
ritika_chowdhury,rpatel,group_chat,2026-03-27 10:07:15+00:00
ritika_chowdhury,nsingh,group_chat,2026-03-27 10:07:15+00:00
ritika_chowdhury,msharif,group_chat,2026-03-27 10:07:15+00:00
ritika_chowdhury,rchowdhury,group_chat,2026-03-27 10:07:15+00:00
nisha_singh,adubois,group_chat,2026-03-27 10:07:30+00:00
nisha_singh,rpatel,group_chat,2026-03-27 10:07:30+00:00
nisha_singh,nsingh,group_chat,2026-03-27 10:07:30+00:00
nisha_singh,msharif,group_chat,2026-03-27 10:07:30+00:00
nisha_singh,rchowdhury,group_chat,2026-03-27 10:07:30+00:00
ravi_patel,adubois,group_chat,2026-03-27 10:08:00+00:00
ravi_patel,rpatel,group_chat,2026-03-27 10:08:00+00:00
ravi_patel,nsingh,group_chat,2026-03-27 10:08:00+00:00
ravi_patel,msharif,group_chat,2026-03-27 10:08:00+00:00
ravi_patel,rchowdhury,group_chat,2026-03-27 10:08:00+00:00
mona_sharif,adubois,group_chat,2026-03-27 10:08:20+00:00
mona_sharif,rpatel,group_chat,2026-03-27 10:08:20+00:00
mona_sharif,nsingh,group_chat,2026-03-27 10:08:20+00:00
mona_sharif,msharif,group_chat,2026-03-27 10:08:20+00:00
mona_sharif,rchowdhury,group_chat,2026-03-27 10:08:20+00:00
ritika_chowdhury,adubois,group_chat,2026-03-27 10:08:30+00:00
ritika_chowdhury,rpatel,group_chat,2026-03-27 10:08:30+00:00
ritika_chowdhury,nsingh,group_chat,2026-03-27 10:08:30+00:00
ritika_chowdhury,msharif,group_chat,2026-03-27 10:08:30+00:00
ritika_chowdhury,rchowdhury,group_chat,2026-03-27 10:08:30+00:00
ravi_patel,adubois,group_chat,2026-03-27 10:08:45+00:00
ravi_patel,rpatel,group_chat,2026-03-27 10:08:45+00:00
ravi_patel,nsingh,group_chat,2026-03-27 10:08:45+00:00
ravi_patel,msharif,group_chat,2026-03-27 10:08:45+00:00
ravi_patel,rchowdhury,group_chat,2026-03-27 10:08:45+00:00
Mariana Garcia,mgarcia,group_chat,2026-03-27 09:03:12+00:00
Mariana Garcia,rchowdhury,group_chat,2026-03-27 09:03:12+00:00
Mariana Garcia,carlosgarcia,group_chat,2026-03-27 09:03:12+00:00
Mariana Garcia,knguyen,group_chat,2026-03-27 09:03:12+00:00
Mariana Garcia,anapatel,group_chat,2026-03-27 09:03:12+00:00
Mariana Garcia,tsilva,group_chat,2026-03-27 09:03:12+00:00
Khoi Nguyen,mgarcia,group_chat,2026-03-27 09:03:45+00:00
Khoi Nguyen,rchowdhury,group_chat,2026-03-27 09:03:45+00:00
Khoi Nguyen,carlosgarcia,group_chat,2026-03-27 09:03:45+00:00
Khoi Nguyen,knguyen,group_chat,2026-03-27 09:03:45+00:00
Khoi Nguyen,anapatel,group_chat,2026-03-27 09:03:45+00:00
Khoi Nguyen,tsilva,group_chat,2026-03-27 09:03:45+00:00
Ana Patel,mgarcia,group_chat,2026-03-27 09:04:01+00:00
Ana Patel,rchowdhury,group_chat,2026-03-27 09:04:01+00:00
Ana Patel,carlosgarcia,group_chat,2026-03-27 09:04:01+00:00
Ana Patel,knguyen,group_chat,2026-03-27 09:04:01+00:00
Ana Patel,anapatel,group_chat,2026-03-27 09:04:01+00:00
Ana Patel,tsilva,group_chat,2026-03-27 09:04:01+00:00
Ritika Chowdhury,mgarcia,group_chat,2026-03-27 09:04:20+00:00
Ritika Chowdhury,rchowdhury,group_chat,2026-03-27 09:04:20+00:00
Ritika Chowdhury,carlosgarcia,group_chat,2026-03-27 09:04:20+00:00
Ritika Chowdhury,knguyen,group_chat,2026-03-27 09:04:20+00:00
Ritika Chowdhury,anapatel,group_chat,2026-03-27 09:04:20+00:00
Ritika Chowdhury,tsilva,group_chat,2026-03-27 09:04:20+00:00
Carlos Garcia,mgarcia,group_chat,2026-03-27 09:04:32+00:00
Carlos Garcia,rchowdhury,group_chat,2026-03-27 09:04:32+00:00
Carlos Garcia,carlosgarcia,group_chat,2026-03-27 09:04:32+00:00
Carlos Garcia,knguyen,group_chat,2026-03-27 09:04:32+00:00
Carlos Garcia,anapatel,group_chat,2026-03-27 09:04:32+00:00
Carlos Garcia,tsilva,group_chat,2026-03-27 09:04:32+00:00
Thiago Silva,mgarcia,group_chat,2026-03-27 09:04:45+00:00
Thiago Silva,rchowdhury,group_chat,2026-03-27 09:04:45+00:00
Thiago Silva,carlosgarcia,group_chat,2026-03-27 09:04:45+00:00
Thiago Silva,knguyen,group_chat,2026-03-27 09:04:45+00:00
Thiago Silva,anapatel,group_chat,2026-03-27 09:04:45+00:00
Thiago Silva,tsilva,group_chat,2026-03-27 09:04:45+00:00
Khoi Nguyen,mgarcia,group_chat,2026-03-27 09:05:12+00:00
Khoi Nguyen,rchowdhury,group_chat,2026-03-27 09:05:12+00:00
Khoi Nguyen,carlosgarcia,group_chat,2026-03-27 09:05:12+00:00
Khoi Nguyen,knguyen,group_chat,2026-03-27 09:05:12+00:00
Khoi Nguyen,anapatel,group_chat,2026-03-27 09:05:12+00:00
Khoi Nguyen,tsilva,group_chat,2026-03-27 09:05:12+00:00
Mariana Garcia,mgarcia,group_chat,2026-03-27 09:05:25+00:00
Mariana Garcia,rchowdhury,group_chat,2026-03-27 09:05:25+00:00
Mariana Garcia,carlosgarcia,group_chat,2026-03-27 09:05:25+00:00
Mariana Garcia,knguyen,group_chat,2026-03-27 09:05:25+00:00
Mariana Garcia,anapatel,group_chat,2026-03-27 09:05:25+00:00
Mariana Garcia,tsilva,group_chat,2026-03-27 09:05:25+00:00
Ana Patel,mgarcia,group_chat,2026-03-27 09:05:40+00:00
Ana Patel,rchowdhury,group_chat,2026-03-27 09:05:40+00:00
Ana Patel,carlosgarcia,group_chat,2026-03-27 09:05:40+00:00
Ana Patel,knguyen,group_chat,2026-03-27 09:05:40+00:00
Ana Patel,anapatel,group_chat,2026-03-27 09:05:40+00:00
Ana Patel,tsilva,group_chat,2026-03-27 09:05:40+00:00
Ritika Chowdhury,mgarcia,group_chat,2026-03-27 09:05:50+00:00
Ritika Chowdhury,rchowdhury,group_chat,2026-03-27 09:05:50+00:00
Ritika Chowdhury,carlosgarcia,group_chat,2026-03-27 09:05:50+00:00
Ritika Chowdhury,knguyen,group_chat,2026-03-27 09:05:50+00:00
Ritika Chowdhury,anapatel,group_chat,2026-03-27 09:05:50+00:00
Ritika Chowdhury,tsilva,group_chat,2026-03-27 09:05:50+00:00
Carlos Garcia,mgarcia,group_chat,2026-03-27 09:06:10+00:00
Carlos Garcia,rchowdhury,group_chat,2026-03-27 09:06:10+00:00
Carlos Garcia,carlosgarcia,group_chat,2026-03-27 09:06:10+00:00
Carlos Garcia,knguyen,group_chat,2026-03-27 09:06:10+00:00
Carlos Garcia,anapatel,group_chat,2026-03-27 09:06:10+00:00
Carlos Garcia,tsilva,group_chat,2026-03-27 09:06:10+00:00
Thiago Silva,mgarcia,group_chat,2026-03-27 09:06:35+00:00
Thiago Silva,rchowdhury,group_chat,2026-03-27 09:06:35+00:00
Thiago Silva,carlosgarcia,group_chat,2026-03-27 09:06:35+00:00
Thiago Silva,knguyen,group_chat,2026-03-27 09:06:35+00:00
Thiago Silva,anapatel,group_chat,2026-03-27 09:06:35+00:00
Thiago Silva,tsilva,group_chat,2026-03-27 09:06:35+00:00
Khoi Nguyen,mgarcia,group_chat,2026-03-27 09:06:50+00:00
Khoi Nguyen,rchowdhury,group_chat,2026-03-27 09:06:50+00:00
Khoi Nguyen,carlosgarcia,group_chat,2026-03-27 09:06:50+00:00
Khoi Nguyen,knguyen,group_chat,2026-03-27 09:06:50+00:00
Khoi Nguyen,anapatel,group_chat,2026-03-27 09:06:50+00:00
Khoi Nguyen,tsilva,group_chat,2026-03-27 09:06:50+00:00
Ana Patel,mgarcia,group_chat,2026-03-27 09:07:05+00:00
Ana Patel,rchowdhury,group_chat,2026-03-27 09:07:05+00:00
Ana Patel,carlosgarcia,group_chat,2026-03-27 09:07:05+00:00
Ana Patel,knguyen,group_chat,2026-03-27 09:07:05+00:00
Ana Patel,anapatel,group_chat,2026-03-27 09:07:05+00:00
Ana Patel,tsilva,group_chat,2026-03-27 09:07:05+00:00
Mariana Garcia,mgarcia,group_chat,2026-03-27 09:07:18+00:00
Mariana Garcia,rchowdhury,group_chat,2026-03-27 09:07:18+00:00
Mariana Garcia,carlosgarcia,group_chat,2026-03-27 09:07:18+00:00
Mariana Garcia,knguyen,group_chat,2026-03-27 09:07:18+00:00
Mariana Garcia,anapatel,group_chat,2026-03-27 09:07:18+00:00
Mariana Garcia,tsilva,group_chat,2026-03-27 09:07:18+00:00
Thiago Silva,mgarcia,group_chat,2026-03-27 09:07:30+00:00
Thiago Silva,rchowdhury,group_chat,2026-03-27 09:07:30+00:00
Thiago Silva,carlosgarcia,group_chat,2026-03-27 09:07:30+00:00
Thiago Silva,knguyen,group_chat,2026-03-27 09:07:30+00:00
Thiago Silva,anapatel,group_chat,2026-03-27 09:07:30+00:00
Thiago Silva,tsilva,group_chat,2026-03-27 09:07:30+00:00
takeshi_sato,tsato,group_chat,2026-03-28 09:12:35+00:00
takeshi_sato,jhassan,group_chat,2026-03-28 09:12:35+00:00
takeshi_sato,hwang,group_chat,2026-03-28 09:12:35+00:00
takeshi_sato,tkobayashi,group_chat,2026-03-28 09:12:35+00:00
takeshi_sato,rprasad,group_chat,2026-03-28 09:12:35+00:00
jamal_hassan,tsato,group_chat,2026-03-28 09:13:08+00:00
jamal_hassan,jhassan,group_chat,2026-03-28 09:13:08+00:00
jamal_hassan,hwang,group_chat,2026-03-28 09:13:08+00:00
jamal_hassan,tkobayashi,group_chat,2026-03-28 09:13:08+00:00
jamal_hassan,rprasad,group_chat,2026-03-28 09:13:08+00:00
hyun_jae_wang,tsato,group_chat,2026-03-28 09:13:40+00:00
hyun_jae_wang,jhassan,group_chat,2026-03-28 09:13:40+00:00
hyun_jae_wang,hwang,group_chat,2026-03-28 09:13:40+00:00
hyun_jae_wang,tkobayashi,group_chat,2026-03-28 09:13:40+00:00
hyun_jae_wang,rprasad,group_chat,2026-03-28 09:13:40+00:00
taro_kobayashi,tsato,group_chat,2026-03-28 09:14:12+00:00
taro_kobayashi,jhassan,group_chat,2026-03-28 09:14:12+00:00
taro_kobayashi,hwang,group_chat,2026-03-28 09:14:12+00:00
taro_kobayashi,tkobayashi,group_chat,2026-03-28 09:14:12+00:00
taro_kobayashi,rprasad,group_chat,2026-03-28 09:14:12+00:00
rohit_prasad,tsato,group_chat,2026-03-28 09:14:30+00:00
rohit_prasad,jhassan,group_chat,2026-03-28 09:14:30+00:00
rohit_prasad,hwang,group_chat,2026-03-28 09:14:30+00:00
rohit_prasad,tkobayashi,group_chat,2026-03-28 09:14:30+00:00
rohit_prasad,rprasad,group_chat,2026-03-28 09:14:30+00:00
takeshi_sato,tsato,group_chat,2026-03-28 09:15:02+00:00
takeshi_sato,jhassan,group_chat,2026-03-28 09:15:02+00:00
takeshi_sato,hwang,group_chat,2026-03-28 09:15:02+00:00
takeshi_sato,tkobayashi,group_chat,2026-03-28 09:15:02+00:00
takeshi_sato,rprasad,group_chat,2026-03-28 09:15:02+00:00
jamal_hassan,tsato,group_chat,2026-03-28 09:15:20+00:00
jamal_hassan,jhassan,group_chat,2026-03-28 09:15:20+00:00
jamal_hassan,hwang,group_chat,2026-03-28 09:15:20+00:00
jamal_hassan,tkobayashi,group_chat,2026-03-28 09:15:20+00:00
jamal_hassan,rprasad,group_chat,2026-03-28 09:15:20+00:00
hyun_jae_wang,tsato,group_chat,2026-03-28 09:15:45+00:00
hyun_jae_wang,jhassan,group_chat,2026-03-28 09:15:45+00:00
hyun_jae_wang,hwang,group_chat,2026-03-28 09:15:45+00:00
hyun_jae_wang,tkobayashi,group_chat,2026-03-28 09:15:45+00:00
hyun_jae_wang,rprasad,group_chat,2026-03-28 09:15:45+00:00
taro_kobayashi,tsato,group_chat,2026-03-28 09:16:01+00:00
taro_kobayashi,jhassan,group_chat,2026-03-28 09:16:01+00:00
taro_kobayashi,hwang,group_chat,2026-03-28 09:16:01+00:00
taro_kobayashi,tkobayashi,group_chat,2026-03-28 09:16:01+00:00
taro_kobayashi,rprasad,group_chat,2026-03-28 09:16:01+00:00
hyun_jae_wang,tsato,group_chat,2026-03-28 09:16:25+00:00
hyun_jae_wang,jhassan,group_chat,2026-03-28 09:16:25+00:00
hyun_jae_wang,hwang,group_chat,2026-03-28 09:16:25+00:00
hyun_jae_wang,tkobayashi,group_chat,2026-03-28 09:16:25+00:00
hyun_jae_wang,rprasad,group_chat,2026-03-28 09:16:25+00:00
rohit_prasad,tsato,group_chat,2026-03-28 09:16:48+00:00
rohit_prasad,jhassan,group_chat,2026-03-28 09:16:48+00:00
rohit_prasad,hwang,group_chat,2026-03-28 09:16:48+00:00
rohit_prasad,tkobayashi,group_chat,2026-03-28 09:16:48+00:00
rohit_prasad,rprasad,group_chat,2026-03-28 09:16:48+00:00
jamal_hassan,tsato,group_chat,2026-03-28 09:17:10+00:00
jamal_hassan,jhassan,group_chat,2026-03-28 09:17:10+00:00
jamal_hassan,hwang,group_chat,2026-03-28 09:17:10+00:00
jamal_hassan,tkobayashi,group_chat,2026-03-28 09:17:10+00:00
jamal_hassan,rprasad,group_chat,2026-03-28 09:17:10+00:00
takeshi_sato,tsato,group_chat,2026-03-28 09:17:22+00:00
takeshi_sato,jhassan,group_chat,2026-03-28 09:17:22+00:00
takeshi_sato,hwang,group_chat,2026-03-28 09:17:22+00:00
takeshi_sato,tkobayashi,group_chat,2026-03-28 09:17:22+00:00
takeshi_sato,rprasad,group_chat,2026-03-28 09:17:22+00:00
taro_kobayashi,tsato,group_chat,2026-03-28 09:17:55+00:00
taro_kobayashi,jhassan,group_chat,2026-03-28 09:17:55+00:00
taro_kobayashi,hwang,group_chat,2026-03-28 09:17:55+00:00
taro_kobayashi,tkobayashi,group_chat,2026-03-28 09:17:55+00:00
taro_kobayashi,rprasad,group_chat,2026-03-28 09:17:55+00:00
rohit_prasad,tsato,group_chat,2026-03-28 09:18:21+00:00
rohit_prasad,jhassan,group_chat,2026-03-28 09:18:21+00:00
rohit_prasad,hwang,group_chat,2026-03-28 09:18:21+00:00
rohit_prasad,tkobayashi,group_chat,2026-03-28 09:18:21+00:00
rohit_prasad,rprasad,group_chat,2026-03-28 09:18:21+00:00
hyun_jae_wang,tsato,group_chat,2026-03-28 09:18:45+00:00
hyun_jae_wang,jhassan,group_chat,2026-03-28 09:18:45+00:00
hyun_jae_wang,hwang,group_chat,2026-03-28 09:18:45+00:00
hyun_jae_wang,tkobayashi,group_chat,2026-03-28 09:18:45+00:00
hyun_jae_wang,rprasad,group_chat,2026-03-28 09:18:45+00:00
takeshi_sato,tsato,group_chat,2026-03-28 09:19:05+00:00
takeshi_sato,jhassan,group_chat,2026-03-28 09:19:05+00:00
takeshi_sato,hwang,group_chat,2026-03-28 09:19:05+00:00
takeshi_sato,tkobayashi,group_chat,2026-03-28 09:19:05+00:00
takeshi_sato,rprasad,group_chat,2026-03-28 09:19:05+00:00
jamal_hassan,tsato,group_chat,2026-03-28 09:19:40+00:00
jamal_hassan,jhassan,group_chat,2026-03-28 09:19:40+00:00
jamal_hassan,hwang,group_chat,2026-03-28 09:19:40+00:00
jamal_hassan,tkobayashi,group_chat,2026-03-28 09:19:40+00:00
jamal_hassan,rprasad,group_chat,2026-03-28 09:19:40+00:00
taro_kobayashi,tsato,group_chat,2026-03-28 09:20:02+00:00
taro_kobayashi,jhassan,group_chat,2026-03-28 09:20:02+00:00
taro_kobayashi,hwang,group_chat,2026-03-28 09:20:02+00:00
taro_kobayashi,tkobayashi,group_chat,2026-03-28 09:20:02+00:00
taro_kobayashi,rprasad,group_chat,2026-03-28 09:20:02+00:00
jamal_hassan,tsato,group_chat,2026-03-28 09:20:15+00:00
jamal_hassan,jhassan,group_chat,2026-03-28 09:20:15+00:00
jamal_hassan,hwang,group_chat,2026-03-28 09:20:15+00:00
jamal_hassan,tkobayashi,group_chat,2026-03-28 09:20:15+00:00
jamal_hassan,rprasad,group_chat,2026-03-28 09:20:15+00:00
Amélie Dubois,adubois,group_chat,2026-03-28 08:15:00+00:00
Amélie Dubois,tsato,group_chat,2026-03-28 08:15:00+00:00
Amélie Dubois,rpatel,group_chat,2026-03-28 08:15:00+00:00
Amélie Dubois,jokonkwo,group_chat,2026-03-28 08:15:00+00:00
Amélie Dubois,mgarcia,group_chat,2026-03-28 08:15:00+00:00
Takeshi Sato,adubois,group_chat,2026-03-28 08:15:45+00:00
Takeshi Sato,tsato,group_chat,2026-03-28 08:15:45+00:00
Takeshi Sato,rpatel,group_chat,2026-03-28 08:15:45+00:00
Takeshi Sato,jokonkwo,group_chat,2026-03-28 08:15:45+00:00
Takeshi Sato,mgarcia,group_chat,2026-03-28 08:15:45+00:00
Mariana Garcia,adubois,group_chat,2026-03-28 08:16:10+00:00
Mariana Garcia,tsato,group_chat,2026-03-28 08:16:10+00:00
Mariana Garcia,rpatel,group_chat,2026-03-28 08:16:10+00:00
Mariana Garcia,jokonkwo,group_chat,2026-03-28 08:16:10+00:00
Mariana Garcia,mgarcia,group_chat,2026-03-28 08:16:10+00:00
Ravi Patel,adubois,group_chat,2026-03-28 08:16:23+00:00
Ravi Patel,tsato,group_chat,2026-03-28 08:16:23+00:00
Ravi Patel,rpatel,group_chat,2026-03-28 08:16:23+00:00
Ravi Patel,jokonkwo,group_chat,2026-03-28 08:16:23+00:00
Ravi Patel,mgarcia,group_chat,2026-03-28 08:16:23+00:00
Amélie Dubois,adubois,group_chat,2026-03-28 08:16:35+00:00
Amélie Dubois,tsato,group_chat,2026-03-28 08:16:35+00:00
Amélie Dubois,rpatel,group_chat,2026-03-28 08:16:35+00:00
Amélie Dubois,jokonkwo,group_chat,2026-03-28 08:16:35+00:00
Amélie Dubois,mgarcia,group_chat,2026-03-28 08:16:35+00:00
Jamal Okonkwo,adubois,group_chat,2026-03-28 08:17:00+00:00
Jamal Okonkwo,tsato,group_chat,2026-03-28 08:17:00+00:00
Jamal Okonkwo,rpatel,group_chat,2026-03-28 08:17:00+00:00
Jamal Okonkwo,jokonkwo,group_chat,2026-03-28 08:17:00+00:00
Jamal Okonkwo,mgarcia,group_chat,2026-03-28 08:17:00+00:00
Mariana Garcia,adubois,group_chat,2026-03-28 08:17:17+00:00
Mariana Garcia,tsato,group_chat,2026-03-28 08:17:17+00:00
Mariana Garcia,rpatel,group_chat,2026-03-28 08:17:17+00:00
Mariana Garcia,jokonkwo,group_chat,2026-03-28 08:17:17+00:00
Mariana Garcia,mgarcia,group_chat,2026-03-28 08:17:17+00:00
Takeshi Sato,adubois,group_chat,2026-03-28 08:18:02+00:00
Takeshi Sato,tsato,group_chat,2026-03-28 08:18:02+00:00
Takeshi Sato,rpatel,group_chat,2026-03-28 08:18:02+00:00
Takeshi Sato,jokonkwo,group_chat,2026-03-28 08:18:02+00:00
Takeshi Sato,mgarcia,group_chat,2026-03-28 08:18:02+00:00
Ravi Patel,adubois,group_chat,2026-03-28 08:18:30+00:00
Ravi Patel,tsato,group_chat,2026-03-28 08:18:30+00:00
Ravi Patel,rpatel,group_chat,2026-03-28 08:18:30+00:00
Ravi Patel,jokonkwo,group_chat,2026-03-28 08:18:30+00:00
Ravi Patel,mgarcia,group_chat,2026-03-28 08:18:30+00:00
Amélie Dubois,adubois,group_chat,2026-03-28 08:18:50+00:00
Amélie Dubois,tsato,group_chat,2026-03-28 08:18:50+00:00
Amélie Dubois,rpatel,group_chat,2026-03-28 08:18:50+00:00
Amélie Dubois,jokonkwo,group_chat,2026-03-28 08:18:50+00:00
Amélie Dubois,mgarcia,group_chat,2026-03-28 08:18:50+00:00
Jamal Okonkwo,adubois,group_chat,2026-03-28 08:19:12+00:00
Jamal Okonkwo,tsato,group_chat,2026-03-28 08:19:12+00:00
Jamal Okonkwo,rpatel,group_chat,2026-03-28 08:19:12+00:00
Jamal Okonkwo,jokonkwo,group_chat,2026-03-28 08:19:12+00:00
Jamal Okonkwo,mgarcia,group_chat,2026-03-28 08:19:12+00:00
Mariana Garcia,adubois,group_chat,2026-03-28 08:19:30+00:00
Mariana Garcia,tsato,group_chat,2026-03-28 08:19:30+00:00
Mariana Garcia,rpatel,group_chat,2026-03-28 08:19:30+00:00
Mariana Garcia,jokonkwo,group_chat,2026-03-28 08:19:30+00:00
Mariana Garcia,mgarcia,group_chat,2026-03-28 08:19:30+00:00
Ravi Patel,adubois,group_chat,2026-03-28 08:19:45+00:00
Ravi Patel,tsato,group_chat,2026-03-28 08:19:45+00:00
Ravi Patel,rpatel,group_chat,2026-03-28 08:19:45+00:00
Ravi Patel,jokonkwo,group_chat,2026-03-28 08:19:45+00:00
Ravi Patel,mgarcia,group_chat,2026-03-28 08:19:45+00:00
Amélie Dubois,adubois,group_chat,2026-03-28 08:20:02+00:00
Amélie Dubois,tsato,group_chat,2026-03-28 08:20:02+00:00
Amélie Dubois,rpatel,group_chat,2026-03-28 08:20:02+00:00
Amélie Dubois,jokonkwo,group_chat,2026-03-28 08:20:02+00:00
Amélie Dubois,mgarcia,group_chat,2026-03-28 08:20:02+00:00
Takeshi Sato,adubois,group_chat,2026-03-28 08:20:15+00:00
Takeshi Sato,tsato,group_chat,2026-03-28 08:20:15+00:00
Takeshi Sato,rpatel,group_chat,2026-03-28 08:20:15+00:00
Takeshi Sato,jokonkwo,group_chat,2026-03-28 08:20:15+00:00
Takeshi Sato,mgarcia,group_chat,2026-03-28 08:20:15+00:00
Jamal Okonkwo,adubois,group_chat,2026-03-28 08:20:40+00:00
Jamal Okonkwo,tsato,group_chat,2026-03-28 08:20:40+00:00
Jamal Okonkwo,rpatel,group_chat,2026-03-28 08:20:40+00:00
Jamal Okonkwo,jokonkwo,group_chat,2026-03-28 08:20:40+00:00
Jamal Okonkwo,mgarcia,group_chat,2026-03-28 08:20:40+00:00
Mariana Garcia,adubois,group_chat,2026-03-28 08:21:05+00:00
Mariana Garcia,tsato,group_chat,2026-03-28 08:21:05+00:00
Mariana Garcia,rpatel,group_chat,2026-03-28 08:21:05+00:00
Mariana Garcia,jokonkwo,group_chat,2026-03-28 08:21:05+00:00
Mariana Garcia,mgarcia,group_chat,2026-03-28 08:21:05+00:00
Amélie Dubois,adubois,group_chat,2026-03-28 08:21:25+00:00
Amélie Dubois,tsato,group_chat,2026-03-28 08:21:25+00:00
Amélie Dubois,rpatel,group_chat,2026-03-28 08:21:25+00:00
Amélie Dubois,jokonkwo,group_chat,2026-03-28 08:21:25+00:00
Amélie Dubois,mgarcia,group_chat,2026-03-28 08:21:25+00:00
Ravi Patel,adubois,group_chat,2026-03-28 08:21:40+00:00
Ravi Patel,tsato,group_chat,2026-03-28 08:21:40+00:00
Ravi Patel,rpatel,group_chat,2026-03-28 08:21:40+00:00
Ravi Patel,jokonkwo,group_chat,2026-03-28 08:21:40+00:00
Ravi Patel,mgarcia,group_chat,2026-03-28 08:21:40+00:00
Mariana Garcia,adubois,group_chat,2026-03-28 08:21:55+00:00
Mariana Garcia,tsato,group_chat,2026-03-28 08:21:55+00:00
Mariana Garcia,rpatel,group_chat,2026-03-28 08:21:55+00:00
Mariana Garcia,jokonkwo,group_chat,2026-03-28 08:21:55+00:00
Mariana Garcia,mgarcia,group_chat,2026-03-28 08:21:55+00:00
Takeshi Sato,adubois,group_chat,2026-03-28 08:22:15+00:00
Takeshi Sato,tsato,group_chat,2026-03-28 08:22:15+00:00
Takeshi Sato,rpatel,group_chat,2026-03-28 08:22:15+00:00
Takeshi Sato,jokonkwo,group_chat,2026-03-28 08:22:15+00:00
Takeshi Sato,mgarcia,group_chat,2026-03-28 08:22:15+00:00
Jamal Okonkwo,adubois,group_chat,2026-03-28 08:22:35+00:00
Jamal Okonkwo,tsato,group_chat,2026-03-28 08:22:35+00:00
Jamal Okonkwo,rpatel,group_chat,2026-03-28 08:22:35+00:00
Jamal Okonkwo,jokonkwo,group_chat,2026-03-28 08:22:35+00:00
Jamal Okonkwo,mgarcia,group_chat,2026-03-28 08:22:35+00:00
Ravi Patel,adubois,group_chat,2026-03-28 08:22:50+00:00
Ravi Patel,tsato,group_chat,2026-03-28 08:22:50+00:00
Ravi Patel,rpatel,group_chat,2026-03-28 08:22:50+00:00
Ravi Patel,jokonkwo,group_chat,2026-03-28 08:22:50+00:00
Ravi Patel,mgarcia,group_chat,2026-03-28 08:22:50+00:00
Mariana Garcia,adubois,group_chat,2026-03-28 08:23:15+00:00
Mariana Garcia,tsato,group_chat,2026-03-28 08:23:15+00:00
Mariana Garcia,rpatel,group_chat,2026-03-28 08:23:15+00:00
Mariana Garcia,jokonkwo,group_chat,2026-03-28 08:23:15+00:00
Mariana Garcia,mgarcia,group_chat,2026-03-28 08:23:15+00:00
Amélie Dubois,adubois,group_chat,2026-03-28 08:23:35+00:00
Amélie Dubois,tsato,group_chat,2026-03-28 08:23:35+00:00
Amélie Dubois,rpatel,group_chat,2026-03-28 08:23:35+00:00
Amélie Dubois,jokonkwo,group_chat,2026-03-28 08:23:35+00:00
Amélie Dubois,mgarcia,group_chat,2026-03-28 08:23:35+00:00
Ravi Patel,adubois,group_chat,2026-03-28 08:23:50+00:00
Ravi Patel,tsato,group_chat,2026-03-28 08:23:50+00:00
Ravi Patel,rpatel,group_chat,2026-03-28 08:23:50+00:00
Ravi Patel,jokonkwo,group_chat,2026-03-28 08:23:50+00:00
Ravi Patel,mgarcia,group_chat,2026-03-28 08:23:50+00:00
Takeshi Sato,adubois,group_chat,2026-03-28 08:24:05+00:00
Takeshi Sato,tsato,group_chat,2026-03-28 08:24:05+00:00
Takeshi Sato,rpatel,group_chat,2026-03-28 08:24:05+00:00
Takeshi Sato,jokonkwo,group_chat,2026-03-28 08:24:05+00:00
Takeshi Sato,mgarcia,group_chat,2026-03-28 08:24:05+00:00
Amélie Dubois,adubois,group_chat,2026-03-28 08:24:20+00:00
Amélie Dubois,tsato,group_chat,2026-03-28 08:24:20+00:00
Amélie Dubois,rpatel,group_chat,2026-03-28 08:24:20+00:00
Amélie Dubois,jokonkwo,group_chat,2026-03-28 08:24:20+00:00
Amélie Dubois,mgarcia,group_chat,2026-03-28 08:24:20+00:00
Mariana Garcia,adubois,group_chat,2026-03-28 08:24:35+00:00
Mariana Garcia,tsato,group_chat,2026-03-28 08:24:35+00:00
Mariana Garcia,rpatel,group_chat,2026-03-28 08:24:35+00:00
Mariana Garcia,jokonkwo,group_chat,2026-03-28 08:24:35+00:00
Mariana Garcia,mgarcia,group_chat,2026-03-28 08:24:35+00:00
Amélie Dubois,adubois,group_chat,2026-03-28 08:02:15+00:00
Amélie Dubois,nsingh,group_chat,2026-03-28 08:02:15+00:00
Amélie Dubois,jdubois,group_chat,2026-03-28 08:02:15+00:00
Amélie Dubois,aokonkwo,group_chat,2026-03-28 08:02:15+00:00
Nisha Singh,adubois,group_chat,2026-03-28 08:03:42+00:00
Nisha Singh,nsingh,group_chat,2026-03-28 08:03:42+00:00
Nisha Singh,jdubois,group_chat,2026-03-28 08:03:42+00:00
Nisha Singh,aokonkwo,group_chat,2026-03-28 08:03:42+00:00
Jacqueline Dubois,adubois,group_chat,2026-03-28 08:04:10+00:00
Jacqueline Dubois,nsingh,group_chat,2026-03-28 08:04:10+00:00
Jacqueline Dubois,jdubois,group_chat,2026-03-28 08:04:10+00:00
Jacqueline Dubois,aokonkwo,group_chat,2026-03-28 08:04:10+00:00
Adanna Okonkwo,adubois,group_chat,2026-03-28 08:05:25+00:00
Adanna Okonkwo,nsingh,group_chat,2026-03-28 08:05:25+00:00
Adanna Okonkwo,jdubois,group_chat,2026-03-28 08:05:25+00:00
Adanna Okonkwo,aokonkwo,group_chat,2026-03-28 08:05:25+00:00
Amélie Dubois,adubois,group_chat,2026-03-28 08:06:02+00:00
Amélie Dubois,nsingh,group_chat,2026-03-28 08:06:02+00:00
Amélie Dubois,jdubois,group_chat,2026-03-28 08:06:02+00:00
Amélie Dubois,aokonkwo,group_chat,2026-03-28 08:06:02+00:00
Nisha Singh,adubois,group_chat,2026-03-28 08:07:14+00:00
Nisha Singh,nsingh,group_chat,2026-03-28 08:07:14+00:00
Nisha Singh,jdubois,group_chat,2026-03-28 08:07:14+00:00
Nisha Singh,aokonkwo,group_chat,2026-03-28 08:07:14+00:00
Jacqueline Dubois,adubois,group_chat,2026-03-28 08:08:39+00:00
Jacqueline Dubois,nsingh,group_chat,2026-03-28 08:08:39+00:00
Jacqueline Dubois,jdubois,group_chat,2026-03-28 08:08:39+00:00
Jacqueline Dubois,aokonkwo,group_chat,2026-03-28 08:08:39+00:00
Adanna Okonkwo,adubois,group_chat,2026-03-28 08:09:12+00:00
Adanna Okonkwo,nsingh,group_chat,2026-03-28 08:09:12+00:00
Adanna Okonkwo,jdubois,group_chat,2026-03-28 08:09:12+00:00
Adanna Okonkwo,aokonkwo,group_chat,2026-03-28 08:09:12+00:00
Amélie Dubois,adubois,group_chat,2026-03-28 08:10:05+00:00
Amélie Dubois,nsingh,group_chat,2026-03-28 08:10:05+00:00
Amélie Dubois,jdubois,group_chat,2026-03-28 08:10:05+00:00
Amélie Dubois,aokonkwo,group_chat,2026-03-28 08:10:05+00:00
Nisha Singh,adubois,group_chat,2026-03-28 08:10:42+00:00
Nisha Singh,nsingh,group_chat,2026-03-28 08:10:42+00:00
Nisha Singh,jdubois,group_chat,2026-03-28 08:10:42+00:00
Nisha Singh,aokonkwo,group_chat,2026-03-28 08:10:42+00:00
Amélie Dubois,adubois,group_chat,2026-03-28 08:11:03+00:00
Amélie Dubois,nsingh,group_chat,2026-03-28 08:11:03+00:00
Amélie Dubois,jdubois,group_chat,2026-03-28 08:11:03+00:00
Amélie Dubois,aokonkwo,group_chat,2026-03-28 08:11:03+00:00
Jacqueline Dubois,adubois,group_chat,2026-03-28 08:11:45+00:00
Jacqueline Dubois,nsingh,group_chat,2026-03-28 08:11:45+00:00
Jacqueline Dubois,jdubois,group_chat,2026-03-28 08:11:45+00:00
Jacqueline Dubois,aokonkwo,group_chat,2026-03-28 08:11:45+00:00
Nisha Singh,adubois,group_chat,2026-03-28 08:12:30+00:00
Nisha Singh,nsingh,group_chat,2026-03-28 08:12:30+00:00
Nisha Singh,jdubois,group_chat,2026-03-28 08:12:30+00:00
Nisha Singh,aokonkwo,group_chat,2026-03-28 08:12:30+00:00
Adanna Okonkwo,adubois,group_chat,2026-03-28 08:13:15+00:00
Adanna Okonkwo,nsingh,group_chat,2026-03-28 08:13:15+00:00
Adanna Okonkwo,jdubois,group_chat,2026-03-28 08:13:15+00:00
Adanna Okonkwo,aokonkwo,group_chat,2026-03-28 08:13:15+00:00
Amélie Dubois,adubois,group_chat,2026-03-28 08:14:02+00:00
Amélie Dubois,nsingh,group_chat,2026-03-28 08:14:02+00:00
Amélie Dubois,jdubois,group_chat,2026-03-28 08:14:02+00:00
Amélie Dubois,aokonkwo,group_chat,2026-03-28 08:14:02+00:00
Nisha Singh,adubois,group_chat,2026-03-28 08:14:38+00:00
Nisha Singh,nsingh,group_chat,2026-03-28 08:14:38+00:00
Nisha Singh,jdubois,group_chat,2026-03-28 08:14:38+00:00
Nisha Singh,aokonkwo,group_chat,2026-03-28 08:14:38+00:00
Jacqueline Dubois,adubois,group_chat,2026-03-28 08:15:20+00:00
Jacqueline Dubois,nsingh,group_chat,2026-03-28 08:15:20+00:00
Jacqueline Dubois,jdubois,group_chat,2026-03-28 08:15:20+00:00
Jacqueline Dubois,aokonkwo,group_chat,2026-03-28 08:15:20+00:00
Adanna Okonkwo,adubois,group_chat,2026-03-28 08:16:10+00:00
Adanna Okonkwo,nsingh,group_chat,2026-03-28 08:16:10+00:00
Adanna Okonkwo,jdubois,group_chat,2026-03-28 08:16:10+00:00
Adanna Okonkwo,aokonkwo,group_chat,2026-03-28 08:16:10+00:00
Amélie Dubois,adubois,group_chat,2026-03-28 08:17:05+00:00
Amélie Dubois,nsingh,group_chat,2026-03-28 08:17:05+00:00
Amélie Dubois,jdubois,group_chat,2026-03-28 08:17:05+00:00
Amélie Dubois,aokonkwo,group_chat,2026-03-28 08:17:05+00:00
Nisha Singh,adubois,group_chat,2026-03-28 08:17:30+00:00
Nisha Singh,nsingh,group_chat,2026-03-28 08:17:30+00:00
Nisha Singh,jdubois,group_chat,2026-03-28 08:17:30+00:00
Nisha Singh,aokonkwo,group_chat,2026-03-28 08:17:30+00:00
Jacqueline Dubois,adubois,group_chat,2026-03-28 08:18:12+00:00
Jacqueline Dubois,nsingh,group_chat,2026-03-28 08:18:12+00:00
Jacqueline Dubois,jdubois,group_chat,2026-03-28 08:18:12+00:00
Jacqueline Dubois,aokonkwo,group_chat,2026-03-28 08:18:12+00:00
Adanna Okonkwo,adubois,group_chat,2026-03-28 08:18:35+00:00
Adanna Okonkwo,nsingh,group_chat,2026-03-28 08:18:35+00:00
Adanna Okonkwo,jdubois,group_chat,2026-03-28 08:18:35+00:00
Adanna Okonkwo,aokonkwo,group_chat,2026-03-28 08:18:35+00:00
mariana_garcia,mgarcia,group_chat,2026-03-28 09:05:12+00:00
mariana_garcia,msharif,group_chat,2026-03-28 09:05:12+00:00
mariana_garcia,lrossi,group_chat,2026-03-28 09:05:12+00:00
mariana_garcia,jokonkwo,group_chat,2026-03-28 09:05:12+00:00
mona_sharif,mgarcia,group_chat,2026-03-28 09:06:04+00:00
mona_sharif,msharif,group_chat,2026-03-28 09:06:04+00:00
mona_sharif,lrossi,group_chat,2026-03-28 09:06:04+00:00
mona_sharif,jokonkwo,group_chat,2026-03-28 09:06:04+00:00
luca_rossi,mgarcia,group_chat,2026-03-28 09:06:27+00:00
luca_rossi,msharif,group_chat,2026-03-28 09:06:27+00:00
luca_rossi,lrossi,group_chat,2026-03-28 09:06:27+00:00
luca_rossi,jokonkwo,group_chat,2026-03-28 09:06:27+00:00
jamal_okonkwo,mgarcia,group_chat,2026-03-28 09:06:49+00:00
jamal_okonkwo,msharif,group_chat,2026-03-28 09:06:49+00:00
jamal_okonkwo,lrossi,group_chat,2026-03-28 09:06:49+00:00
jamal_okonkwo,jokonkwo,group_chat,2026-03-28 09:06:49+00:00
mona_sharif,mgarcia,group_chat,2026-03-28 09:07:15+00:00
mona_sharif,msharif,group_chat,2026-03-28 09:07:15+00:00
mona_sharif,lrossi,group_chat,2026-03-28 09:07:15+00:00
mona_sharif,jokonkwo,group_chat,2026-03-28 09:07:15+00:00
mariana_garcia,mgarcia,group_chat,2026-03-28 09:08:01+00:00
mariana_garcia,msharif,group_chat,2026-03-28 09:08:01+00:00
mariana_garcia,lrossi,group_chat,2026-03-28 09:08:01+00:00
mariana_garcia,jokonkwo,group_chat,2026-03-28 09:08:01+00:00
luca_rossi,mgarcia,group_chat,2026-03-28 09:08:13+00:00
luca_rossi,msharif,group_chat,2026-03-28 09:08:13+00:00
luca_rossi,lrossi,group_chat,2026-03-28 09:08:13+00:00
luca_rossi,jokonkwo,group_chat,2026-03-28 09:08:13+00:00
jamal_okonkwo,mgarcia,group_chat,2026-03-28 09:08:45+00:00
jamal_okonkwo,msharif,group_chat,2026-03-28 09:08:45+00:00
jamal_okonkwo,lrossi,group_chat,2026-03-28 09:08:45+00:00
jamal_okonkwo,jokonkwo,group_chat,2026-03-28 09:08:45+00:00
mona_sharif,mgarcia,group_chat,2026-03-28 09:09:01+00:00
mona_sharif,msharif,group_chat,2026-03-28 09:09:01+00:00
mona_sharif,lrossi,group_chat,2026-03-28 09:09:01+00:00
mona_sharif,jokonkwo,group_chat,2026-03-28 09:09:01+00:00
mariana_garcia,mgarcia,group_chat,2026-03-28 09:09:20+00:00
mariana_garcia,msharif,group_chat,2026-03-28 09:09:20+00:00
mariana_garcia,lrossi,group_chat,2026-03-28 09:09:20+00:00
mariana_garcia,jokonkwo,group_chat,2026-03-28 09:09:20+00:00
luca_rossi,mgarcia,group_chat,2026-03-28 09:11:38+00:00
luca_rossi,msharif,group_chat,2026-03-28 09:11:38+00:00
luca_rossi,lrossi,group_chat,2026-03-28 09:11:38+00:00
luca_rossi,jokonkwo,group_chat,2026-03-28 09:11:38+00:00
mona_sharif,mgarcia,group_chat,2026-03-28 09:12:02+00:00
mona_sharif,msharif,group_chat,2026-03-28 09:12:02+00:00
mona_sharif,lrossi,group_chat,2026-03-28 09:12:02+00:00
mona_sharif,jokonkwo,group_chat,2026-03-28 09:12:02+00:00
jamal_okonkwo,mgarcia,group_chat,2026-03-28 09:12:19+00:00
jamal_okonkwo,msharif,group_chat,2026-03-28 09:12:19+00:00
jamal_okonkwo,lrossi,group_chat,2026-03-28 09:12:19+00:00
jamal_okonkwo,jokonkwo,group_chat,2026-03-28 09:12:19+00:00
mariana_garcia,mgarcia,group_chat,2026-03-28 09:13:05+00:00
mariana_garcia,msharif,group_chat,2026-03-28 09:13:05+00:00
mariana_garcia,lrossi,group_chat,2026-03-28 09:13:05+00:00
mariana_garcia,jokonkwo,group_chat,2026-03-28 09:13:05+00:00
mona_sharif,mgarcia,group_chat,2026-03-28 09:13:22+00:00
mona_sharif,msharif,group_chat,2026-03-28 09:13:22+00:00
mona_sharif,lrossi,group_chat,2026-03-28 09:13:22+00:00
mona_sharif,jokonkwo,group_chat,2026-03-28 09:13:22+00:00
luca_rossi,mgarcia,group_chat,2026-03-28 09:14:10+00:00
luca_rossi,msharif,group_chat,2026-03-28 09:14:10+00:00
luca_rossi,lrossi,group_chat,2026-03-28 09:14:10+00:00
luca_rossi,jokonkwo,group_chat,2026-03-28 09:14:10+00:00
jamal_okonkwo,mgarcia,group_chat,2026-03-28 09:14:35+00:00
jamal_okonkwo,msharif,group_chat,2026-03-28 09:14:35+00:00
jamal_okonkwo,lrossi,group_chat,2026-03-28 09:14:35+00:00
jamal_okonkwo,jokonkwo,group_chat,2026-03-28 09:14:35+00:00
mariana_garcia,mgarcia,group_chat,2026-03-28 09:15:01+00:00
mariana_garcia,msharif,group_chat,2026-03-28 09:15:01+00:00
mariana_garcia,lrossi,group_chat,2026-03-28 09:15:01+00:00
mariana_garcia,jokonkwo,group_chat,2026-03-28 09:15:01+00:00
mona_sharif,mgarcia,group_chat,2026-03-28 09:16:12+00:00
mona_sharif,msharif,group_chat,2026-03-28 09:16:12+00:00
mona_sharif,lrossi,group_chat,2026-03-28 09:16:12+00:00
mona_sharif,jokonkwo,group_chat,2026-03-28 09:16:12+00:00
luca_rossi,mgarcia,group_chat,2026-03-28 09:16:34+00:00
luca_rossi,msharif,group_chat,2026-03-28 09:16:34+00:00
luca_rossi,lrossi,group_chat,2026-03-28 09:16:34+00:00
luca_rossi,jokonkwo,group_chat,2026-03-28 09:16:34+00:00
jamal_okonkwo,mgarcia,group_chat,2026-03-28 09:17:03+00:00
jamal_okonkwo,msharif,group_chat,2026-03-28 09:17:03+00:00
jamal_okonkwo,lrossi,group_chat,2026-03-28 09:17:03+00:00
jamal_okonkwo,jokonkwo,group_chat,2026-03-28 09:17:03+00:00
mariana_garcia,mgarcia,group_chat,2026-03-28 09:17:29+00:00
mariana_garcia,msharif,group_chat,2026-03-28 09:17:29+00:00
mariana_garcia,lrossi,group_chat,2026-03-28 09:17:29+00:00
mariana_garcia,jokonkwo,group_chat,2026-03-28 09:17:29+00:00
mona_sharif,mgarcia,group_chat,2026-03-28 09:18:05+00:00
mona_sharif,msharif,group_chat,2026-03-28 09:18:05+00:00
mona_sharif,lrossi,group_chat,2026-03-28 09:18:05+00:00
mona_sharif,jokonkwo,group_chat,2026-03-28 09:18:05+00:00
luca_rossi,mgarcia,group_chat,2026-03-28 09:18:38+00:00
luca_rossi,msharif,group_chat,2026-03-28 09:18:38+00:00
luca_rossi,lrossi,group_chat,2026-03-28 09:18:38+00:00
luca_rossi,jokonkwo,group_chat,2026-03-28 09:18:38+00:00
mariana_garcia,mgarcia,group_chat,2026-03-28 09:19:02+00:00
mariana_garcia,msharif,group_chat,2026-03-28 09:19:02+00:00
mariana_garcia,lrossi,group_chat,2026-03-28 09:19:02+00:00
mariana_garcia,jokonkwo,group_chat,2026-03-28 09:19:02+00:00
jamal_hassan,jhassan,group_chat,2026-03-28 15:03:12+00:00
jamal_hassan,kpark,group_chat,2026-03-28 15:03:12+00:00
jamal_hassan,tkobayashi,group_chat,2026-03-28 15:03:12+00:00
jamal_hassan,rprasad,group_chat,2026-03-28 15:03:12+00:00
kai_park,jhassan,group_chat,2026-03-28 15:04:22+00:00
kai_park,kpark,group_chat,2026-03-28 15:04:22+00:00
kai_park,tkobayashi,group_chat,2026-03-28 15:04:22+00:00
kai_park,rprasad,group_chat,2026-03-28 15:04:22+00:00
taro_kobayashi,jhassan,group_chat,2026-03-28 15:05:48+00:00
taro_kobayashi,kpark,group_chat,2026-03-28 15:05:48+00:00
taro_kobayashi,tkobayashi,group_chat,2026-03-28 15:05:48+00:00
taro_kobayashi,rprasad,group_chat,2026-03-28 15:05:48+00:00
rohit_prasad,jhassan,group_chat,2026-03-28 15:06:10+00:00
rohit_prasad,kpark,group_chat,2026-03-28 15:06:10+00:00
rohit_prasad,tkobayashi,group_chat,2026-03-28 15:06:10+00:00
rohit_prasad,rprasad,group_chat,2026-03-28 15:06:10+00:00
kai_park,jhassan,group_chat,2026-03-28 15:08:03+00:00
kai_park,kpark,group_chat,2026-03-28 15:08:03+00:00
kai_park,tkobayashi,group_chat,2026-03-28 15:08:03+00:00
kai_park,rprasad,group_chat,2026-03-28 15:08:03+00:00
jamal_hassan,jhassan,group_chat,2026-03-28 15:08:30+00:00
jamal_hassan,kpark,group_chat,2026-03-28 15:08:30+00:00
jamal_hassan,tkobayashi,group_chat,2026-03-28 15:08:30+00:00
jamal_hassan,rprasad,group_chat,2026-03-28 15:08:30+00:00
taro_kobayashi,jhassan,group_chat,2026-03-28 15:09:14+00:00
taro_kobayashi,kpark,group_chat,2026-03-28 15:09:14+00:00
taro_kobayashi,tkobayashi,group_chat,2026-03-28 15:09:14+00:00
taro_kobayashi,rprasad,group_chat,2026-03-28 15:09:14+00:00
rohit_prasad,jhassan,group_chat,2026-03-28 15:10:25+00:00
rohit_prasad,kpark,group_chat,2026-03-28 15:10:25+00:00
rohit_prasad,tkobayashi,group_chat,2026-03-28 15:10:25+00:00
rohit_prasad,rprasad,group_chat,2026-03-28 15:10:25+00:00
kai_park,jhassan,group_chat,2026-03-28 15:11:02+00:00
kai_park,kpark,group_chat,2026-03-28 15:11:02+00:00
kai_park,tkobayashi,group_chat,2026-03-28 15:11:02+00:00
kai_park,rprasad,group_chat,2026-03-28 15:11:02+00:00
rohit_prasad,jhassan,group_chat,2026-03-28 15:11:35+00:00
rohit_prasad,kpark,group_chat,2026-03-28 15:11:35+00:00
rohit_prasad,tkobayashi,group_chat,2026-03-28 15:11:35+00:00
rohit_prasad,rprasad,group_chat,2026-03-28 15:11:35+00:00
jamal_hassan,jhassan,group_chat,2026-03-28 15:12:10+00:00
jamal_hassan,kpark,group_chat,2026-03-28 15:12:10+00:00
jamal_hassan,tkobayashi,group_chat,2026-03-28 15:12:10+00:00
jamal_hassan,rprasad,group_chat,2026-03-28 15:12:10+00:00
taro_kobayashi,jhassan,group_chat,2026-03-28 15:12:45+00:00
taro_kobayashi,kpark,group_chat,2026-03-28 15:12:45+00:00
taro_kobayashi,tkobayashi,group_chat,2026-03-28 15:12:45+00:00
taro_kobayashi,rprasad,group_chat,2026-03-28 15:12:45+00:00
kai_park,jhassan,group_chat,2026-03-28 15:13:05+00:00
kai_park,kpark,group_chat,2026-03-28 15:13:05+00:00
kai_park,tkobayashi,group_chat,2026-03-28 15:13:05+00:00
kai_park,rprasad,group_chat,2026-03-28 15:13:05+00:00
rohit_prasad,jhassan,group_chat,2026-03-28 15:13:25+00:00
rohit_prasad,kpark,group_chat,2026-03-28 15:13:25+00:00
rohit_prasad,tkobayashi,group_chat,2026-03-28 15:13:25+00:00
rohit_prasad,rprasad,group_chat,2026-03-28 15:13:25+00:00
Mariana Garcia,rpatel,group_chat,2026-03-28 14:02:15+00:00
Mariana Garcia,mgarcia,group_chat,2026-03-28 14:02:15+00:00
Mariana Garcia,jokonkwo,group_chat,2026-03-28 14:02:15+00:00
Mariana Garcia,lzhang,group_chat,2026-03-28 14:02:15+00:00
Liang Zhang,rpatel,group_chat,2026-03-28 14:02:50+00:00
Liang Zhang,mgarcia,group_chat,2026-03-28 14:02:50+00:00
Liang Zhang,jokonkwo,group_chat,2026-03-28 14:02:50+00:00
Liang Zhang,lzhang,group_chat,2026-03-28 14:02:50+00:00
Ravi Patel,rpatel,group_chat,2026-03-28 14:03:30+00:00
Ravi Patel,mgarcia,group_chat,2026-03-28 14:03:30+00:00
Ravi Patel,jokonkwo,group_chat,2026-03-28 14:03:30+00:00
Ravi Patel,lzhang,group_chat,2026-03-28 14:03:30+00:00
Jamal Okonkwo,rpatel,group_chat,2026-03-28 14:04:10+00:00
Jamal Okonkwo,mgarcia,group_chat,2026-03-28 14:04:10+00:00
Jamal Okonkwo,jokonkwo,group_chat,2026-03-28 14:04:10+00:00
Jamal Okonkwo,lzhang,group_chat,2026-03-28 14:04:10+00:00
Liang Zhang,rpatel,group_chat,2026-03-28 14:04:45+00:00
Liang Zhang,mgarcia,group_chat,2026-03-28 14:04:45+00:00
Liang Zhang,jokonkwo,group_chat,2026-03-28 14:04:45+00:00
Liang Zhang,lzhang,group_chat,2026-03-28 14:04:45+00:00
Mariana Garcia,rpatel,group_chat,2026-03-28 14:05:20+00:00
Mariana Garcia,mgarcia,group_chat,2026-03-28 14:05:20+00:00
Mariana Garcia,jokonkwo,group_chat,2026-03-28 14:05:20+00:00
Mariana Garcia,lzhang,group_chat,2026-03-28 14:05:20+00:00
Ravi Patel,rpatel,group_chat,2026-03-28 14:05:45+00:00
Ravi Patel,mgarcia,group_chat,2026-03-28 14:05:45+00:00
Ravi Patel,jokonkwo,group_chat,2026-03-28 14:05:45+00:00
Ravi Patel,lzhang,group_chat,2026-03-28 14:05:45+00:00
Jamal Okonkwo,rpatel,group_chat,2026-03-28 14:06:15+00:00
Jamal Okonkwo,mgarcia,group_chat,2026-03-28 14:06:15+00:00
Jamal Okonkwo,jokonkwo,group_chat,2026-03-28 14:06:15+00:00
Jamal Okonkwo,lzhang,group_chat,2026-03-28 14:06:15+00:00
Liang Zhang,rpatel,group_chat,2026-03-28 14:07:00+00:00
Liang Zhang,mgarcia,group_chat,2026-03-28 14:07:00+00:00
Liang Zhang,jokonkwo,group_chat,2026-03-28 14:07:00+00:00
Liang Zhang,lzhang,group_chat,2026-03-28 14:07:00+00:00
Mariana Garcia,rpatel,group_chat,2026-03-28 14:07:20+00:00
Mariana Garcia,mgarcia,group_chat,2026-03-28 14:07:20+00:00
Mariana Garcia,jokonkwo,group_chat,2026-03-28 14:07:20+00:00
Mariana Garcia,lzhang,group_chat,2026-03-28 14:07:20+00:00
Ravi Patel,rpatel,group_chat,2026-03-28 14:08:00+00:00
Ravi Patel,mgarcia,group_chat,2026-03-28 14:08:00+00:00
Ravi Patel,jokonkwo,group_chat,2026-03-28 14:08:00+00:00
Ravi Patel,lzhang,group_chat,2026-03-28 14:08:00+00:00
Liang Zhang,rpatel,group_chat,2026-03-28 14:08:20+00:00
Liang Zhang,mgarcia,group_chat,2026-03-28 14:08:20+00:00
Liang Zhang,jokonkwo,group_chat,2026-03-28 14:08:20+00:00
Liang Zhang,lzhang,group_chat,2026-03-28 14:08:20+00:00
Mariana Garcia,rpatel,group_chat,2026-03-28 14:08:35+00:00
Mariana Garcia,mgarcia,group_chat,2026-03-28 14:08:35+00:00
Mariana Garcia,jokonkwo,group_chat,2026-03-28 14:08:35+00:00
Mariana Garcia,lzhang,group_chat,2026-03-28 14:08:35+00:00
Jamal Okonkwo,rpatel,group_chat,2026-03-28 14:09:10+00:00
Jamal Okonkwo,mgarcia,group_chat,2026-03-28 14:09:10+00:00
Jamal Okonkwo,jokonkwo,group_chat,2026-03-28 14:09:10+00:00
Jamal Okonkwo,lzhang,group_chat,2026-03-28 14:09:10+00:00
Ravi Patel,rpatel,group_chat,2026-03-28 14:09:45+00:00
Ravi Patel,mgarcia,group_chat,2026-03-28 14:09:45+00:00
Ravi Patel,jokonkwo,group_chat,2026-03-28 14:09:45+00:00
Ravi Patel,lzhang,group_chat,2026-03-28 14:09:45+00:00
Liang Zhang,rpatel,group_chat,2026-03-28 14:10:05+00:00
Liang Zhang,mgarcia,group_chat,2026-03-28 14:10:05+00:00
Liang Zhang,jokonkwo,group_chat,2026-03-28 14:10:05+00:00
Liang Zhang,lzhang,group_chat,2026-03-28 14:10:05+00:00
Mariana Garcia,rpatel,group_chat,2026-03-28 14:10:20+00:00
Mariana Garcia,mgarcia,group_chat,2026-03-28 14:10:20+00:00
Mariana Garcia,jokonkwo,group_chat,2026-03-28 14:10:20+00:00
Mariana Garcia,lzhang,group_chat,2026-03-28 14:10:20+00:00
Thiago Silva,tsilva,group_chat,2026-03-28 09:03:12+00:00
Thiago Silva,kpark,group_chat,2026-03-28 09:03:12+00:00
Thiago Silva,tkobayashi,group_chat,2026-03-28 09:03:12+00:00
Thiago Silva,rprasad,group_chat,2026-03-28 09:03:12+00:00
Thiago Silva,msharif,group_chat,2026-03-28 09:03:12+00:00
Mona Sharif,tsilva,group_chat,2026-03-28 09:03:25+00:00
Mona Sharif,kpark,group_chat,2026-03-28 09:03:25+00:00
Mona Sharif,tkobayashi,group_chat,2026-03-28 09:03:25+00:00
Mona Sharif,rprasad,group_chat,2026-03-28 09:03:25+00:00
Mona Sharif,msharif,group_chat,2026-03-28 09:03:25+00:00
Kai Park,tsilva,group_chat,2026-03-28 09:03:40+00:00
Kai Park,kpark,group_chat,2026-03-28 09:03:40+00:00
Kai Park,tkobayashi,group_chat,2026-03-28 09:03:40+00:00
Kai Park,rprasad,group_chat,2026-03-28 09:03:40+00:00
Kai Park,msharif,group_chat,2026-03-28 09:03:40+00:00
Rohit Prasad,tsilva,group_chat,2026-03-28 09:04:05+00:00
Rohit Prasad,kpark,group_chat,2026-03-28 09:04:05+00:00
Rohit Prasad,tkobayashi,group_chat,2026-03-28 09:04:05+00:00
Rohit Prasad,rprasad,group_chat,2026-03-28 09:04:05+00:00
Rohit Prasad,msharif,group_chat,2026-03-28 09:04:05+00:00
Taro Kobayashi,tsilva,group_chat,2026-03-28 09:04:18+00:00
Taro Kobayashi,kpark,group_chat,2026-03-28 09:04:18+00:00
Taro Kobayashi,tkobayashi,group_chat,2026-03-28 09:04:18+00:00
Taro Kobayashi,rprasad,group_chat,2026-03-28 09:04:18+00:00
Taro Kobayashi,msharif,group_chat,2026-03-28 09:04:18+00:00
Mona Sharif,tsilva,group_chat,2026-03-28 09:05:07+00:00
Mona Sharif,kpark,group_chat,2026-03-28 09:05:07+00:00
Mona Sharif,tkobayashi,group_chat,2026-03-28 09:05:07+00:00
Mona Sharif,rprasad,group_chat,2026-03-28 09:05:07+00:00
Mona Sharif,msharif,group_chat,2026-03-28 09:05:07+00:00
Kai Park,tsilva,group_chat,2026-03-28 09:05:20+00:00
Kai Park,kpark,group_chat,2026-03-28 09:05:20+00:00
Kai Park,tkobayashi,group_chat,2026-03-28 09:05:20+00:00
Kai Park,rprasad,group_chat,2026-03-28 09:05:20+00:00
Kai Park,msharif,group_chat,2026-03-28 09:05:20+00:00
Thiago Silva,tsilva,group_chat,2026-03-28 09:06:02+00:00
Thiago Silva,kpark,group_chat,2026-03-28 09:06:02+00:00
Thiago Silva,tkobayashi,group_chat,2026-03-28 09:06:02+00:00
Thiago Silva,rprasad,group_chat,2026-03-28 09:06:02+00:00
Thiago Silva,msharif,group_chat,2026-03-28 09:06:02+00:00
Rohit Prasad,tsilva,group_chat,2026-03-28 09:06:18+00:00
Rohit Prasad,kpark,group_chat,2026-03-28 09:06:18+00:00
Rohit Prasad,tkobayashi,group_chat,2026-03-28 09:06:18+00:00
Rohit Prasad,rprasad,group_chat,2026-03-28 09:06:18+00:00
Rohit Prasad,msharif,group_chat,2026-03-28 09:06:18+00:00
Taro Kobayashi,tsilva,group_chat,2026-03-28 09:06:25+00:00
Taro Kobayashi,kpark,group_chat,2026-03-28 09:06:25+00:00
Taro Kobayashi,tkobayashi,group_chat,2026-03-28 09:06:25+00:00
Taro Kobayashi,rprasad,group_chat,2026-03-28 09:06:25+00:00
Taro Kobayashi,msharif,group_chat,2026-03-28 09:06:25+00:00
Mona Sharif,tsilva,group_chat,2026-03-28 09:06:30+00:00
Mona Sharif,kpark,group_chat,2026-03-28 09:06:30+00:00
Mona Sharif,tkobayashi,group_chat,2026-03-28 09:06:30+00:00
Mona Sharif,rprasad,group_chat,2026-03-28 09:06:30+00:00
Mona Sharif,msharif,group_chat,2026-03-28 09:06:30+00:00
Kai Park,tsilva,group_chat,2026-03-28 09:06:40+00:00
Kai Park,kpark,group_chat,2026-03-28 09:06:40+00:00
Kai Park,tkobayashi,group_chat,2026-03-28 09:06:40+00:00
Kai Park,rprasad,group_chat,2026-03-28 09:06:40+00:00
Kai Park,msharif,group_chat,2026-03-28 09:06:40+00:00
Thiago Silva,tsilva,group_chat,2026-03-28 09:07:10+00:00
Thiago Silva,kpark,group_chat,2026-03-28 09:07:10+00:00
Thiago Silva,tkobayashi,group_chat,2026-03-28 09:07:10+00:00
Thiago Silva,rprasad,group_chat,2026-03-28 09:07:10+00:00
Thiago Silva,msharif,group_chat,2026-03-28 09:07:10+00:00
Mona Sharif,tsilva,group_chat,2026-03-28 09:07:18+00:00
Mona Sharif,kpark,group_chat,2026-03-28 09:07:18+00:00
Mona Sharif,tkobayashi,group_chat,2026-03-28 09:07:18+00:00
Mona Sharif,rprasad,group_chat,2026-03-28 09:07:18+00:00
Mona Sharif,msharif,group_chat,2026-03-28 09:07:18+00:00
Kai Park,tsilva,group_chat,2026-03-28 09:08:05+00:00
Kai Park,kpark,group_chat,2026-03-28 09:08:05+00:00
Kai Park,tkobayashi,group_chat,2026-03-28 09:08:05+00:00
Kai Park,rprasad,group_chat,2026-03-28 09:08:05+00:00
Kai Park,msharif,group_chat,2026-03-28 09:08:05+00:00
Rohit Prasad,tsilva,group_chat,2026-03-28 09:08:22+00:00
Rohit Prasad,kpark,group_chat,2026-03-28 09:08:22+00:00
Rohit Prasad,tkobayashi,group_chat,2026-03-28 09:08:22+00:00
Rohit Prasad,rprasad,group_chat,2026-03-28 09:08:22+00:00
Rohit Prasad,msharif,group_chat,2026-03-28 09:08:22+00:00
Taro Kobayashi,tsilva,group_chat,2026-03-28 09:08:30+00:00
Taro Kobayashi,kpark,group_chat,2026-03-28 09:08:30+00:00
Taro Kobayashi,tkobayashi,group_chat,2026-03-28 09:08:30+00:00
Taro Kobayashi,rprasad,group_chat,2026-03-28 09:08:30+00:00
Taro Kobayashi,msharif,group_chat,2026-03-28 09:08:30+00:00
Mona Sharif,tsilva,group_chat,2026-03-28 09:08:45+00:00
Mona Sharif,kpark,group_chat,2026-03-28 09:08:45+00:00
Mona Sharif,tkobayashi,group_chat,2026-03-28 09:08:45+00:00
Mona Sharif,rprasad,group_chat,2026-03-28 09:08:45+00:00
Mona Sharif,msharif,group_chat,2026-03-28 09:08:45+00:00
mona_sharif,msharif,group_chat,2026-03-28 15:03:12+00:00
mona_sharif,rchowdhury,group_chat,2026-03-28 15:03:12+00:00
mona_sharif,knguyen,group_chat,2026-03-28 15:03:12+00:00
mona_sharif,mabebe,group_chat,2026-03-28 15:03:12+00:00
mona_sharif,rmensah,group_chat,2026-03-28 15:03:12+00:00
ritika_chowdhury,msharif,group_chat,2026-03-28 15:03:35+00:00
ritika_chowdhury,rchowdhury,group_chat,2026-03-28 15:03:35+00:00
ritika_chowdhury,knguyen,group_chat,2026-03-28 15:03:35+00:00
ritika_chowdhury,mabebe,group_chat,2026-03-28 15:03:35+00:00
ritika_chowdhury,rmensah,group_chat,2026-03-28 15:03:35+00:00
khoi_nguyen,msharif,group_chat,2026-03-28 15:04:01+00:00
khoi_nguyen,rchowdhury,group_chat,2026-03-28 15:04:01+00:00
khoi_nguyen,knguyen,group_chat,2026-03-28 15:04:01+00:00
khoi_nguyen,mabebe,group_chat,2026-03-28 15:04:01+00:00
khoi_nguyen,rmensah,group_chat,2026-03-28 15:04:01+00:00
mandla_abebe,msharif,group_chat,2026-03-28 15:04:15+00:00
mandla_abebe,rchowdhury,group_chat,2026-03-28 15:04:15+00:00
mandla_abebe,knguyen,group_chat,2026-03-28 15:04:15+00:00
mandla_abebe,mabebe,group_chat,2026-03-28 15:04:15+00:00
mandla_abebe,rmensah,group_chat,2026-03-28 15:04:15+00:00
rose_mensah,msharif,group_chat,2026-03-28 15:05:42+00:00
rose_mensah,rchowdhury,group_chat,2026-03-28 15:05:42+00:00
rose_mensah,knguyen,group_chat,2026-03-28 15:05:42+00:00
rose_mensah,mabebe,group_chat,2026-03-28 15:05:42+00:00
rose_mensah,rmensah,group_chat,2026-03-28 15:05:42+00:00
ritika_chowdhury,msharif,group_chat,2026-03-28 15:06:03+00:00
ritika_chowdhury,rchowdhury,group_chat,2026-03-28 15:06:03+00:00
ritika_chowdhury,knguyen,group_chat,2026-03-28 15:06:03+00:00
ritika_chowdhury,mabebe,group_chat,2026-03-28 15:06:03+00:00
ritika_chowdhury,rmensah,group_chat,2026-03-28 15:06:03+00:00
mona_sharif,msharif,group_chat,2026-03-28 15:06:47+00:00
mona_sharif,rchowdhury,group_chat,2026-03-28 15:06:47+00:00
mona_sharif,knguyen,group_chat,2026-03-28 15:06:47+00:00
mona_sharif,mabebe,group_chat,2026-03-28 15:06:47+00:00
mona_sharif,rmensah,group_chat,2026-03-28 15:06:47+00:00
khoi_nguyen,msharif,group_chat,2026-03-28 15:07:13+00:00
khoi_nguyen,rchowdhury,group_chat,2026-03-28 15:07:13+00:00
khoi_nguyen,knguyen,group_chat,2026-03-28 15:07:13+00:00
khoi_nguyen,mabebe,group_chat,2026-03-28 15:07:13+00:00
khoi_nguyen,rmensah,group_chat,2026-03-28 15:07:13+00:00
mandla_abebe,msharif,group_chat,2026-03-28 15:07:29+00:00
mandla_abebe,rchowdhury,group_chat,2026-03-28 15:07:29+00:00
mandla_abebe,knguyen,group_chat,2026-03-28 15:07:29+00:00
mandla_abebe,mabebe,group_chat,2026-03-28 15:07:29+00:00
mandla_abebe,rmensah,group_chat,2026-03-28 15:07:29+00:00
rose_mensah,msharif,group_chat,2026-03-28 15:08:11+00:00
rose_mensah,rchowdhury,group_chat,2026-03-28 15:08:11+00:00
rose_mensah,knguyen,group_chat,2026-03-28 15:08:11+00:00
rose_mensah,mabebe,group_chat,2026-03-28 15:08:11+00:00
rose_mensah,rmensah,group_chat,2026-03-28 15:08:11+00:00
khoi_nguyen,msharif,group_chat,2026-03-28 15:09:45+00:00
khoi_nguyen,rchowdhury,group_chat,2026-03-28 15:09:45+00:00
khoi_nguyen,knguyen,group_chat,2026-03-28 15:09:45+00:00
khoi_nguyen,mabebe,group_chat,2026-03-28 15:09:45+00:00
khoi_nguyen,rmensah,group_chat,2026-03-28 15:09:45+00:00
mona_sharif,msharif,group_chat,2026-03-28 15:10:08+00:00
mona_sharif,rchowdhury,group_chat,2026-03-28 15:10:08+00:00
mona_sharif,knguyen,group_chat,2026-03-28 15:10:08+00:00
mona_sharif,mabebe,group_chat,2026-03-28 15:10:08+00:00
mona_sharif,rmensah,group_chat,2026-03-28 15:10:08+00:00
ritika_chowdhury,msharif,group_chat,2026-03-28 15:11:23+00:00
ritika_chowdhury,rchowdhury,group_chat,2026-03-28 15:11:23+00:00
ritika_chowdhury,knguyen,group_chat,2026-03-28 15:11:23+00:00
ritika_chowdhury,mabebe,group_chat,2026-03-28 15:11:23+00:00
ritika_chowdhury,rmensah,group_chat,2026-03-28 15:11:23+00:00
mandla_abebe,msharif,group_chat,2026-03-28 15:11:50+00:00
mandla_abebe,rchowdhury,group_chat,2026-03-28 15:11:50+00:00
mandla_abebe,knguyen,group_chat,2026-03-28 15:11:50+00:00
mandla_abebe,mabebe,group_chat,2026-03-28 15:11:50+00:00
mandla_abebe,rmensah,group_chat,2026-03-28 15:11:50+00:00
rose_mensah,msharif,group_chat,2026-03-28 15:12:34+00:00
rose_mensah,rchowdhury,group_chat,2026-03-28 15:12:34+00:00
rose_mensah,knguyen,group_chat,2026-03-28 15:12:34+00:00
rose_mensah,mabebe,group_chat,2026-03-28 15:12:34+00:00
rose_mensah,rmensah,group_chat,2026-03-28 15:12:34+00:00
ravi_patel,rpatel,group_chat,2026-03-28 09:02:15+00:00
ravi_patel,jokonkwo,group_chat,2026-03-28 09:02:15+00:00
ravi_patel,jdubois,group_chat,2026-03-28 09:02:15+00:00
ravi_patel,mohammedhaddad,group_chat,2026-03-28 09:02:15+00:00
ravi_patel,ymorales,group_chat,2026-03-28 09:02:15+00:00
jamal_okonkwo,rpatel,group_chat,2026-03-28 09:02:40+00:00
jamal_okonkwo,jokonkwo,group_chat,2026-03-28 09:02:40+00:00
jamal_okonkwo,jdubois,group_chat,2026-03-28 09:02:40+00:00
jamal_okonkwo,mohammedhaddad,group_chat,2026-03-28 09:02:40+00:00
jamal_okonkwo,ymorales,group_chat,2026-03-28 09:02:40+00:00
jacqueline_dubois,rpatel,group_chat,2026-03-28 09:03:05+00:00
jacqueline_dubois,jokonkwo,group_chat,2026-03-28 09:03:05+00:00
jacqueline_dubois,jdubois,group_chat,2026-03-28 09:03:05+00:00
jacqueline_dubois,mohammedhaddad,group_chat,2026-03-28 09:03:05+00:00
jacqueline_dubois,ymorales,group_chat,2026-03-28 09:03:05+00:00
yara_morales,rpatel,group_chat,2026-03-28 09:03:20+00:00
yara_morales,jokonkwo,group_chat,2026-03-28 09:03:20+00:00
yara_morales,jdubois,group_chat,2026-03-28 09:03:20+00:00
yara_morales,mohammedhaddad,group_chat,2026-03-28 09:03:20+00:00
yara_morales,ymorales,group_chat,2026-03-28 09:03:20+00:00
mohammed_haddad,rpatel,group_chat,2026-03-28 09:03:35+00:00
mohammed_haddad,jokonkwo,group_chat,2026-03-28 09:03:35+00:00
mohammed_haddad,jdubois,group_chat,2026-03-28 09:03:35+00:00
mohammed_haddad,mohammedhaddad,group_chat,2026-03-28 09:03:35+00:00
mohammed_haddad,ymorales,group_chat,2026-03-28 09:03:35+00:00
ravi_patel,rpatel,group_chat,2026-03-28 09:03:50+00:00
ravi_patel,jokonkwo,group_chat,2026-03-28 09:03:50+00:00
ravi_patel,jdubois,group_chat,2026-03-28 09:03:50+00:00
ravi_patel,mohammedhaddad,group_chat,2026-03-28 09:03:50+00:00
ravi_patel,ymorales,group_chat,2026-03-28 09:03:50+00:00
jacqueline_dubois,rpatel,group_chat,2026-03-28 09:04:10+00:00
jacqueline_dubois,jokonkwo,group_chat,2026-03-28 09:04:10+00:00
jacqueline_dubois,jdubois,group_chat,2026-03-28 09:04:10+00:00
jacqueline_dubois,mohammedhaddad,group_chat,2026-03-28 09:04:10+00:00
jacqueline_dubois,ymorales,group_chat,2026-03-28 09:04:10+00:00
yara_morales,rpatel,group_chat,2026-03-28 09:04:25+00:00
yara_morales,jokonkwo,group_chat,2026-03-28 09:04:25+00:00
yara_morales,jdubois,group_chat,2026-03-28 09:04:25+00:00
yara_morales,mohammedhaddad,group_chat,2026-03-28 09:04:25+00:00
yara_morales,ymorales,group_chat,2026-03-28 09:04:25+00:00
jamal_okonkwo,rpatel,group_chat,2026-03-28 09:04:50+00:00
jamal_okonkwo,jokonkwo,group_chat,2026-03-28 09:04:50+00:00
jamal_okonkwo,jdubois,group_chat,2026-03-28 09:04:50+00:00
jamal_okonkwo,mohammedhaddad,group_chat,2026-03-28 09:04:50+00:00
jamal_okonkwo,ymorales,group_chat,2026-03-28 09:04:50+00:00
ravi_patel,rpatel,group_chat,2026-03-28 09:05:15+00:00
ravi_patel,jokonkwo,group_chat,2026-03-28 09:05:15+00:00
ravi_patel,jdubois,group_chat,2026-03-28 09:05:15+00:00
ravi_patel,mohammedhaddad,group_chat,2026-03-28 09:05:15+00:00
ravi_patel,ymorales,group_chat,2026-03-28 09:05:15+00:00
mohammed_haddad,rpatel,group_chat,2026-03-28 09:05:40+00:00
mohammed_haddad,jokonkwo,group_chat,2026-03-28 09:05:40+00:00
mohammed_haddad,jdubois,group_chat,2026-03-28 09:05:40+00:00
mohammed_haddad,mohammedhaddad,group_chat,2026-03-28 09:05:40+00:00
mohammed_haddad,ymorales,group_chat,2026-03-28 09:05:40+00:00
jacqueline_dubois,rpatel,group_chat,2026-03-28 09:06:05+00:00
jacqueline_dubois,jokonkwo,group_chat,2026-03-28 09:06:05+00:00
jacqueline_dubois,jdubois,group_chat,2026-03-28 09:06:05+00:00
jacqueline_dubois,mohammedhaddad,group_chat,2026-03-28 09:06:05+00:00
jacqueline_dubois,ymorales,group_chat,2026-03-28 09:06:05+00:00
yara_morales,rpatel,group_chat,2026-03-28 09:06:20+00:00
yara_morales,jokonkwo,group_chat,2026-03-28 09:06:20+00:00
yara_morales,jdubois,group_chat,2026-03-28 09:06:20+00:00
yara_morales,mohammedhaddad,group_chat,2026-03-28 09:06:20+00:00
yara_morales,ymorales,group_chat,2026-03-28 09:06:20+00:00
jamal_okonkwo,rpatel,group_chat,2026-03-28 09:06:40+00:00
jamal_okonkwo,jokonkwo,group_chat,2026-03-28 09:06:40+00:00
jamal_okonkwo,jdubois,group_chat,2026-03-28 09:06:40+00:00
jamal_okonkwo,mohammedhaddad,group_chat,2026-03-28 09:06:40+00:00
jamal_okonkwo,ymorales,group_chat,2026-03-28 09:06:40+00:00
ravi_patel,rpatel,group_chat,2026-03-28 09:07:05+00:00
ravi_patel,jokonkwo,group_chat,2026-03-28 09:07:05+00:00
ravi_patel,jdubois,group_chat,2026-03-28 09:07:05+00:00
ravi_patel,mohammedhaddad,group_chat,2026-03-28 09:07:05+00:00
ravi_patel,ymorales,group_chat,2026-03-28 09:07:05+00:00
yara_morales,rpatel,group_chat,2026-03-28 09:12:30+00:00
yara_morales,jokonkwo,group_chat,2026-03-28 09:12:30+00:00
yara_morales,jdubois,group_chat,2026-03-28 09:12:30+00:00
yara_morales,mohammedhaddad,group_chat,2026-03-28 09:12:30+00:00
yara_morales,ymorales,group_chat,2026-03-28 09:12:30+00:00
jacqueline_dubois,rpatel,group_chat,2026-03-28 09:12:50+00:00
jacqueline_dubois,jokonkwo,group_chat,2026-03-28 09:12:50+00:00
jacqueline_dubois,jdubois,group_chat,2026-03-28 09:12:50+00:00
jacqueline_dubois,mohammedhaddad,group_chat,2026-03-28 09:12:50+00:00
jacqueline_dubois,ymorales,group_chat,2026-03-28 09:12:50+00:00
mohammed_haddad,rpatel,group_chat,2026-03-28 09:13:10+00:00
mohammed_haddad,jokonkwo,group_chat,2026-03-28 09:13:10+00:00
mohammed_haddad,jdubois,group_chat,2026-03-28 09:13:10+00:00
mohammed_haddad,mohammedhaddad,group_chat,2026-03-28 09:13:10+00:00
mohammed_haddad,ymorales,group_chat,2026-03-28 09:13:10+00:00
yara_morales,rpatel,group_chat,2026-03-28 09:13:30+00:00
yara_morales,jokonkwo,group_chat,2026-03-28 09:13:30+00:00
yara_morales,jdubois,group_chat,2026-03-28 09:13:30+00:00
yara_morales,mohammedhaddad,group_chat,2026-03-28 09:13:30+00:00
yara_morales,ymorales,group_chat,2026-03-28 09:13:30+00:00
jamal_okonkwo,rpatel,group_chat,2026-03-28 09:14:10+00:00
jamal_okonkwo,jokonkwo,group_chat,2026-03-28 09:14:10+00:00
jamal_okonkwo,jdubois,group_chat,2026-03-28 09:14:10+00:00
jamal_okonkwo,mohammedhaddad,group_chat,2026-03-28 09:14:10+00:00
jamal_okonkwo,ymorales,group_chat,2026-03-28 09:14:10+00:00
ravi_patel,rpatel,group_chat,2026-03-28 09:14:25+00:00
ravi_patel,jokonkwo,group_chat,2026-03-28 09:14:25+00:00
ravi_patel,jdubois,group_chat,2026-03-28 09:14:25+00:00
ravi_patel,mohammedhaddad,group_chat,2026-03-28 09:14:25+00:00
ravi_patel,ymorales,group_chat,2026-03-28 09:14:25+00:00
Amélie Dubois,adubois,group_chat,2026-03-29 10:02:15+00:00
Amélie Dubois,tsato,group_chat,2026-03-29 10:02:15+00:00
Amélie Dubois,mgarcia,group_chat,2026-03-29 10:02:15+00:00
Amélie Dubois,rpatel,group_chat,2026-03-29 10:02:15+00:00
Amélie Dubois,jokonkwo,group_chat,2026-03-29 10:02:15+00:00
Takeshi Sato,adubois,group_chat,2026-03-29 10:03:02+00:00
Takeshi Sato,tsato,group_chat,2026-03-29 10:03:02+00:00
Takeshi Sato,mgarcia,group_chat,2026-03-29 10:03:02+00:00
Takeshi Sato,rpatel,group_chat,2026-03-29 10:03:02+00:00
Takeshi Sato,jokonkwo,group_chat,2026-03-29 10:03:02+00:00
Mariana Garcia,adubois,group_chat,2026-03-29 10:03:45+00:00
Mariana Garcia,tsato,group_chat,2026-03-29 10:03:45+00:00
Mariana Garcia,mgarcia,group_chat,2026-03-29 10:03:45+00:00
Mariana Garcia,rpatel,group_chat,2026-03-29 10:03:45+00:00
Mariana Garcia,jokonkwo,group_chat,2026-03-29 10:03:45+00:00
Ravi Patel,adubois,group_chat,2026-03-29 10:04:12+00:00
Ravi Patel,tsato,group_chat,2026-03-29 10:04:12+00:00
Ravi Patel,mgarcia,group_chat,2026-03-29 10:04:12+00:00
Ravi Patel,rpatel,group_chat,2026-03-29 10:04:12+00:00
Ravi Patel,jokonkwo,group_chat,2026-03-29 10:04:12+00:00
Jamal Okonkwo,adubois,group_chat,2026-03-29 10:04:38+00:00
Jamal Okonkwo,tsato,group_chat,2026-03-29 10:04:38+00:00
Jamal Okonkwo,mgarcia,group_chat,2026-03-29 10:04:38+00:00
Jamal Okonkwo,rpatel,group_chat,2026-03-29 10:04:38+00:00
Jamal Okonkwo,jokonkwo,group_chat,2026-03-29 10:04:38+00:00
Amélie Dubois,adubois,group_chat,2026-03-29 10:05:10+00:00
Amélie Dubois,tsato,group_chat,2026-03-29 10:05:10+00:00
Amélie Dubois,mgarcia,group_chat,2026-03-29 10:05:10+00:00
Amélie Dubois,rpatel,group_chat,2026-03-29 10:05:10+00:00
Amélie Dubois,jokonkwo,group_chat,2026-03-29 10:05:10+00:00
Takeshi Sato,adubois,group_chat,2026-03-29 10:05:45+00:00
Takeshi Sato,tsato,group_chat,2026-03-29 10:05:45+00:00
Takeshi Sato,mgarcia,group_chat,2026-03-29 10:05:45+00:00
Takeshi Sato,rpatel,group_chat,2026-03-29 10:05:45+00:00
Takeshi Sato,jokonkwo,group_chat,2026-03-29 10:05:45+00:00
Mariana Garcia,adubois,group_chat,2026-03-29 10:06:22+00:00
Mariana Garcia,tsato,group_chat,2026-03-29 10:06:22+00:00
Mariana Garcia,mgarcia,group_chat,2026-03-29 10:06:22+00:00
Mariana Garcia,rpatel,group_chat,2026-03-29 10:06:22+00:00
Mariana Garcia,jokonkwo,group_chat,2026-03-29 10:06:22+00:00
Ravi Patel,adubois,group_chat,2026-03-29 10:06:55+00:00
Ravi Patel,tsato,group_chat,2026-03-29 10:06:55+00:00
Ravi Patel,mgarcia,group_chat,2026-03-29 10:06:55+00:00
Ravi Patel,rpatel,group_chat,2026-03-29 10:06:55+00:00
Ravi Patel,jokonkwo,group_chat,2026-03-29 10:06:55+00:00
Jamal Okonkwo,adubois,group_chat,2026-03-29 10:07:18+00:00
Jamal Okonkwo,tsato,group_chat,2026-03-29 10:07:18+00:00
Jamal Okonkwo,mgarcia,group_chat,2026-03-29 10:07:18+00:00
Jamal Okonkwo,rpatel,group_chat,2026-03-29 10:07:18+00:00
Jamal Okonkwo,jokonkwo,group_chat,2026-03-29 10:07:18+00:00
Ravi Patel,adubois,group_chat,2026-03-29 10:07:40+00:00
Ravi Patel,tsato,group_chat,2026-03-29 10:07:40+00:00
Ravi Patel,mgarcia,group_chat,2026-03-29 10:07:40+00:00
Ravi Patel,rpatel,group_chat,2026-03-29 10:07:40+00:00
Ravi Patel,jokonkwo,group_chat,2026-03-29 10:07:40+00:00
Amélie Dubois,adubois,group_chat,2026-03-29 10:08:05+00:00
Amélie Dubois,tsato,group_chat,2026-03-29 10:08:05+00:00
Amélie Dubois,mgarcia,group_chat,2026-03-29 10:08:05+00:00
Amélie Dubois,rpatel,group_chat,2026-03-29 10:08:05+00:00
Amélie Dubois,jokonkwo,group_chat,2026-03-29 10:08:05+00:00
Mariana Garcia,adubois,group_chat,2026-03-29 10:08:37+00:00
Mariana Garcia,tsato,group_chat,2026-03-29 10:08:37+00:00
Mariana Garcia,mgarcia,group_chat,2026-03-29 10:08:37+00:00
Mariana Garcia,rpatel,group_chat,2026-03-29 10:08:37+00:00
Mariana Garcia,jokonkwo,group_chat,2026-03-29 10:08:37+00:00
Takeshi Sato,adubois,group_chat,2026-03-29 10:09:01+00:00
Takeshi Sato,tsato,group_chat,2026-03-29 10:09:01+00:00
Takeshi Sato,mgarcia,group_chat,2026-03-29 10:09:01+00:00
Takeshi Sato,rpatel,group_chat,2026-03-29 10:09:01+00:00
Takeshi Sato,jokonkwo,group_chat,2026-03-29 10:09:01+00:00
Jamal Okonkwo,adubois,group_chat,2026-03-29 10:09:30+00:00
Jamal Okonkwo,tsato,group_chat,2026-03-29 10:09:30+00:00
Jamal Okonkwo,mgarcia,group_chat,2026-03-29 10:09:30+00:00
Jamal Okonkwo,rpatel,group_chat,2026-03-29 10:09:30+00:00
Jamal Okonkwo,jokonkwo,group_chat,2026-03-29 10:09:30+00:00
Ravi Patel,adubois,group_chat,2026-03-29 10:09:55+00:00
Ravi Patel,tsato,group_chat,2026-03-29 10:09:55+00:00
Ravi Patel,mgarcia,group_chat,2026-03-29 10:09:55+00:00
Ravi Patel,rpatel,group_chat,2026-03-29 10:09:55+00:00
Ravi Patel,jokonkwo,group_chat,2026-03-29 10:09:55+00:00
Amélie Dubois,adubois,group_chat,2026-03-29 10:10:20+00:00
Amélie Dubois,tsato,group_chat,2026-03-29 10:10:20+00:00
Amélie Dubois,mgarcia,group_chat,2026-03-29 10:10:20+00:00
Amélie Dubois,rpatel,group_chat,2026-03-29 10:10:20+00:00
Amélie Dubois,jokonkwo,group_chat,2026-03-29 10:10:20+00:00
Takeshi Sato,adubois,group_chat,2026-03-29 10:10:50+00:00
Takeshi Sato,tsato,group_chat,2026-03-29 10:10:50+00:00
Takeshi Sato,mgarcia,group_chat,2026-03-29 10:10:50+00:00
Takeshi Sato,rpatel,group_chat,2026-03-29 10:10:50+00:00
Takeshi Sato,jokonkwo,group_chat,2026-03-29 10:10:50+00:00
Mariana Garcia,adubois,group_chat,2026-03-29 10:11:15+00:00
Mariana Garcia,tsato,group_chat,2026-03-29 10:11:15+00:00
Mariana Garcia,mgarcia,group_chat,2026-03-29 10:11:15+00:00
Mariana Garcia,rpatel,group_chat,2026-03-29 10:11:15+00:00
Mariana Garcia,jokonkwo,group_chat,2026-03-29 10:11:15+00:00
Amélie Dubois,adubois,group_chat,2026-03-29 10:11:45+00:00
Amélie Dubois,tsato,group_chat,2026-03-29 10:11:45+00:00
Amélie Dubois,mgarcia,group_chat,2026-03-29 10:11:45+00:00
Amélie Dubois,rpatel,group_chat,2026-03-29 10:11:45+00:00
Amélie Dubois,jokonkwo,group_chat,2026-03-29 10:11:45+00:00
Jamal Okonkwo,adubois,group_chat,2026-03-29 10:12:10+00:00
Jamal Okonkwo,tsato,group_chat,2026-03-29 10:12:10+00:00
Jamal Okonkwo,mgarcia,group_chat,2026-03-29 10:12:10+00:00
Jamal Okonkwo,rpatel,group_chat,2026-03-29 10:12:10+00:00
Jamal Okonkwo,jokonkwo,group_chat,2026-03-29 10:12:10+00:00
Ravi Patel,adubois,group_chat,2026-03-29 10:12:40+00:00
Ravi Patel,tsato,group_chat,2026-03-29 10:12:40+00:00
Ravi Patel,mgarcia,group_chat,2026-03-29 10:12:40+00:00
Ravi Patel,rpatel,group_chat,2026-03-29 10:12:40+00:00
Ravi Patel,jokonkwo,group_chat,2026-03-29 10:12:40+00:00
Mariana Garcia,adubois,group_chat,2026-03-29 10:13:05+00:00
Mariana Garcia,tsato,group_chat,2026-03-29 10:13:05+00:00
Mariana Garcia,mgarcia,group_chat,2026-03-29 10:13:05+00:00
Mariana Garcia,rpatel,group_chat,2026-03-29 10:13:05+00:00
Mariana Garcia,jokonkwo,group_chat,2026-03-29 10:13:05+00:00
Amélie Dubois,adubois,group_chat,2026-03-29 10:13:22+00:00
Amélie Dubois,tsato,group_chat,2026-03-29 10:13:22+00:00
Amélie Dubois,mgarcia,group_chat,2026-03-29 10:13:22+00:00
Amélie Dubois,rpatel,group_chat,2026-03-29 10:13:22+00:00
Amélie Dubois,jokonkwo,group_chat,2026-03-29 10:13:22+00:00
Mariana Garcia,mgarcia,group_chat,2026-03-29 09:03:12+00:00
Mariana Garcia,msharif,group_chat,2026-03-29 09:03:12+00:00
Mariana Garcia,rchowdhury,group_chat,2026-03-29 09:03:12+00:00
Mariana Garcia,carlosgarcia,group_chat,2026-03-29 09:03:12+00:00
Mariana Garcia,lrossi,group_chat,2026-03-29 09:03:12+00:00
Carlos Garcia,mgarcia,group_chat,2026-03-29 09:04:02+00:00
Carlos Garcia,msharif,group_chat,2026-03-29 09:04:02+00:00
Carlos Garcia,rchowdhury,group_chat,2026-03-29 09:04:02+00:00
Carlos Garcia,carlosgarcia,group_chat,2026-03-29 09:04:02+00:00
Carlos Garcia,lrossi,group_chat,2026-03-29 09:04:02+00:00
Mona Sharif,mgarcia,group_chat,2026-03-29 09:05:14+00:00
Mona Sharif,msharif,group_chat,2026-03-29 09:05:14+00:00
Mona Sharif,rchowdhury,group_chat,2026-03-29 09:05:14+00:00
Mona Sharif,carlosgarcia,group_chat,2026-03-29 09:05:14+00:00
Mona Sharif,lrossi,group_chat,2026-03-29 09:05:14+00:00
Mariana Garcia,mgarcia,group_chat,2026-03-29 09:05:43+00:00
Mariana Garcia,msharif,group_chat,2026-03-29 09:05:43+00:00
Mariana Garcia,rchowdhury,group_chat,2026-03-29 09:05:43+00:00
Mariana Garcia,carlosgarcia,group_chat,2026-03-29 09:05:43+00:00
Mariana Garcia,lrossi,group_chat,2026-03-29 09:05:43+00:00
Mona Sharif,mgarcia,group_chat,2026-03-29 09:06:12+00:00
Mona Sharif,msharif,group_chat,2026-03-29 09:06:12+00:00
Mona Sharif,rchowdhury,group_chat,2026-03-29 09:06:12+00:00
Mona Sharif,carlosgarcia,group_chat,2026-03-29 09:06:12+00:00
Mona Sharif,lrossi,group_chat,2026-03-29 09:06:12+00:00
Luca Rossi,mgarcia,group_chat,2026-03-29 09:07:30+00:00
Luca Rossi,msharif,group_chat,2026-03-29 09:07:30+00:00
Luca Rossi,rchowdhury,group_chat,2026-03-29 09:07:30+00:00
Luca Rossi,carlosgarcia,group_chat,2026-03-29 09:07:30+00:00
Luca Rossi,lrossi,group_chat,2026-03-29 09:07:30+00:00
Ritika Chowdhury,mgarcia,group_chat,2026-03-29 09:08:05+00:00
Ritika Chowdhury,msharif,group_chat,2026-03-29 09:08:05+00:00
Ritika Chowdhury,rchowdhury,group_chat,2026-03-29 09:08:05+00:00
Ritika Chowdhury,carlosgarcia,group_chat,2026-03-29 09:08:05+00:00
Ritika Chowdhury,lrossi,group_chat,2026-03-29 09:08:05+00:00
Carlos Garcia,mgarcia,group_chat,2026-03-29 09:08:45+00:00
Carlos Garcia,msharif,group_chat,2026-03-29 09:08:45+00:00
Carlos Garcia,rchowdhury,group_chat,2026-03-29 09:08:45+00:00
Carlos Garcia,carlosgarcia,group_chat,2026-03-29 09:08:45+00:00
Carlos Garcia,lrossi,group_chat,2026-03-29 09:08:45+00:00
Mariana Garcia,mgarcia,group_chat,2026-03-29 09:09:22+00:00
Mariana Garcia,msharif,group_chat,2026-03-29 09:09:22+00:00
Mariana Garcia,rchowdhury,group_chat,2026-03-29 09:09:22+00:00
Mariana Garcia,carlosgarcia,group_chat,2026-03-29 09:09:22+00:00
Mariana Garcia,lrossi,group_chat,2026-03-29 09:09:22+00:00
Luca Rossi,mgarcia,group_chat,2026-03-29 09:10:01+00:00
Luca Rossi,msharif,group_chat,2026-03-29 09:10:01+00:00
Luca Rossi,rchowdhury,group_chat,2026-03-29 09:10:01+00:00
Luca Rossi,carlosgarcia,group_chat,2026-03-29 09:10:01+00:00
Luca Rossi,lrossi,group_chat,2026-03-29 09:10:01+00:00
Mona Sharif,mgarcia,group_chat,2026-03-29 09:10:32+00:00
Mona Sharif,msharif,group_chat,2026-03-29 09:10:32+00:00
Mona Sharif,rchowdhury,group_chat,2026-03-29 09:10:32+00:00
Mona Sharif,carlosgarcia,group_chat,2026-03-29 09:10:32+00:00
Mona Sharif,lrossi,group_chat,2026-03-29 09:10:32+00:00
Carlos Garcia,mgarcia,group_chat,2026-03-29 09:11:02+00:00
Carlos Garcia,msharif,group_chat,2026-03-29 09:11:02+00:00
Carlos Garcia,rchowdhury,group_chat,2026-03-29 09:11:02+00:00
Carlos Garcia,carlosgarcia,group_chat,2026-03-29 09:11:02+00:00
Carlos Garcia,lrossi,group_chat,2026-03-29 09:11:02+00:00
Ritika Chowdhury,mgarcia,group_chat,2026-03-29 09:11:23+00:00
Ritika Chowdhury,msharif,group_chat,2026-03-29 09:11:23+00:00
Ritika Chowdhury,rchowdhury,group_chat,2026-03-29 09:11:23+00:00
Ritika Chowdhury,carlosgarcia,group_chat,2026-03-29 09:11:23+00:00
Ritika Chowdhury,lrossi,group_chat,2026-03-29 09:11:23+00:00
Mariana Garcia,mgarcia,group_chat,2026-03-29 09:11:35+00:00
Mariana Garcia,msharif,group_chat,2026-03-29 09:11:35+00:00
Mariana Garcia,rchowdhury,group_chat,2026-03-29 09:11:35+00:00
Mariana Garcia,carlosgarcia,group_chat,2026-03-29 09:11:35+00:00
Mariana Garcia,lrossi,group_chat,2026-03-29 09:11:35+00:00
Luca Rossi,mgarcia,group_chat,2026-03-29 09:12:10+00:00
Luca Rossi,msharif,group_chat,2026-03-29 09:12:10+00:00
Luca Rossi,rchowdhury,group_chat,2026-03-29 09:12:10+00:00
Luca Rossi,carlosgarcia,group_chat,2026-03-29 09:12:10+00:00
Luca Rossi,lrossi,group_chat,2026-03-29 09:12:10+00:00
Mona Sharif,mgarcia,group_chat,2026-03-29 09:12:45+00:00
Mona Sharif,msharif,group_chat,2026-03-29 09:12:45+00:00
Mona Sharif,rchowdhury,group_chat,2026-03-29 09:12:45+00:00
Mona Sharif,carlosgarcia,group_chat,2026-03-29 09:12:45+00:00
Mona Sharif,lrossi,group_chat,2026-03-29 09:12:45+00:00
Luca Rossi,mgarcia,group_chat,2026-03-29 09:13:22+00:00
Luca Rossi,msharif,group_chat,2026-03-29 09:13:22+00:00
Luca Rossi,rchowdhury,group_chat,2026-03-29 09:13:22+00:00
Luca Rossi,carlosgarcia,group_chat,2026-03-29 09:13:22+00:00
Luca Rossi,lrossi,group_chat,2026-03-29 09:13:22+00:00
Carlos Garcia,mgarcia,group_chat,2026-03-29 09:13:56+00:00
Carlos Garcia,msharif,group_chat,2026-03-29 09:13:56+00:00
Carlos Garcia,rchowdhury,group_chat,2026-03-29 09:13:56+00:00
Carlos Garcia,carlosgarcia,group_chat,2026-03-29 09:13:56+00:00
Carlos Garcia,lrossi,group_chat,2026-03-29 09:13:56+00:00
Mona Sharif,mgarcia,group_chat,2026-03-29 09:14:25+00:00
Mona Sharif,msharif,group_chat,2026-03-29 09:14:25+00:00
Mona Sharif,rchowdhury,group_chat,2026-03-29 09:14:25+00:00
Mona Sharif,carlosgarcia,group_chat,2026-03-29 09:14:25+00:00
Mona Sharif,lrossi,group_chat,2026-03-29 09:14:25+00:00
Ritika Chowdhury,mgarcia,group_chat,2026-03-29 09:14:55+00:00
Ritika Chowdhury,msharif,group_chat,2026-03-29 09:14:55+00:00
Ritika Chowdhury,rchowdhury,group_chat,2026-03-29 09:14:55+00:00
Ritika Chowdhury,carlosgarcia,group_chat,2026-03-29 09:14:55+00:00
Ritika Chowdhury,lrossi,group_chat,2026-03-29 09:14:55+00:00
Mariana Garcia,mgarcia,group_chat,2026-03-29 09:15:22+00:00
Mariana Garcia,msharif,group_chat,2026-03-29 09:15:22+00:00
Mariana Garcia,rchowdhury,group_chat,2026-03-29 09:15:22+00:00
Mariana Garcia,carlosgarcia,group_chat,2026-03-29 09:15:22+00:00
Mariana Garcia,lrossi,group_chat,2026-03-29 09:15:22+00:00
Luca Rossi,mgarcia,group_chat,2026-03-29 09:16:05+00:00
Luca Rossi,msharif,group_chat,2026-03-29 09:16:05+00:00
Luca Rossi,rchowdhury,group_chat,2026-03-29 09:16:05+00:00
Luca Rossi,carlosgarcia,group_chat,2026-03-29 09:16:05+00:00
Luca Rossi,lrossi,group_chat,2026-03-29 09:16:05+00:00
Carlos Garcia,mgarcia,group_chat,2026-03-29 09:16:33+00:00
Carlos Garcia,msharif,group_chat,2026-03-29 09:16:33+00:00
Carlos Garcia,rchowdhury,group_chat,2026-03-29 09:16:33+00:00
Carlos Garcia,carlosgarcia,group_chat,2026-03-29 09:16:33+00:00
Carlos Garcia,lrossi,group_chat,2026-03-29 09:16:33+00:00
Mona Sharif,mgarcia,group_chat,2026-03-29 09:17:12+00:00
Mona Sharif,msharif,group_chat,2026-03-29 09:17:12+00:00
Mona Sharif,rchowdhury,group_chat,2026-03-29 09:17:12+00:00
Mona Sharif,carlosgarcia,group_chat,2026-03-29 09:17:12+00:00
Mona Sharif,lrossi,group_chat,2026-03-29 09:17:12+00:00
Jamal Okonkwo,jokonkwo,group_chat,2026-03-29 15:00:00+00:00
Jamal Okonkwo,mabebe,group_chat,2026-03-29 15:00:00+00:00
Jamal Okonkwo,rmensah,group_chat,2026-03-29 15:00:00+00:00
Jamal Okonkwo,fpereira,group_chat,2026-03-29 15:00:00+00:00
Jamal Okonkwo,msilva,group_chat,2026-03-29 15:00:00+00:00
Mandla Abebe,jokonkwo,group_chat,2026-03-29 15:00:15+00:00
Mandla Abebe,mabebe,group_chat,2026-03-29 15:00:15+00:00
Mandla Abebe,rmensah,group_chat,2026-03-29 15:00:15+00:00
Mandla Abebe,fpereira,group_chat,2026-03-29 15:00:15+00:00
Mandla Abebe,msilva,group_chat,2026-03-29 15:00:15+00:00
Rose Mensah,jokonkwo,group_chat,2026-03-29 15:00:30+00:00
Rose Mensah,mabebe,group_chat,2026-03-29 15:00:30+00:00
Rose Mensah,rmensah,group_chat,2026-03-29 15:00:30+00:00
Rose Mensah,fpereira,group_chat,2026-03-29 15:00:30+00:00
Rose Mensah,msilva,group_chat,2026-03-29 15:00:30+00:00
Fabiana Pereira,jokonkwo,group_chat,2026-03-29 15:00:45+00:00
Fabiana Pereira,mabebe,group_chat,2026-03-29 15:00:45+00:00
Fabiana Pereira,rmensah,group_chat,2026-03-29 15:00:45+00:00
Fabiana Pereira,fpereira,group_chat,2026-03-29 15:00:45+00:00
Fabiana Pereira,msilva,group_chat,2026-03-29 15:00:45+00:00
Maria Silva,jokonkwo,group_chat,2026-03-29 15:01:00+00:00
Maria Silva,mabebe,group_chat,2026-03-29 15:01:00+00:00
Maria Silva,rmensah,group_chat,2026-03-29 15:01:00+00:00
Maria Silva,fpereira,group_chat,2026-03-29 15:01:00+00:00
Maria Silva,msilva,group_chat,2026-03-29 15:01:00+00:00
Rose Mensah,jokonkwo,group_chat,2026-03-29 15:01:10+00:00
Rose Mensah,mabebe,group_chat,2026-03-29 15:01:10+00:00
Rose Mensah,rmensah,group_chat,2026-03-29 15:01:10+00:00
Rose Mensah,fpereira,group_chat,2026-03-29 15:01:10+00:00
Rose Mensah,msilva,group_chat,2026-03-29 15:01:10+00:00
Jamal Okonkwo,jokonkwo,group_chat,2026-03-29 15:01:25+00:00
Jamal Okonkwo,mabebe,group_chat,2026-03-29 15:01:25+00:00
Jamal Okonkwo,rmensah,group_chat,2026-03-29 15:01:25+00:00
Jamal Okonkwo,fpereira,group_chat,2026-03-29 15:01:25+00:00
Jamal Okonkwo,msilva,group_chat,2026-03-29 15:01:25+00:00
Rose Mensah,jokonkwo,group_chat,2026-03-29 15:01:50+00:00
Rose Mensah,mabebe,group_chat,2026-03-29 15:01:50+00:00
Rose Mensah,rmensah,group_chat,2026-03-29 15:01:50+00:00
Rose Mensah,fpereira,group_chat,2026-03-29 15:01:50+00:00
Rose Mensah,msilva,group_chat,2026-03-29 15:01:50+00:00
Mandla Abebe,jokonkwo,group_chat,2026-03-29 15:02:05+00:00
Mandla Abebe,mabebe,group_chat,2026-03-29 15:02:05+00:00
Mandla Abebe,rmensah,group_chat,2026-03-29 15:02:05+00:00
Mandla Abebe,fpereira,group_chat,2026-03-29 15:02:05+00:00
Mandla Abebe,msilva,group_chat,2026-03-29 15:02:05+00:00
Fabiana Pereira,jokonkwo,group_chat,2026-03-29 15:02:15+00:00
Fabiana Pereira,mabebe,group_chat,2026-03-29 15:02:15+00:00
Fabiana Pereira,rmensah,group_chat,2026-03-29 15:02:15+00:00
Fabiana Pereira,fpereira,group_chat,2026-03-29 15:02:15+00:00
Fabiana Pereira,msilva,group_chat,2026-03-29 15:02:15+00:00
Maria Silva,jokonkwo,group_chat,2026-03-29 15:02:30+00:00
Maria Silva,mabebe,group_chat,2026-03-29 15:02:30+00:00
Maria Silva,rmensah,group_chat,2026-03-29 15:02:30+00:00
Maria Silva,fpereira,group_chat,2026-03-29 15:02:30+00:00
Maria Silva,msilva,group_chat,2026-03-29 15:02:30+00:00
Jamal Okonkwo,jokonkwo,group_chat,2026-03-29 15:02:45+00:00
Jamal Okonkwo,mabebe,group_chat,2026-03-29 15:02:45+00:00
Jamal Okonkwo,rmensah,group_chat,2026-03-29 15:02:45+00:00
Jamal Okonkwo,fpereira,group_chat,2026-03-29 15:02:45+00:00
Jamal Okonkwo,msilva,group_chat,2026-03-29 15:02:45+00:00
Maria Silva,jokonkwo,group_chat,2026-03-29 15:03:00+00:00
Maria Silva,mabebe,group_chat,2026-03-29 15:03:00+00:00
Maria Silva,rmensah,group_chat,2026-03-29 15:03:00+00:00
Maria Silva,fpereira,group_chat,2026-03-29 15:03:00+00:00
Maria Silva,msilva,group_chat,2026-03-29 15:03:00+00:00
Fabiana Pereira,jokonkwo,group_chat,2026-03-29 15:03:15+00:00
Fabiana Pereira,mabebe,group_chat,2026-03-29 15:03:15+00:00
Fabiana Pereira,rmensah,group_chat,2026-03-29 15:03:15+00:00
Fabiana Pereira,fpereira,group_chat,2026-03-29 15:03:15+00:00
Fabiana Pereira,msilva,group_chat,2026-03-29 15:03:15+00:00
Jamal Okonkwo,jokonkwo,group_chat,2026-03-29 15:03:30+00:00
Jamal Okonkwo,mabebe,group_chat,2026-03-29 15:03:30+00:00
Jamal Okonkwo,rmensah,group_chat,2026-03-29 15:03:30+00:00
Jamal Okonkwo,fpereira,group_chat,2026-03-29 15:03:30+00:00
Jamal Okonkwo,msilva,group_chat,2026-03-29 15:03:30+00:00
Rose Mensah,jokonkwo,group_chat,2026-03-29 15:03:45+00:00
Rose Mensah,mabebe,group_chat,2026-03-29 15:03:45+00:00
Rose Mensah,rmensah,group_chat,2026-03-29 15:03:45+00:00
Rose Mensah,fpereira,group_chat,2026-03-29 15:03:45+00:00
Rose Mensah,msilva,group_chat,2026-03-29 15:03:45+00:00
Jamal Okonkwo,jokonkwo,group_chat,2026-03-29 15:03:55+00:00
Jamal Okonkwo,mabebe,group_chat,2026-03-29 15:03:55+00:00
Jamal Okonkwo,rmensah,group_chat,2026-03-29 15:03:55+00:00
Jamal Okonkwo,fpereira,group_chat,2026-03-29 15:03:55+00:00
Jamal Okonkwo,msilva,group_chat,2026-03-29 15:03:55+00:00
Rose Mensah,jokonkwo,group_chat,2026-03-29 15:04:05+00:00
Rose Mensah,mabebe,group_chat,2026-03-29 15:04:05+00:00
Rose Mensah,rmensah,group_chat,2026-03-29 15:04:05+00:00
Rose Mensah,fpereira,group_chat,2026-03-29 15:04:05+00:00
Rose Mensah,msilva,group_chat,2026-03-29 15:04:05+00:00
Mandla Abebe,jokonkwo,group_chat,2026-03-29 15:04:15+00:00
Mandla Abebe,mabebe,group_chat,2026-03-29 15:04:15+00:00
Mandla Abebe,rmensah,group_chat,2026-03-29 15:04:15+00:00
Mandla Abebe,fpereira,group_chat,2026-03-29 15:04:15+00:00
Mandla Abebe,msilva,group_chat,2026-03-29 15:04:15+00:00
Maria Silva,jokonkwo,group_chat,2026-03-29 15:04:30+00:00
Maria Silva,mabebe,group_chat,2026-03-29 15:04:30+00:00
Maria Silva,rmensah,group_chat,2026-03-29 15:04:30+00:00
Maria Silva,fpereira,group_chat,2026-03-29 15:04:30+00:00
Maria Silva,msilva,group_chat,2026-03-29 15:04:30+00:00
Fabiana Pereira,jokonkwo,group_chat,2026-03-29 15:04:45+00:00
Fabiana Pereira,mabebe,group_chat,2026-03-29 15:04:45+00:00
Fabiana Pereira,rmensah,group_chat,2026-03-29 15:04:45+00:00
Fabiana Pereira,fpereira,group_chat,2026-03-29 15:04:45+00:00
Fabiana Pereira,msilva,group_chat,2026-03-29 15:04:45+00:00
Jamal Okonkwo,jokonkwo,group_chat,2026-03-29 15:05:00+00:00
Jamal Okonkwo,mabebe,group_chat,2026-03-29 15:05:00+00:00
Jamal Okonkwo,rmensah,group_chat,2026-03-29 15:05:00+00:00
Jamal Okonkwo,fpereira,group_chat,2026-03-29 15:05:00+00:00
Jamal Okonkwo,msilva,group_chat,2026-03-29 15:05:00+00:00
Mandla Abebe,jokonkwo,group_chat,2026-03-29 15:05:10+00:00
Mandla Abebe,mabebe,group_chat,2026-03-29 15:05:10+00:00
Mandla Abebe,rmensah,group_chat,2026-03-29 15:05:10+00:00
Mandla Abebe,fpereira,group_chat,2026-03-29 15:05:10+00:00
Mandla Abebe,msilva,group_chat,2026-03-29 15:05:10+00:00
Rose Mensah,jokonkwo,group_chat,2026-03-29 15:05:20+00:00
Rose Mensah,mabebe,group_chat,2026-03-29 15:05:20+00:00
Rose Mensah,rmensah,group_chat,2026-03-29 15:05:20+00:00
Rose Mensah,fpereira,group_chat,2026-03-29 15:05:20+00:00
Rose Mensah,msilva,group_chat,2026-03-29 15:05:20+00:00
Maria Silva,jokonkwo,group_chat,2026-03-29 15:05:35+00:00
Maria Silva,mabebe,group_chat,2026-03-29 15:05:35+00:00
Maria Silva,rmensah,group_chat,2026-03-29 15:05:35+00:00
Maria Silva,fpereira,group_chat,2026-03-29 15:05:35+00:00
Maria Silva,msilva,group_chat,2026-03-29 15:05:35+00:00
Jamal Okonkwo,jokonkwo,group_chat,2026-03-29 15:05:50+00:00
Jamal Okonkwo,mabebe,group_chat,2026-03-29 15:05:50+00:00
Jamal Okonkwo,rmensah,group_chat,2026-03-29 15:05:50+00:00
Jamal Okonkwo,fpereira,group_chat,2026-03-29 15:05:50+00:00
Jamal Okonkwo,msilva,group_chat,2026-03-29 15:05:50+00:00
Maria Silva,jokonkwo,group_chat,2026-03-29 15:06:00+00:00
Maria Silva,mabebe,group_chat,2026-03-29 15:06:00+00:00
Maria Silva,rmensah,group_chat,2026-03-29 15:06:00+00:00
Maria Silva,fpereira,group_chat,2026-03-29 15:06:00+00:00
Maria Silva,msilva,group_chat,2026-03-29 15:06:00+00:00
Amélie Dubois,adubois,group_chat,2026-03-29 10:02:15+00:00
Amélie Dubois,rpatel,group_chat,2026-03-29 10:02:15+00:00
Amélie Dubois,nsingh,group_chat,2026-03-29 10:02:15+00:00
Amélie Dubois,eabbas,group_chat,2026-03-29 10:02:15+00:00
Amélie Dubois,amustafa,group_chat,2026-03-29 10:02:15+00:00
Ravi Patel,adubois,group_chat,2026-03-29 10:03:02+00:00
Ravi Patel,rpatel,group_chat,2026-03-29 10:03:02+00:00
Ravi Patel,nsingh,group_chat,2026-03-29 10:03:02+00:00
Ravi Patel,eabbas,group_chat,2026-03-29 10:03:02+00:00
Ravi Patel,amustafa,group_chat,2026-03-29 10:03:02+00:00
Nisha Singh,adubois,group_chat,2026-03-29 10:03:35+00:00
Nisha Singh,rpatel,group_chat,2026-03-29 10:03:35+00:00
Nisha Singh,nsingh,group_chat,2026-03-29 10:03:35+00:00
Nisha Singh,eabbas,group_chat,2026-03-29 10:03:35+00:00
Nisha Singh,amustafa,group_chat,2026-03-29 10:03:35+00:00
Amélie Dubois,adubois,group_chat,2026-03-29 10:04:10+00:00
Amélie Dubois,rpatel,group_chat,2026-03-29 10:04:10+00:00
Amélie Dubois,nsingh,group_chat,2026-03-29 10:04:10+00:00
Amélie Dubois,eabbas,group_chat,2026-03-29 10:04:10+00:00
Amélie Dubois,amustafa,group_chat,2026-03-29 10:04:10+00:00
Ehsan Abbas,adubois,group_chat,2026-03-29 10:04:45+00:00
Ehsan Abbas,rpatel,group_chat,2026-03-29 10:04:45+00:00
Ehsan Abbas,nsingh,group_chat,2026-03-29 10:04:45+00:00
Ehsan Abbas,eabbas,group_chat,2026-03-29 10:04:45+00:00
Ehsan Abbas,amustafa,group_chat,2026-03-29 10:04:45+00:00
Amina Mustafa,adubois,group_chat,2026-03-29 10:05:18+00:00
Amina Mustafa,rpatel,group_chat,2026-03-29 10:05:18+00:00
Amina Mustafa,nsingh,group_chat,2026-03-29 10:05:18+00:00
Amina Mustafa,eabbas,group_chat,2026-03-29 10:05:18+00:00
Amina Mustafa,amustafa,group_chat,2026-03-29 10:05:18+00:00
Ravi Patel,adubois,group_chat,2026-03-29 10:05:50+00:00
Ravi Patel,rpatel,group_chat,2026-03-29 10:05:50+00:00
Ravi Patel,nsingh,group_chat,2026-03-29 10:05:50+00:00
Ravi Patel,eabbas,group_chat,2026-03-29 10:05:50+00:00
Ravi Patel,amustafa,group_chat,2026-03-29 10:05:50+00:00
Nisha Singh,adubois,group_chat,2026-03-29 10:06:30+00:00
Nisha Singh,rpatel,group_chat,2026-03-29 10:06:30+00:00
Nisha Singh,nsingh,group_chat,2026-03-29 10:06:30+00:00
Nisha Singh,eabbas,group_chat,2026-03-29 10:06:30+00:00
Nisha Singh,amustafa,group_chat,2026-03-29 10:06:30+00:00
Ehsan Abbas,adubois,group_chat,2026-03-29 10:07:05+00:00
Ehsan Abbas,rpatel,group_chat,2026-03-29 10:07:05+00:00
Ehsan Abbas,nsingh,group_chat,2026-03-29 10:07:05+00:00
Ehsan Abbas,eabbas,group_chat,2026-03-29 10:07:05+00:00
Ehsan Abbas,amustafa,group_chat,2026-03-29 10:07:05+00:00
Amélie Dubois,adubois,group_chat,2026-03-29 10:07:45+00:00
Amélie Dubois,rpatel,group_chat,2026-03-29 10:07:45+00:00
Amélie Dubois,nsingh,group_chat,2026-03-29 10:07:45+00:00
Amélie Dubois,eabbas,group_chat,2026-03-29 10:07:45+00:00
Amélie Dubois,amustafa,group_chat,2026-03-29 10:07:45+00:00
Ravi Patel,adubois,group_chat,2026-03-29 10:08:20+00:00
Ravi Patel,rpatel,group_chat,2026-03-29 10:08:20+00:00
Ravi Patel,nsingh,group_chat,2026-03-29 10:08:20+00:00
Ravi Patel,eabbas,group_chat,2026-03-29 10:08:20+00:00
Ravi Patel,amustafa,group_chat,2026-03-29 10:08:20+00:00
Nisha Singh,adubois,group_chat,2026-03-29 10:08:50+00:00
Nisha Singh,rpatel,group_chat,2026-03-29 10:08:50+00:00
Nisha Singh,nsingh,group_chat,2026-03-29 10:08:50+00:00
Nisha Singh,eabbas,group_chat,2026-03-29 10:08:50+00:00
Nisha Singh,amustafa,group_chat,2026-03-29 10:08:50+00:00
Amina Mustafa,adubois,group_chat,2026-03-29 10:09:15+00:00
Amina Mustafa,rpatel,group_chat,2026-03-29 10:09:15+00:00
Amina Mustafa,nsingh,group_chat,2026-03-29 10:09:15+00:00
Amina Mustafa,eabbas,group_chat,2026-03-29 10:09:15+00:00
Amina Mustafa,amustafa,group_chat,2026-03-29 10:09:15+00:00
Ehsan Abbas,adubois,group_chat,2026-03-29 10:09:50+00:00
Ehsan Abbas,rpatel,group_chat,2026-03-29 10:09:50+00:00
Ehsan Abbas,nsingh,group_chat,2026-03-29 10:09:50+00:00
Ehsan Abbas,eabbas,group_chat,2026-03-29 10:09:50+00:00
Ehsan Abbas,amustafa,group_chat,2026-03-29 10:09:50+00:00
Amélie Dubois,adubois,group_chat,2026-03-29 10:10:15+00:00
Amélie Dubois,rpatel,group_chat,2026-03-29 10:10:15+00:00
Amélie Dubois,nsingh,group_chat,2026-03-29 10:10:15+00:00
Amélie Dubois,eabbas,group_chat,2026-03-29 10:10:15+00:00
Amélie Dubois,amustafa,group_chat,2026-03-29 10:10:15+00:00
Ravi Patel,adubois,group_chat,2026-03-29 10:10:40+00:00
Ravi Patel,rpatel,group_chat,2026-03-29 10:10:40+00:00
Ravi Patel,nsingh,group_chat,2026-03-29 10:10:40+00:00
Ravi Patel,eabbas,group_chat,2026-03-29 10:10:40+00:00
Ravi Patel,amustafa,group_chat,2026-03-29 10:10:40+00:00
Nisha Singh,adubois,group_chat,2026-03-29 10:11:10+00:00
Nisha Singh,rpatel,group_chat,2026-03-29 10:11:10+00:00
Nisha Singh,nsingh,group_chat,2026-03-29 10:11:10+00:00
Nisha Singh,eabbas,group_chat,2026-03-29 10:11:10+00:00
Nisha Singh,amustafa,group_chat,2026-03-29 10:11:10+00:00
Amina Mustafa,adubois,group_chat,2026-03-29 10:11:45+00:00
Amina Mustafa,rpatel,group_chat,2026-03-29 10:11:45+00:00
Amina Mustafa,nsingh,group_chat,2026-03-29 10:11:45+00:00
Amina Mustafa,eabbas,group_chat,2026-03-29 10:11:45+00:00
Amina Mustafa,amustafa,group_chat,2026-03-29 10:11:45+00:00
Ehsan Abbas,adubois,group_chat,2026-03-29 10:12:20+00:00
Ehsan Abbas,rpatel,group_chat,2026-03-29 10:12:20+00:00
Ehsan Abbas,nsingh,group_chat,2026-03-29 10:12:20+00:00
Ehsan Abbas,eabbas,group_chat,2026-03-29 10:12:20+00:00
Ehsan Abbas,amustafa,group_chat,2026-03-29 10:12:20+00:00
Amélie Dubois,adubois,group_chat,2026-03-29 10:12:50+00:00
Amélie Dubois,rpatel,group_chat,2026-03-29 10:12:50+00:00
Amélie Dubois,nsingh,group_chat,2026-03-29 10:12:50+00:00
Amélie Dubois,eabbas,group_chat,2026-03-29 10:12:50+00:00
Amélie Dubois,amustafa,group_chat,2026-03-29 10:12:50+00:00
Ravi Patel,adubois,group_chat,2026-03-29 10:13:15+00:00
Ravi Patel,rpatel,group_chat,2026-03-29 10:13:15+00:00
Ravi Patel,nsingh,group_chat,2026-03-29 10:13:15+00:00
Ravi Patel,eabbas,group_chat,2026-03-29 10:13:15+00:00
Ravi Patel,amustafa,group_chat,2026-03-29 10:13:15+00:00
jamal_hassan,jhassan,group_chat,2026-03-29 10:02:15+00:00
jamal_hassan,ljohansson,group_chat,2026-03-29 10:02:15+00:00
jamal_hassan,eabbas,group_chat,2026-03-29 10:02:15+00:00
lina_johansson,jhassan,group_chat,2026-03-29 10:03:01+00:00
lina_johansson,ljohansson,group_chat,2026-03-29 10:03:01+00:00
lina_johansson,eabbas,group_chat,2026-03-29 10:03:01+00:00
ehsan_abbas,jhassan,group_chat,2026-03-29 10:03:37+00:00
ehsan_abbas,ljohansson,group_chat,2026-03-29 10:03:37+00:00
ehsan_abbas,eabbas,group_chat,2026-03-29 10:03:37+00:00
jamal_hassan,jhassan,group_chat,2026-03-29 10:04:12+00:00
jamal_hassan,ljohansson,group_chat,2026-03-29 10:04:12+00:00
jamal_hassan,eabbas,group_chat,2026-03-29 10:04:12+00:00
lina_johansson,jhassan,group_chat,2026-03-29 10:04:43+00:00
lina_johansson,ljohansson,group_chat,2026-03-29 10:04:43+00:00
lina_johansson,eabbas,group_chat,2026-03-29 10:04:43+00:00
ehsan_abbas,jhassan,group_chat,2026-03-29 10:05:22+00:00
ehsan_abbas,ljohansson,group_chat,2026-03-29 10:05:22+00:00
ehsan_abbas,eabbas,group_chat,2026-03-29 10:05:22+00:00
lina_johansson,jhassan,group_chat,2026-03-29 10:05:56+00:00
lina_johansson,ljohansson,group_chat,2026-03-29 10:05:56+00:00
lina_johansson,eabbas,group_chat,2026-03-29 10:05:56+00:00
jamal_hassan,jhassan,group_chat,2026-03-29 10:06:32+00:00
jamal_hassan,ljohansson,group_chat,2026-03-29 10:06:32+00:00
jamal_hassan,eabbas,group_chat,2026-03-29 10:06:32+00:00
ehsan_abbas,jhassan,group_chat,2026-03-29 10:07:01+00:00
ehsan_abbas,ljohansson,group_chat,2026-03-29 10:07:01+00:00
ehsan_abbas,eabbas,group_chat,2026-03-29 10:07:01+00:00
lina_johansson,jhassan,group_chat,2026-03-29 10:07:45+00:00
lina_johansson,ljohansson,group_chat,2026-03-29 10:07:45+00:00
lina_johansson,eabbas,group_chat,2026-03-29 10:07:45+00:00
jamal_hassan,jhassan,group_chat,2026-03-29 10:08:12+00:00
jamal_hassan,ljohansson,group_chat,2026-03-29 10:08:12+00:00
jamal_hassan,eabbas,group_chat,2026-03-29 10:08:12+00:00
lina_johansson,jhassan,group_chat,2026-03-29 10:08:45+00:00
lina_johansson,ljohansson,group_chat,2026-03-29 10:08:45+00:00
lina_johansson,eabbas,group_chat,2026-03-29 10:08:45+00:00
ehsan_abbas,jhassan,group_chat,2026-03-29 10:09:23+00:00
ehsan_abbas,ljohansson,group_chat,2026-03-29 10:09:23+00:00
ehsan_abbas,eabbas,group_chat,2026-03-29 10:09:23+00:00
jamal_hassan,jhassan,group_chat,2026-03-29 10:09:54+00:00
jamal_hassan,ljohansson,group_chat,2026-03-29 10:09:54+00:00
jamal_hassan,eabbas,group_chat,2026-03-29 10:09:54+00:00
lina_johansson,jhassan,group_chat,2026-03-29 10:10:32+00:00
lina_johansson,ljohansson,group_chat,2026-03-29 10:10:32+00:00
lina_johansson,eabbas,group_chat,2026-03-29 10:10:32+00:00
ehsan_abbas,jhassan,group_chat,2026-03-29 10:11:07+00:00
ehsan_abbas,ljohansson,group_chat,2026-03-29 10:11:07+00:00
ehsan_abbas,eabbas,group_chat,2026-03-29 10:11:07+00:00
jamal_hassan,jhassan,group_chat,2026-03-29 10:11:42+00:00
jamal_hassan,ljohansson,group_chat,2026-03-29 10:11:42+00:00
jamal_hassan,eabbas,group_chat,2026-03-29 10:11:42+00:00
lina_johansson,jhassan,group_chat,2026-03-29 10:12:10+00:00
lina_johansson,ljohansson,group_chat,2026-03-29 10:12:10+00:00
lina_johansson,eabbas,group_chat,2026-03-29 10:12:10+00:00
ehsan_abbas,jhassan,group_chat,2026-03-29 10:12:45+00:00
ehsan_abbas,ljohansson,group_chat,2026-03-29 10:12:45+00:00
ehsan_abbas,eabbas,group_chat,2026-03-29 10:12:45+00:00
jamal_hassan,jhassan,group_chat,2026-03-29 10:13:12+00:00
jamal_hassan,ljohansson,group_chat,2026-03-29 10:13:12+00:00
jamal_hassan,eabbas,group_chat,2026-03-29 10:13:12+00:00
lina_johansson,jhassan,group_chat,2026-03-29 10:13:28+00:00
lina_johansson,ljohansson,group_chat,2026-03-29 10:13:28+00:00
lina_johansson,eabbas,group_chat,2026-03-29 10:13:28+00:00
ehsan_abbas,jhassan,group_chat,2026-03-29 10:13:35+00:00
ehsan_abbas,ljohansson,group_chat,2026-03-29 10:13:35+00:00
ehsan_abbas,eabbas,group_chat,2026-03-29 10:13:35+00:00
Takeshi Sato,tsato,group_chat,2026-03-29 09:01:00+00:00
Takeshi Sato,ymorales,group_chat,2026-03-29 09:01:00+00:00
Takeshi Sato,rprasad,group_chat,2026-03-29 09:01:00+00:00
Takeshi Sato,tkobayashi,group_chat,2026-03-29 09:01:00+00:00
Yara Morales,tsato,group_chat,2026-03-29 09:02:15+00:00
Yara Morales,ymorales,group_chat,2026-03-29 09:02:15+00:00
Yara Morales,rprasad,group_chat,2026-03-29 09:02:15+00:00
Yara Morales,tkobayashi,group_chat,2026-03-29 09:02:15+00:00
Rohit Prasad,tsato,group_chat,2026-03-29 09:03:02+00:00
Rohit Prasad,ymorales,group_chat,2026-03-29 09:03:02+00:00
Rohit Prasad,rprasad,group_chat,2026-03-29 09:03:02+00:00
Rohit Prasad,tkobayashi,group_chat,2026-03-29 09:03:02+00:00
Taro Kobayashi,tsato,group_chat,2026-03-29 09:03:48+00:00
Taro Kobayashi,ymorales,group_chat,2026-03-29 09:03:48+00:00
Taro Kobayashi,rprasad,group_chat,2026-03-29 09:03:48+00:00
Taro Kobayashi,tkobayashi,group_chat,2026-03-29 09:03:48+00:00
Takeshi Sato,tsato,group_chat,2026-03-29 09:04:30+00:00
Takeshi Sato,ymorales,group_chat,2026-03-29 09:04:30+00:00
Takeshi Sato,rprasad,group_chat,2026-03-29 09:04:30+00:00
Takeshi Sato,tkobayashi,group_chat,2026-03-29 09:04:30+00:00
Yara Morales,tsato,group_chat,2026-03-29 09:05:10+00:00
Yara Morales,ymorales,group_chat,2026-03-29 09:05:10+00:00
Yara Morales,rprasad,group_chat,2026-03-29 09:05:10+00:00
Yara Morales,tkobayashi,group_chat,2026-03-29 09:05:10+00:00
Rohit Prasad,tsato,group_chat,2026-03-29 09:05:35+00:00
Rohit Prasad,ymorales,group_chat,2026-03-29 09:05:35+00:00
Rohit Prasad,rprasad,group_chat,2026-03-29 09:05:35+00:00
Rohit Prasad,tkobayashi,group_chat,2026-03-29 09:05:35+00:00
Yara Morales,tsato,group_chat,2026-03-29 09:06:12+00:00
Yara Morales,ymorales,group_chat,2026-03-29 09:06:12+00:00
Yara Morales,rprasad,group_chat,2026-03-29 09:06:12+00:00
Yara Morales,tkobayashi,group_chat,2026-03-29 09:06:12+00:00
Taro Kobayashi,tsato,group_chat,2026-03-29 09:06:45+00:00
Taro Kobayashi,ymorales,group_chat,2026-03-29 09:06:45+00:00
Taro Kobayashi,rprasad,group_chat,2026-03-29 09:06:45+00:00
Taro Kobayashi,tkobayashi,group_chat,2026-03-29 09:06:45+00:00
Takeshi Sato,tsato,group_chat,2026-03-29 09:07:25+00:00
Takeshi Sato,ymorales,group_chat,2026-03-29 09:07:25+00:00
Takeshi Sato,rprasad,group_chat,2026-03-29 09:07:25+00:00
Takeshi Sato,tkobayashi,group_chat,2026-03-29 09:07:25+00:00
Yara Morales,tsato,group_chat,2026-03-29 09:08:00+00:00
Yara Morales,ymorales,group_chat,2026-03-29 09:08:00+00:00
Yara Morales,rprasad,group_chat,2026-03-29 09:08:00+00:00
Yara Morales,tkobayashi,group_chat,2026-03-29 09:08:00+00:00
Rohit Prasad,tsato,group_chat,2026-03-29 09:08:40+00:00
Rohit Prasad,ymorales,group_chat,2026-03-29 09:08:40+00:00
Rohit Prasad,rprasad,group_chat,2026-03-29 09:08:40+00:00
Rohit Prasad,tkobayashi,group_chat,2026-03-29 09:08:40+00:00
Taro Kobayashi,tsato,group_chat,2026-03-29 09:09:10+00:00
Taro Kobayashi,ymorales,group_chat,2026-03-29 09:09:10+00:00
Taro Kobayashi,rprasad,group_chat,2026-03-29 09:09:10+00:00
Taro Kobayashi,tkobayashi,group_chat,2026-03-29 09:09:10+00:00
Takeshi Sato,tsato,group_chat,2026-03-29 09:09:40+00:00
Takeshi Sato,ymorales,group_chat,2026-03-29 09:09:40+00:00
Takeshi Sato,rprasad,group_chat,2026-03-29 09:09:40+00:00
Takeshi Sato,tkobayashi,group_chat,2026-03-29 09:09:40+00:00
Yara Morales,tsato,group_chat,2026-03-29 09:10:15+00:00
Yara Morales,ymorales,group_chat,2026-03-29 09:10:15+00:00
Yara Morales,rprasad,group_chat,2026-03-29 09:10:15+00:00
Yara Morales,tkobayashi,group_chat,2026-03-29 09:10:15+00:00
Rohit Prasad,tsato,group_chat,2026-03-29 09:11:00+00:00
Rohit Prasad,ymorales,group_chat,2026-03-29 09:11:00+00:00
Rohit Prasad,rprasad,group_chat,2026-03-29 09:11:00+00:00
Rohit Prasad,tkobayashi,group_chat,2026-03-29 09:11:00+00:00
Taro Kobayashi,tsato,group_chat,2026-03-29 09:11:50+00:00
Taro Kobayashi,ymorales,group_chat,2026-03-29 09:11:50+00:00
Taro Kobayashi,rprasad,group_chat,2026-03-29 09:11:50+00:00
Taro Kobayashi,tkobayashi,group_chat,2026-03-29 09:11:50+00:00
Yara Morales,tsato,group_chat,2026-03-29 09:12:30+00:00
Yara Morales,ymorales,group_chat,2026-03-29 09:12:30+00:00
Yara Morales,rprasad,group_chat,2026-03-29 09:12:30+00:00
Yara Morales,tkobayashi,group_chat,2026-03-29 09:12:30+00:00
Takeshi Sato,tsato,group_chat,2026-03-29 09:13:10+00:00
Takeshi Sato,ymorales,group_chat,2026-03-29 09:13:10+00:00
Takeshi Sato,rprasad,group_chat,2026-03-29 09:13:10+00:00
Takeshi Sato,tkobayashi,group_chat,2026-03-29 09:13:10+00:00
Yara Morales,tsato,group_chat,2026-03-29 09:13:45+00:00
Yara Morales,ymorales,group_chat,2026-03-29 09:13:45+00:00
Yara Morales,rprasad,group_chat,2026-03-29 09:13:45+00:00
Yara Morales,tkobayashi,group_chat,2026-03-29 09:13:45+00:00
Rohit Prasad,tsato,group_chat,2026-03-29 09:14:20+00:00
Rohit Prasad,ymorales,group_chat,2026-03-29 09:14:20+00:00
Rohit Prasad,rprasad,group_chat,2026-03-29 09:14:20+00:00
Rohit Prasad,tkobayashi,group_chat,2026-03-29 09:14:20+00:00
Taro Kobayashi,tsato,group_chat,2026-03-29 09:14:50+00:00
Taro Kobayashi,ymorales,group_chat,2026-03-29 09:14:50+00:00
Taro Kobayashi,rprasad,group_chat,2026-03-29 09:14:50+00:00
Taro Kobayashi,tkobayashi,group_chat,2026-03-29 09:14:50+00:00
Yara Morales,tsato,group_chat,2026-03-29 09:15:20+00:00
Yara Morales,ymorales,group_chat,2026-03-29 09:15:20+00:00
Yara Morales,rprasad,group_chat,2026-03-29 09:15:20+00:00
Yara Morales,tkobayashi,group_chat,2026-03-29 09:15:20+00:00
Takeshi Sato,tsato,group_chat,2026-03-29 09:15:50+00:00
Takeshi Sato,ymorales,group_chat,2026-03-29 09:15:50+00:00
Takeshi Sato,rprasad,group_chat,2026-03-29 09:15:50+00:00
Takeshi Sato,tkobayashi,group_chat,2026-03-29 09:15:50+00:00
mariana_garcia,mgarcia,group_chat,2026-03-29 10:03:34+00:00
mariana_garcia,mabebe,group_chat,2026-03-29 10:03:34+00:00
mariana_garcia,rmensah,group_chat,2026-03-29 10:03:34+00:00
mariana_garcia,fpereira,group_chat,2026-03-29 10:03:34+00:00
mariana_garcia,msilva,group_chat,2026-03-29 10:03:34+00:00
mariana_garcia,adeyokonkwo,group_chat,2026-03-29 10:03:34+00:00
ade_okonkwo,mgarcia,group_chat,2026-03-29 10:04:12+00:00
ade_okonkwo,mabebe,group_chat,2026-03-29 10:04:12+00:00
ade_okonkwo,rmensah,group_chat,2026-03-29 10:04:12+00:00
ade_okonkwo,fpereira,group_chat,2026-03-29 10:04:12+00:00
ade_okonkwo,msilva,group_chat,2026-03-29 10:04:12+00:00
ade_okonkwo,adeyokonkwo,group_chat,2026-03-29 10:04:12+00:00
rose_mensah,mgarcia,group_chat,2026-03-29 10:05:47+00:00
rose_mensah,mabebe,group_chat,2026-03-29 10:05:47+00:00
rose_mensah,rmensah,group_chat,2026-03-29 10:05:47+00:00
rose_mensah,fpereira,group_chat,2026-03-29 10:05:47+00:00
rose_mensah,msilva,group_chat,2026-03-29 10:05:47+00:00
rose_mensah,adeyokonkwo,group_chat,2026-03-29 10:05:47+00:00
maria_silva,mgarcia,group_chat,2026-03-29 10:06:22+00:00
maria_silva,mabebe,group_chat,2026-03-29 10:06:22+00:00
maria_silva,rmensah,group_chat,2026-03-29 10:06:22+00:00
maria_silva,fpereira,group_chat,2026-03-29 10:06:22+00:00
maria_silva,msilva,group_chat,2026-03-29 10:06:22+00:00
maria_silva,adeyokonkwo,group_chat,2026-03-29 10:06:22+00:00
mandla_abebe,mgarcia,group_chat,2026-03-29 10:07:05+00:00
mandla_abebe,mabebe,group_chat,2026-03-29 10:07:05+00:00
mandla_abebe,rmensah,group_chat,2026-03-29 10:07:05+00:00
mandla_abebe,fpereira,group_chat,2026-03-29 10:07:05+00:00
mandla_abebe,msilva,group_chat,2026-03-29 10:07:05+00:00
mandla_abebe,adeyokonkwo,group_chat,2026-03-29 10:07:05+00:00
fabiana_pereira,mgarcia,group_chat,2026-03-29 10:07:48+00:00
fabiana_pereira,mabebe,group_chat,2026-03-29 10:07:48+00:00
fabiana_pereira,rmensah,group_chat,2026-03-29 10:07:48+00:00
fabiana_pereira,fpereira,group_chat,2026-03-29 10:07:48+00:00
fabiana_pereira,msilva,group_chat,2026-03-29 10:07:48+00:00
fabiana_pereira,adeyokonkwo,group_chat,2026-03-29 10:07:48+00:00
mariana_garcia,mgarcia,group_chat,2026-03-29 10:07:52+00:00
mariana_garcia,mabebe,group_chat,2026-03-29 10:07:52+00:00
mariana_garcia,rmensah,group_chat,2026-03-29 10:07:52+00:00
mariana_garcia,fpereira,group_chat,2026-03-29 10:07:52+00:00
mariana_garcia,msilva,group_chat,2026-03-29 10:07:52+00:00
mariana_garcia,adeyokonkwo,group_chat,2026-03-29 10:07:52+00:00
ade_okonkwo,mgarcia,group_chat,2026-03-29 10:08:36+00:00
ade_okonkwo,mabebe,group_chat,2026-03-29 10:08:36+00:00
ade_okonkwo,rmensah,group_chat,2026-03-29 10:08:36+00:00
ade_okonkwo,fpereira,group_chat,2026-03-29 10:08:36+00:00
ade_okonkwo,msilva,group_chat,2026-03-29 10:08:36+00:00
ade_okonkwo,adeyokonkwo,group_chat,2026-03-29 10:08:36+00:00
maria_silva,mgarcia,group_chat,2026-03-29 10:09:01+00:00
maria_silva,mabebe,group_chat,2026-03-29 10:09:01+00:00
maria_silva,rmensah,group_chat,2026-03-29 10:09:01+00:00
maria_silva,fpereira,group_chat,2026-03-29 10:09:01+00:00
maria_silva,msilva,group_chat,2026-03-29 10:09:01+00:00
maria_silva,adeyokonkwo,group_chat,2026-03-29 10:09:01+00:00
rose_mensah,mgarcia,group_chat,2026-03-29 10:10:12+00:00
rose_mensah,mabebe,group_chat,2026-03-29 10:10:12+00:00
rose_mensah,rmensah,group_chat,2026-03-29 10:10:12+00:00
rose_mensah,fpereira,group_chat,2026-03-29 10:10:12+00:00
rose_mensah,msilva,group_chat,2026-03-29 10:10:12+00:00
rose_mensah,adeyokonkwo,group_chat,2026-03-29 10:10:12+00:00
mandla_abebe,mgarcia,group_chat,2026-03-29 10:11:03+00:00
mandla_abebe,mabebe,group_chat,2026-03-29 10:11:03+00:00
mandla_abebe,rmensah,group_chat,2026-03-29 10:11:03+00:00
mandla_abebe,fpereira,group_chat,2026-03-29 10:11:03+00:00
mandla_abebe,msilva,group_chat,2026-03-29 10:11:03+00:00
mandla_abebe,adeyokonkwo,group_chat,2026-03-29 10:11:03+00:00
fabiana_pereira,mgarcia,group_chat,2026-03-29 10:12:24+00:00
fabiana_pereira,mabebe,group_chat,2026-03-29 10:12:24+00:00
fabiana_pereira,rmensah,group_chat,2026-03-29 10:12:24+00:00
fabiana_pereira,fpereira,group_chat,2026-03-29 10:12:24+00:00
fabiana_pereira,msilva,group_chat,2026-03-29 10:12:24+00:00
fabiana_pereira,adeyokonkwo,group_chat,2026-03-29 10:12:24+00:00
maria_silva,mgarcia,group_chat,2026-03-29 10:12:47+00:00
maria_silva,mabebe,group_chat,2026-03-29 10:12:47+00:00
maria_silva,rmensah,group_chat,2026-03-29 10:12:47+00:00
maria_silva,fpereira,group_chat,2026-03-29 10:12:47+00:00
maria_silva,msilva,group_chat,2026-03-29 10:12:47+00:00
maria_silva,adeyokonkwo,group_chat,2026-03-29 10:12:47+00:00
ade_okonkwo,mgarcia,group_chat,2026-03-29 10:13:32+00:00
ade_okonkwo,mabebe,group_chat,2026-03-29 10:13:32+00:00
ade_okonkwo,rmensah,group_chat,2026-03-29 10:13:32+00:00
ade_okonkwo,fpereira,group_chat,2026-03-29 10:13:32+00:00
ade_okonkwo,msilva,group_chat,2026-03-29 10:13:32+00:00
ade_okonkwo,adeyokonkwo,group_chat,2026-03-29 10:13:32+00:00
mariana_garcia,mgarcia,group_chat,2026-03-29 10:13:57+00:00
mariana_garcia,mabebe,group_chat,2026-03-29 10:13:57+00:00
mariana_garcia,rmensah,group_chat,2026-03-29 10:13:57+00:00
mariana_garcia,fpereira,group_chat,2026-03-29 10:13:57+00:00
mariana_garcia,msilva,group_chat,2026-03-29 10:13:57+00:00
mariana_garcia,adeyokonkwo,group_chat,2026-03-29 10:13:57+00:00
Mona Sharif,msharif,group_chat,2026-03-29 14:06:45+00:00
Mona Sharif,rchowdhury,group_chat,2026-03-29 14:06:45+00:00
Mona Sharif,lrossi,group_chat,2026-03-29 14:06:45+00:00
Mona Sharif,knguyen,group_chat,2026-03-29 14:06:45+00:00
Khoi Nguyen,msharif,group_chat,2026-03-29 14:07:12+00:00
Khoi Nguyen,rchowdhury,group_chat,2026-03-29 14:07:12+00:00
Khoi Nguyen,lrossi,group_chat,2026-03-29 14:07:12+00:00
Khoi Nguyen,knguyen,group_chat,2026-03-29 14:07:12+00:00
Luca Rossi,msharif,group_chat,2026-03-29 14:08:03+00:00
Luca Rossi,rchowdhury,group_chat,2026-03-29 14:08:03+00:00
Luca Rossi,lrossi,group_chat,2026-03-29 14:08:03+00:00
Luca Rossi,knguyen,group_chat,2026-03-29 14:08:03+00:00
Ritika Chowdhury,msharif,group_chat,2026-03-29 14:08:27+00:00
Ritika Chowdhury,rchowdhury,group_chat,2026-03-29 14:08:27+00:00
Ritika Chowdhury,lrossi,group_chat,2026-03-29 14:08:27+00:00
Ritika Chowdhury,knguyen,group_chat,2026-03-29 14:08:27+00:00
Khoi Nguyen,msharif,group_chat,2026-03-29 14:09:15+00:00
Khoi Nguyen,rchowdhury,group_chat,2026-03-29 14:09:15+00:00
Khoi Nguyen,lrossi,group_chat,2026-03-29 14:09:15+00:00
Khoi Nguyen,knguyen,group_chat,2026-03-29 14:09:15+00:00
Mona Sharif,msharif,group_chat,2026-03-29 14:10:08+00:00
Mona Sharif,rchowdhury,group_chat,2026-03-29 14:10:08+00:00
Mona Sharif,lrossi,group_chat,2026-03-29 14:10:08+00:00
Mona Sharif,knguyen,group_chat,2026-03-29 14:10:08+00:00
Luca Rossi,msharif,group_chat,2026-03-29 14:10:45+00:00
Luca Rossi,rchowdhury,group_chat,2026-03-29 14:10:45+00:00
Luca Rossi,lrossi,group_chat,2026-03-29 14:10:45+00:00
Luca Rossi,knguyen,group_chat,2026-03-29 14:10:45+00:00
Ritika Chowdhury,msharif,group_chat,2026-03-29 14:11:02+00:00
Ritika Chowdhury,rchowdhury,group_chat,2026-03-29 14:11:02+00:00
Ritika Chowdhury,lrossi,group_chat,2026-03-29 14:11:02+00:00
Ritika Chowdhury,knguyen,group_chat,2026-03-29 14:11:02+00:00
Khoi Nguyen,msharif,group_chat,2026-03-29 14:14:57+00:00
Khoi Nguyen,rchowdhury,group_chat,2026-03-29 14:14:57+00:00
Khoi Nguyen,lrossi,group_chat,2026-03-29 14:14:57+00:00
Khoi Nguyen,knguyen,group_chat,2026-03-29 14:14:57+00:00
Mona Sharif,msharif,group_chat,2026-03-29 14:15:32+00:00
Mona Sharif,rchowdhury,group_chat,2026-03-29 14:15:32+00:00
Mona Sharif,lrossi,group_chat,2026-03-29 14:15:32+00:00
Mona Sharif,knguyen,group_chat,2026-03-29 14:15:32+00:00
Luca Rossi,msharif,group_chat,2026-03-29 14:16:10+00:00
Luca Rossi,rchowdhury,group_chat,2026-03-29 14:16:10+00:00
Luca Rossi,lrossi,group_chat,2026-03-29 14:16:10+00:00
Luca Rossi,knguyen,group_chat,2026-03-29 14:16:10+00:00
Ritika Chowdhury,msharif,group_chat,2026-03-29 14:16:30+00:00
Ritika Chowdhury,rchowdhury,group_chat,2026-03-29 14:16:30+00:00
Ritika Chowdhury,lrossi,group_chat,2026-03-29 14:16:30+00:00
Ritika Chowdhury,knguyen,group_chat,2026-03-29 14:16:30+00:00
Mona Sharif,msharif,group_chat,2026-03-29 14:18:20+00:00
Mona Sharif,rchowdhury,group_chat,2026-03-29 14:18:20+00:00
Mona Sharif,lrossi,group_chat,2026-03-29 14:18:20+00:00
Mona Sharif,knguyen,group_chat,2026-03-29 14:18:20+00:00
Hyun-Jae Wang,hwang,group_chat,2026-03-29 10:05:12+00:00
Hyun-Jae Wang,rprasad,group_chat,2026-03-29 10:05:12+00:00
Hyun-Jae Wang,tkobayashi,group_chat,2026-03-29 10:05:12+00:00
Hyun-Jae Wang,tsilva,group_chat,2026-03-29 10:05:12+00:00
Hyun-Jae Wang,kpark,group_chat,2026-03-29 10:05:12+00:00
Taro Kobayashi,hwang,group_chat,2026-03-29 10:05:18+00:00
Taro Kobayashi,rprasad,group_chat,2026-03-29 10:05:18+00:00
Taro Kobayashi,tkobayashi,group_chat,2026-03-29 10:05:18+00:00
Taro Kobayashi,tsilva,group_chat,2026-03-29 10:05:18+00:00
Taro Kobayashi,kpark,group_chat,2026-03-29 10:05:18+00:00
Rohit Prasad,hwang,group_chat,2026-03-29 10:05:25+00:00
Rohit Prasad,rprasad,group_chat,2026-03-29 10:05:25+00:00
Rohit Prasad,tkobayashi,group_chat,2026-03-29 10:05:25+00:00
Rohit Prasad,tsilva,group_chat,2026-03-29 10:05:25+00:00
Rohit Prasad,kpark,group_chat,2026-03-29 10:05:25+00:00
Thiago Silva,hwang,group_chat,2026-03-29 10:05:32+00:00
Thiago Silva,rprasad,group_chat,2026-03-29 10:05:32+00:00
Thiago Silva,tkobayashi,group_chat,2026-03-29 10:05:32+00:00
Thiago Silva,tsilva,group_chat,2026-03-29 10:05:32+00:00
Thiago Silva,kpark,group_chat,2026-03-29 10:05:32+00:00
Taro Kobayashi,hwang,group_chat,2026-03-29 10:06:04+00:00
Taro Kobayashi,rprasad,group_chat,2026-03-29 10:06:04+00:00
Taro Kobayashi,tkobayashi,group_chat,2026-03-29 10:06:04+00:00
Taro Kobayashi,tsilva,group_chat,2026-03-29 10:06:04+00:00
Taro Kobayashi,kpark,group_chat,2026-03-29 10:06:04+00:00
Kai Park,hwang,group_chat,2026-03-29 10:06:22+00:00
Kai Park,rprasad,group_chat,2026-03-29 10:06:22+00:00
Kai Park,tkobayashi,group_chat,2026-03-29 10:06:22+00:00
Kai Park,tsilva,group_chat,2026-03-29 10:06:22+00:00
Kai Park,kpark,group_chat,2026-03-29 10:06:22+00:00
Hyun-Jae Wang,hwang,group_chat,2026-03-29 10:07:10+00:00
Hyun-Jae Wang,rprasad,group_chat,2026-03-29 10:07:10+00:00
Hyun-Jae Wang,tkobayashi,group_chat,2026-03-29 10:07:10+00:00
Hyun-Jae Wang,tsilva,group_chat,2026-03-29 10:07:10+00:00
Hyun-Jae Wang,kpark,group_chat,2026-03-29 10:07:10+00:00
Rohit Prasad,hwang,group_chat,2026-03-29 10:07:25+00:00
Rohit Prasad,rprasad,group_chat,2026-03-29 10:07:25+00:00
Rohit Prasad,tkobayashi,group_chat,2026-03-29 10:07:25+00:00
Rohit Prasad,tsilva,group_chat,2026-03-29 10:07:25+00:00
Rohit Prasad,kpark,group_chat,2026-03-29 10:07:25+00:00
Thiago Silva,hwang,group_chat,2026-03-29 10:08:03+00:00
Thiago Silva,rprasad,group_chat,2026-03-29 10:08:03+00:00
Thiago Silva,tkobayashi,group_chat,2026-03-29 10:08:03+00:00
Thiago Silva,tsilva,group_chat,2026-03-29 10:08:03+00:00
Thiago Silva,kpark,group_chat,2026-03-29 10:08:03+00:00
Kai Park,hwang,group_chat,2026-03-29 10:08:15+00:00
Kai Park,rprasad,group_chat,2026-03-29 10:08:15+00:00
Kai Park,tkobayashi,group_chat,2026-03-29 10:08:15+00:00
Kai Park,tsilva,group_chat,2026-03-29 10:08:15+00:00
Kai Park,kpark,group_chat,2026-03-29 10:08:15+00:00
Taro Kobayashi,hwang,group_chat,2026-03-29 10:09:01+00:00
Taro Kobayashi,rprasad,group_chat,2026-03-29 10:09:01+00:00
Taro Kobayashi,tkobayashi,group_chat,2026-03-29 10:09:01+00:00
Taro Kobayashi,tsilva,group_chat,2026-03-29 10:09:01+00:00
Taro Kobayashi,kpark,group_chat,2026-03-29 10:09:01+00:00
Hyun-Jae Wang,hwang,group_chat,2026-03-29 10:09:20+00:00
Hyun-Jae Wang,rprasad,group_chat,2026-03-29 10:09:20+00:00
Hyun-Jae Wang,tkobayashi,group_chat,2026-03-29 10:09:20+00:00
Hyun-Jae Wang,tsilva,group_chat,2026-03-29 10:09:20+00:00
Hyun-Jae Wang,kpark,group_chat,2026-03-29 10:09:20+00:00
Rohit Prasad,hwang,group_chat,2026-03-29 10:10:05+00:00
Rohit Prasad,rprasad,group_chat,2026-03-29 10:10:05+00:00
Rohit Prasad,tkobayashi,group_chat,2026-03-29 10:10:05+00:00
Rohit Prasad,tsilva,group_chat,2026-03-29 10:10:05+00:00
Rohit Prasad,kpark,group_chat,2026-03-29 10:10:05+00:00
Kai Park,hwang,group_chat,2026-03-29 10:10:18+00:00
Kai Park,rprasad,group_chat,2026-03-29 10:10:18+00:00
Kai Park,tkobayashi,group_chat,2026-03-29 10:10:18+00:00
Kai Park,tsilva,group_chat,2026-03-29 10:10:18+00:00
Kai Park,kpark,group_chat,2026-03-29 10:10:18+00:00
Thiago Silva,hwang,group_chat,2026-03-29 10:11:02+00:00
Thiago Silva,rprasad,group_chat,2026-03-29 10:11:02+00:00
Thiago Silva,tkobayashi,group_chat,2026-03-29 10:11:02+00:00
Thiago Silva,tsilva,group_chat,2026-03-29 10:11:02+00:00
Thiago Silva,kpark,group_chat,2026-03-29 10:11:02+00:00
Taro Kobayashi,hwang,group_chat,2026-03-29 10:11:15+00:00
Taro Kobayashi,rprasad,group_chat,2026-03-29 10:11:15+00:00
Taro Kobayashi,tkobayashi,group_chat,2026-03-29 10:11:15+00:00
Taro Kobayashi,tsilva,group_chat,2026-03-29 10:11:15+00:00
Taro Kobayashi,kpark,group_chat,2026-03-29 10:11:15+00:00
Kai Park,hwang,group_chat,2026-03-29 10:12:40+00:00
Kai Park,rprasad,group_chat,2026-03-29 10:12:40+00:00
Kai Park,tkobayashi,group_chat,2026-03-29 10:12:40+00:00
Kai Park,tsilva,group_chat,2026-03-29 10:12:40+00:00
Kai Park,kpark,group_chat,2026-03-29 10:12:40+00:00
Hyun-Jae Wang,hwang,group_chat,2026-03-29 10:13:05+00:00
Hyun-Jae Wang,rprasad,group_chat,2026-03-29 10:13:05+00:00
Hyun-Jae Wang,tkobayashi,group_chat,2026-03-29 10:13:05+00:00
Hyun-Jae Wang,tsilva,group_chat,2026-03-29 10:13:05+00:00
Hyun-Jae Wang,kpark,group_chat,2026-03-29 10:13:05+00:00
Taro Kobayashi,hwang,group_chat,2026-03-29 10:13:22+00:00
Taro Kobayashi,rprasad,group_chat,2026-03-29 10:13:22+00:00
Taro Kobayashi,tkobayashi,group_chat,2026-03-29 10:13:22+00:00
Taro Kobayashi,tsilva,group_chat,2026-03-29 10:13:22+00:00
Taro Kobayashi,kpark,group_chat,2026-03-29 10:13:22+00:00
Thiago Silva,hwang,group_chat,2026-03-29 10:13:30+00:00
Thiago Silva,rprasad,group_chat,2026-03-29 10:13:30+00:00
Thiago Silva,tkobayashi,group_chat,2026-03-29 10:13:30+00:00
Thiago Silva,tsilva,group_chat,2026-03-29 10:13:30+00:00
Thiago Silva,kpark,group_chat,2026-03-29 10:13:30+00:00
Takeshi Sato,tsato,group_chat,2026-03-29 10:03:12+00:00
Takeshi Sato,rpatel,group_chat,2026-03-29 10:03:12+00:00
Takeshi Sato,jokonkwo,group_chat,2026-03-29 10:03:12+00:00
Takeshi Sato,mgarcia,group_chat,2026-03-29 10:03:12+00:00
Mariana Garcia,tsato,group_chat,2026-03-29 10:03:45+00:00
Mariana Garcia,rpatel,group_chat,2026-03-29 10:03:45+00:00
Mariana Garcia,jokonkwo,group_chat,2026-03-29 10:03:45+00:00
Mariana Garcia,mgarcia,group_chat,2026-03-29 10:03:45+00:00
Jamal Okonkwo,tsato,group_chat,2026-03-29 10:04:22+00:00
Jamal Okonkwo,rpatel,group_chat,2026-03-29 10:04:22+00:00
Jamal Okonkwo,jokonkwo,group_chat,2026-03-29 10:04:22+00:00
Jamal Okonkwo,mgarcia,group_chat,2026-03-29 10:04:22+00:00
Ravi Patel,tsato,group_chat,2026-03-29 10:05:10+00:00
Ravi Patel,rpatel,group_chat,2026-03-29 10:05:10+00:00
Ravi Patel,jokonkwo,group_chat,2026-03-29 10:05:10+00:00
Ravi Patel,mgarcia,group_chat,2026-03-29 10:05:10+00:00
Takeshi Sato,tsato,group_chat,2026-03-29 10:05:35+00:00
Takeshi Sato,rpatel,group_chat,2026-03-29 10:05:35+00:00
Takeshi Sato,jokonkwo,group_chat,2026-03-29 10:05:35+00:00
Takeshi Sato,mgarcia,group_chat,2026-03-29 10:05:35+00:00
Ravi Patel,tsato,group_chat,2026-03-29 10:05:47+00:00
Ravi Patel,rpatel,group_chat,2026-03-29 10:05:47+00:00
Ravi Patel,jokonkwo,group_chat,2026-03-29 10:05:47+00:00
Ravi Patel,mgarcia,group_chat,2026-03-29 10:05:47+00:00
Mariana Garcia,tsato,group_chat,2026-03-29 10:06:21+00:00
Mariana Garcia,rpatel,group_chat,2026-03-29 10:06:21+00:00
Mariana Garcia,jokonkwo,group_chat,2026-03-29 10:06:21+00:00
Mariana Garcia,mgarcia,group_chat,2026-03-29 10:06:21+00:00
Jamal Okonkwo,tsato,group_chat,2026-03-29 10:07:03+00:00
Jamal Okonkwo,rpatel,group_chat,2026-03-29 10:07:03+00:00
Jamal Okonkwo,jokonkwo,group_chat,2026-03-29 10:07:03+00:00
Jamal Okonkwo,mgarcia,group_chat,2026-03-29 10:07:03+00:00
Takeshi Sato,tsato,group_chat,2026-03-29 10:07:44+00:00
Takeshi Sato,rpatel,group_chat,2026-03-29 10:07:44+00:00
Takeshi Sato,jokonkwo,group_chat,2026-03-29 10:07:44+00:00
Takeshi Sato,mgarcia,group_chat,2026-03-29 10:07:44+00:00
Mariana Garcia,tsato,group_chat,2026-03-29 10:08:12+00:00
Mariana Garcia,rpatel,group_chat,2026-03-29 10:08:12+00:00
Mariana Garcia,jokonkwo,group_chat,2026-03-29 10:08:12+00:00
Mariana Garcia,mgarcia,group_chat,2026-03-29 10:08:12+00:00
Ravi Patel,tsato,group_chat,2026-03-29 10:08:33+00:00
Ravi Patel,rpatel,group_chat,2026-03-29 10:08:33+00:00
Ravi Patel,jokonkwo,group_chat,2026-03-29 10:08:33+00:00
Ravi Patel,mgarcia,group_chat,2026-03-29 10:08:33+00:00
Jamal Okonkwo,tsato,group_chat,2026-03-29 10:08:51+00:00
Jamal Okonkwo,rpatel,group_chat,2026-03-29 10:08:51+00:00
Jamal Okonkwo,jokonkwo,group_chat,2026-03-29 10:08:51+00:00
Jamal Okonkwo,mgarcia,group_chat,2026-03-29 10:08:51+00:00
Ravi Patel,tsato,group_chat,2026-03-29 10:09:18+00:00
Ravi Patel,rpatel,group_chat,2026-03-29 10:09:18+00:00
Ravi Patel,jokonkwo,group_chat,2026-03-29 10:09:18+00:00
Ravi Patel,mgarcia,group_chat,2026-03-29 10:09:18+00:00
Mariana Garcia,tsato,group_chat,2026-03-29 10:09:42+00:00
Mariana Garcia,rpatel,group_chat,2026-03-29 10:09:42+00:00
Mariana Garcia,jokonkwo,group_chat,2026-03-29 10:09:42+00:00
Mariana Garcia,mgarcia,group_chat,2026-03-29 10:09:42+00:00
Takeshi Sato,tsato,group_chat,2026-03-29 10:10:05+00:00
Takeshi Sato,rpatel,group_chat,2026-03-29 10:10:05+00:00
Takeshi Sato,jokonkwo,group_chat,2026-03-29 10:10:05+00:00
Takeshi Sato,mgarcia,group_chat,2026-03-29 10:10:05+00:00
Jamal Okonkwo,tsato,group_chat,2026-03-29 10:10:34+00:00
Jamal Okonkwo,rpatel,group_chat,2026-03-29 10:10:34+00:00
Jamal Okonkwo,jokonkwo,group_chat,2026-03-29 10:10:34+00:00
Jamal Okonkwo,mgarcia,group_chat,2026-03-29 10:10:34+00:00
Mariana Garcia,tsato,group_chat,2026-03-29 10:10:50+00:00
Mariana Garcia,rpatel,group_chat,2026-03-29 10:10:50+00:00
Mariana Garcia,jokonkwo,group_chat,2026-03-29 10:10:50+00:00
Mariana Garcia,mgarcia,group_chat,2026-03-29 10:10:50+00:00
Jacqueline Dubois,jdubois,group_chat,2026-03-29 14:03:02+00:00
Jacqueline Dubois,amustafa,group_chat,2026-03-29 14:03:02+00:00
Jacqueline Dubois,mouyang,group_chat,2026-03-29 14:03:02+00:00
Jacqueline Dubois,nkhatri,group_chat,2026-03-29 14:03:02+00:00
Amina Mustafa,jdubois,group_chat,2026-03-29 14:03:20+00:00
Amina Mustafa,amustafa,group_chat,2026-03-29 14:03:20+00:00
Amina Mustafa,mouyang,group_chat,2026-03-29 14:03:20+00:00
Amina Mustafa,nkhatri,group_chat,2026-03-29 14:03:20+00:00
Mei-Lin Ou-Yang,jdubois,group_chat,2026-03-29 14:05:15+00:00
Mei-Lin Ou-Yang,amustafa,group_chat,2026-03-29 14:05:15+00:00
Mei-Lin Ou-Yang,mouyang,group_chat,2026-03-29 14:05:15+00:00
Mei-Lin Ou-Yang,nkhatri,group_chat,2026-03-29 14:05:15+00:00
Neha Khatri,jdubois,group_chat,2026-03-29 14:05:48+00:00
Neha Khatri,amustafa,group_chat,2026-03-29 14:05:48+00:00
Neha Khatri,mouyang,group_chat,2026-03-29 14:05:48+00:00
Neha Khatri,nkhatri,group_chat,2026-03-29 14:05:48+00:00
Jacqueline Dubois,jdubois,group_chat,2026-03-29 14:06:10+00:00
Jacqueline Dubois,amustafa,group_chat,2026-03-29 14:06:10+00:00
Jacqueline Dubois,mouyang,group_chat,2026-03-29 14:06:10+00:00
Jacqueline Dubois,nkhatri,group_chat,2026-03-29 14:06:10+00:00
Amina Mustafa,jdubois,group_chat,2026-03-29 14:07:03+00:00
Amina Mustafa,amustafa,group_chat,2026-03-29 14:07:03+00:00
Amina Mustafa,mouyang,group_chat,2026-03-29 14:07:03+00:00
Amina Mustafa,nkhatri,group_chat,2026-03-29 14:07:03+00:00
Neha Khatri,jdubois,group_chat,2026-03-29 14:07:25+00:00
Neha Khatri,amustafa,group_chat,2026-03-29 14:07:25+00:00
Neha Khatri,mouyang,group_chat,2026-03-29 14:07:25+00:00
Neha Khatri,nkhatri,group_chat,2026-03-29 14:07:25+00:00
Mei-Lin Ou-Yang,jdubois,group_chat,2026-03-29 14:08:10+00:00
Mei-Lin Ou-Yang,amustafa,group_chat,2026-03-29 14:08:10+00:00
Mei-Lin Ou-Yang,mouyang,group_chat,2026-03-29 14:08:10+00:00
Mei-Lin Ou-Yang,nkhatri,group_chat,2026-03-29 14:08:10+00:00
Jacqueline Dubois,jdubois,group_chat,2026-03-29 14:08:45+00:00
Jacqueline Dubois,amustafa,group_chat,2026-03-29 14:08:45+00:00
Jacqueline Dubois,mouyang,group_chat,2026-03-29 14:08:45+00:00
Jacqueline Dubois,nkhatri,group_chat,2026-03-29 14:08:45+00:00
Amina Mustafa,jdubois,group_chat,2026-03-29 14:09:12+00:00
Amina Mustafa,amustafa,group_chat,2026-03-29 14:09:12+00:00
Amina Mustafa,mouyang,group_chat,2026-03-29 14:09:12+00:00
Amina Mustafa,nkhatri,group_chat,2026-03-29 14:09:12+00:00
Neha Khatri,jdubois,group_chat,2026-03-29 14:10:30+00:00
Neha Khatri,amustafa,group_chat,2026-03-29 14:10:30+00:00
Neha Khatri,mouyang,group_chat,2026-03-29 14:10:30+00:00
Neha Khatri,nkhatri,group_chat,2026-03-29 14:10:30+00:00
Mei-Lin Ou-Yang,jdubois,group_chat,2026-03-29 14:10:45+00:00
Mei-Lin Ou-Yang,amustafa,group_chat,2026-03-29 14:10:45+00:00
Mei-Lin Ou-Yang,mouyang,group_chat,2026-03-29 14:10:45+00:00
Mei-Lin Ou-Yang,nkhatri,group_chat,2026-03-29 14:10:45+00:00
Jacqueline Dubois,jdubois,group_chat,2026-03-29 14:11:02+00:00
Jacqueline Dubois,amustafa,group_chat,2026-03-29 14:11:02+00:00
Jacqueline Dubois,mouyang,group_chat,2026-03-29 14:11:02+00:00
Jacqueline Dubois,nkhatri,group_chat,2026-03-29 14:11:02+00:00
Neha Khatri,jdubois,group_chat,2026-03-29 14:11:30+00:00
Neha Khatri,amustafa,group_chat,2026-03-29 14:11:30+00:00
Neha Khatri,mouyang,group_chat,2026-03-29 14:11:30+00:00
Neha Khatri,nkhatri,group_chat,2026-03-29 14:11:30+00:00
Jacqueline Dubois,jdubois,group_chat,2026-03-29 14:12:05+00:00
Jacqueline Dubois,amustafa,group_chat,2026-03-29 14:12:05+00:00
Jacqueline Dubois,mouyang,group_chat,2026-03-29 14:12:05+00:00
Jacqueline Dubois,nkhatri,group_chat,2026-03-29 14:12:05+00:00
Amina Mustafa,jdubois,group_chat,2026-03-29 14:14:00+00:00
Amina Mustafa,amustafa,group_chat,2026-03-29 14:14:00+00:00
Amina Mustafa,mouyang,group_chat,2026-03-29 14:14:00+00:00
Amina Mustafa,nkhatri,group_chat,2026-03-29 14:14:00+00:00
Mei-Lin Ou-Yang,jdubois,group_chat,2026-03-29 14:14:20+00:00
Mei-Lin Ou-Yang,amustafa,group_chat,2026-03-29 14:14:20+00:00
Mei-Lin Ou-Yang,mouyang,group_chat,2026-03-29 14:14:20+00:00
Mei-Lin Ou-Yang,nkhatri,group_chat,2026-03-29 14:14:20+00:00
Amina Mustafa,jdubois,group_chat,2026-03-29 14:14:40+00:00
Amina Mustafa,amustafa,group_chat,2026-03-29 14:14:40+00:00
Amina Mustafa,mouyang,group_chat,2026-03-29 14:14:40+00:00
Amina Mustafa,nkhatri,group_chat,2026-03-29 14:14:40+00:00
Amélie Dubois,adubois,group_chat,2026-03-30 09:02:15+00:00
Amélie Dubois,tsato,group_chat,2026-03-30 09:02:15+00:00
Amélie Dubois,rpatel,group_chat,2026-03-30 09:02:15+00:00
Amélie Dubois,jokonkwo,group_chat,2026-03-30 09:02:15+00:00
Amélie Dubois,mgarcia,group_chat,2026-03-30 09:02:15+00:00
Takeshi Sato,adubois,group_chat,2026-03-30 09:03:01+00:00
Takeshi Sato,tsato,group_chat,2026-03-30 09:03:01+00:00
Takeshi Sato,rpatel,group_chat,2026-03-30 09:03:01+00:00
Takeshi Sato,jokonkwo,group_chat,2026-03-30 09:03:01+00:00
Takeshi Sato,mgarcia,group_chat,2026-03-30 09:03:01+00:00
Ravi Patel,adubois,group_chat,2026-03-30 09:03:45+00:00
Ravi Patel,tsato,group_chat,2026-03-30 09:03:45+00:00
Ravi Patel,rpatel,group_chat,2026-03-30 09:03:45+00:00
Ravi Patel,jokonkwo,group_chat,2026-03-30 09:03:45+00:00
Ravi Patel,mgarcia,group_chat,2026-03-30 09:03:45+00:00
Mariana Garcia,adubois,group_chat,2026-03-30 09:04:12+00:00
Mariana Garcia,tsato,group_chat,2026-03-30 09:04:12+00:00
Mariana Garcia,rpatel,group_chat,2026-03-30 09:04:12+00:00
Mariana Garcia,jokonkwo,group_chat,2026-03-30 09:04:12+00:00
Mariana Garcia,mgarcia,group_chat,2026-03-30 09:04:12+00:00
Jamal Okonkwo,adubois,group_chat,2026-03-30 09:05:30+00:00
Jamal Okonkwo,tsato,group_chat,2026-03-30 09:05:30+00:00
Jamal Okonkwo,rpatel,group_chat,2026-03-30 09:05:30+00:00
Jamal Okonkwo,jokonkwo,group_chat,2026-03-30 09:05:30+00:00
Jamal Okonkwo,mgarcia,group_chat,2026-03-30 09:05:30+00:00
Mariana Garcia,adubois,group_chat,2026-03-30 09:06:02+00:00
Mariana Garcia,tsato,group_chat,2026-03-30 09:06:02+00:00
Mariana Garcia,rpatel,group_chat,2026-03-30 09:06:02+00:00
Mariana Garcia,jokonkwo,group_chat,2026-03-30 09:06:02+00:00
Mariana Garcia,mgarcia,group_chat,2026-03-30 09:06:02+00:00
Takeshi Sato,adubois,group_chat,2026-03-30 09:06:38+00:00
Takeshi Sato,tsato,group_chat,2026-03-30 09:06:38+00:00
Takeshi Sato,rpatel,group_chat,2026-03-30 09:06:38+00:00
Takeshi Sato,jokonkwo,group_chat,2026-03-30 09:06:38+00:00
Takeshi Sato,mgarcia,group_chat,2026-03-30 09:06:38+00:00
Ravi Patel,adubois,group_chat,2026-03-30 09:07:10+00:00
Ravi Patel,tsato,group_chat,2026-03-30 09:07:10+00:00
Ravi Patel,rpatel,group_chat,2026-03-30 09:07:10+00:00
Ravi Patel,jokonkwo,group_chat,2026-03-30 09:07:10+00:00
Ravi Patel,mgarcia,group_chat,2026-03-30 09:07:10+00:00
Amélie Dubois,adubois,group_chat,2026-03-30 09:07:25+00:00
Amélie Dubois,tsato,group_chat,2026-03-30 09:07:25+00:00
Amélie Dubois,rpatel,group_chat,2026-03-30 09:07:25+00:00
Amélie Dubois,jokonkwo,group_chat,2026-03-30 09:07:25+00:00
Amélie Dubois,mgarcia,group_chat,2026-03-30 09:07:25+00:00
Ravi Patel,adubois,group_chat,2026-03-30 09:07:40+00:00
Ravi Patel,tsato,group_chat,2026-03-30 09:07:40+00:00
Ravi Patel,rpatel,group_chat,2026-03-30 09:07:40+00:00
Ravi Patel,jokonkwo,group_chat,2026-03-30 09:07:40+00:00
Ravi Patel,mgarcia,group_chat,2026-03-30 09:07:40+00:00
Mariana Garcia,adubois,group_chat,2026-03-30 09:08:05+00:00
Mariana Garcia,tsato,group_chat,2026-03-30 09:08:05+00:00
Mariana Garcia,rpatel,group_chat,2026-03-30 09:08:05+00:00
Mariana Garcia,jokonkwo,group_chat,2026-03-30 09:08:05+00:00
Mariana Garcia,mgarcia,group_chat,2026-03-30 09:08:05+00:00
Jamal Okonkwo,adubois,group_chat,2026-03-30 09:08:35+00:00
Jamal Okonkwo,tsato,group_chat,2026-03-30 09:08:35+00:00
Jamal Okonkwo,rpatel,group_chat,2026-03-30 09:08:35+00:00
Jamal Okonkwo,jokonkwo,group_chat,2026-03-30 09:08:35+00:00
Jamal Okonkwo,mgarcia,group_chat,2026-03-30 09:08:35+00:00
Amélie Dubois,adubois,group_chat,2026-03-30 09:09:10+00:00
Amélie Dubois,tsato,group_chat,2026-03-30 09:09:10+00:00
Amélie Dubois,rpatel,group_chat,2026-03-30 09:09:10+00:00
Amélie Dubois,jokonkwo,group_chat,2026-03-30 09:09:10+00:00
Amélie Dubois,mgarcia,group_chat,2026-03-30 09:09:10+00:00
Takeshi Sato,adubois,group_chat,2026-03-30 09:09:40+00:00
Takeshi Sato,tsato,group_chat,2026-03-30 09:09:40+00:00
Takeshi Sato,rpatel,group_chat,2026-03-30 09:09:40+00:00
Takeshi Sato,jokonkwo,group_chat,2026-03-30 09:09:40+00:00
Takeshi Sato,mgarcia,group_chat,2026-03-30 09:09:40+00:00
Mariana Garcia,adubois,group_chat,2026-03-30 09:10:15+00:00
Mariana Garcia,tsato,group_chat,2026-03-30 09:10:15+00:00
Mariana Garcia,rpatel,group_chat,2026-03-30 09:10:15+00:00
Mariana Garcia,jokonkwo,group_chat,2026-03-30 09:10:15+00:00
Mariana Garcia,mgarcia,group_chat,2026-03-30 09:10:15+00:00
Ravi Patel,adubois,group_chat,2026-03-30 09:10:40+00:00
Ravi Patel,tsato,group_chat,2026-03-30 09:10:40+00:00
Ravi Patel,rpatel,group_chat,2026-03-30 09:10:40+00:00
Ravi Patel,jokonkwo,group_chat,2026-03-30 09:10:40+00:00
Ravi Patel,mgarcia,group_chat,2026-03-30 09:10:40+00:00
Jamal Okonkwo,adubois,group_chat,2026-03-30 09:11:02+00:00
Jamal Okonkwo,tsato,group_chat,2026-03-30 09:11:02+00:00
Jamal Okonkwo,rpatel,group_chat,2026-03-30 09:11:02+00:00
Jamal Okonkwo,jokonkwo,group_chat,2026-03-30 09:11:02+00:00
Jamal Okonkwo,mgarcia,group_chat,2026-03-30 09:11:02+00:00
Ravi Patel,adubois,group_chat,2026-03-30 09:11:20+00:00
Ravi Patel,tsato,group_chat,2026-03-30 09:11:20+00:00
Ravi Patel,rpatel,group_chat,2026-03-30 09:11:20+00:00
Ravi Patel,jokonkwo,group_chat,2026-03-30 09:11:20+00:00
Ravi Patel,mgarcia,group_chat,2026-03-30 09:11:20+00:00
Amélie Dubois,adubois,group_chat,2026-03-30 09:11:45+00:00
Amélie Dubois,tsato,group_chat,2026-03-30 09:11:45+00:00
Amélie Dubois,rpatel,group_chat,2026-03-30 09:11:45+00:00
Amélie Dubois,jokonkwo,group_chat,2026-03-30 09:11:45+00:00
Amélie Dubois,mgarcia,group_chat,2026-03-30 09:11:45+00:00
Takeshi Sato,adubois,group_chat,2026-03-30 09:12:10+00:00
Takeshi Sato,tsato,group_chat,2026-03-30 09:12:10+00:00
Takeshi Sato,rpatel,group_chat,2026-03-30 09:12:10+00:00
Takeshi Sato,jokonkwo,group_chat,2026-03-30 09:12:10+00:00
Takeshi Sato,mgarcia,group_chat,2026-03-30 09:12:10+00:00
Mariana Garcia,adubois,group_chat,2026-03-30 09:12:35+00:00
Mariana Garcia,tsato,group_chat,2026-03-30 09:12:35+00:00
Mariana Garcia,rpatel,group_chat,2026-03-30 09:12:35+00:00
Mariana Garcia,jokonkwo,group_chat,2026-03-30 09:12:35+00:00
Mariana Garcia,mgarcia,group_chat,2026-03-30 09:12:35+00:00
Jamal Okonkwo,adubois,group_chat,2026-03-30 09:12:50+00:00
Jamal Okonkwo,tsato,group_chat,2026-03-30 09:12:50+00:00
Jamal Okonkwo,rpatel,group_chat,2026-03-30 09:12:50+00:00
Jamal Okonkwo,jokonkwo,group_chat,2026-03-30 09:12:50+00:00
Jamal Okonkwo,mgarcia,group_chat,2026-03-30 09:12:50+00:00
Ravi Patel,adubois,group_chat,2026-03-30 09:13:15+00:00
Ravi Patel,tsato,group_chat,2026-03-30 09:13:15+00:00
Ravi Patel,rpatel,group_chat,2026-03-30 09:13:15+00:00
Ravi Patel,jokonkwo,group_chat,2026-03-30 09:13:15+00:00
Ravi Patel,mgarcia,group_chat,2026-03-30 09:13:15+00:00
Takeshi Sato,adubois,group_chat,2026-03-30 09:13:45+00:00
Takeshi Sato,tsato,group_chat,2026-03-30 09:13:45+00:00
Takeshi Sato,rpatel,group_chat,2026-03-30 09:13:45+00:00
Takeshi Sato,jokonkwo,group_chat,2026-03-30 09:13:45+00:00
Takeshi Sato,mgarcia,group_chat,2026-03-30 09:13:45+00:00
Amélie Dubois,adubois,group_chat,2026-03-30 09:14:10+00:00
Amélie Dubois,tsato,group_chat,2026-03-30 09:14:10+00:00
Amélie Dubois,rpatel,group_chat,2026-03-30 09:14:10+00:00
Amélie Dubois,jokonkwo,group_chat,2026-03-30 09:14:10+00:00
Amélie Dubois,mgarcia,group_chat,2026-03-30 09:14:10+00:00
Mariana Garcia,adubois,group_chat,2026-03-30 09:14:35+00:00
Mariana Garcia,tsato,group_chat,2026-03-30 09:14:35+00:00
Mariana Garcia,rpatel,group_chat,2026-03-30 09:14:35+00:00
Mariana Garcia,jokonkwo,group_chat,2026-03-30 09:14:35+00:00
Mariana Garcia,mgarcia,group_chat,2026-03-30 09:14:35+00:00
takeshi_sato,tsato,group_chat,2026-03-30 10:02:15+00:00
takeshi_sato,jhassan,group_chat,2026-03-30 10:02:15+00:00
takeshi_sato,hwang,group_chat,2026-03-30 10:02:15+00:00
takeshi_sato,tkobayashi,group_chat,2026-03-30 10:02:15+00:00
takeshi_sato,rprasad,group_chat,2026-03-30 10:02:15+00:00
hyun_jae_wang,tsato,group_chat,2026-03-30 10:03:42+00:00
hyun_jae_wang,jhassan,group_chat,2026-03-30 10:03:42+00:00
hyun_jae_wang,hwang,group_chat,2026-03-30 10:03:42+00:00
hyun_jae_wang,tkobayashi,group_chat,2026-03-30 10:03:42+00:00
hyun_jae_wang,rprasad,group_chat,2026-03-30 10:03:42+00:00
jamal_hassan,tsato,group_chat,2026-03-30 10:04:10+00:00
jamal_hassan,jhassan,group_chat,2026-03-30 10:04:10+00:00
jamal_hassan,hwang,group_chat,2026-03-30 10:04:10+00:00
jamal_hassan,tkobayashi,group_chat,2026-03-30 10:04:10+00:00
jamal_hassan,rprasad,group_chat,2026-03-30 10:04:10+00:00
rohit_prasad,tsato,group_chat,2026-03-30 10:05:23+00:00
rohit_prasad,jhassan,group_chat,2026-03-30 10:05:23+00:00
rohit_prasad,hwang,group_chat,2026-03-30 10:05:23+00:00
rohit_prasad,tkobayashi,group_chat,2026-03-30 10:05:23+00:00
rohit_prasad,rprasad,group_chat,2026-03-30 10:05:23+00:00
taro_kobayashi,tsato,group_chat,2026-03-30 10:06:01+00:00
taro_kobayashi,jhassan,group_chat,2026-03-30 10:06:01+00:00
taro_kobayashi,hwang,group_chat,2026-03-30 10:06:01+00:00
taro_kobayashi,tkobayashi,group_chat,2026-03-30 10:06:01+00:00
taro_kobayashi,rprasad,group_chat,2026-03-30 10:06:01+00:00
rohit_prasad,tsato,group_chat,2026-03-30 10:06:13+00:00
rohit_prasad,jhassan,group_chat,2026-03-30 10:06:13+00:00
rohit_prasad,hwang,group_chat,2026-03-30 10:06:13+00:00
rohit_prasad,tkobayashi,group_chat,2026-03-30 10:06:13+00:00
rohit_prasad,rprasad,group_chat,2026-03-30 10:06:13+00:00
takeshi_sato,tsato,group_chat,2026-03-30 10:07:28+00:00
takeshi_sato,jhassan,group_chat,2026-03-30 10:07:28+00:00
takeshi_sato,hwang,group_chat,2026-03-30 10:07:28+00:00
takeshi_sato,tkobayashi,group_chat,2026-03-30 10:07:28+00:00
takeshi_sato,rprasad,group_chat,2026-03-30 10:07:28+00:00
jamal_hassan,tsato,group_chat,2026-03-30 10:08:11+00:00
jamal_hassan,jhassan,group_chat,2026-03-30 10:08:11+00:00
jamal_hassan,hwang,group_chat,2026-03-30 10:08:11+00:00
jamal_hassan,tkobayashi,group_chat,2026-03-30 10:08:11+00:00
jamal_hassan,rprasad,group_chat,2026-03-30 10:08:11+00:00
hyun_jae_wang,tsato,group_chat,2026-03-30 10:09:05+00:00
hyun_jae_wang,jhassan,group_chat,2026-03-30 10:09:05+00:00
hyun_jae_wang,hwang,group_chat,2026-03-30 10:09:05+00:00
hyun_jae_wang,tkobayashi,group_chat,2026-03-30 10:09:05+00:00
hyun_jae_wang,rprasad,group_chat,2026-03-30 10:09:05+00:00
taro_kobayashi,tsato,group_chat,2026-03-30 10:09:47+00:00
taro_kobayashi,jhassan,group_chat,2026-03-30 10:09:47+00:00
taro_kobayashi,hwang,group_chat,2026-03-30 10:09:47+00:00
taro_kobayashi,tkobayashi,group_chat,2026-03-30 10:09:47+00:00
taro_kobayashi,rprasad,group_chat,2026-03-30 10:09:47+00:00
rohit_prasad,tsato,group_chat,2026-03-30 10:10:25+00:00
rohit_prasad,jhassan,group_chat,2026-03-30 10:10:25+00:00
rohit_prasad,hwang,group_chat,2026-03-30 10:10:25+00:00
rohit_prasad,tkobayashi,group_chat,2026-03-30 10:10:25+00:00
rohit_prasad,rprasad,group_chat,2026-03-30 10:10:25+00:00
hyun_jae_wang,tsato,group_chat,2026-03-30 10:10:58+00:00
hyun_jae_wang,jhassan,group_chat,2026-03-30 10:10:58+00:00
hyun_jae_wang,hwang,group_chat,2026-03-30 10:10:58+00:00
hyun_jae_wang,tkobayashi,group_chat,2026-03-30 10:10:58+00:00
hyun_jae_wang,rprasad,group_chat,2026-03-30 10:10:58+00:00
jamal_hassan,tsato,group_chat,2026-03-30 10:11:32+00:00
jamal_hassan,jhassan,group_chat,2026-03-30 10:11:32+00:00
jamal_hassan,hwang,group_chat,2026-03-30 10:11:32+00:00
jamal_hassan,tkobayashi,group_chat,2026-03-30 10:11:32+00:00
jamal_hassan,rprasad,group_chat,2026-03-30 10:11:32+00:00
takeshi_sato,tsato,group_chat,2026-03-30 10:12:14+00:00
takeshi_sato,jhassan,group_chat,2026-03-30 10:12:14+00:00
takeshi_sato,hwang,group_chat,2026-03-30 10:12:14+00:00
takeshi_sato,tkobayashi,group_chat,2026-03-30 10:12:14+00:00
takeshi_sato,rprasad,group_chat,2026-03-30 10:12:14+00:00
taro_kobayashi,tsato,group_chat,2026-03-30 10:13:05+00:00
taro_kobayashi,jhassan,group_chat,2026-03-30 10:13:05+00:00
taro_kobayashi,hwang,group_chat,2026-03-30 10:13:05+00:00
taro_kobayashi,tkobayashi,group_chat,2026-03-30 10:13:05+00:00
taro_kobayashi,rprasad,group_chat,2026-03-30 10:13:05+00:00
hyun_jae_wang,tsato,group_chat,2026-03-30 10:14:17+00:00
hyun_jae_wang,jhassan,group_chat,2026-03-30 10:14:17+00:00
hyun_jae_wang,hwang,group_chat,2026-03-30 10:14:17+00:00
hyun_jae_wang,tkobayashi,group_chat,2026-03-30 10:14:17+00:00
hyun_jae_wang,rprasad,group_chat,2026-03-30 10:14:17+00:00
rohit_prasad,tsato,group_chat,2026-03-30 10:14:52+00:00
rohit_prasad,jhassan,group_chat,2026-03-30 10:14:52+00:00
rohit_prasad,hwang,group_chat,2026-03-30 10:14:52+00:00
rohit_prasad,tkobayashi,group_chat,2026-03-30 10:14:52+00:00
rohit_prasad,rprasad,group_chat,2026-03-30 10:14:52+00:00
jamal_hassan,tsato,group_chat,2026-03-30 10:15:33+00:00
jamal_hassan,jhassan,group_chat,2026-03-30 10:15:33+00:00
jamal_hassan,hwang,group_chat,2026-03-30 10:15:33+00:00
jamal_hassan,tkobayashi,group_chat,2026-03-30 10:15:33+00:00
jamal_hassan,rprasad,group_chat,2026-03-30 10:15:33+00:00
takeshi_sato,tsato,group_chat,2026-03-30 10:16:10+00:00
takeshi_sato,jhassan,group_chat,2026-03-30 10:16:10+00:00
takeshi_sato,hwang,group_chat,2026-03-30 10:16:10+00:00
takeshi_sato,tkobayashi,group_chat,2026-03-30 10:16:10+00:00
takeshi_sato,rprasad,group_chat,2026-03-30 10:16:10+00:00
taro_kobayashi,tsato,group_chat,2026-03-30 10:17:05+00:00
taro_kobayashi,jhassan,group_chat,2026-03-30 10:17:05+00:00
taro_kobayashi,hwang,group_chat,2026-03-30 10:17:05+00:00
taro_kobayashi,tkobayashi,group_chat,2026-03-30 10:17:05+00:00
taro_kobayashi,rprasad,group_chat,2026-03-30 10:17:05+00:00
hyun_jae_wang,tsato,group_chat,2026-03-30 10:17:21+00:00
hyun_jae_wang,jhassan,group_chat,2026-03-30 10:17:21+00:00
hyun_jae_wang,hwang,group_chat,2026-03-30 10:17:21+00:00
hyun_jae_wang,tkobayashi,group_chat,2026-03-30 10:17:21+00:00
hyun_jae_wang,rprasad,group_chat,2026-03-30 10:17:21+00:00
rohit_prasad,tsato,group_chat,2026-03-30 10:18:09+00:00
rohit_prasad,jhassan,group_chat,2026-03-30 10:18:09+00:00
rohit_prasad,hwang,group_chat,2026-03-30 10:18:09+00:00
rohit_prasad,tkobayashi,group_chat,2026-03-30 10:18:09+00:00
rohit_prasad,rprasad,group_chat,2026-03-30 10:18:09+00:00
hyun_jae_wang,tsato,group_chat,2026-03-30 10:27:48+00:00
hyun_jae_wang,jhassan,group_chat,2026-03-30 10:27:48+00:00
hyun_jae_wang,hwang,group_chat,2026-03-30 10:27:48+00:00
hyun_jae_wang,tkobayashi,group_chat,2026-03-30 10:27:48+00:00
hyun_jae_wang,rprasad,group_chat,2026-03-30 10:27:48+00:00
jamal_hassan,tsato,group_chat,2026-03-30 10:28:12+00:00
jamal_hassan,jhassan,group_chat,2026-03-30 10:28:12+00:00
jamal_hassan,hwang,group_chat,2026-03-30 10:28:12+00:00
jamal_hassan,tkobayashi,group_chat,2026-03-30 10:28:12+00:00
jamal_hassan,rprasad,group_chat,2026-03-30 10:28:12+00:00
takeshi_sato,tsato,group_chat,2026-03-30 10:28:47+00:00
takeshi_sato,jhassan,group_chat,2026-03-30 10:28:47+00:00
takeshi_sato,hwang,group_chat,2026-03-30 10:28:47+00:00
takeshi_sato,tkobayashi,group_chat,2026-03-30 10:28:47+00:00
takeshi_sato,rprasad,group_chat,2026-03-30 10:28:47+00:00
Jamal Okonkwo,jokonkwo,group_chat,2026-03-30 16:01:25+00:00
Jamal Okonkwo,mgarcia,group_chat,2026-03-30 16:01:25+00:00
Jamal Okonkwo,mabebe,group_chat,2026-03-30 16:01:25+00:00
Jamal Okonkwo,rmensah,group_chat,2026-03-30 16:01:25+00:00
Jamal Okonkwo,fpereira,group_chat,2026-03-30 16:01:25+00:00
Mariana Garcia,jokonkwo,group_chat,2026-03-30 16:02:10+00:00
Mariana Garcia,mgarcia,group_chat,2026-03-30 16:02:10+00:00
Mariana Garcia,mabebe,group_chat,2026-03-30 16:02:10+00:00
Mariana Garcia,rmensah,group_chat,2026-03-30 16:02:10+00:00
Mariana Garcia,fpereira,group_chat,2026-03-30 16:02:10+00:00
Rose Mensah,jokonkwo,group_chat,2026-03-30 16:02:45+00:00
Rose Mensah,mgarcia,group_chat,2026-03-30 16:02:45+00:00
Rose Mensah,mabebe,group_chat,2026-03-30 16:02:45+00:00
Rose Mensah,rmensah,group_chat,2026-03-30 16:02:45+00:00
Rose Mensah,fpereira,group_chat,2026-03-30 16:02:45+00:00
Fabiana Pereira,jokonkwo,group_chat,2026-03-30 16:03:20+00:00
Fabiana Pereira,mgarcia,group_chat,2026-03-30 16:03:20+00:00
Fabiana Pereira,mabebe,group_chat,2026-03-30 16:03:20+00:00
Fabiana Pereira,rmensah,group_chat,2026-03-30 16:03:20+00:00
Fabiana Pereira,fpereira,group_chat,2026-03-30 16:03:20+00:00
Mandla Abebe,jokonkwo,group_chat,2026-03-30 16:04:05+00:00
Mandla Abebe,mgarcia,group_chat,2026-03-30 16:04:05+00:00
Mandla Abebe,mabebe,group_chat,2026-03-30 16:04:05+00:00
Mandla Abebe,rmensah,group_chat,2026-03-30 16:04:05+00:00
Mandla Abebe,fpereira,group_chat,2026-03-30 16:04:05+00:00
Jamal Okonkwo,jokonkwo,group_chat,2026-03-30 16:04:50+00:00
Jamal Okonkwo,mgarcia,group_chat,2026-03-30 16:04:50+00:00
Jamal Okonkwo,mabebe,group_chat,2026-03-30 16:04:50+00:00
Jamal Okonkwo,rmensah,group_chat,2026-03-30 16:04:50+00:00
Jamal Okonkwo,fpereira,group_chat,2026-03-30 16:04:50+00:00
Mariana Garcia,jokonkwo,group_chat,2026-03-30 16:05:35+00:00
Mariana Garcia,mgarcia,group_chat,2026-03-30 16:05:35+00:00
Mariana Garcia,mabebe,group_chat,2026-03-30 16:05:35+00:00
Mariana Garcia,rmensah,group_chat,2026-03-30 16:05:35+00:00
Mariana Garcia,fpereira,group_chat,2026-03-30 16:05:35+00:00
Rose Mensah,jokonkwo,group_chat,2026-03-30 16:06:05+00:00
Rose Mensah,mgarcia,group_chat,2026-03-30 16:06:05+00:00
Rose Mensah,mabebe,group_chat,2026-03-30 16:06:05+00:00
Rose Mensah,rmensah,group_chat,2026-03-30 16:06:05+00:00
Rose Mensah,fpereira,group_chat,2026-03-30 16:06:05+00:00
Fabiana Pereira,jokonkwo,group_chat,2026-03-30 16:06:50+00:00
Fabiana Pereira,mgarcia,group_chat,2026-03-30 16:06:50+00:00
Fabiana Pereira,mabebe,group_chat,2026-03-30 16:06:50+00:00
Fabiana Pereira,rmensah,group_chat,2026-03-30 16:06:50+00:00
Fabiana Pereira,fpereira,group_chat,2026-03-30 16:06:50+00:00
Jamal Okonkwo,jokonkwo,group_chat,2026-03-30 16:07:30+00:00
Jamal Okonkwo,mgarcia,group_chat,2026-03-30 16:07:30+00:00
Jamal Okonkwo,mabebe,group_chat,2026-03-30 16:07:30+00:00
Jamal Okonkwo,rmensah,group_chat,2026-03-30 16:07:30+00:00
Jamal Okonkwo,fpereira,group_chat,2026-03-30 16:07:30+00:00
Mandla Abebe,jokonkwo,group_chat,2026-03-30 16:08:05+00:00
Mandla Abebe,mgarcia,group_chat,2026-03-30 16:08:05+00:00
Mandla Abebe,mabebe,group_chat,2026-03-30 16:08:05+00:00
Mandla Abebe,rmensah,group_chat,2026-03-30 16:08:05+00:00
Mandla Abebe,fpereira,group_chat,2026-03-30 16:08:05+00:00
Mariana Garcia,jokonkwo,group_chat,2026-03-30 16:08:40+00:00
Mariana Garcia,mgarcia,group_chat,2026-03-30 16:08:40+00:00
Mariana Garcia,mabebe,group_chat,2026-03-30 16:08:40+00:00
Mariana Garcia,rmensah,group_chat,2026-03-30 16:08:40+00:00
Mariana Garcia,fpereira,group_chat,2026-03-30 16:08:40+00:00
Rose Mensah,jokonkwo,group_chat,2026-03-30 16:09:10+00:00
Rose Mensah,mgarcia,group_chat,2026-03-30 16:09:10+00:00
Rose Mensah,mabebe,group_chat,2026-03-30 16:09:10+00:00
Rose Mensah,rmensah,group_chat,2026-03-30 16:09:10+00:00
Rose Mensah,fpereira,group_chat,2026-03-30 16:09:10+00:00
Fabiana Pereira,jokonkwo,group_chat,2026-03-30 16:09:45+00:00
Fabiana Pereira,mgarcia,group_chat,2026-03-30 16:09:45+00:00
Fabiana Pereira,mabebe,group_chat,2026-03-30 16:09:45+00:00
Fabiana Pereira,rmensah,group_chat,2026-03-30 16:09:45+00:00
Fabiana Pereira,fpereira,group_chat,2026-03-30 16:09:45+00:00
Mariana Garcia,jokonkwo,group_chat,2026-03-30 16:10:15+00:00
Mariana Garcia,mgarcia,group_chat,2026-03-30 16:10:15+00:00
Mariana Garcia,mabebe,group_chat,2026-03-30 16:10:15+00:00
Mariana Garcia,rmensah,group_chat,2026-03-30 16:10:15+00:00
Mariana Garcia,fpereira,group_chat,2026-03-30 16:10:15+00:00
Mandla Abebe,jokonkwo,group_chat,2026-03-30 16:10:55+00:00
Mandla Abebe,mgarcia,group_chat,2026-03-30 16:10:55+00:00
Mandla Abebe,mabebe,group_chat,2026-03-30 16:10:55+00:00
Mandla Abebe,rmensah,group_chat,2026-03-30 16:10:55+00:00
Mandla Abebe,fpereira,group_chat,2026-03-30 16:10:55+00:00
Jamal Okonkwo,jokonkwo,group_chat,2026-03-30 16:11:30+00:00
Jamal Okonkwo,mgarcia,group_chat,2026-03-30 16:11:30+00:00
Jamal Okonkwo,mabebe,group_chat,2026-03-30 16:11:30+00:00
Jamal Okonkwo,rmensah,group_chat,2026-03-30 16:11:30+00:00
Jamal Okonkwo,fpereira,group_chat,2026-03-30 16:11:30+00:00
Mariana Garcia,jokonkwo,group_chat,2026-03-30 16:12:05+00:00
Mariana Garcia,mgarcia,group_chat,2026-03-30 16:12:05+00:00
Mariana Garcia,mabebe,group_chat,2026-03-30 16:12:05+00:00
Mariana Garcia,rmensah,group_chat,2026-03-30 16:12:05+00:00
Mariana Garcia,fpereira,group_chat,2026-03-30 16:12:05+00:00
Mandla Abebe,jokonkwo,group_chat,2026-03-30 16:12:30+00:00
Mandla Abebe,mgarcia,group_chat,2026-03-30 16:12:30+00:00
Mandla Abebe,mabebe,group_chat,2026-03-30 16:12:30+00:00
Mandla Abebe,rmensah,group_chat,2026-03-30 16:12:30+00:00
Mandla Abebe,fpereira,group_chat,2026-03-30 16:12:30+00:00
Fabiana Pereira,jokonkwo,group_chat,2026-03-30 16:13:00+00:00
Fabiana Pereira,mgarcia,group_chat,2026-03-30 16:13:00+00:00
Fabiana Pereira,mabebe,group_chat,2026-03-30 16:13:00+00:00
Fabiana Pereira,rmensah,group_chat,2026-03-30 16:13:00+00:00
Fabiana Pereira,fpereira,group_chat,2026-03-30 16:13:00+00:00
Rose Mensah,jokonkwo,group_chat,2026-03-30 16:13:40+00:00
Rose Mensah,mgarcia,group_chat,2026-03-30 16:13:40+00:00
Rose Mensah,mabebe,group_chat,2026-03-30 16:13:40+00:00
Rose Mensah,rmensah,group_chat,2026-03-30 16:13:40+00:00
Rose Mensah,fpereira,group_chat,2026-03-30 16:13:40+00:00
Jamal Okonkwo,jokonkwo,group_chat,2026-03-30 16:14:15+00:00
Jamal Okonkwo,mgarcia,group_chat,2026-03-30 16:14:15+00:00
Jamal Okonkwo,mabebe,group_chat,2026-03-30 16:14:15+00:00
Jamal Okonkwo,rmensah,group_chat,2026-03-30 16:14:15+00:00
Jamal Okonkwo,fpereira,group_chat,2026-03-30 16:14:15+00:00
Mariana Garcia,jokonkwo,group_chat,2026-03-30 16:14:40+00:00
Mariana Garcia,mgarcia,group_chat,2026-03-30 16:14:40+00:00
Mariana Garcia,mabebe,group_chat,2026-03-30 16:14:40+00:00
Mariana Garcia,rmensah,group_chat,2026-03-30 16:14:40+00:00
Mariana Garcia,fpereira,group_chat,2026-03-30 16:14:40+00:00
Amélie Dubois,adubois,group_chat,2026-03-30 13:05:00+00:00
Amélie Dubois,rpatel,group_chat,2026-03-30 13:05:00+00:00
Amélie Dubois,mgarcia,group_chat,2026-03-30 13:05:00+00:00
Ravi Patel,adubois,group_chat,2026-03-30 13:06:15+00:00
Ravi Patel,rpatel,group_chat,2026-03-30 13:06:15+00:00
Ravi Patel,mgarcia,group_chat,2026-03-30 13:06:15+00:00
Mariana Garcia,adubois,group_chat,2026-03-30 13:06:45+00:00
Mariana Garcia,rpatel,group_chat,2026-03-30 13:06:45+00:00
Mariana Garcia,mgarcia,group_chat,2026-03-30 13:06:45+00:00
Amélie Dubois,adubois,group_chat,2026-03-30 13:07:20+00:00
Amélie Dubois,rpatel,group_chat,2026-03-30 13:07:20+00:00
Amélie Dubois,mgarcia,group_chat,2026-03-30 13:07:20+00:00
Ravi Patel,adubois,group_chat,2026-03-30 13:08:05+00:00
Ravi Patel,rpatel,group_chat,2026-03-30 13:08:05+00:00
Ravi Patel,mgarcia,group_chat,2026-03-30 13:08:05+00:00
Mariana Garcia,adubois,group_chat,2026-03-30 13:08:45+00:00
Mariana Garcia,rpatel,group_chat,2026-03-30 13:08:45+00:00
Mariana Garcia,mgarcia,group_chat,2026-03-30 13:08:45+00:00
Amélie Dubois,adubois,group_chat,2026-03-30 13:09:30+00:00
Amélie Dubois,rpatel,group_chat,2026-03-30 13:09:30+00:00
Amélie Dubois,mgarcia,group_chat,2026-03-30 13:09:30+00:00
Ravi Patel,adubois,group_chat,2026-03-30 13:10:00+00:00
Ravi Patel,rpatel,group_chat,2026-03-30 13:10:00+00:00
Ravi Patel,mgarcia,group_chat,2026-03-30 13:10:00+00:00
Amélie Dubois,adubois,group_chat,2026-03-30 13:10:30+00:00
Amélie Dubois,rpatel,group_chat,2026-03-30 13:10:30+00:00
Amélie Dubois,mgarcia,group_chat,2026-03-30 13:10:30+00:00
Mariana Garcia,adubois,group_chat,2026-03-30 13:11:00+00:00
Mariana Garcia,rpatel,group_chat,2026-03-30 13:11:00+00:00
Mariana Garcia,mgarcia,group_chat,2026-03-30 13:11:00+00:00
Ravi Patel,adubois,group_chat,2026-03-30 13:11:45+00:00
Ravi Patel,rpatel,group_chat,2026-03-30 13:11:45+00:00
Ravi Patel,mgarcia,group_chat,2026-03-30 13:11:45+00:00
Amélie Dubois,adubois,group_chat,2026-03-30 13:12:15+00:00
Amélie Dubois,rpatel,group_chat,2026-03-30 13:12:15+00:00
Amélie Dubois,mgarcia,group_chat,2026-03-30 13:12:15+00:00
Mariana Garcia,adubois,group_chat,2026-03-30 13:12:45+00:00
Mariana Garcia,rpatel,group_chat,2026-03-30 13:12:45+00:00
Mariana Garcia,mgarcia,group_chat,2026-03-30 13:12:45+00:00
Ravi Patel,adubois,group_chat,2026-03-30 13:13:15+00:00
Ravi Patel,rpatel,group_chat,2026-03-30 13:13:15+00:00
Ravi Patel,mgarcia,group_chat,2026-03-30 13:13:15+00:00
Amélie Dubois,adubois,group_chat,2026-03-30 13:13:45+00:00
Amélie Dubois,rpatel,group_chat,2026-03-30 13:13:45+00:00
Amélie Dubois,mgarcia,group_chat,2026-03-30 13:13:45+00:00
Mariana Garcia,adubois,group_chat,2026-03-30 13:14:15+00:00
Mariana Garcia,rpatel,group_chat,2026-03-30 13:14:15+00:00
Mariana Garcia,mgarcia,group_chat,2026-03-30 13:14:15+00:00
Ravi Patel,adubois,group_chat,2026-03-30 13:14:45+00:00
Ravi Patel,rpatel,group_chat,2026-03-30 13:14:45+00:00
Ravi Patel,mgarcia,group_chat,2026-03-30 13:14:45+00:00
Amélie Dubois,adubois,group_chat,2026-03-30 13:15:15+00:00
Amélie Dubois,rpatel,group_chat,2026-03-30 13:15:15+00:00
Amélie Dubois,mgarcia,group_chat,2026-03-30 13:15:15+00:00
Mariana Garcia,adubois,group_chat,2026-03-30 13:15:45+00:00
Mariana Garcia,rpatel,group_chat,2026-03-30 13:15:45+00:00
Mariana Garcia,mgarcia,group_chat,2026-03-30 13:15:45+00:00
Ravi Patel,adubois,group_chat,2026-03-30 13:16:15+00:00
Ravi Patel,rpatel,group_chat,2026-03-30 13:16:15+00:00
Ravi Patel,mgarcia,group_chat,2026-03-30 13:16:15+00:00
Mona Sharif,msharif,group_chat,2026-03-30 10:02:15+00:00
Mona Sharif,rchowdhury,group_chat,2026-03-30 10:02:15+00:00
Mona Sharif,knguyen,group_chat,2026-03-30 10:02:15+00:00
Mona Sharif,carlosgarcia,group_chat,2026-03-30 10:02:15+00:00
Ritika Chowdhury,msharif,group_chat,2026-03-30 10:03:10+00:00
Ritika Chowdhury,rchowdhury,group_chat,2026-03-30 10:03:10+00:00
Ritika Chowdhury,knguyen,group_chat,2026-03-30 10:03:10+00:00
Ritika Chowdhury,carlosgarcia,group_chat,2026-03-30 10:03:10+00:00
Khoi Nguyen,msharif,group_chat,2026-03-30 10:03:45+00:00
Khoi Nguyen,rchowdhury,group_chat,2026-03-30 10:03:45+00:00
Khoi Nguyen,knguyen,group_chat,2026-03-30 10:03:45+00:00
Khoi Nguyen,carlosgarcia,group_chat,2026-03-30 10:03:45+00:00
Carlos Garcia,msharif,group_chat,2026-03-30 10:04:20+00:00
Carlos Garcia,rchowdhury,group_chat,2026-03-30 10:04:20+00:00
Carlos Garcia,knguyen,group_chat,2026-03-30 10:04:20+00:00
Carlos Garcia,carlosgarcia,group_chat,2026-03-30 10:04:20+00:00
Khoi Nguyen,msharif,group_chat,2026-03-30 10:05:12+00:00
Khoi Nguyen,rchowdhury,group_chat,2026-03-30 10:05:12+00:00
Khoi Nguyen,knguyen,group_chat,2026-03-30 10:05:12+00:00
Khoi Nguyen,carlosgarcia,group_chat,2026-03-30 10:05:12+00:00
Mona Sharif,msharif,group_chat,2026-03-30 10:05:50+00:00
Mona Sharif,rchowdhury,group_chat,2026-03-30 10:05:50+00:00
Mona Sharif,knguyen,group_chat,2026-03-30 10:05:50+00:00
Mona Sharif,carlosgarcia,group_chat,2026-03-30 10:05:50+00:00
Carlos Garcia,msharif,group_chat,2026-03-30 10:06:20+00:00
Carlos Garcia,rchowdhury,group_chat,2026-03-30 10:06:20+00:00
Carlos Garcia,knguyen,group_chat,2026-03-30 10:06:20+00:00
Carlos Garcia,carlosgarcia,group_chat,2026-03-30 10:06:20+00:00
Ritika Chowdhury,msharif,group_chat,2026-03-30 10:07:05+00:00
Ritika Chowdhury,rchowdhury,group_chat,2026-03-30 10:07:05+00:00
Ritika Chowdhury,knguyen,group_chat,2026-03-30 10:07:05+00:00
Ritika Chowdhury,carlosgarcia,group_chat,2026-03-30 10:07:05+00:00
Mona Sharif,msharif,group_chat,2026-03-30 10:07:45+00:00
Mona Sharif,rchowdhury,group_chat,2026-03-30 10:07:45+00:00
Mona Sharif,knguyen,group_chat,2026-03-30 10:07:45+00:00
Mona Sharif,carlosgarcia,group_chat,2026-03-30 10:07:45+00:00
Khoi Nguyen,msharif,group_chat,2026-03-30 10:08:20+00:00
Khoi Nguyen,rchowdhury,group_chat,2026-03-30 10:08:20+00:00
Khoi Nguyen,knguyen,group_chat,2026-03-30 10:08:20+00:00
Khoi Nguyen,carlosgarcia,group_chat,2026-03-30 10:08:20+00:00
Carlos Garcia,msharif,group_chat,2026-03-30 10:09:00+00:00
Carlos Garcia,rchowdhury,group_chat,2026-03-30 10:09:00+00:00
Carlos Garcia,knguyen,group_chat,2026-03-30 10:09:00+00:00
Carlos Garcia,carlosgarcia,group_chat,2026-03-30 10:09:00+00:00
Ritika Chowdhury,msharif,group_chat,2026-03-30 10:09:40+00:00
Ritika Chowdhury,rchowdhury,group_chat,2026-03-30 10:09:40+00:00
Ritika Chowdhury,knguyen,group_chat,2026-03-30 10:09:40+00:00
Ritika Chowdhury,carlosgarcia,group_chat,2026-03-30 10:09:40+00:00
Mona Sharif,msharif,group_chat,2026-03-30 10:10:10+00:00
Mona Sharif,rchowdhury,group_chat,2026-03-30 10:10:10+00:00
Mona Sharif,knguyen,group_chat,2026-03-30 10:10:10+00:00
Mona Sharif,carlosgarcia,group_chat,2026-03-30 10:10:10+00:00
Khoi Nguyen,msharif,group_chat,2026-03-30 10:10:50+00:00
Khoi Nguyen,rchowdhury,group_chat,2026-03-30 10:10:50+00:00
Khoi Nguyen,knguyen,group_chat,2026-03-30 10:10:50+00:00
Khoi Nguyen,carlosgarcia,group_chat,2026-03-30 10:10:50+00:00
Carlos Garcia,msharif,group_chat,2026-03-30 10:11:25+00:00
Carlos Garcia,rchowdhury,group_chat,2026-03-30 10:11:25+00:00
Carlos Garcia,knguyen,group_chat,2026-03-30 10:11:25+00:00
Carlos Garcia,carlosgarcia,group_chat,2026-03-30 10:11:25+00:00
Mona Sharif,msharif,group_chat,2026-03-30 10:12:00+00:00
Mona Sharif,rchowdhury,group_chat,2026-03-30 10:12:00+00:00
Mona Sharif,knguyen,group_chat,2026-03-30 10:12:00+00:00
Mona Sharif,carlosgarcia,group_chat,2026-03-30 10:12:00+00:00
Ritika Chowdhury,msharif,group_chat,2026-03-30 10:12:35+00:00
Ritika Chowdhury,rchowdhury,group_chat,2026-03-30 10:12:35+00:00
Ritika Chowdhury,knguyen,group_chat,2026-03-30 10:12:35+00:00
Ritika Chowdhury,carlosgarcia,group_chat,2026-03-30 10:12:35+00:00
Khoi Nguyen,msharif,group_chat,2026-03-30 10:13:05+00:00
Khoi Nguyen,rchowdhury,group_chat,2026-03-30 10:13:05+00:00
Khoi Nguyen,knguyen,group_chat,2026-03-30 10:13:05+00:00
Khoi Nguyen,carlosgarcia,group_chat,2026-03-30 10:13:05+00:00
Carlos Garcia,msharif,group_chat,2026-03-30 10:13:30+00:00
Carlos Garcia,rchowdhury,group_chat,2026-03-30 10:13:30+00:00
Carlos Garcia,knguyen,group_chat,2026-03-30 10:13:30+00:00
Carlos Garcia,carlosgarcia,group_chat,2026-03-30 10:13:30+00:00
Mona Sharif,msharif,group_chat,2026-03-30 10:14:00+00:00
Mona Sharif,rchowdhury,group_chat,2026-03-30 10:14:00+00:00
Mona Sharif,knguyen,group_chat,2026-03-30 10:14:00+00:00
Mona Sharif,carlosgarcia,group_chat,2026-03-30 10:14:00+00:00
Khoi Nguyen,msharif,group_chat,2026-03-30 10:14:25+00:00
Khoi Nguyen,rchowdhury,group_chat,2026-03-30 10:14:25+00:00
Khoi Nguyen,knguyen,group_chat,2026-03-30 10:14:25+00:00
Khoi Nguyen,carlosgarcia,group_chat,2026-03-30 10:14:25+00:00
Taro Kobayashi,tsato,group_chat,2026-03-30 10:02:15+00:00
Taro Kobayashi,jhassan,group_chat,2026-03-30 10:02:15+00:00
Taro Kobayashi,ljohansson,group_chat,2026-03-30 10:02:15+00:00
Taro Kobayashi,tkobayashi,group_chat,2026-03-30 10:02:15+00:00
Taro Kobayashi,rprasad,group_chat,2026-03-30 10:02:15+00:00
Lina Johansson,tsato,group_chat,2026-03-30 10:02:45+00:00
Lina Johansson,jhassan,group_chat,2026-03-30 10:02:45+00:00
Lina Johansson,ljohansson,group_chat,2026-03-30 10:02:45+00:00
Lina Johansson,tkobayashi,group_chat,2026-03-30 10:02:45+00:00
Lina Johansson,rprasad,group_chat,2026-03-30 10:02:45+00:00
Jamal Hassan,tsato,group_chat,2026-03-30 10:03:10+00:00
Jamal Hassan,jhassan,group_chat,2026-03-30 10:03:10+00:00
Jamal Hassan,ljohansson,group_chat,2026-03-30 10:03:10+00:00
Jamal Hassan,tkobayashi,group_chat,2026-03-30 10:03:10+00:00
Jamal Hassan,rprasad,group_chat,2026-03-30 10:03:10+00:00
Takeshi Sato,tsato,group_chat,2026-03-30 10:03:35+00:00
Takeshi Sato,jhassan,group_chat,2026-03-30 10:03:35+00:00
Takeshi Sato,ljohansson,group_chat,2026-03-30 10:03:35+00:00
Takeshi Sato,tkobayashi,group_chat,2026-03-30 10:03:35+00:00
Takeshi Sato,rprasad,group_chat,2026-03-30 10:03:35+00:00
Rohit Prasad,tsato,group_chat,2026-03-30 10:04:05+00:00
Rohit Prasad,jhassan,group_chat,2026-03-30 10:04:05+00:00
Rohit Prasad,ljohansson,group_chat,2026-03-30 10:04:05+00:00
Rohit Prasad,tkobayashi,group_chat,2026-03-30 10:04:05+00:00
Rohit Prasad,rprasad,group_chat,2026-03-30 10:04:05+00:00
Lina Johansson,tsato,group_chat,2026-03-30 10:04:30+00:00
Lina Johansson,jhassan,group_chat,2026-03-30 10:04:30+00:00
Lina Johansson,ljohansson,group_chat,2026-03-30 10:04:30+00:00
Lina Johansson,tkobayashi,group_chat,2026-03-30 10:04:30+00:00
Lina Johansson,rprasad,group_chat,2026-03-30 10:04:30+00:00
Rohit Prasad,tsato,group_chat,2026-03-30 10:04:50+00:00
Rohit Prasad,jhassan,group_chat,2026-03-30 10:04:50+00:00
Rohit Prasad,ljohansson,group_chat,2026-03-30 10:04:50+00:00
Rohit Prasad,tkobayashi,group_chat,2026-03-30 10:04:50+00:00
Rohit Prasad,rprasad,group_chat,2026-03-30 10:04:50+00:00
Takeshi Sato,tsato,group_chat,2026-03-30 10:05:25+00:00
Takeshi Sato,jhassan,group_chat,2026-03-30 10:05:25+00:00
Takeshi Sato,ljohansson,group_chat,2026-03-30 10:05:25+00:00
Takeshi Sato,tkobayashi,group_chat,2026-03-30 10:05:25+00:00
Takeshi Sato,rprasad,group_chat,2026-03-30 10:05:25+00:00
Jamal Hassan,tsato,group_chat,2026-03-30 10:05:40+00:00
Jamal Hassan,jhassan,group_chat,2026-03-30 10:05:40+00:00
Jamal Hassan,ljohansson,group_chat,2026-03-30 10:05:40+00:00
Jamal Hassan,tkobayashi,group_chat,2026-03-30 10:05:40+00:00
Jamal Hassan,rprasad,group_chat,2026-03-30 10:05:40+00:00
Lina Johansson,tsato,group_chat,2026-03-30 10:06:05+00:00
Lina Johansson,jhassan,group_chat,2026-03-30 10:06:05+00:00
Lina Johansson,ljohansson,group_chat,2026-03-30 10:06:05+00:00
Lina Johansson,tkobayashi,group_chat,2026-03-30 10:06:05+00:00
Lina Johansson,rprasad,group_chat,2026-03-30 10:06:05+00:00
Taro Kobayashi,tsato,group_chat,2026-03-30 10:06:30+00:00
Taro Kobayashi,jhassan,group_chat,2026-03-30 10:06:30+00:00
Taro Kobayashi,ljohansson,group_chat,2026-03-30 10:06:30+00:00
Taro Kobayashi,tkobayashi,group_chat,2026-03-30 10:06:30+00:00
Taro Kobayashi,rprasad,group_chat,2026-03-30 10:06:30+00:00
Jamal Hassan,tsato,group_chat,2026-03-30 10:06:50+00:00
Jamal Hassan,jhassan,group_chat,2026-03-30 10:06:50+00:00
Jamal Hassan,ljohansson,group_chat,2026-03-30 10:06:50+00:00
Jamal Hassan,tkobayashi,group_chat,2026-03-30 10:06:50+00:00
Jamal Hassan,rprasad,group_chat,2026-03-30 10:06:50+00:00
Rohit Prasad,tsato,group_chat,2026-03-30 10:07:15+00:00
Rohit Prasad,jhassan,group_chat,2026-03-30 10:07:15+00:00
Rohit Prasad,ljohansson,group_chat,2026-03-30 10:07:15+00:00
Rohit Prasad,tkobayashi,group_chat,2026-03-30 10:07:15+00:00
Rohit Prasad,rprasad,group_chat,2026-03-30 10:07:15+00:00
Lina Johansson,tsato,group_chat,2026-03-30 10:07:40+00:00
Lina Johansson,jhassan,group_chat,2026-03-30 10:07:40+00:00
Lina Johansson,ljohansson,group_chat,2026-03-30 10:07:40+00:00
Lina Johansson,tkobayashi,group_chat,2026-03-30 10:07:40+00:00
Lina Johansson,rprasad,group_chat,2026-03-30 10:07:40+00:00
Takeshi Sato,tsato,group_chat,2026-03-30 10:08:00+00:00
Takeshi Sato,jhassan,group_chat,2026-03-30 10:08:00+00:00
Takeshi Sato,ljohansson,group_chat,2026-03-30 10:08:00+00:00
Takeshi Sato,tkobayashi,group_chat,2026-03-30 10:08:00+00:00
Takeshi Sato,rprasad,group_chat,2026-03-30 10:08:00+00:00
Lina Johansson,tsato,group_chat,2026-03-30 10:08:15+00:00
Lina Johansson,jhassan,group_chat,2026-03-30 10:08:15+00:00
Lina Johansson,ljohansson,group_chat,2026-03-30 10:08:15+00:00
Lina Johansson,tkobayashi,group_chat,2026-03-30 10:08:15+00:00
Lina Johansson,rprasad,group_chat,2026-03-30 10:08:15+00:00
Taro Kobayashi,tsato,group_chat,2026-03-30 10:08:45+00:00
Taro Kobayashi,jhassan,group_chat,2026-03-30 10:08:45+00:00
Taro Kobayashi,ljohansson,group_chat,2026-03-30 10:08:45+00:00
Taro Kobayashi,tkobayashi,group_chat,2026-03-30 10:08:45+00:00
Taro Kobayashi,rprasad,group_chat,2026-03-30 10:08:45+00:00
Jamal Hassan,tsato,group_chat,2026-03-30 10:09:05+00:00
Jamal Hassan,jhassan,group_chat,2026-03-30 10:09:05+00:00
Jamal Hassan,ljohansson,group_chat,2026-03-30 10:09:05+00:00
Jamal Hassan,tkobayashi,group_chat,2026-03-30 10:09:05+00:00
Jamal Hassan,rprasad,group_chat,2026-03-30 10:09:05+00:00
Takeshi Sato,tsato,group_chat,2026-03-30 10:09:20+00:00
Takeshi Sato,jhassan,group_chat,2026-03-30 10:09:20+00:00
Takeshi Sato,ljohansson,group_chat,2026-03-30 10:09:20+00:00
Takeshi Sato,tkobayashi,group_chat,2026-03-30 10:09:20+00:00
Takeshi Sato,rprasad,group_chat,2026-03-30 10:09:20+00:00
Jamal Okonkwo,jokonkwo,group_chat,2026-03-30 14:01:12+00:00
Jamal Okonkwo,mgarcia,group_chat,2026-03-30 14:01:12+00:00
Jamal Okonkwo,mabebe,group_chat,2026-03-30 14:01:12+00:00
Jamal Okonkwo,rmensah,group_chat,2026-03-30 14:01:12+00:00
Jamal Okonkwo,fpereira,group_chat,2026-03-30 14:01:12+00:00
Jamal Okonkwo,rchowdhury,group_chat,2026-03-30 14:01:12+00:00
Mariana Garcia,jokonkwo,group_chat,2026-03-30 14:01:25+00:00
Mariana Garcia,mgarcia,group_chat,2026-03-30 14:01:25+00:00
Mariana Garcia,mabebe,group_chat,2026-03-30 14:01:25+00:00
Mariana Garcia,rmensah,group_chat,2026-03-30 14:01:25+00:00
Mariana Garcia,fpereira,group_chat,2026-03-30 14:01:25+00:00
Mariana Garcia,rchowdhury,group_chat,2026-03-30 14:01:25+00:00
Rose Mensah,jokonkwo,group_chat,2026-03-30 14:02:03+00:00
Rose Mensah,mgarcia,group_chat,2026-03-30 14:02:03+00:00
Rose Mensah,mabebe,group_chat,2026-03-30 14:02:03+00:00
Rose Mensah,rmensah,group_chat,2026-03-30 14:02:03+00:00
Rose Mensah,fpereira,group_chat,2026-03-30 14:02:03+00:00
Rose Mensah,rchowdhury,group_chat,2026-03-30 14:02:03+00:00
Fabiana Pereira,jokonkwo,group_chat,2026-03-30 14:02:47+00:00
Fabiana Pereira,mgarcia,group_chat,2026-03-30 14:02:47+00:00
Fabiana Pereira,mabebe,group_chat,2026-03-30 14:02:47+00:00
Fabiana Pereira,rmensah,group_chat,2026-03-30 14:02:47+00:00
Fabiana Pereira,fpereira,group_chat,2026-03-30 14:02:47+00:00
Fabiana Pereira,rchowdhury,group_chat,2026-03-30 14:02:47+00:00
Mandla Abebe,jokonkwo,group_chat,2026-03-30 14:03:10+00:00
Mandla Abebe,mgarcia,group_chat,2026-03-30 14:03:10+00:00
Mandla Abebe,mabebe,group_chat,2026-03-30 14:03:10+00:00
Mandla Abebe,rmensah,group_chat,2026-03-30 14:03:10+00:00
Mandla Abebe,fpereira,group_chat,2026-03-30 14:03:10+00:00
Mandla Abebe,rchowdhury,group_chat,2026-03-30 14:03:10+00:00
Ritika Chowdhury,jokonkwo,group_chat,2026-03-30 14:03:35+00:00
Ritika Chowdhury,mgarcia,group_chat,2026-03-30 14:03:35+00:00
Ritika Chowdhury,mabebe,group_chat,2026-03-30 14:03:35+00:00
Ritika Chowdhury,rmensah,group_chat,2026-03-30 14:03:35+00:00
Ritika Chowdhury,fpereira,group_chat,2026-03-30 14:03:35+00:00
Ritika Chowdhury,rchowdhury,group_chat,2026-03-30 14:03:35+00:00
Jamal Okonkwo,jokonkwo,group_chat,2026-03-30 14:03:50+00:00
Jamal Okonkwo,mgarcia,group_chat,2026-03-30 14:03:50+00:00
Jamal Okonkwo,mabebe,group_chat,2026-03-30 14:03:50+00:00
Jamal Okonkwo,rmensah,group_chat,2026-03-30 14:03:50+00:00
Jamal Okonkwo,fpereira,group_chat,2026-03-30 14:03:50+00:00
Jamal Okonkwo,rchowdhury,group_chat,2026-03-30 14:03:50+00:00
Rose Mensah,jokonkwo,group_chat,2026-03-30 14:04:12+00:00
Rose Mensah,mgarcia,group_chat,2026-03-30 14:04:12+00:00
Rose Mensah,mabebe,group_chat,2026-03-30 14:04:12+00:00
Rose Mensah,rmensah,group_chat,2026-03-30 14:04:12+00:00
Rose Mensah,fpereira,group_chat,2026-03-30 14:04:12+00:00
Rose Mensah,rchowdhury,group_chat,2026-03-30 14:04:12+00:00
Mariana Garcia,jokonkwo,group_chat,2026-03-30 14:04:24+00:00
Mariana Garcia,mgarcia,group_chat,2026-03-30 14:04:24+00:00
Mariana Garcia,mabebe,group_chat,2026-03-30 14:04:24+00:00
Mariana Garcia,rmensah,group_chat,2026-03-30 14:04:24+00:00
Mariana Garcia,fpereira,group_chat,2026-03-30 14:04:24+00:00
Mariana Garcia,rchowdhury,group_chat,2026-03-30 14:04:24+00:00
Fabiana Pereira,jokonkwo,group_chat,2026-03-30 14:04:45+00:00
Fabiana Pereira,mgarcia,group_chat,2026-03-30 14:04:45+00:00
Fabiana Pereira,mabebe,group_chat,2026-03-30 14:04:45+00:00
Fabiana Pereira,rmensah,group_chat,2026-03-30 14:04:45+00:00
Fabiana Pereira,fpereira,group_chat,2026-03-30 14:04:45+00:00
Fabiana Pereira,rchowdhury,group_chat,2026-03-30 14:04:45+00:00
Mandla Abebe,jokonkwo,group_chat,2026-03-30 14:05:10+00:00
Mandla Abebe,mgarcia,group_chat,2026-03-30 14:05:10+00:00
Mandla Abebe,mabebe,group_chat,2026-03-30 14:05:10+00:00
Mandla Abebe,rmensah,group_chat,2026-03-30 14:05:10+00:00
Mandla Abebe,fpereira,group_chat,2026-03-30 14:05:10+00:00
Mandla Abebe,rchowdhury,group_chat,2026-03-30 14:05:10+00:00
Ritika Chowdhury,jokonkwo,group_chat,2026-03-30 14:05:25+00:00
Ritika Chowdhury,mgarcia,group_chat,2026-03-30 14:05:25+00:00
Ritika Chowdhury,mabebe,group_chat,2026-03-30 14:05:25+00:00
Ritika Chowdhury,rmensah,group_chat,2026-03-30 14:05:25+00:00
Ritika Chowdhury,fpereira,group_chat,2026-03-30 14:05:25+00:00
Ritika Chowdhury,rchowdhury,group_chat,2026-03-30 14:05:25+00:00
Rose Mensah,jokonkwo,group_chat,2026-03-30 14:05:48+00:00
Rose Mensah,mgarcia,group_chat,2026-03-30 14:05:48+00:00
Rose Mensah,mabebe,group_chat,2026-03-30 14:05:48+00:00
Rose Mensah,rmensah,group_chat,2026-03-30 14:05:48+00:00
Rose Mensah,fpereira,group_chat,2026-03-30 14:05:48+00:00
Rose Mensah,rchowdhury,group_chat,2026-03-30 14:05:48+00:00
Mariana Garcia,jokonkwo,group_chat,2026-03-30 14:06:03+00:00
Mariana Garcia,mgarcia,group_chat,2026-03-30 14:06:03+00:00
Mariana Garcia,mabebe,group_chat,2026-03-30 14:06:03+00:00
Mariana Garcia,rmensah,group_chat,2026-03-30 14:06:03+00:00
Mariana Garcia,fpereira,group_chat,2026-03-30 14:06:03+00:00
Mariana Garcia,rchowdhury,group_chat,2026-03-30 14:06:03+00:00
Fabiana Pereira,jokonkwo,group_chat,2026-03-30 14:06:15+00:00
Fabiana Pereira,mgarcia,group_chat,2026-03-30 14:06:15+00:00
Fabiana Pereira,mabebe,group_chat,2026-03-30 14:06:15+00:00
Fabiana Pereira,rmensah,group_chat,2026-03-30 14:06:15+00:00
Fabiana Pereira,fpereira,group_chat,2026-03-30 14:06:15+00:00
Fabiana Pereira,rchowdhury,group_chat,2026-03-30 14:06:15+00:00
Jamal Okonkwo,jokonkwo,group_chat,2026-03-30 14:06:30+00:00
Jamal Okonkwo,mgarcia,group_chat,2026-03-30 14:06:30+00:00
Jamal Okonkwo,mabebe,group_chat,2026-03-30 14:06:30+00:00
Jamal Okonkwo,rmensah,group_chat,2026-03-30 14:06:30+00:00
Jamal Okonkwo,fpereira,group_chat,2026-03-30 14:06:30+00:00
Jamal Okonkwo,rchowdhury,group_chat,2026-03-30 14:06:30+00:00
Ritika Chowdhury,jokonkwo,group_chat,2026-03-30 14:06:47+00:00
Ritika Chowdhury,mgarcia,group_chat,2026-03-30 14:06:47+00:00
Ritika Chowdhury,mabebe,group_chat,2026-03-30 14:06:47+00:00
Ritika Chowdhury,rmensah,group_chat,2026-03-30 14:06:47+00:00
Ritika Chowdhury,fpereira,group_chat,2026-03-30 14:06:47+00:00
Ritika Chowdhury,rchowdhury,group_chat,2026-03-30 14:06:47+00:00
Amélie Dubois,adubois,group_chat,2026-03-30 09:02:45+00:00
Amélie Dubois,rpatel,group_chat,2026-03-30 09:02:45+00:00
Amélie Dubois,mgarcia,group_chat,2026-03-30 09:02:45+00:00
Amélie Dubois,lzhang,group_chat,2026-03-30 09:02:45+00:00
Amélie Dubois,ymorales,group_chat,2026-03-30 09:02:45+00:00
Ravi Patel,adubois,group_chat,2026-03-30 09:03:12+00:00
Ravi Patel,rpatel,group_chat,2026-03-30 09:03:12+00:00
Ravi Patel,mgarcia,group_chat,2026-03-30 09:03:12+00:00
Ravi Patel,lzhang,group_chat,2026-03-30 09:03:12+00:00
Ravi Patel,ymorales,group_chat,2026-03-30 09:03:12+00:00
Mariana Garcia,adubois,group_chat,2026-03-30 09:03:25+00:00
Mariana Garcia,rpatel,group_chat,2026-03-30 09:03:25+00:00
Mariana Garcia,mgarcia,group_chat,2026-03-30 09:03:25+00:00
Mariana Garcia,lzhang,group_chat,2026-03-30 09:03:25+00:00
Mariana Garcia,ymorales,group_chat,2026-03-30 09:03:25+00:00
Liang Zhang,adubois,group_chat,2026-03-30 09:04:10+00:00
Liang Zhang,rpatel,group_chat,2026-03-30 09:04:10+00:00
Liang Zhang,mgarcia,group_chat,2026-03-30 09:04:10+00:00
Liang Zhang,lzhang,group_chat,2026-03-30 09:04:10+00:00
Liang Zhang,ymorales,group_chat,2026-03-30 09:04:10+00:00
Yara Morales,adubois,group_chat,2026-03-30 09:04:28+00:00
Yara Morales,rpatel,group_chat,2026-03-30 09:04:28+00:00
Yara Morales,mgarcia,group_chat,2026-03-30 09:04:28+00:00
Yara Morales,lzhang,group_chat,2026-03-30 09:04:28+00:00
Yara Morales,ymorales,group_chat,2026-03-30 09:04:28+00:00
Mariana Garcia,adubois,group_chat,2026-03-30 09:05:03+00:00
Mariana Garcia,rpatel,group_chat,2026-03-30 09:05:03+00:00
Mariana Garcia,mgarcia,group_chat,2026-03-30 09:05:03+00:00
Mariana Garcia,lzhang,group_chat,2026-03-30 09:05:03+00:00
Mariana Garcia,ymorales,group_chat,2026-03-30 09:05:03+00:00
Amélie Dubois,adubois,group_chat,2026-03-30 09:05:37+00:00
Amélie Dubois,rpatel,group_chat,2026-03-30 09:05:37+00:00
Amélie Dubois,mgarcia,group_chat,2026-03-30 09:05:37+00:00
Amélie Dubois,lzhang,group_chat,2026-03-30 09:05:37+00:00
Amélie Dubois,ymorales,group_chat,2026-03-30 09:05:37+00:00
Ravi Patel,adubois,group_chat,2026-03-30 09:06:12+00:00
Ravi Patel,rpatel,group_chat,2026-03-30 09:06:12+00:00
Ravi Patel,mgarcia,group_chat,2026-03-30 09:06:12+00:00
Ravi Patel,lzhang,group_chat,2026-03-30 09:06:12+00:00
Ravi Patel,ymorales,group_chat,2026-03-30 09:06:12+00:00
Yara Morales,adubois,group_chat,2026-03-30 09:06:45+00:00
Yara Morales,rpatel,group_chat,2026-03-30 09:06:45+00:00
Yara Morales,mgarcia,group_chat,2026-03-30 09:06:45+00:00
Yara Morales,lzhang,group_chat,2026-03-30 09:06:45+00:00
Yara Morales,ymorales,group_chat,2026-03-30 09:06:45+00:00
Amélie Dubois,adubois,group_chat,2026-03-30 09:07:03+00:00
Amélie Dubois,rpatel,group_chat,2026-03-30 09:07:03+00:00
Amélie Dubois,mgarcia,group_chat,2026-03-30 09:07:03+00:00
Amélie Dubois,lzhang,group_chat,2026-03-30 09:07:03+00:00
Amélie Dubois,ymorales,group_chat,2026-03-30 09:07:03+00:00
Liang Zhang,adubois,group_chat,2026-03-30 09:07:22+00:00
Liang Zhang,rpatel,group_chat,2026-03-30 09:07:22+00:00
Liang Zhang,mgarcia,group_chat,2026-03-30 09:07:22+00:00
Liang Zhang,lzhang,group_chat,2026-03-30 09:07:22+00:00
Liang Zhang,ymorales,group_chat,2026-03-30 09:07:22+00:00
Yara Morales,adubois,group_chat,2026-03-30 09:08:01+00:00
Yara Morales,rpatel,group_chat,2026-03-30 09:08:01+00:00
Yara Morales,mgarcia,group_chat,2026-03-30 09:08:01+00:00
Yara Morales,lzhang,group_chat,2026-03-30 09:08:01+00:00
Yara Morales,ymorales,group_chat,2026-03-30 09:08:01+00:00
Mariana Garcia,adubois,group_chat,2026-03-30 09:08:19+00:00
Mariana Garcia,rpatel,group_chat,2026-03-30 09:08:19+00:00
Mariana Garcia,mgarcia,group_chat,2026-03-30 09:08:19+00:00
Mariana Garcia,lzhang,group_chat,2026-03-30 09:08:19+00:00
Mariana Garcia,ymorales,group_chat,2026-03-30 09:08:19+00:00
Ravi Patel,adubois,group_chat,2026-03-30 09:08:40+00:00
Ravi Patel,rpatel,group_chat,2026-03-30 09:08:40+00:00
Ravi Patel,mgarcia,group_chat,2026-03-30 09:08:40+00:00
Ravi Patel,lzhang,group_chat,2026-03-30 09:08:40+00:00
Ravi Patel,ymorales,group_chat,2026-03-30 09:08:40+00:00
Mariana Garcia,adubois,group_chat,2026-03-30 09:08:50+00:00
Mariana Garcia,rpatel,group_chat,2026-03-30 09:08:50+00:00
Mariana Garcia,mgarcia,group_chat,2026-03-30 09:08:50+00:00
Mariana Garcia,lzhang,group_chat,2026-03-30 09:08:50+00:00
Mariana Garcia,ymorales,group_chat,2026-03-30 09:08:50+00:00
Ravi Patel,rpatel,group_chat,2026-03-30 09:02:15+00:00
Ravi Patel,msharif,group_chat,2026-03-30 09:02:15+00:00
Ravi Patel,amustafa,group_chat,2026-03-30 09:02:15+00:00
Ravi Patel,nkhatri,group_chat,2026-03-30 09:02:15+00:00
Ravi Patel,klundqvist,group_chat,2026-03-30 09:02:15+00:00
Ravi Patel,mohammedhaddad,group_chat,2026-03-30 09:02:15+00:00
Mona Sharif,rpatel,group_chat,2026-03-30 09:03:10+00:00
Mona Sharif,msharif,group_chat,2026-03-30 09:03:10+00:00
Mona Sharif,amustafa,group_chat,2026-03-30 09:03:10+00:00
Mona Sharif,nkhatri,group_chat,2026-03-30 09:03:10+00:00
Mona Sharif,klundqvist,group_chat,2026-03-30 09:03:10+00:00
Mona Sharif,mohammedhaddad,group_chat,2026-03-30 09:03:10+00:00
Amina Mustafa,rpatel,group_chat,2026-03-30 09:04:22+00:00
Amina Mustafa,msharif,group_chat,2026-03-30 09:04:22+00:00
Amina Mustafa,amustafa,group_chat,2026-03-30 09:04:22+00:00
Amina Mustafa,nkhatri,group_chat,2026-03-30 09:04:22+00:00
Amina Mustafa,klundqvist,group_chat,2026-03-30 09:04:22+00:00
Amina Mustafa,mohammedhaddad,group_chat,2026-03-30 09:04:22+00:00
Neha Khatri,rpatel,group_chat,2026-03-30 09:05:40+00:00
Neha Khatri,msharif,group_chat,2026-03-30 09:05:40+00:00
Neha Khatri,amustafa,group_chat,2026-03-30 09:05:40+00:00
Neha Khatri,nkhatri,group_chat,2026-03-30 09:05:40+00:00
Neha Khatri,klundqvist,group_chat,2026-03-30 09:05:40+00:00
Neha Khatri,mohammedhaddad,group_chat,2026-03-30 09:05:40+00:00
Mohammed Haddad,rpatel,group_chat,2026-03-30 09:06:10+00:00
Mohammed Haddad,msharif,group_chat,2026-03-30 09:06:10+00:00
Mohammed Haddad,amustafa,group_chat,2026-03-30 09:06:10+00:00
Mohammed Haddad,nkhatri,group_chat,2026-03-30 09:06:10+00:00
Mohammed Haddad,klundqvist,group_chat,2026-03-30 09:06:10+00:00
Mohammed Haddad,mohammedhaddad,group_chat,2026-03-30 09:06:10+00:00
Neha Khatri,rpatel,group_chat,2026-03-30 09:06:45+00:00
Neha Khatri,msharif,group_chat,2026-03-30 09:06:45+00:00
Neha Khatri,amustafa,group_chat,2026-03-30 09:06:45+00:00
Neha Khatri,nkhatri,group_chat,2026-03-30 09:06:45+00:00
Neha Khatri,klundqvist,group_chat,2026-03-30 09:06:45+00:00
Neha Khatri,mohammedhaddad,group_chat,2026-03-30 09:06:45+00:00
Klara Lundqvist,rpatel,group_chat,2026-03-30 09:07:15+00:00
Klara Lundqvist,msharif,group_chat,2026-03-30 09:07:15+00:00
Klara Lundqvist,amustafa,group_chat,2026-03-30 09:07:15+00:00
Klara Lundqvist,nkhatri,group_chat,2026-03-30 09:07:15+00:00
Klara Lundqvist,klundqvist,group_chat,2026-03-30 09:07:15+00:00
Klara Lundqvist,mohammedhaddad,group_chat,2026-03-30 09:07:15+00:00
Ravi Patel,rpatel,group_chat,2026-03-30 09:08:30+00:00
Ravi Patel,msharif,group_chat,2026-03-30 09:08:30+00:00
Ravi Patel,amustafa,group_chat,2026-03-30 09:08:30+00:00
Ravi Patel,nkhatri,group_chat,2026-03-30 09:08:30+00:00
Ravi Patel,klundqvist,group_chat,2026-03-30 09:08:30+00:00
Ravi Patel,mohammedhaddad,group_chat,2026-03-30 09:08:30+00:00
Mona Sharif,rpatel,group_chat,2026-03-30 09:09:00+00:00
Mona Sharif,msharif,group_chat,2026-03-30 09:09:00+00:00
Mona Sharif,amustafa,group_chat,2026-03-30 09:09:00+00:00
Mona Sharif,nkhatri,group_chat,2026-03-30 09:09:00+00:00
Mona Sharif,klundqvist,group_chat,2026-03-30 09:09:00+00:00
Mona Sharif,mohammedhaddad,group_chat,2026-03-30 09:09:00+00:00
Amina Mustafa,rpatel,group_chat,2026-03-30 09:10:40+00:00
Amina Mustafa,msharif,group_chat,2026-03-30 09:10:40+00:00
Amina Mustafa,amustafa,group_chat,2026-03-30 09:10:40+00:00
Amina Mustafa,nkhatri,group_chat,2026-03-30 09:10:40+00:00
Amina Mustafa,klundqvist,group_chat,2026-03-30 09:10:40+00:00
Amina Mustafa,mohammedhaddad,group_chat,2026-03-30 09:10:40+00:00
Mohammed Haddad,rpatel,group_chat,2026-03-30 09:11:05+00:00
Mohammed Haddad,msharif,group_chat,2026-03-30 09:11:05+00:00
Mohammed Haddad,amustafa,group_chat,2026-03-30 09:11:05+00:00
Mohammed Haddad,nkhatri,group_chat,2026-03-30 09:11:05+00:00
Mohammed Haddad,klundqvist,group_chat,2026-03-30 09:11:05+00:00
Mohammed Haddad,mohammedhaddad,group_chat,2026-03-30 09:11:05+00:00
Klara Lundqvist,rpatel,group_chat,2026-03-30 09:12:30+00:00
Klara Lundqvist,msharif,group_chat,2026-03-30 09:12:30+00:00
Klara Lundqvist,amustafa,group_chat,2026-03-30 09:12:30+00:00
Klara Lundqvist,nkhatri,group_chat,2026-03-30 09:12:30+00:00
Klara Lundqvist,klundqvist,group_chat,2026-03-30 09:12:30+00:00
Klara Lundqvist,mohammedhaddad,group_chat,2026-03-30 09:12:30+00:00
Neha Khatri,rpatel,group_chat,2026-03-30 09:13:10+00:00
Neha Khatri,msharif,group_chat,2026-03-30 09:13:10+00:00
Neha Khatri,amustafa,group_chat,2026-03-30 09:13:10+00:00
Neha Khatri,nkhatri,group_chat,2026-03-30 09:13:10+00:00
Neha Khatri,klundqvist,group_chat,2026-03-30 09:13:10+00:00
Neha Khatri,mohammedhaddad,group_chat,2026-03-30 09:13:10+00:00
Ravi Patel,rpatel,group_chat,2026-03-30 09:14:45+00:00
Ravi Patel,msharif,group_chat,2026-03-30 09:14:45+00:00
Ravi Patel,amustafa,group_chat,2026-03-30 09:14:45+00:00
Ravi Patel,nkhatri,group_chat,2026-03-30 09:14:45+00:00
Ravi Patel,klundqvist,group_chat,2026-03-30 09:14:45+00:00
Ravi Patel,mohammedhaddad,group_chat,2026-03-30 09:14:45+00:00
Amina Mustafa,rpatel,group_chat,2026-03-30 09:15:30+00:00
Amina Mustafa,msharif,group_chat,2026-03-30 09:15:30+00:00
Amina Mustafa,amustafa,group_chat,2026-03-30 09:15:30+00:00
Amina Mustafa,nkhatri,group_chat,2026-03-30 09:15:30+00:00
Amina Mustafa,klundqvist,group_chat,2026-03-30 09:15:30+00:00
Amina Mustafa,mohammedhaddad,group_chat,2026-03-30 09:15:30+00:00
Amélie Dubois,adubois,group_chat,2026-03-30 10:03:15+00:00
Amélie Dubois,tsato,group_chat,2026-03-30 10:03:15+00:00
Amélie Dubois,mgarcia,group_chat,2026-03-30 10:03:15+00:00
Amélie Dubois,ymorales,group_chat,2026-03-30 10:03:15+00:00
Amélie Dubois,jokonkwo,group_chat,2026-03-30 10:03:15+00:00
Jamal Okonkwo,adubois,group_chat,2026-03-30 10:06:42+00:00
Jamal Okonkwo,tsato,group_chat,2026-03-30 10:06:42+00:00
Jamal Okonkwo,mgarcia,group_chat,2026-03-30 10:06:42+00:00
Jamal Okonkwo,ymorales,group_chat,2026-03-30 10:06:42+00:00
Jamal Okonkwo,jokonkwo,group_chat,2026-03-30 10:06:42+00:00
Yara Morales,adubois,group_chat,2026-03-30 10:07:10+00:00
Yara Morales,tsato,group_chat,2026-03-30 10:07:10+00:00
Yara Morales,mgarcia,group_chat,2026-03-30 10:07:10+00:00
Yara Morales,ymorales,group_chat,2026-03-30 10:07:10+00:00
Yara Morales,jokonkwo,group_chat,2026-03-30 10:07:10+00:00
Takeshi Sato,adubois,group_chat,2026-03-30 10:08:55+00:00
Takeshi Sato,tsato,group_chat,2026-03-30 10:08:55+00:00
Takeshi Sato,mgarcia,group_chat,2026-03-30 10:08:55+00:00
Takeshi Sato,ymorales,group_chat,2026-03-30 10:08:55+00:00
Takeshi Sato,jokonkwo,group_chat,2026-03-30 10:08:55+00:00
Mariana Garcia,adubois,group_chat,2026-03-30 10:09:20+00:00
Mariana Garcia,tsato,group_chat,2026-03-30 10:09:20+00:00
Mariana Garcia,mgarcia,group_chat,2026-03-30 10:09:20+00:00
Mariana Garcia,ymorales,group_chat,2026-03-30 10:09:20+00:00
Mariana Garcia,jokonkwo,group_chat,2026-03-30 10:09:20+00:00
Amélie Dubois,adubois,group_chat,2026-03-30 10:11:45+00:00
Amélie Dubois,tsato,group_chat,2026-03-30 10:11:45+00:00
Amélie Dubois,mgarcia,group_chat,2026-03-30 10:11:45+00:00
Amélie Dubois,ymorales,group_chat,2026-03-30 10:11:45+00:00
Amélie Dubois,jokonkwo,group_chat,2026-03-30 10:11:45+00:00
Jamal Okonkwo,adubois,group_chat,2026-03-30 10:12:30+00:00
Jamal Okonkwo,tsato,group_chat,2026-03-30 10:12:30+00:00
Jamal Okonkwo,mgarcia,group_chat,2026-03-30 10:12:30+00:00
Jamal Okonkwo,ymorales,group_chat,2026-03-30 10:12:30+00:00
Jamal Okonkwo,jokonkwo,group_chat,2026-03-30 10:12:30+00:00
Yara Morales,adubois,group_chat,2026-03-30 10:13:05+00:00
Yara Morales,tsato,group_chat,2026-03-30 10:13:05+00:00
Yara Morales,mgarcia,group_chat,2026-03-30 10:13:05+00:00
Yara Morales,ymorales,group_chat,2026-03-30 10:13:05+00:00
Yara Morales,jokonkwo,group_chat,2026-03-30 10:13:05+00:00
Mariana Garcia,adubois,group_chat,2026-03-30 10:13:30+00:00
Mariana Garcia,tsato,group_chat,2026-03-30 10:13:30+00:00
Mariana Garcia,mgarcia,group_chat,2026-03-30 10:13:30+00:00
Mariana Garcia,ymorales,group_chat,2026-03-30 10:13:30+00:00
Mariana Garcia,jokonkwo,group_chat,2026-03-30 10:13:30+00:00
Amélie Dubois,adubois,group_chat,2026-03-30 10:14:10+00:00
Amélie Dubois,tsato,group_chat,2026-03-30 10:14:10+00:00
Amélie Dubois,mgarcia,group_chat,2026-03-30 10:14:10+00:00
Amélie Dubois,ymorales,group_chat,2026-03-30 10:14:10+00:00
Amélie Dubois,jokonkwo,group_chat,2026-03-30 10:14:10+00:00
Takeshi Sato,adubois,group_chat,2026-03-30 10:14:40+00:00
Takeshi Sato,tsato,group_chat,2026-03-30 10:14:40+00:00
Takeshi Sato,mgarcia,group_chat,2026-03-30 10:14:40+00:00
Takeshi Sato,ymorales,group_chat,2026-03-30 10:14:40+00:00
Takeshi Sato,jokonkwo,group_chat,2026-03-30 10:14:40+00:00
Mariana Garcia,adubois,group_chat,2026-03-30 10:15:05+00:00
Mariana Garcia,tsato,group_chat,2026-03-30 10:15:05+00:00
Mariana Garcia,mgarcia,group_chat,2026-03-30 10:15:05+00:00
Mariana Garcia,ymorales,group_chat,2026-03-30 10:15:05+00:00
Mariana Garcia,jokonkwo,group_chat,2026-03-30 10:15:05+00:00
Jamal Okonkwo,adubois,group_chat,2026-03-30 10:15:30+00:00
Jamal Okonkwo,tsato,group_chat,2026-03-30 10:15:30+00:00
Jamal Okonkwo,mgarcia,group_chat,2026-03-30 10:15:30+00:00
Jamal Okonkwo,ymorales,group_chat,2026-03-30 10:15:30+00:00
Jamal Okonkwo,jokonkwo,group_chat,2026-03-30 10:15:30+00:00
Yara Morales,adubois,group_chat,2026-03-30 10:16:10+00:00
Yara Morales,tsato,group_chat,2026-03-30 10:16:10+00:00
Yara Morales,mgarcia,group_chat,2026-03-30 10:16:10+00:00
Yara Morales,ymorales,group_chat,2026-03-30 10:16:10+00:00
Yara Morales,jokonkwo,group_chat,2026-03-30 10:16:10+00:00
Amélie Dubois,adubois,group_chat,2026-03-30 10:16:30+00:00
Amélie Dubois,tsato,group_chat,2026-03-30 10:16:30+00:00
Amélie Dubois,mgarcia,group_chat,2026-03-30 10:16:30+00:00
Amélie Dubois,ymorales,group_chat,2026-03-30 10:16:30+00:00
Amélie Dubois,jokonkwo,group_chat,2026-03-30 10:16:30+00:00
Takeshi Sato,adubois,group_chat,2026-03-30 10:17:05+00:00
Takeshi Sato,tsato,group_chat,2026-03-30 10:17:05+00:00
Takeshi Sato,mgarcia,group_chat,2026-03-30 10:17:05+00:00
Takeshi Sato,ymorales,group_chat,2026-03-30 10:17:05+00:00
Takeshi Sato,jokonkwo,group_chat,2026-03-30 10:17:05+00:00
Mariana Garcia,adubois,group_chat,2026-03-30 10:17:30+00:00
Mariana Garcia,tsato,group_chat,2026-03-30 10:17:30+00:00
Mariana Garcia,mgarcia,group_chat,2026-03-30 10:17:30+00:00
Mariana Garcia,ymorales,group_chat,2026-03-30 10:17:30+00:00
Mariana Garcia,jokonkwo,group_chat,2026-03-30 10:17:30+00:00
Jamal Okonkwo,adubois,group_chat,2026-03-30 10:17:45+00:00
Jamal Okonkwo,tsato,group_chat,2026-03-30 10:17:45+00:00
Jamal Okonkwo,mgarcia,group_chat,2026-03-30 10:17:45+00:00
Jamal Okonkwo,ymorales,group_chat,2026-03-30 10:17:45+00:00
Jamal Okonkwo,jokonkwo,group_chat,2026-03-30 10:17:45+00:00
Amélie Dubois,adubois,group_chat,2026-03-30 10:18:10+00:00
Amélie Dubois,tsato,group_chat,2026-03-30 10:18:10+00:00
Amélie Dubois,mgarcia,group_chat,2026-03-30 10:18:10+00:00
Amélie Dubois,ymorales,group_chat,2026-03-30 10:18:10+00:00
Amélie Dubois,jokonkwo,group_chat,2026-03-30 10:18:10+00:00
Yara Morales,adubois,group_chat,2026-03-30 10:18:35+00:00
Yara Morales,tsato,group_chat,2026-03-30 10:18:35+00:00
Yara Morales,mgarcia,group_chat,2026-03-30 10:18:35+00:00
Yara Morales,ymorales,group_chat,2026-03-30 10:18:35+00:00
Yara Morales,jokonkwo,group_chat,2026-03-30 10:18:35+00:00
Amélie Dubois,adubois,group_chat,2026-03-30 10:19:00+00:00
Amélie Dubois,tsato,group_chat,2026-03-30 10:19:00+00:00
Amélie Dubois,mgarcia,group_chat,2026-03-30 10:19:00+00:00
Amélie Dubois,ymorales,group_chat,2026-03-30 10:19:00+00:00
Amélie Dubois,jokonkwo,group_chat,2026-03-30 10:19:00+00:00
mariana_garcia,mgarcia,group_chat,2026-03-31 08:02:00+00:00
mariana_garcia,tsilva,group_chat,2026-03-31 08:02:00+00:00
mariana_garcia,kpark,group_chat,2026-03-31 08:02:00+00:00
mariana_garcia,tkobayashi,group_chat,2026-03-31 08:02:00+00:00
mariana_garcia,rchowdhury,group_chat,2026-03-31 08:02:00+00:00
mariana_garcia,lrossi,group_chat,2026-03-31 08:02:00+00:00
thiago_silva,mgarcia,group_chat,2026-03-31 08:04:15+00:00
thiago_silva,tsilva,group_chat,2026-03-31 08:04:15+00:00
thiago_silva,kpark,group_chat,2026-03-31 08:04:15+00:00
thiago_silva,tkobayashi,group_chat,2026-03-31 08:04:15+00:00
thiago_silva,rchowdhury,group_chat,2026-03-31 08:04:15+00:00
thiago_silva,lrossi,group_chat,2026-03-31 08:04:15+00:00
kai_park,mgarcia,group_chat,2026-03-31 08:05:30+00:00
kai_park,tsilva,group_chat,2026-03-31 08:05:30+00:00
kai_park,kpark,group_chat,2026-03-31 08:05:30+00:00
kai_park,tkobayashi,group_chat,2026-03-31 08:05:30+00:00
kai_park,rchowdhury,group_chat,2026-03-31 08:05:30+00:00
kai_park,lrossi,group_chat,2026-03-31 08:05:30+00:00
taro_kobayashi,mgarcia,group_chat,2026-03-31 08:06:10+00:00
taro_kobayashi,tsilva,group_chat,2026-03-31 08:06:10+00:00
taro_kobayashi,kpark,group_chat,2026-03-31 08:06:10+00:00
taro_kobayashi,tkobayashi,group_chat,2026-03-31 08:06:10+00:00
taro_kobayashi,rchowdhury,group_chat,2026-03-31 08:06:10+00:00
taro_kobayashi,lrossi,group_chat,2026-03-31 08:06:10+00:00
ritika_chowdhury,mgarcia,group_chat,2026-03-31 08:06:50+00:00
ritika_chowdhury,tsilva,group_chat,2026-03-31 08:06:50+00:00
ritika_chowdhury,kpark,group_chat,2026-03-31 08:06:50+00:00
ritika_chowdhury,tkobayashi,group_chat,2026-03-31 08:06:50+00:00
ritika_chowdhury,rchowdhury,group_chat,2026-03-31 08:06:50+00:00
ritika_chowdhury,lrossi,group_chat,2026-03-31 08:06:50+00:00
luca_rossi,mgarcia,group_chat,2026-03-31 08:07:15+00:00
luca_rossi,tsilva,group_chat,2026-03-31 08:07:15+00:00
luca_rossi,kpark,group_chat,2026-03-31 08:07:15+00:00
luca_rossi,tkobayashi,group_chat,2026-03-31 08:07:15+00:00
luca_rossi,rchowdhury,group_chat,2026-03-31 08:07:15+00:00
luca_rossi,lrossi,group_chat,2026-03-31 08:07:15+00:00
kai_park,mgarcia,group_chat,2026-03-31 08:08:00+00:00
kai_park,tsilva,group_chat,2026-03-31 08:08:00+00:00
kai_park,kpark,group_chat,2026-03-31 08:08:00+00:00
kai_park,tkobayashi,group_chat,2026-03-31 08:08:00+00:00
kai_park,rchowdhury,group_chat,2026-03-31 08:08:00+00:00
kai_park,lrossi,group_chat,2026-03-31 08:08:00+00:00
mariana_garcia,mgarcia,group_chat,2026-03-31 08:08:40+00:00
mariana_garcia,tsilva,group_chat,2026-03-31 08:08:40+00:00
mariana_garcia,kpark,group_chat,2026-03-31 08:08:40+00:00
mariana_garcia,tkobayashi,group_chat,2026-03-31 08:08:40+00:00
mariana_garcia,rchowdhury,group_chat,2026-03-31 08:08:40+00:00
mariana_garcia,lrossi,group_chat,2026-03-31 08:08:40+00:00
thiago_silva,mgarcia,group_chat,2026-03-31 08:09:25+00:00
thiago_silva,tsilva,group_chat,2026-03-31 08:09:25+00:00
thiago_silva,kpark,group_chat,2026-03-31 08:09:25+00:00
thiago_silva,tkobayashi,group_chat,2026-03-31 08:09:25+00:00
thiago_silva,rchowdhury,group_chat,2026-03-31 08:09:25+00:00
thiago_silva,lrossi,group_chat,2026-03-31 08:09:25+00:00
mariana_garcia,mgarcia,group_chat,2026-03-31 08:09:40+00:00
mariana_garcia,tsilva,group_chat,2026-03-31 08:09:40+00:00
mariana_garcia,kpark,group_chat,2026-03-31 08:09:40+00:00
mariana_garcia,tkobayashi,group_chat,2026-03-31 08:09:40+00:00
mariana_garcia,rchowdhury,group_chat,2026-03-31 08:09:40+00:00
mariana_garcia,lrossi,group_chat,2026-03-31 08:09:40+00:00
ritika_chowdhury,mgarcia,group_chat,2026-03-31 08:10:15+00:00
ritika_chowdhury,tsilva,group_chat,2026-03-31 08:10:15+00:00
ritika_chowdhury,kpark,group_chat,2026-03-31 08:10:15+00:00
ritika_chowdhury,tkobayashi,group_chat,2026-03-31 08:10:15+00:00
ritika_chowdhury,rchowdhury,group_chat,2026-03-31 08:10:15+00:00
ritika_chowdhury,lrossi,group_chat,2026-03-31 08:10:15+00:00
thiago_silva,mgarcia,group_chat,2026-03-31 08:10:50+00:00
thiago_silva,tsilva,group_chat,2026-03-31 08:10:50+00:00
thiago_silva,kpark,group_chat,2026-03-31 08:10:50+00:00
thiago_silva,tkobayashi,group_chat,2026-03-31 08:10:50+00:00
thiago_silva,rchowdhury,group_chat,2026-03-31 08:10:50+00:00
thiago_silva,lrossi,group_chat,2026-03-31 08:10:50+00:00
luca_rossi,mgarcia,group_chat,2026-03-31 08:11:20+00:00
luca_rossi,tsilva,group_chat,2026-03-31 08:11:20+00:00
luca_rossi,kpark,group_chat,2026-03-31 08:11:20+00:00
luca_rossi,tkobayashi,group_chat,2026-03-31 08:11:20+00:00
luca_rossi,rchowdhury,group_chat,2026-03-31 08:11:20+00:00
luca_rossi,lrossi,group_chat,2026-03-31 08:11:20+00:00
kai_park,mgarcia,group_chat,2026-03-31 08:11:45+00:00
kai_park,tsilva,group_chat,2026-03-31 08:11:45+00:00
kai_park,kpark,group_chat,2026-03-31 08:11:45+00:00
kai_park,tkobayashi,group_chat,2026-03-31 08:11:45+00:00
kai_park,rchowdhury,group_chat,2026-03-31 08:11:45+00:00
kai_park,lrossi,group_chat,2026-03-31 08:11:45+00:00
mariana_garcia,mgarcia,group_chat,2026-03-31 08:12:10+00:00
mariana_garcia,tsilva,group_chat,2026-03-31 08:12:10+00:00
mariana_garcia,kpark,group_chat,2026-03-31 08:12:10+00:00
mariana_garcia,tkobayashi,group_chat,2026-03-31 08:12:10+00:00
mariana_garcia,rchowdhury,group_chat,2026-03-31 08:12:10+00:00
mariana_garcia,lrossi,group_chat,2026-03-31 08:12:10+00:00
thiago_silva,mgarcia,group_chat,2026-03-31 08:12:25+00:00
thiago_silva,tsilva,group_chat,2026-03-31 08:12:25+00:00
thiago_silva,kpark,group_chat,2026-03-31 08:12:25+00:00
thiago_silva,tkobayashi,group_chat,2026-03-31 08:12:25+00:00
thiago_silva,rchowdhury,group_chat,2026-03-31 08:12:25+00:00
thiago_silva,lrossi,group_chat,2026-03-31 08:12:25+00:00
taro_kobayashi,mgarcia,group_chat,2026-03-31 08:13:00+00:00
taro_kobayashi,tsilva,group_chat,2026-03-31 08:13:00+00:00
taro_kobayashi,kpark,group_chat,2026-03-31 08:13:00+00:00
taro_kobayashi,tkobayashi,group_chat,2026-03-31 08:13:00+00:00
taro_kobayashi,rchowdhury,group_chat,2026-03-31 08:13:00+00:00
taro_kobayashi,lrossi,group_chat,2026-03-31 08:13:00+00:00
mariana_garcia,mgarcia,group_chat,2026-03-31 08:13:25+00:00
mariana_garcia,tsilva,group_chat,2026-03-31 08:13:25+00:00
mariana_garcia,kpark,group_chat,2026-03-31 08:13:25+00:00
mariana_garcia,tkobayashi,group_chat,2026-03-31 08:13:25+00:00
mariana_garcia,rchowdhury,group_chat,2026-03-31 08:13:25+00:00
mariana_garcia,lrossi,group_chat,2026-03-31 08:13:25+00:00
ritika_chowdhury,mgarcia,group_chat,2026-03-31 08:14:10+00:00
ritika_chowdhury,tsilva,group_chat,2026-03-31 08:14:10+00:00
ritika_chowdhury,kpark,group_chat,2026-03-31 08:14:10+00:00
ritika_chowdhury,tkobayashi,group_chat,2026-03-31 08:14:10+00:00
ritika_chowdhury,rchowdhury,group_chat,2026-03-31 08:14:10+00:00
ritika_chowdhury,lrossi,group_chat,2026-03-31 08:14:10+00:00
kai_park,mgarcia,group_chat,2026-03-31 08:14:30+00:00
kai_park,tsilva,group_chat,2026-03-31 08:14:30+00:00
kai_park,kpark,group_chat,2026-03-31 08:14:30+00:00
kai_park,tkobayashi,group_chat,2026-03-31 08:14:30+00:00
kai_park,rchowdhury,group_chat,2026-03-31 08:14:30+00:00
kai_park,lrossi,group_chat,2026-03-31 08:14:30+00:00
mariana_garcia,mgarcia,group_chat,2026-03-31 08:15:00+00:00
mariana_garcia,tsilva,group_chat,2026-03-31 08:15:00+00:00
mariana_garcia,kpark,group_chat,2026-03-31 08:15:00+00:00
mariana_garcia,tkobayashi,group_chat,2026-03-31 08:15:00+00:00
mariana_garcia,rchowdhury,group_chat,2026-03-31 08:15:00+00:00
mariana_garcia,lrossi,group_chat,2026-03-31 08:15:00+00:00
luca_rossi,mgarcia,group_chat,2026-03-31 08:16:15+00:00
luca_rossi,tsilva,group_chat,2026-03-31 08:16:15+00:00
luca_rossi,kpark,group_chat,2026-03-31 08:16:15+00:00
luca_rossi,tkobayashi,group_chat,2026-03-31 08:16:15+00:00
luca_rossi,rchowdhury,group_chat,2026-03-31 08:16:15+00:00
luca_rossi,lrossi,group_chat,2026-03-31 08:16:15+00:00
thiago_silva,mgarcia,group_chat,2026-03-31 08:16:40+00:00
thiago_silva,tsilva,group_chat,2026-03-31 08:16:40+00:00
thiago_silva,kpark,group_chat,2026-03-31 08:16:40+00:00
thiago_silva,tkobayashi,group_chat,2026-03-31 08:16:40+00:00
thiago_silva,rchowdhury,group_chat,2026-03-31 08:16:40+00:00
thiago_silva,lrossi,group_chat,2026-03-31 08:16:40+00:00
taro_kobayashi,mgarcia,group_chat,2026-03-31 08:17:05+00:00
taro_kobayashi,tsilva,group_chat,2026-03-31 08:17:05+00:00
taro_kobayashi,kpark,group_chat,2026-03-31 08:17:05+00:00
taro_kobayashi,tkobayashi,group_chat,2026-03-31 08:17:05+00:00
taro_kobayashi,rchowdhury,group_chat,2026-03-31 08:17:05+00:00
taro_kobayashi,lrossi,group_chat,2026-03-31 08:17:05+00:00
ritika_chowdhury,mgarcia,group_chat,2026-03-31 08:17:30+00:00
ritika_chowdhury,tsilva,group_chat,2026-03-31 08:17:30+00:00
ritika_chowdhury,kpark,group_chat,2026-03-31 08:17:30+00:00
ritika_chowdhury,tkobayashi,group_chat,2026-03-31 08:17:30+00:00
ritika_chowdhury,rchowdhury,group_chat,2026-03-31 08:17:30+00:00
ritika_chowdhury,lrossi,group_chat,2026-03-31 08:17:30+00:00
amelie_dubois,adubois,group_chat,2026-03-31 09:05:12+00:00
amelie_dubois,tsato,group_chat,2026-03-31 09:05:12+00:00
amelie_dubois,mgarcia,group_chat,2026-03-31 09:05:12+00:00
amelie_dubois,jokonkwo,group_chat,2026-03-31 09:05:12+00:00
amelie_dubois,rpatel,group_chat,2026-03-31 09:05:12+00:00
takeshi_sato,adubois,group_chat,2026-03-31 09:06:34+00:00
takeshi_sato,tsato,group_chat,2026-03-31 09:06:34+00:00
takeshi_sato,mgarcia,group_chat,2026-03-31 09:06:34+00:00
takeshi_sato,jokonkwo,group_chat,2026-03-31 09:06:34+00:00
takeshi_sato,rpatel,group_chat,2026-03-31 09:06:34+00:00
mariana_garcia,adubois,group_chat,2026-03-31 09:07:18+00:00
mariana_garcia,tsato,group_chat,2026-03-31 09:07:18+00:00
mariana_garcia,mgarcia,group_chat,2026-03-31 09:07:18+00:00
mariana_garcia,jokonkwo,group_chat,2026-03-31 09:07:18+00:00
mariana_garcia,rpatel,group_chat,2026-03-31 09:07:18+00:00
ravi_patel,adubois,group_chat,2026-03-31 09:08:42+00:00
ravi_patel,tsato,group_chat,2026-03-31 09:08:42+00:00
ravi_patel,mgarcia,group_chat,2026-03-31 09:08:42+00:00
ravi_patel,jokonkwo,group_chat,2026-03-31 09:08:42+00:00
ravi_patel,rpatel,group_chat,2026-03-31 09:08:42+00:00
jamal_okonkwo,adubois,group_chat,2026-03-31 09:09:27+00:00
jamal_okonkwo,tsato,group_chat,2026-03-31 09:09:27+00:00
jamal_okonkwo,mgarcia,group_chat,2026-03-31 09:09:27+00:00
jamal_okonkwo,jokonkwo,group_chat,2026-03-31 09:09:27+00:00
jamal_okonkwo,rpatel,group_chat,2026-03-31 09:09:27+00:00
takeshi_sato,adubois,group_chat,2026-03-31 09:09:58+00:00
takeshi_sato,tsato,group_chat,2026-03-31 09:09:58+00:00
takeshi_sato,mgarcia,group_chat,2026-03-31 09:09:58+00:00
takeshi_sato,jokonkwo,group_chat,2026-03-31 09:09:58+00:00
takeshi_sato,rpatel,group_chat,2026-03-31 09:09:58+00:00
amelie_dubois,adubois,group_chat,2026-03-31 09:11:13+00:00
amelie_dubois,tsato,group_chat,2026-03-31 09:11:13+00:00
amelie_dubois,mgarcia,group_chat,2026-03-31 09:11:13+00:00
amelie_dubois,jokonkwo,group_chat,2026-03-31 09:11:13+00:00
amelie_dubois,rpatel,group_chat,2026-03-31 09:11:13+00:00
mariana_garcia,adubois,group_chat,2026-03-31 09:12:21+00:00
mariana_garcia,tsato,group_chat,2026-03-31 09:12:21+00:00
mariana_garcia,mgarcia,group_chat,2026-03-31 09:12:21+00:00
mariana_garcia,jokonkwo,group_chat,2026-03-31 09:12:21+00:00
mariana_garcia,rpatel,group_chat,2026-03-31 09:12:21+00:00
ravi_patel,adubois,group_chat,2026-03-31 09:13:05+00:00
ravi_patel,tsato,group_chat,2026-03-31 09:13:05+00:00
ravi_patel,mgarcia,group_chat,2026-03-31 09:13:05+00:00
ravi_patel,jokonkwo,group_chat,2026-03-31 09:13:05+00:00
ravi_patel,rpatel,group_chat,2026-03-31 09:13:05+00:00
amelie_dubois,adubois,group_chat,2026-03-31 09:14:49+00:00
amelie_dubois,tsato,group_chat,2026-03-31 09:14:49+00:00
amelie_dubois,mgarcia,group_chat,2026-03-31 09:14:49+00:00
amelie_dubois,jokonkwo,group_chat,2026-03-31 09:14:49+00:00
amelie_dubois,rpatel,group_chat,2026-03-31 09:14:49+00:00
jamal_okonkwo,adubois,group_chat,2026-03-31 09:15:33+00:00
jamal_okonkwo,tsato,group_chat,2026-03-31 09:15:33+00:00
jamal_okonkwo,mgarcia,group_chat,2026-03-31 09:15:33+00:00
jamal_okonkwo,jokonkwo,group_chat,2026-03-31 09:15:33+00:00
jamal_okonkwo,rpatel,group_chat,2026-03-31 09:15:33+00:00
takeshi_sato,adubois,group_chat,2026-03-31 09:16:12+00:00
takeshi_sato,tsato,group_chat,2026-03-31 09:16:12+00:00
takeshi_sato,mgarcia,group_chat,2026-03-31 09:16:12+00:00
takeshi_sato,jokonkwo,group_chat,2026-03-31 09:16:12+00:00
takeshi_sato,rpatel,group_chat,2026-03-31 09:16:12+00:00
mariana_garcia,adubois,group_chat,2026-03-31 09:17:01+00:00
mariana_garcia,tsato,group_chat,2026-03-31 09:17:01+00:00
mariana_garcia,mgarcia,group_chat,2026-03-31 09:17:01+00:00
mariana_garcia,jokonkwo,group_chat,2026-03-31 09:17:01+00:00
mariana_garcia,rpatel,group_chat,2026-03-31 09:17:01+00:00
ravi_patel,adubois,group_chat,2026-03-31 09:17:45+00:00
ravi_patel,tsato,group_chat,2026-03-31 09:17:45+00:00
ravi_patel,mgarcia,group_chat,2026-03-31 09:17:45+00:00
ravi_patel,jokonkwo,group_chat,2026-03-31 09:17:45+00:00
ravi_patel,rpatel,group_chat,2026-03-31 09:17:45+00:00
takeshi_sato,adubois,group_chat,2026-03-31 09:18:10+00:00
takeshi_sato,tsato,group_chat,2026-03-31 09:18:10+00:00
takeshi_sato,mgarcia,group_chat,2026-03-31 09:18:10+00:00
takeshi_sato,jokonkwo,group_chat,2026-03-31 09:18:10+00:00
takeshi_sato,rpatel,group_chat,2026-03-31 09:18:10+00:00
amelie_dubois,adubois,group_chat,2026-03-31 09:19:54+00:00
amelie_dubois,tsato,group_chat,2026-03-31 09:19:54+00:00
amelie_dubois,mgarcia,group_chat,2026-03-31 09:19:54+00:00
amelie_dubois,jokonkwo,group_chat,2026-03-31 09:19:54+00:00
amelie_dubois,rpatel,group_chat,2026-03-31 09:19:54+00:00
mariana_garcia,adubois,group_chat,2026-03-31 09:20:33+00:00
mariana_garcia,tsato,group_chat,2026-03-31 09:20:33+00:00
mariana_garcia,mgarcia,group_chat,2026-03-31 09:20:33+00:00
mariana_garcia,jokonkwo,group_chat,2026-03-31 09:20:33+00:00
mariana_garcia,rpatel,group_chat,2026-03-31 09:20:33+00:00
ravi_patel,adubois,group_chat,2026-03-31 09:21:20+00:00
ravi_patel,tsato,group_chat,2026-03-31 09:21:20+00:00
ravi_patel,mgarcia,group_chat,2026-03-31 09:21:20+00:00
ravi_patel,jokonkwo,group_chat,2026-03-31 09:21:20+00:00
ravi_patel,rpatel,group_chat,2026-03-31 09:21:20+00:00
jamal_okonkwo,adubois,group_chat,2026-03-31 09:22:47+00:00
jamal_okonkwo,tsato,group_chat,2026-03-31 09:22:47+00:00
jamal_okonkwo,mgarcia,group_chat,2026-03-31 09:22:47+00:00
jamal_okonkwo,jokonkwo,group_chat,2026-03-31 09:22:47+00:00
jamal_okonkwo,rpatel,group_chat,2026-03-31 09:22:47+00:00
amelie_dubois,adubois,group_chat,2026-03-31 09:23:30+00:00
amelie_dubois,tsato,group_chat,2026-03-31 09:23:30+00:00
amelie_dubois,mgarcia,group_chat,2026-03-31 09:23:30+00:00
amelie_dubois,jokonkwo,group_chat,2026-03-31 09:23:30+00:00
amelie_dubois,rpatel,group_chat,2026-03-31 09:23:30+00:00
Takeshi Sato,tsato,group_chat,2026-03-31 09:15:00+00:00
Takeshi Sato,jhassan,group_chat,2026-03-31 09:15:00+00:00
Takeshi Sato,hwang,group_chat,2026-03-31 09:15:00+00:00
Takeshi Sato,rprasad,group_chat,2026-03-31 09:15:00+00:00
Takeshi Sato,tkobayashi,group_chat,2026-03-31 09:15:00+00:00
Jamal Hassan,tsato,group_chat,2026-03-31 09:16:12+00:00
Jamal Hassan,jhassan,group_chat,2026-03-31 09:16:12+00:00
Jamal Hassan,hwang,group_chat,2026-03-31 09:16:12+00:00
Jamal Hassan,rprasad,group_chat,2026-03-31 09:16:12+00:00
Jamal Hassan,tkobayashi,group_chat,2026-03-31 09:16:12+00:00
Hyun-Jae Wang,tsato,group_chat,2026-03-31 09:16:55+00:00
Hyun-Jae Wang,jhassan,group_chat,2026-03-31 09:16:55+00:00
Hyun-Jae Wang,hwang,group_chat,2026-03-31 09:16:55+00:00
Hyun-Jae Wang,rprasad,group_chat,2026-03-31 09:16:55+00:00
Hyun-Jae Wang,tkobayashi,group_chat,2026-03-31 09:16:55+00:00
Taro Kobayashi,tsato,group_chat,2026-03-31 09:17:22+00:00
Taro Kobayashi,jhassan,group_chat,2026-03-31 09:17:22+00:00
Taro Kobayashi,hwang,group_chat,2026-03-31 09:17:22+00:00
Taro Kobayashi,rprasad,group_chat,2026-03-31 09:17:22+00:00
Taro Kobayashi,tkobayashi,group_chat,2026-03-31 09:17:22+00:00
Rohit Prasad,tsato,group_chat,2026-03-31 09:18:10+00:00
Rohit Prasad,jhassan,group_chat,2026-03-31 09:18:10+00:00
Rohit Prasad,hwang,group_chat,2026-03-31 09:18:10+00:00
Rohit Prasad,rprasad,group_chat,2026-03-31 09:18:10+00:00
Rohit Prasad,tkobayashi,group_chat,2026-03-31 09:18:10+00:00
Takeshi Sato,tsato,group_chat,2026-03-31 09:18:42+00:00
Takeshi Sato,jhassan,group_chat,2026-03-31 09:18:42+00:00
Takeshi Sato,hwang,group_chat,2026-03-31 09:18:42+00:00
Takeshi Sato,rprasad,group_chat,2026-03-31 09:18:42+00:00
Takeshi Sato,tkobayashi,group_chat,2026-03-31 09:18:42+00:00
Rohit Prasad,tsato,group_chat,2026-03-31 09:19:01+00:00
Rohit Prasad,jhassan,group_chat,2026-03-31 09:19:01+00:00
Rohit Prasad,hwang,group_chat,2026-03-31 09:19:01+00:00
Rohit Prasad,rprasad,group_chat,2026-03-31 09:19:01+00:00
Rohit Prasad,tkobayashi,group_chat,2026-03-31 09:19:01+00:00
Jamal Hassan,tsato,group_chat,2026-03-31 09:19:20+00:00
Jamal Hassan,jhassan,group_chat,2026-03-31 09:19:20+00:00
Jamal Hassan,hwang,group_chat,2026-03-31 09:19:20+00:00
Jamal Hassan,rprasad,group_chat,2026-03-31 09:19:20+00:00
Jamal Hassan,tkobayashi,group_chat,2026-03-31 09:19:20+00:00
Hyun-Jae Wang,tsato,group_chat,2026-03-31 09:19:45+00:00
Hyun-Jae Wang,jhassan,group_chat,2026-03-31 09:19:45+00:00
Hyun-Jae Wang,hwang,group_chat,2026-03-31 09:19:45+00:00
Hyun-Jae Wang,rprasad,group_chat,2026-03-31 09:19:45+00:00
Hyun-Jae Wang,tkobayashi,group_chat,2026-03-31 09:19:45+00:00
Rohit Prasad,tsato,group_chat,2026-03-31 09:20:05+00:00
Rohit Prasad,jhassan,group_chat,2026-03-31 09:20:05+00:00
Rohit Prasad,hwang,group_chat,2026-03-31 09:20:05+00:00
Rohit Prasad,rprasad,group_chat,2026-03-31 09:20:05+00:00
Rohit Prasad,tkobayashi,group_chat,2026-03-31 09:20:05+00:00
Takeshi Sato,tsato,group_chat,2026-03-31 09:20:30+00:00
Takeshi Sato,jhassan,group_chat,2026-03-31 09:20:30+00:00
Takeshi Sato,hwang,group_chat,2026-03-31 09:20:30+00:00
Takeshi Sato,rprasad,group_chat,2026-03-31 09:20:30+00:00
Takeshi Sato,tkobayashi,group_chat,2026-03-31 09:20:30+00:00
Taro Kobayashi,tsato,group_chat,2026-03-31 09:21:02+00:00
Taro Kobayashi,jhassan,group_chat,2026-03-31 09:21:02+00:00
Taro Kobayashi,hwang,group_chat,2026-03-31 09:21:02+00:00
Taro Kobayashi,rprasad,group_chat,2026-03-31 09:21:02+00:00
Taro Kobayashi,tkobayashi,group_chat,2026-03-31 09:21:02+00:00
Jamal Hassan,tsato,group_chat,2026-03-31 09:21:25+00:00
Jamal Hassan,jhassan,group_chat,2026-03-31 09:21:25+00:00
Jamal Hassan,hwang,group_chat,2026-03-31 09:21:25+00:00
Jamal Hassan,rprasad,group_chat,2026-03-31 09:21:25+00:00
Jamal Hassan,tkobayashi,group_chat,2026-03-31 09:21:25+00:00
Hyun-Jae Wang,tsato,group_chat,2026-03-31 09:21:50+00:00
Hyun-Jae Wang,jhassan,group_chat,2026-03-31 09:21:50+00:00
Hyun-Jae Wang,hwang,group_chat,2026-03-31 09:21:50+00:00
Hyun-Jae Wang,rprasad,group_chat,2026-03-31 09:21:50+00:00
Hyun-Jae Wang,tkobayashi,group_chat,2026-03-31 09:21:50+00:00
Takeshi Sato,tsato,group_chat,2026-03-31 09:22:15+00:00
Takeshi Sato,jhassan,group_chat,2026-03-31 09:22:15+00:00
Takeshi Sato,hwang,group_chat,2026-03-31 09:22:15+00:00
Takeshi Sato,rprasad,group_chat,2026-03-31 09:22:15+00:00
Takeshi Sato,tkobayashi,group_chat,2026-03-31 09:22:15+00:00
Rohit Prasad,tsato,group_chat,2026-03-31 09:22:40+00:00
Rohit Prasad,jhassan,group_chat,2026-03-31 09:22:40+00:00
Rohit Prasad,hwang,group_chat,2026-03-31 09:22:40+00:00
Rohit Prasad,rprasad,group_chat,2026-03-31 09:22:40+00:00
Rohit Prasad,tkobayashi,group_chat,2026-03-31 09:22:40+00:00
Taro Kobayashi,tsato,group_chat,2026-03-31 09:23:05+00:00
Taro Kobayashi,jhassan,group_chat,2026-03-31 09:23:05+00:00
Taro Kobayashi,hwang,group_chat,2026-03-31 09:23:05+00:00
Taro Kobayashi,rprasad,group_chat,2026-03-31 09:23:05+00:00
Taro Kobayashi,tkobayashi,group_chat,2026-03-31 09:23:05+00:00
Hyun-Jae Wang,tsato,group_chat,2026-03-31 09:23:30+00:00
Hyun-Jae Wang,jhassan,group_chat,2026-03-31 09:23:30+00:00
Hyun-Jae Wang,hwang,group_chat,2026-03-31 09:23:30+00:00
Hyun-Jae Wang,rprasad,group_chat,2026-03-31 09:23:30+00:00
Hyun-Jae Wang,tkobayashi,group_chat,2026-03-31 09:23:30+00:00
Jamal Hassan,tsato,group_chat,2026-03-31 09:24:00+00:00
Jamal Hassan,jhassan,group_chat,2026-03-31 09:24:00+00:00
Jamal Hassan,hwang,group_chat,2026-03-31 09:24:00+00:00
Jamal Hassan,rprasad,group_chat,2026-03-31 09:24:00+00:00
Jamal Hassan,tkobayashi,group_chat,2026-03-31 09:24:00+00:00
Takeshi Sato,tsato,group_chat,2026-03-31 09:24:20+00:00
Takeshi Sato,jhassan,group_chat,2026-03-31 09:24:20+00:00
Takeshi Sato,hwang,group_chat,2026-03-31 09:24:20+00:00
Takeshi Sato,rprasad,group_chat,2026-03-31 09:24:20+00:00
Takeshi Sato,tkobayashi,group_chat,2026-03-31 09:24:20+00:00
Rohit Prasad,tsato,group_chat,2026-03-31 09:24:45+00:00
Rohit Prasad,jhassan,group_chat,2026-03-31 09:24:45+00:00
Rohit Prasad,hwang,group_chat,2026-03-31 09:24:45+00:00
Rohit Prasad,rprasad,group_chat,2026-03-31 09:24:45+00:00
Rohit Prasad,tkobayashi,group_chat,2026-03-31 09:24:45+00:00
Taro Kobayashi,tsato,group_chat,2026-03-31 09:25:05+00:00
Taro Kobayashi,jhassan,group_chat,2026-03-31 09:25:05+00:00
Taro Kobayashi,hwang,group_chat,2026-03-31 09:25:05+00:00
Taro Kobayashi,rprasad,group_chat,2026-03-31 09:25:05+00:00
Taro Kobayashi,tkobayashi,group_chat,2026-03-31 09:25:05+00:00
Hyun-Jae Wang,tsato,group_chat,2026-03-31 09:25:20+00:00
Hyun-Jae Wang,jhassan,group_chat,2026-03-31 09:25:20+00:00
Hyun-Jae Wang,hwang,group_chat,2026-03-31 09:25:20+00:00
Hyun-Jae Wang,rprasad,group_chat,2026-03-31 09:25:20+00:00
Hyun-Jae Wang,tkobayashi,group_chat,2026-03-31 09:25:20+00:00
Amélie Dubois,adubois,group_chat,2026-03-31 09:15:00+00:00
Amélie Dubois,tsato,group_chat,2026-03-31 09:15:00+00:00
Amélie Dubois,mgarcia,group_chat,2026-03-31 09:15:00+00:00
Amélie Dubois,rpatel,group_chat,2026-03-31 09:15:00+00:00
Amélie Dubois,jokonkwo,group_chat,2026-03-31 09:15:00+00:00
Mariana Garcia,adubois,group_chat,2026-03-31 09:16:12+00:00
Mariana Garcia,tsato,group_chat,2026-03-31 09:16:12+00:00
Mariana Garcia,mgarcia,group_chat,2026-03-31 09:16:12+00:00
Mariana Garcia,rpatel,group_chat,2026-03-31 09:16:12+00:00
Mariana Garcia,jokonkwo,group_chat,2026-03-31 09:16:12+00:00
Ravi Patel,adubois,group_chat,2026-03-31 09:16:45+00:00
Ravi Patel,tsato,group_chat,2026-03-31 09:16:45+00:00
Ravi Patel,mgarcia,group_chat,2026-03-31 09:16:45+00:00
Ravi Patel,rpatel,group_chat,2026-03-31 09:16:45+00:00
Ravi Patel,jokonkwo,group_chat,2026-03-31 09:16:45+00:00
Jamal Okonkwo,adubois,group_chat,2026-03-31 09:17:10+00:00
Jamal Okonkwo,tsato,group_chat,2026-03-31 09:17:10+00:00
Jamal Okonkwo,mgarcia,group_chat,2026-03-31 09:17:10+00:00
Jamal Okonkwo,rpatel,group_chat,2026-03-31 09:17:10+00:00
Jamal Okonkwo,jokonkwo,group_chat,2026-03-31 09:17:10+00:00
Ravi Patel,adubois,group_chat,2026-03-31 09:18:05+00:00
Ravi Patel,tsato,group_chat,2026-03-31 09:18:05+00:00
Ravi Patel,mgarcia,group_chat,2026-03-31 09:18:05+00:00
Ravi Patel,rpatel,group_chat,2026-03-31 09:18:05+00:00
Ravi Patel,jokonkwo,group_chat,2026-03-31 09:18:05+00:00
Amélie Dubois,adubois,group_chat,2026-03-31 09:18:30+00:00
Amélie Dubois,tsato,group_chat,2026-03-31 09:18:30+00:00
Amélie Dubois,mgarcia,group_chat,2026-03-31 09:18:30+00:00
Amélie Dubois,rpatel,group_chat,2026-03-31 09:18:30+00:00
Amélie Dubois,jokonkwo,group_chat,2026-03-31 09:18:30+00:00
Takeshi Sato,adubois,group_chat,2026-03-31 09:19:00+00:00
Takeshi Sato,tsato,group_chat,2026-03-31 09:19:00+00:00
Takeshi Sato,mgarcia,group_chat,2026-03-31 09:19:00+00:00
Takeshi Sato,rpatel,group_chat,2026-03-31 09:19:00+00:00
Takeshi Sato,jokonkwo,group_chat,2026-03-31 09:19:00+00:00
Mariana Garcia,adubois,group_chat,2026-03-31 09:19:45+00:00
Mariana Garcia,tsato,group_chat,2026-03-31 09:19:45+00:00
Mariana Garcia,mgarcia,group_chat,2026-03-31 09:19:45+00:00
Mariana Garcia,rpatel,group_chat,2026-03-31 09:19:45+00:00
Mariana Garcia,jokonkwo,group_chat,2026-03-31 09:19:45+00:00
Amélie Dubois,adubois,group_chat,2026-03-31 09:20:05+00:00
Amélie Dubois,tsato,group_chat,2026-03-31 09:20:05+00:00
Amélie Dubois,mgarcia,group_chat,2026-03-31 09:20:05+00:00
Amélie Dubois,rpatel,group_chat,2026-03-31 09:20:05+00:00
Amélie Dubois,jokonkwo,group_chat,2026-03-31 09:20:05+00:00
Jamal Okonkwo,adubois,group_chat,2026-03-31 09:20:45+00:00
Jamal Okonkwo,tsato,group_chat,2026-03-31 09:20:45+00:00
Jamal Okonkwo,mgarcia,group_chat,2026-03-31 09:20:45+00:00
Jamal Okonkwo,rpatel,group_chat,2026-03-31 09:20:45+00:00
Jamal Okonkwo,jokonkwo,group_chat,2026-03-31 09:20:45+00:00
Ravi Patel,adubois,group_chat,2026-03-31 09:21:30+00:00
Ravi Patel,tsato,group_chat,2026-03-31 09:21:30+00:00
Ravi Patel,mgarcia,group_chat,2026-03-31 09:21:30+00:00
Ravi Patel,rpatel,group_chat,2026-03-31 09:21:30+00:00
Ravi Patel,jokonkwo,group_chat,2026-03-31 09:21:30+00:00
Takeshi Sato,adubois,group_chat,2026-03-31 09:22:10+00:00
Takeshi Sato,tsato,group_chat,2026-03-31 09:22:10+00:00
Takeshi Sato,mgarcia,group_chat,2026-03-31 09:22:10+00:00
Takeshi Sato,rpatel,group_chat,2026-03-31 09:22:10+00:00
Takeshi Sato,jokonkwo,group_chat,2026-03-31 09:22:10+00:00
Mariana Garcia,adubois,group_chat,2026-03-31 09:22:40+00:00
Mariana Garcia,tsato,group_chat,2026-03-31 09:22:40+00:00
Mariana Garcia,mgarcia,group_chat,2026-03-31 09:22:40+00:00
Mariana Garcia,rpatel,group_chat,2026-03-31 09:22:40+00:00
Mariana Garcia,jokonkwo,group_chat,2026-03-31 09:22:40+00:00
Amélie Dubois,adubois,group_chat,2026-03-31 09:23:00+00:00
Amélie Dubois,tsato,group_chat,2026-03-31 09:23:00+00:00
Amélie Dubois,mgarcia,group_chat,2026-03-31 09:23:00+00:00
Amélie Dubois,rpatel,group_chat,2026-03-31 09:23:00+00:00
Amélie Dubois,jokonkwo,group_chat,2026-03-31 09:23:00+00:00
Ravi Patel,adubois,group_chat,2026-03-31 09:23:30+00:00
Ravi Patel,tsato,group_chat,2026-03-31 09:23:30+00:00
Ravi Patel,mgarcia,group_chat,2026-03-31 09:23:30+00:00
Ravi Patel,rpatel,group_chat,2026-03-31 09:23:30+00:00
Ravi Patel,jokonkwo,group_chat,2026-03-31 09:23:30+00:00
Amélie Dubois,adubois,group_chat,2026-03-31 09:24:00+00:00
Amélie Dubois,tsato,group_chat,2026-03-31 09:24:00+00:00
Amélie Dubois,mgarcia,group_chat,2026-03-31 09:24:00+00:00
Amélie Dubois,rpatel,group_chat,2026-03-31 09:24:00+00:00
Amélie Dubois,jokonkwo,group_chat,2026-03-31 09:24:00+00:00
Takeshi Sato,adubois,group_chat,2026-03-31 09:24:45+00:00
Takeshi Sato,tsato,group_chat,2026-03-31 09:24:45+00:00
Takeshi Sato,mgarcia,group_chat,2026-03-31 09:24:45+00:00
Takeshi Sato,rpatel,group_chat,2026-03-31 09:24:45+00:00
Takeshi Sato,jokonkwo,group_chat,2026-03-31 09:24:45+00:00
Mariana Garcia,adubois,group_chat,2026-03-31 09:25:15+00:00
Mariana Garcia,tsato,group_chat,2026-03-31 09:25:15+00:00
Mariana Garcia,mgarcia,group_chat,2026-03-31 09:25:15+00:00
Mariana Garcia,rpatel,group_chat,2026-03-31 09:25:15+00:00
Mariana Garcia,jokonkwo,group_chat,2026-03-31 09:25:15+00:00
Jamal Okonkwo,adubois,group_chat,2026-03-31 09:26:00+00:00
Jamal Okonkwo,tsato,group_chat,2026-03-31 09:26:00+00:00
Jamal Okonkwo,mgarcia,group_chat,2026-03-31 09:26:00+00:00
Jamal Okonkwo,rpatel,group_chat,2026-03-31 09:26:00+00:00
Jamal Okonkwo,jokonkwo,group_chat,2026-03-31 09:26:00+00:00
Ravi Patel,adubois,group_chat,2026-03-31 09:27:10+00:00
Ravi Patel,tsato,group_chat,2026-03-31 09:27:10+00:00
Ravi Patel,mgarcia,group_chat,2026-03-31 09:27:10+00:00
Ravi Patel,rpatel,group_chat,2026-03-31 09:27:10+00:00
Ravi Patel,jokonkwo,group_chat,2026-03-31 09:27:10+00:00
Amélie Dubois,adubois,group_chat,2026-03-31 09:27:45+00:00
Amélie Dubois,tsato,group_chat,2026-03-31 09:27:45+00:00
Amélie Dubois,mgarcia,group_chat,2026-03-31 09:27:45+00:00
Amélie Dubois,rpatel,group_chat,2026-03-31 09:27:45+00:00
Amélie Dubois,jokonkwo,group_chat,2026-03-31 09:27:45+00:00
Mariana Garcia,adubois,group_chat,2026-03-31 09:28:10+00:00
Mariana Garcia,tsato,group_chat,2026-03-31 09:28:10+00:00
Mariana Garcia,mgarcia,group_chat,2026-03-31 09:28:10+00:00
Mariana Garcia,rpatel,group_chat,2026-03-31 09:28:10+00:00
Mariana Garcia,jokonkwo,group_chat,2026-03-31 09:28:10+00:00
Takeshi Sato,adubois,group_chat,2026-03-31 09:28:40+00:00
Takeshi Sato,tsato,group_chat,2026-03-31 09:28:40+00:00
Takeshi Sato,mgarcia,group_chat,2026-03-31 09:28:40+00:00
Takeshi Sato,rpatel,group_chat,2026-03-31 09:28:40+00:00
Takeshi Sato,jokonkwo,group_chat,2026-03-31 09:28:40+00:00
Ravi Patel,adubois,group_chat,2026-03-31 09:29:05+00:00
Ravi Patel,tsato,group_chat,2026-03-31 09:29:05+00:00
Ravi Patel,mgarcia,group_chat,2026-03-31 09:29:05+00:00
Ravi Patel,rpatel,group_chat,2026-03-31 09:29:05+00:00
Ravi Patel,jokonkwo,group_chat,2026-03-31 09:29:05+00:00
Jamal Okonkwo,adubois,group_chat,2026-03-31 09:29:30+00:00
Jamal Okonkwo,tsato,group_chat,2026-03-31 09:29:30+00:00
Jamal Okonkwo,mgarcia,group_chat,2026-03-31 09:29:30+00:00
Jamal Okonkwo,rpatel,group_chat,2026-03-31 09:29:30+00:00
Jamal Okonkwo,jokonkwo,group_chat,2026-03-31 09:29:30+00:00
Amélie Dubois,adubois,group_chat,2026-03-31 09:30:00+00:00
Amélie Dubois,tsato,group_chat,2026-03-31 09:30:00+00:00
Amélie Dubois,mgarcia,group_chat,2026-03-31 09:30:00+00:00
Amélie Dubois,rpatel,group_chat,2026-03-31 09:30:00+00:00
Amélie Dubois,jokonkwo,group_chat,2026-03-31 09:30:00+00:00
Amélie Dubois,adubois,group_chat,2026-03-31 09:05:00+00:00
Amélie Dubois,rpatel,group_chat,2026-03-31 09:05:00+00:00
Amélie Dubois,jokonkwo,group_chat,2026-03-31 09:05:00+00:00
Amélie Dubois,mgarcia,group_chat,2026-03-31 09:05:00+00:00
Ravi Patel,adubois,group_chat,2026-03-31 09:06:12+00:00
Ravi Patel,rpatel,group_chat,2026-03-31 09:06:12+00:00
Ravi Patel,jokonkwo,group_chat,2026-03-31 09:06:12+00:00
Ravi Patel,mgarcia,group_chat,2026-03-31 09:06:12+00:00
Mariana Garcia,adubois,group_chat,2026-03-31 09:07:45+00:00
Mariana Garcia,rpatel,group_chat,2026-03-31 09:07:45+00:00
Mariana Garcia,jokonkwo,group_chat,2026-03-31 09:07:45+00:00
Mariana Garcia,mgarcia,group_chat,2026-03-31 09:07:45+00:00
Jamal Okonkwo,adubois,group_chat,2026-03-31 09:08:30+00:00
Jamal Okonkwo,rpatel,group_chat,2026-03-31 09:08:30+00:00
Jamal Okonkwo,jokonkwo,group_chat,2026-03-31 09:08:30+00:00
Jamal Okonkwo,mgarcia,group_chat,2026-03-31 09:08:30+00:00
Amélie Dubois,adubois,group_chat,2026-03-31 09:09:10+00:00
Amélie Dubois,rpatel,group_chat,2026-03-31 09:09:10+00:00
Amélie Dubois,jokonkwo,group_chat,2026-03-31 09:09:10+00:00
Amélie Dubois,mgarcia,group_chat,2026-03-31 09:09:10+00:00
Mariana Garcia,adubois,group_chat,2026-03-31 09:10:02+00:00
Mariana Garcia,rpatel,group_chat,2026-03-31 09:10:02+00:00
Mariana Garcia,jokonkwo,group_chat,2026-03-31 09:10:02+00:00
Mariana Garcia,mgarcia,group_chat,2026-03-31 09:10:02+00:00
Ravi Patel,adubois,group_chat,2026-03-31 09:11:14+00:00
Ravi Patel,rpatel,group_chat,2026-03-31 09:11:14+00:00
Ravi Patel,jokonkwo,group_chat,2026-03-31 09:11:14+00:00
Ravi Patel,mgarcia,group_chat,2026-03-31 09:11:14+00:00
Jamal Okonkwo,adubois,group_chat,2026-03-31 09:12:00+00:00
Jamal Okonkwo,rpatel,group_chat,2026-03-31 09:12:00+00:00
Jamal Okonkwo,jokonkwo,group_chat,2026-03-31 09:12:00+00:00
Jamal Okonkwo,mgarcia,group_chat,2026-03-31 09:12:00+00:00
Amélie Dubois,adubois,group_chat,2026-03-31 09:12:45+00:00
Amélie Dubois,rpatel,group_chat,2026-03-31 09:12:45+00:00
Amélie Dubois,jokonkwo,group_chat,2026-03-31 09:12:45+00:00
Amélie Dubois,mgarcia,group_chat,2026-03-31 09:12:45+00:00
Ravi Patel,adubois,group_chat,2026-03-31 09:13:20+00:00
Ravi Patel,rpatel,group_chat,2026-03-31 09:13:20+00:00
Ravi Patel,jokonkwo,group_chat,2026-03-31 09:13:20+00:00
Ravi Patel,mgarcia,group_chat,2026-03-31 09:13:20+00:00
Mariana Garcia,adubois,group_chat,2026-03-31 09:14:05+00:00
Mariana Garcia,rpatel,group_chat,2026-03-31 09:14:05+00:00
Mariana Garcia,jokonkwo,group_chat,2026-03-31 09:14:05+00:00
Mariana Garcia,mgarcia,group_chat,2026-03-31 09:14:05+00:00
Jamal Okonkwo,adubois,group_chat,2026-03-31 09:15:30+00:00
Jamal Okonkwo,rpatel,group_chat,2026-03-31 09:15:30+00:00
Jamal Okonkwo,jokonkwo,group_chat,2026-03-31 09:15:30+00:00
Jamal Okonkwo,mgarcia,group_chat,2026-03-31 09:15:30+00:00
Amélie Dubois,adubois,group_chat,2026-03-31 09:16:10+00:00
Amélie Dubois,rpatel,group_chat,2026-03-31 09:16:10+00:00
Amélie Dubois,jokonkwo,group_chat,2026-03-31 09:16:10+00:00
Amélie Dubois,mgarcia,group_chat,2026-03-31 09:16:10+00:00
Ravi Patel,adubois,group_chat,2026-03-31 09:17:45+00:00
Ravi Patel,rpatel,group_chat,2026-03-31 09:17:45+00:00
Ravi Patel,jokonkwo,group_chat,2026-03-31 09:17:45+00:00
Ravi Patel,mgarcia,group_chat,2026-03-31 09:17:45+00:00
Mariana Garcia,adubois,group_chat,2026-03-31 09:18:10+00:00
Mariana Garcia,rpatel,group_chat,2026-03-31 09:18:10+00:00
Mariana Garcia,jokonkwo,group_chat,2026-03-31 09:18:10+00:00
Mariana Garcia,mgarcia,group_chat,2026-03-31 09:18:10+00:00
Jamal Okonkwo,adubois,group_chat,2026-03-31 09:19:00+00:00
Jamal Okonkwo,rpatel,group_chat,2026-03-31 09:19:00+00:00
Jamal Okonkwo,jokonkwo,group_chat,2026-03-31 09:19:00+00:00
Jamal Okonkwo,mgarcia,group_chat,2026-03-31 09:19:00+00:00
Amélie Dubois,adubois,group_chat,2026-03-31 09:20:15+00:00
Amélie Dubois,rpatel,group_chat,2026-03-31 09:20:15+00:00
Amélie Dubois,jokonkwo,group_chat,2026-03-31 09:20:15+00:00
Amélie Dubois,mgarcia,group_chat,2026-03-31 09:20:15+00:00
Mariana Garcia,adubois,group_chat,2026-03-31 09:21:00+00:00
Mariana Garcia,rpatel,group_chat,2026-03-31 09:21:00+00:00
Mariana Garcia,jokonkwo,group_chat,2026-03-31 09:21:00+00:00
Mariana Garcia,mgarcia,group_chat,2026-03-31 09:21:00+00:00
Ravi Patel,adubois,group_chat,2026-03-31 09:22:35+00:00
Ravi Patel,rpatel,group_chat,2026-03-31 09:22:35+00:00
Ravi Patel,jokonkwo,group_chat,2026-03-31 09:22:35+00:00
Ravi Patel,mgarcia,group_chat,2026-03-31 09:22:35+00:00
Jamal Okonkwo,adubois,group_chat,2026-03-31 09:23:10+00:00
Jamal Okonkwo,rpatel,group_chat,2026-03-31 09:23:10+00:00
Jamal Okonkwo,jokonkwo,group_chat,2026-03-31 09:23:10+00:00
Jamal Okonkwo,mgarcia,group_chat,2026-03-31 09:23:10+00:00
Amélie Dubois,adubois,group_chat,2026-03-31 09:23:45+00:00
Amélie Dubois,rpatel,group_chat,2026-03-31 09:23:45+00:00
Amélie Dubois,jokonkwo,group_chat,2026-03-31 09:23:45+00:00
Amélie Dubois,mgarcia,group_chat,2026-03-31 09:23:45+00:00
Mariana Garcia,adubois,group_chat,2026-03-31 09:24:00+00:00
Mariana Garcia,rpatel,group_chat,2026-03-31 09:24:00+00:00
Mariana Garcia,jokonkwo,group_chat,2026-03-31 09:24:00+00:00
Mariana Garcia,mgarcia,group_chat,2026-03-31 09:24:00+00:00
Ravi Patel,adubois,group_chat,2026-03-31 09:24:15+00:00
Ravi Patel,rpatel,group_chat,2026-03-31 09:24:15+00:00
Ravi Patel,jokonkwo,group_chat,2026-03-31 09:24:15+00:00
Ravi Patel,mgarcia,group_chat,2026-03-31 09:24:15+00:00
Jamal Okonkwo,jokonkwo,group_chat,2026-03-31 09:03:12+00:00
Jamal Okonkwo,jdubois,group_chat,2026-03-31 09:03:12+00:00
Jamal Okonkwo,rmensah,group_chat,2026-03-31 09:03:12+00:00
Jamal Okonkwo,msilva,group_chat,2026-03-31 09:03:12+00:00
Jamal Okonkwo,cndlovu,group_chat,2026-03-31 09:03:12+00:00
Jacqueline Dubois,jokonkwo,group_chat,2026-03-31 09:04:45+00:00
Jacqueline Dubois,jdubois,group_chat,2026-03-31 09:04:45+00:00
Jacqueline Dubois,rmensah,group_chat,2026-03-31 09:04:45+00:00
Jacqueline Dubois,msilva,group_chat,2026-03-31 09:04:45+00:00
Jacqueline Dubois,cndlovu,group_chat,2026-03-31 09:04:45+00:00
Maria Silva,jokonkwo,group_chat,2026-03-31 09:06:09+00:00
Maria Silva,jdubois,group_chat,2026-03-31 09:06:09+00:00
Maria Silva,rmensah,group_chat,2026-03-31 09:06:09+00:00
Maria Silva,msilva,group_chat,2026-03-31 09:06:09+00:00
Maria Silva,cndlovu,group_chat,2026-03-31 09:06:09+00:00
Rose Mensah,jokonkwo,group_chat,2026-03-31 09:07:32+00:00
Rose Mensah,jdubois,group_chat,2026-03-31 09:07:32+00:00
Rose Mensah,rmensah,group_chat,2026-03-31 09:07:32+00:00
Rose Mensah,msilva,group_chat,2026-03-31 09:07:32+00:00
Rose Mensah,cndlovu,group_chat,2026-03-31 09:07:32+00:00
Maria Silva,jokonkwo,group_chat,2026-03-31 09:08:50+00:00
Maria Silva,jdubois,group_chat,2026-03-31 09:08:50+00:00
Maria Silva,rmensah,group_chat,2026-03-31 09:08:50+00:00
Maria Silva,msilva,group_chat,2026-03-31 09:08:50+00:00
Maria Silva,cndlovu,group_chat,2026-03-31 09:08:50+00:00
Chipo Ndlovu,jokonkwo,group_chat,2026-03-31 09:10:14+00:00
Chipo Ndlovu,jdubois,group_chat,2026-03-31 09:10:14+00:00
Chipo Ndlovu,rmensah,group_chat,2026-03-31 09:10:14+00:00
Chipo Ndlovu,msilva,group_chat,2026-03-31 09:10:14+00:00
Chipo Ndlovu,cndlovu,group_chat,2026-03-31 09:10:14+00:00
Jacqueline Dubois,jokonkwo,group_chat,2026-03-31 09:11:22+00:00
Jacqueline Dubois,jdubois,group_chat,2026-03-31 09:11:22+00:00
Jacqueline Dubois,rmensah,group_chat,2026-03-31 09:11:22+00:00
Jacqueline Dubois,msilva,group_chat,2026-03-31 09:11:22+00:00
Jacqueline Dubois,cndlovu,group_chat,2026-03-31 09:11:22+00:00
Jamal Okonkwo,jokonkwo,group_chat,2026-03-31 09:12:58+00:00
Jamal Okonkwo,jdubois,group_chat,2026-03-31 09:12:58+00:00
Jamal Okonkwo,rmensah,group_chat,2026-03-31 09:12:58+00:00
Jamal Okonkwo,msilva,group_chat,2026-03-31 09:12:58+00:00
Jamal Okonkwo,cndlovu,group_chat,2026-03-31 09:12:58+00:00
Maria Silva,jokonkwo,group_chat,2026-03-31 09:14:27+00:00
Maria Silva,jdubois,group_chat,2026-03-31 09:14:27+00:00
Maria Silva,rmensah,group_chat,2026-03-31 09:14:27+00:00
Maria Silva,msilva,group_chat,2026-03-31 09:14:27+00:00
Maria Silva,cndlovu,group_chat,2026-03-31 09:14:27+00:00
Rose Mensah,jokonkwo,group_chat,2026-03-31 09:15:49+00:00
Rose Mensah,jdubois,group_chat,2026-03-31 09:15:49+00:00
Rose Mensah,rmensah,group_chat,2026-03-31 09:15:49+00:00
Rose Mensah,msilva,group_chat,2026-03-31 09:15:49+00:00
Rose Mensah,cndlovu,group_chat,2026-03-31 09:15:49+00:00
Maria Silva,jokonkwo,group_chat,2026-03-31 09:16:34+00:00
Maria Silva,jdubois,group_chat,2026-03-31 09:16:34+00:00
Maria Silva,rmensah,group_chat,2026-03-31 09:16:34+00:00
Maria Silva,msilva,group_chat,2026-03-31 09:16:34+00:00
Maria Silva,cndlovu,group_chat,2026-03-31 09:16:34+00:00
Chipo Ndlovu,jokonkwo,group_chat,2026-03-31 09:17:56+00:00
Chipo Ndlovu,jdubois,group_chat,2026-03-31 09:17:56+00:00
Chipo Ndlovu,rmensah,group_chat,2026-03-31 09:17:56+00:00
Chipo Ndlovu,msilva,group_chat,2026-03-31 09:17:56+00:00
Chipo Ndlovu,cndlovu,group_chat,2026-03-31 09:17:56+00:00
Jacqueline Dubois,jokonkwo,group_chat,2026-03-31 09:18:45+00:00
Jacqueline Dubois,jdubois,group_chat,2026-03-31 09:18:45+00:00
Jacqueline Dubois,rmensah,group_chat,2026-03-31 09:18:45+00:00
Jacqueline Dubois,msilva,group_chat,2026-03-31 09:18:45+00:00
Jacqueline Dubois,cndlovu,group_chat,2026-03-31 09:18:45+00:00
Jamal Okonkwo,jokonkwo,group_chat,2026-03-31 09:20:12+00:00
Jamal Okonkwo,jdubois,group_chat,2026-03-31 09:20:12+00:00
Jamal Okonkwo,rmensah,group_chat,2026-03-31 09:20:12+00:00
Jamal Okonkwo,msilva,group_chat,2026-03-31 09:20:12+00:00
Jamal Okonkwo,cndlovu,group_chat,2026-03-31 09:20:12+00:00
Maria Silva,jokonkwo,group_chat,2026-03-31 09:22:34+00:00
Maria Silva,jdubois,group_chat,2026-03-31 09:22:34+00:00
Maria Silva,rmensah,group_chat,2026-03-31 09:22:34+00:00
Maria Silva,msilva,group_chat,2026-03-31 09:22:34+00:00
Maria Silva,cndlovu,group_chat,2026-03-31 09:22:34+00:00
Rose Mensah,jokonkwo,group_chat,2026-03-31 09:23:45+00:00
Rose Mensah,jdubois,group_chat,2026-03-31 09:23:45+00:00
Rose Mensah,rmensah,group_chat,2026-03-31 09:23:45+00:00
Rose Mensah,msilva,group_chat,2026-03-31 09:23:45+00:00
Rose Mensah,cndlovu,group_chat,2026-03-31 09:23:45+00:00
Jamal Okonkwo,jokonkwo,group_chat,2026-03-31 09:25:09+00:00
Jamal Okonkwo,jdubois,group_chat,2026-03-31 09:25:09+00:00
Jamal Okonkwo,rmensah,group_chat,2026-03-31 09:25:09+00:00
Jamal Okonkwo,msilva,group_chat,2026-03-31 09:25:09+00:00
Jamal Okonkwo,cndlovu,group_chat,2026-03-31 09:25:09+00:00
Jacqueline Dubois,jokonkwo,group_chat,2026-03-31 09:26:32+00:00
Jacqueline Dubois,jdubois,group_chat,2026-03-31 09:26:32+00:00
Jacqueline Dubois,rmensah,group_chat,2026-03-31 09:26:32+00:00
Jacqueline Dubois,msilva,group_chat,2026-03-31 09:26:32+00:00
Jacqueline Dubois,cndlovu,group_chat,2026-03-31 09:26:32+00:00
Chipo Ndlovu,jokonkwo,group_chat,2026-03-31 09:27:45+00:00
Chipo Ndlovu,jdubois,group_chat,2026-03-31 09:27:45+00:00
Chipo Ndlovu,rmensah,group_chat,2026-03-31 09:27:45+00:00
Chipo Ndlovu,msilva,group_chat,2026-03-31 09:27:45+00:00
Chipo Ndlovu,cndlovu,group_chat,2026-03-31 09:27:45+00:00
Rose Mensah,jokonkwo,group_chat,2026-03-31 09:28:12+00:00
Rose Mensah,jdubois,group_chat,2026-03-31 09:28:12+00:00
Rose Mensah,rmensah,group_chat,2026-03-31 09:28:12+00:00
Rose Mensah,msilva,group_chat,2026-03-31 09:28:12+00:00
Rose Mensah,cndlovu,group_chat,2026-03-31 09:28:12+00:00
Chipo Ndlovu,jokonkwo,group_chat,2026-03-31 09:29:05+00:00
Chipo Ndlovu,jdubois,group_chat,2026-03-31 09:29:05+00:00
Chipo Ndlovu,rmensah,group_chat,2026-03-31 09:29:05+00:00
Chipo Ndlovu,msilva,group_chat,2026-03-31 09:29:05+00:00
Chipo Ndlovu,cndlovu,group_chat,2026-03-31 09:29:05+00:00
jamal_hassan,jhassan,group_chat,2026-03-31 14:05:32+00:00
jamal_hassan,tkobayashi,group_chat,2026-03-31 14:05:32+00:00
jamal_hassan,hwang,group_chat,2026-03-31 14:05:32+00:00
jamal_hassan,tsilva,group_chat,2026-03-31 14:05:32+00:00
jamal_hassan,rprasad,group_chat,2026-03-31 14:05:32+00:00
hyun_jae_wang,jhassan,group_chat,2026-03-31 14:06:15+00:00
hyun_jae_wang,tkobayashi,group_chat,2026-03-31 14:06:15+00:00
hyun_jae_wang,hwang,group_chat,2026-03-31 14:06:15+00:00
hyun_jae_wang,tsilva,group_chat,2026-03-31 14:06:15+00:00
hyun_jae_wang,rprasad,group_chat,2026-03-31 14:06:15+00:00
taro_kobayashi,jhassan,group_chat,2026-03-31 14:07:01+00:00
taro_kobayashi,tkobayashi,group_chat,2026-03-31 14:07:01+00:00
taro_kobayashi,hwang,group_chat,2026-03-31 14:07:01+00:00
taro_kobayashi,tsilva,group_chat,2026-03-31 14:07:01+00:00
taro_kobayashi,rprasad,group_chat,2026-03-31 14:07:01+00:00
thiago_silva,jhassan,group_chat,2026-03-31 14:07:40+00:00
thiago_silva,tkobayashi,group_chat,2026-03-31 14:07:40+00:00
thiago_silva,hwang,group_chat,2026-03-31 14:07:40+00:00
thiago_silva,tsilva,group_chat,2026-03-31 14:07:40+00:00
thiago_silva,rprasad,group_chat,2026-03-31 14:07:40+00:00
rohit_prasad,jhassan,group_chat,2026-03-31 14:08:12+00:00
rohit_prasad,tkobayashi,group_chat,2026-03-31 14:08:12+00:00
rohit_prasad,hwang,group_chat,2026-03-31 14:08:12+00:00
rohit_prasad,tsilva,group_chat,2026-03-31 14:08:12+00:00
rohit_prasad,rprasad,group_chat,2026-03-31 14:08:12+00:00
jamal_hassan,jhassan,group_chat,2026-03-31 14:08:35+00:00
jamal_hassan,tkobayashi,group_chat,2026-03-31 14:08:35+00:00
jamal_hassan,hwang,group_chat,2026-03-31 14:08:35+00:00
jamal_hassan,tsilva,group_chat,2026-03-31 14:08:35+00:00
jamal_hassan,rprasad,group_chat,2026-03-31 14:08:35+00:00
taro_kobayashi,jhassan,group_chat,2026-03-31 14:09:02+00:00
taro_kobayashi,tkobayashi,group_chat,2026-03-31 14:09:02+00:00
taro_kobayashi,hwang,group_chat,2026-03-31 14:09:02+00:00
taro_kobayashi,tsilva,group_chat,2026-03-31 14:09:02+00:00
taro_kobayashi,rprasad,group_chat,2026-03-31 14:09:02+00:00
hyun_jae_wang,jhassan,group_chat,2026-03-31 14:09:24+00:00
hyun_jae_wang,tkobayashi,group_chat,2026-03-31 14:09:24+00:00
hyun_jae_wang,hwang,group_chat,2026-03-31 14:09:24+00:00
hyun_jae_wang,tsilva,group_chat,2026-03-31 14:09:24+00:00
hyun_jae_wang,rprasad,group_chat,2026-03-31 14:09:24+00:00
thiago_silva,jhassan,group_chat,2026-03-31 14:10:10+00:00
thiago_silva,tkobayashi,group_chat,2026-03-31 14:10:10+00:00
thiago_silva,hwang,group_chat,2026-03-31 14:10:10+00:00
thiago_silva,tsilva,group_chat,2026-03-31 14:10:10+00:00
thiago_silva,rprasad,group_chat,2026-03-31 14:10:10+00:00
rohit_prasad,jhassan,group_chat,2026-03-31 14:10:25+00:00
rohit_prasad,tkobayashi,group_chat,2026-03-31 14:10:25+00:00
rohit_prasad,hwang,group_chat,2026-03-31 14:10:25+00:00
rohit_prasad,tsilva,group_chat,2026-03-31 14:10:25+00:00
rohit_prasad,rprasad,group_chat,2026-03-31 14:10:25+00:00
taro_kobayashi,jhassan,group_chat,2026-03-31 14:11:00+00:00
taro_kobayashi,tkobayashi,group_chat,2026-03-31 14:11:00+00:00
taro_kobayashi,hwang,group_chat,2026-03-31 14:11:00+00:00
taro_kobayashi,tsilva,group_chat,2026-03-31 14:11:00+00:00
taro_kobayashi,rprasad,group_chat,2026-03-31 14:11:00+00:00
jamal_hassan,jhassan,group_chat,2026-03-31 14:11:30+00:00
jamal_hassan,tkobayashi,group_chat,2026-03-31 14:11:30+00:00
jamal_hassan,hwang,group_chat,2026-03-31 14:11:30+00:00
jamal_hassan,tsilva,group_chat,2026-03-31 14:11:30+00:00
jamal_hassan,rprasad,group_chat,2026-03-31 14:11:30+00:00
hyun_jae_wang,jhassan,group_chat,2026-03-31 14:12:05+00:00
hyun_jae_wang,tkobayashi,group_chat,2026-03-31 14:12:05+00:00
hyun_jae_wang,hwang,group_chat,2026-03-31 14:12:05+00:00
hyun_jae_wang,tsilva,group_chat,2026-03-31 14:12:05+00:00
hyun_jae_wang,rprasad,group_chat,2026-03-31 14:12:05+00:00
thiago_silva,jhassan,group_chat,2026-03-31 14:12:20+00:00
thiago_silva,tkobayashi,group_chat,2026-03-31 14:12:20+00:00
thiago_silva,hwang,group_chat,2026-03-31 14:12:20+00:00
thiago_silva,tsilva,group_chat,2026-03-31 14:12:20+00:00
thiago_silva,rprasad,group_chat,2026-03-31 14:12:20+00:00
rohit_prasad,jhassan,group_chat,2026-03-31 14:12:42+00:00
rohit_prasad,tkobayashi,group_chat,2026-03-31 14:12:42+00:00
rohit_prasad,hwang,group_chat,2026-03-31 14:12:42+00:00
rohit_prasad,tsilva,group_chat,2026-03-31 14:12:42+00:00
rohit_prasad,rprasad,group_chat,2026-03-31 14:12:42+00:00
jamal_hassan,jhassan,group_chat,2026-03-31 14:13:10+00:00
jamal_hassan,tkobayashi,group_chat,2026-03-31 14:13:10+00:00
jamal_hassan,hwang,group_chat,2026-03-31 14:13:10+00:00
jamal_hassan,tsilva,group_chat,2026-03-31 14:13:10+00:00
jamal_hassan,rprasad,group_chat,2026-03-31 14:13:10+00:00
taro_kobayashi,jhassan,group_chat,2026-03-31 14:13:30+00:00
taro_kobayashi,tkobayashi,group_chat,2026-03-31 14:13:30+00:00
taro_kobayashi,hwang,group_chat,2026-03-31 14:13:30+00:00
taro_kobayashi,tsilva,group_chat,2026-03-31 14:13:30+00:00
taro_kobayashi,rprasad,group_chat,2026-03-31 14:13:30+00:00
thiago_silva,jhassan,group_chat,2026-03-31 14:13:50+00:00
thiago_silva,tkobayashi,group_chat,2026-03-31 14:13:50+00:00
thiago_silva,hwang,group_chat,2026-03-31 14:13:50+00:00
thiago_silva,tsilva,group_chat,2026-03-31 14:13:50+00:00
thiago_silva,rprasad,group_chat,2026-03-31 14:13:50+00:00
hyun_jae_wang,jhassan,group_chat,2026-03-31 14:14:15+00:00
hyun_jae_wang,tkobayashi,group_chat,2026-03-31 14:14:15+00:00
hyun_jae_wang,hwang,group_chat,2026-03-31 14:14:15+00:00
hyun_jae_wang,tsilva,group_chat,2026-03-31 14:14:15+00:00
hyun_jae_wang,rprasad,group_chat,2026-03-31 14:14:15+00:00
Jamal Hassan,jhassan,group_chat,2026-03-31 10:02:15+00:00
Jamal Hassan,tkobayashi,group_chat,2026-03-31 10:02:15+00:00
Jamal Hassan,hwang,group_chat,2026-03-31 10:02:15+00:00
Jamal Hassan,tsilva,group_chat,2026-03-31 10:02:15+00:00
Jamal Hassan,rprasad,group_chat,2026-03-31 10:02:15+00:00
Taro Kobayashi,jhassan,group_chat,2026-03-31 10:02:45+00:00
Taro Kobayashi,tkobayashi,group_chat,2026-03-31 10:02:45+00:00
Taro Kobayashi,hwang,group_chat,2026-03-31 10:02:45+00:00
Taro Kobayashi,tsilva,group_chat,2026-03-31 10:02:45+00:00
Taro Kobayashi,rprasad,group_chat,2026-03-31 10:02:45+00:00
Taro Kobayashi,jhassan,group_chat,2026-03-31 10:03:10+00:00
Taro Kobayashi,tkobayashi,group_chat,2026-03-31 10:03:10+00:00
Taro Kobayashi,hwang,group_chat,2026-03-31 10:03:10+00:00
Taro Kobayashi,tsilva,group_chat,2026-03-31 10:03:10+00:00
Taro Kobayashi,rprasad,group_chat,2026-03-31 10:03:10+00:00
Hyun-Jae Wang,jhassan,group_chat,2026-03-31 10:04:25+00:00
Hyun-Jae Wang,tkobayashi,group_chat,2026-03-31 10:04:25+00:00
Hyun-Jae Wang,hwang,group_chat,2026-03-31 10:04:25+00:00
Hyun-Jae Wang,tsilva,group_chat,2026-03-31 10:04:25+00:00
Hyun-Jae Wang,rprasad,group_chat,2026-03-31 10:04:25+00:00
Thiago Silva,jhassan,group_chat,2026-03-31 10:04:50+00:00
Thiago Silva,tkobayashi,group_chat,2026-03-31 10:04:50+00:00
Thiago Silva,hwang,group_chat,2026-03-31 10:04:50+00:00
Thiago Silva,tsilva,group_chat,2026-03-31 10:04:50+00:00
Thiago Silva,rprasad,group_chat,2026-03-31 10:04:50+00:00
Rohit Prasad,jhassan,group_chat,2026-03-31 10:05:30+00:00
Rohit Prasad,tkobayashi,group_chat,2026-03-31 10:05:30+00:00
Rohit Prasad,hwang,group_chat,2026-03-31 10:05:30+00:00
Rohit Prasad,tsilva,group_chat,2026-03-31 10:05:30+00:00
Rohit Prasad,rprasad,group_chat,2026-03-31 10:05:30+00:00
Jamal Hassan,jhassan,group_chat,2026-03-31 10:05:55+00:00
Jamal Hassan,tkobayashi,group_chat,2026-03-31 10:05:55+00:00
Jamal Hassan,hwang,group_chat,2026-03-31 10:05:55+00:00
Jamal Hassan,tsilva,group_chat,2026-03-31 10:05:55+00:00
Jamal Hassan,rprasad,group_chat,2026-03-31 10:05:55+00:00
Taro Kobayashi,jhassan,group_chat,2026-03-31 10:06:20+00:00
Taro Kobayashi,tkobayashi,group_chat,2026-03-31 10:06:20+00:00
Taro Kobayashi,hwang,group_chat,2026-03-31 10:06:20+00:00
Taro Kobayashi,tsilva,group_chat,2026-03-31 10:06:20+00:00
Taro Kobayashi,rprasad,group_chat,2026-03-31 10:06:20+00:00
Hyun-Jae Wang,jhassan,group_chat,2026-03-31 10:07:05+00:00
Hyun-Jae Wang,tkobayashi,group_chat,2026-03-31 10:07:05+00:00
Hyun-Jae Wang,hwang,group_chat,2026-03-31 10:07:05+00:00
Hyun-Jae Wang,tsilva,group_chat,2026-03-31 10:07:05+00:00
Hyun-Jae Wang,rprasad,group_chat,2026-03-31 10:07:05+00:00
Thiago Silva,jhassan,group_chat,2026-03-31 10:07:40+00:00
Thiago Silva,tkobayashi,group_chat,2026-03-31 10:07:40+00:00
Thiago Silva,hwang,group_chat,2026-03-31 10:07:40+00:00
Thiago Silva,tsilva,group_chat,2026-03-31 10:07:40+00:00
Thiago Silva,rprasad,group_chat,2026-03-31 10:07:40+00:00
Rohit Prasad,jhassan,group_chat,2026-03-31 10:08:15+00:00
Rohit Prasad,tkobayashi,group_chat,2026-03-31 10:08:15+00:00
Rohit Prasad,hwang,group_chat,2026-03-31 10:08:15+00:00
Rohit Prasad,tsilva,group_chat,2026-03-31 10:08:15+00:00
Rohit Prasad,rprasad,group_chat,2026-03-31 10:08:15+00:00
Jamal Hassan,jhassan,group_chat,2026-03-31 10:08:40+00:00
Jamal Hassan,tkobayashi,group_chat,2026-03-31 10:08:40+00:00
Jamal Hassan,hwang,group_chat,2026-03-31 10:08:40+00:00
Jamal Hassan,tsilva,group_chat,2026-03-31 10:08:40+00:00
Jamal Hassan,rprasad,group_chat,2026-03-31 10:08:40+00:00
Hyun-Jae Wang,jhassan,group_chat,2026-03-31 10:09:05+00:00
Hyun-Jae Wang,tkobayashi,group_chat,2026-03-31 10:09:05+00:00
Hyun-Jae Wang,hwang,group_chat,2026-03-31 10:09:05+00:00
Hyun-Jae Wang,tsilva,group_chat,2026-03-31 10:09:05+00:00
Hyun-Jae Wang,rprasad,group_chat,2026-03-31 10:09:05+00:00
Rohit Prasad,jhassan,group_chat,2026-03-31 10:09:30+00:00
Rohit Prasad,tkobayashi,group_chat,2026-03-31 10:09:30+00:00
Rohit Prasad,hwang,group_chat,2026-03-31 10:09:30+00:00
Rohit Prasad,tsilva,group_chat,2026-03-31 10:09:30+00:00
Rohit Prasad,rprasad,group_chat,2026-03-31 10:09:30+00:00
Taro Kobayashi,jhassan,group_chat,2026-03-31 10:10:00+00:00
Taro Kobayashi,tkobayashi,group_chat,2026-03-31 10:10:00+00:00
Taro Kobayashi,hwang,group_chat,2026-03-31 10:10:00+00:00
Taro Kobayashi,tsilva,group_chat,2026-03-31 10:10:00+00:00
Taro Kobayashi,rprasad,group_chat,2026-03-31 10:10:00+00:00
Thiago Silva,jhassan,group_chat,2026-03-31 10:10:20+00:00
Thiago Silva,tkobayashi,group_chat,2026-03-31 10:10:20+00:00
Thiago Silva,hwang,group_chat,2026-03-31 10:10:20+00:00
Thiago Silva,tsilva,group_chat,2026-03-31 10:10:20+00:00
Thiago Silva,rprasad,group_chat,2026-03-31 10:10:20+00:00
Hyun-Jae Wang,jhassan,group_chat,2026-03-31 10:10:35+00:00
Hyun-Jae Wang,tkobayashi,group_chat,2026-03-31 10:10:35+00:00
Hyun-Jae Wang,hwang,group_chat,2026-03-31 10:10:35+00:00
Hyun-Jae Wang,tsilva,group_chat,2026-03-31 10:10:35+00:00
Hyun-Jae Wang,rprasad,group_chat,2026-03-31 10:10:35+00:00
Jamal Hassan,jhassan,group_chat,2026-03-31 10:11:00+00:00
Jamal Hassan,tkobayashi,group_chat,2026-03-31 10:11:00+00:00
Jamal Hassan,hwang,group_chat,2026-03-31 10:11:00+00:00
Jamal Hassan,tsilva,group_chat,2026-03-31 10:11:00+00:00
Jamal Hassan,rprasad,group_chat,2026-03-31 10:11:00+00:00
Thiago Silva,jhassan,group_chat,2026-03-31 10:11:20+00:00
Thiago Silva,tkobayashi,group_chat,2026-03-31 10:11:20+00:00
Thiago Silva,hwang,group_chat,2026-03-31 10:11:20+00:00
Thiago Silva,tsilva,group_chat,2026-03-31 10:11:20+00:00
Thiago Silva,rprasad,group_chat,2026-03-31 10:11:20+00:00
Rohit Prasad,jhassan,group_chat,2026-03-31 10:11:50+00:00
Rohit Prasad,tkobayashi,group_chat,2026-03-31 10:11:50+00:00
Rohit Prasad,hwang,group_chat,2026-03-31 10:11:50+00:00
Rohit Prasad,tsilva,group_chat,2026-03-31 10:11:50+00:00
Rohit Prasad,rprasad,group_chat,2026-03-31 10:11:50+00:00
Hyun-Jae Wang,jhassan,group_chat,2026-03-31 10:12:10+00:00
Hyun-Jae Wang,tkobayashi,group_chat,2026-03-31 10:12:10+00:00
Hyun-Jae Wang,hwang,group_chat,2026-03-31 10:12:10+00:00
Hyun-Jae Wang,tsilva,group_chat,2026-03-31 10:12:10+00:00
Hyun-Jae Wang,rprasad,group_chat,2026-03-31 10:12:10+00:00
Jacqueline Dubois,jdubois,group_chat,2026-03-31 09:03:12+00:00
Jacqueline Dubois,rmensah,group_chat,2026-03-31 09:03:12+00:00
Jacqueline Dubois,fpereira,group_chat,2026-03-31 09:03:12+00:00
Jacqueline Dubois,cndlovu,group_chat,2026-03-31 09:03:12+00:00
Jacqueline Dubois,adeyokonkwo,group_chat,2026-03-31 09:03:12+00:00
Fabiana Pereira,jdubois,group_chat,2026-03-31 09:03:27+00:00
Fabiana Pereira,rmensah,group_chat,2026-03-31 09:03:27+00:00
Fabiana Pereira,fpereira,group_chat,2026-03-31 09:03:27+00:00
Fabiana Pereira,cndlovu,group_chat,2026-03-31 09:03:27+00:00
Fabiana Pereira,adeyokonkwo,group_chat,2026-03-31 09:03:27+00:00
Rose Mensah,jdubois,group_chat,2026-03-31 09:05:05+00:00
Rose Mensah,rmensah,group_chat,2026-03-31 09:05:05+00:00
Rose Mensah,fpereira,group_chat,2026-03-31 09:05:05+00:00
Rose Mensah,cndlovu,group_chat,2026-03-31 09:05:05+00:00
Rose Mensah,adeyokonkwo,group_chat,2026-03-31 09:05:05+00:00
Chipo Ndlovu,jdubois,group_chat,2026-03-31 09:05:22+00:00
Chipo Ndlovu,rmensah,group_chat,2026-03-31 09:05:22+00:00
Chipo Ndlovu,fpereira,group_chat,2026-03-31 09:05:22+00:00
Chipo Ndlovu,cndlovu,group_chat,2026-03-31 09:05:22+00:00
Chipo Ndlovu,adeyokonkwo,group_chat,2026-03-31 09:05:22+00:00
Ade Okonkwo,jdubois,group_chat,2026-03-31 09:06:45+00:00
Ade Okonkwo,rmensah,group_chat,2026-03-31 09:06:45+00:00
Ade Okonkwo,fpereira,group_chat,2026-03-31 09:06:45+00:00
Ade Okonkwo,cndlovu,group_chat,2026-03-31 09:06:45+00:00
Ade Okonkwo,adeyokonkwo,group_chat,2026-03-31 09:06:45+00:00
Rose Mensah,jdubois,group_chat,2026-03-31 09:07:30+00:00
Rose Mensah,rmensah,group_chat,2026-03-31 09:07:30+00:00
Rose Mensah,fpereira,group_chat,2026-03-31 09:07:30+00:00
Rose Mensah,cndlovu,group_chat,2026-03-31 09:07:30+00:00
Rose Mensah,adeyokonkwo,group_chat,2026-03-31 09:07:30+00:00
Fabiana Pereira,jdubois,group_chat,2026-03-31 09:08:00+00:00
Fabiana Pereira,rmensah,group_chat,2026-03-31 09:08:00+00:00
Fabiana Pereira,fpereira,group_chat,2026-03-31 09:08:00+00:00
Fabiana Pereira,cndlovu,group_chat,2026-03-31 09:08:00+00:00
Fabiana Pereira,adeyokonkwo,group_chat,2026-03-31 09:08:00+00:00
Chipo Ndlovu,jdubois,group_chat,2026-03-31 09:08:45+00:00
Chipo Ndlovu,rmensah,group_chat,2026-03-31 09:08:45+00:00
Chipo Ndlovu,fpereira,group_chat,2026-03-31 09:08:45+00:00
Chipo Ndlovu,cndlovu,group_chat,2026-03-31 09:08:45+00:00
Chipo Ndlovu,adeyokonkwo,group_chat,2026-03-31 09:08:45+00:00
Rose Mensah,jdubois,group_chat,2026-03-31 09:09:12+00:00
Rose Mensah,rmensah,group_chat,2026-03-31 09:09:12+00:00
Rose Mensah,fpereira,group_chat,2026-03-31 09:09:12+00:00
Rose Mensah,cndlovu,group_chat,2026-03-31 09:09:12+00:00
Rose Mensah,adeyokonkwo,group_chat,2026-03-31 09:09:12+00:00
Jacqueline Dubois,jdubois,group_chat,2026-03-31 09:10:03+00:00
Jacqueline Dubois,rmensah,group_chat,2026-03-31 09:10:03+00:00
Jacqueline Dubois,fpereira,group_chat,2026-03-31 09:10:03+00:00
Jacqueline Dubois,cndlovu,group_chat,2026-03-31 09:10:03+00:00
Jacqueline Dubois,adeyokonkwo,group_chat,2026-03-31 09:10:03+00:00
Fabiana Pereira,jdubois,group_chat,2026-03-31 09:12:18+00:00
Fabiana Pereira,rmensah,group_chat,2026-03-31 09:12:18+00:00
Fabiana Pereira,fpereira,group_chat,2026-03-31 09:12:18+00:00
Fabiana Pereira,cndlovu,group_chat,2026-03-31 09:12:18+00:00
Fabiana Pereira,adeyokonkwo,group_chat,2026-03-31 09:12:18+00:00
Ade Okonkwo,jdubois,group_chat,2026-03-31 09:13:40+00:00
Ade Okonkwo,rmensah,group_chat,2026-03-31 09:13:40+00:00
Ade Okonkwo,fpereira,group_chat,2026-03-31 09:13:40+00:00
Ade Okonkwo,cndlovu,group_chat,2026-03-31 09:13:40+00:00
Ade Okonkwo,adeyokonkwo,group_chat,2026-03-31 09:13:40+00:00
Chipo Ndlovu,jdubois,group_chat,2026-03-31 09:14:02+00:00
Chipo Ndlovu,rmensah,group_chat,2026-03-31 09:14:02+00:00
Chipo Ndlovu,fpereira,group_chat,2026-03-31 09:14:02+00:00
Chipo Ndlovu,cndlovu,group_chat,2026-03-31 09:14:02+00:00
Chipo Ndlovu,adeyokonkwo,group_chat,2026-03-31 09:14:02+00:00
Fabiana Pereira,jdubois,group_chat,2026-03-31 09:15:30+00:00
Fabiana Pereira,rmensah,group_chat,2026-03-31 09:15:30+00:00
Fabiana Pereira,fpereira,group_chat,2026-03-31 09:15:30+00:00
Fabiana Pereira,cndlovu,group_chat,2026-03-31 09:15:30+00:00
Fabiana Pereira,adeyokonkwo,group_chat,2026-03-31 09:15:30+00:00
Jacqueline Dubois,jdubois,group_chat,2026-03-31 09:15:50+00:00
Jacqueline Dubois,rmensah,group_chat,2026-03-31 09:15:50+00:00
Jacqueline Dubois,fpereira,group_chat,2026-03-31 09:15:50+00:00
Jacqueline Dubois,cndlovu,group_chat,2026-03-31 09:15:50+00:00
Jacqueline Dubois,adeyokonkwo,group_chat,2026-03-31 09:15:50+00:00
Rose Mensah,jdubois,group_chat,2026-03-31 09:16:40+00:00
Rose Mensah,rmensah,group_chat,2026-03-31 09:16:40+00:00
Rose Mensah,fpereira,group_chat,2026-03-31 09:16:40+00:00
Rose Mensah,cndlovu,group_chat,2026-03-31 09:16:40+00:00
Rose Mensah,adeyokonkwo,group_chat,2026-03-31 09:16:40+00:00
Ade Okonkwo,jdubois,group_chat,2026-03-31 09:17:02+00:00
Ade Okonkwo,rmensah,group_chat,2026-03-31 09:17:02+00:00
Ade Okonkwo,fpereira,group_chat,2026-03-31 09:17:02+00:00
Ade Okonkwo,cndlovu,group_chat,2026-03-31 09:17:02+00:00
Ade Okonkwo,adeyokonkwo,group_chat,2026-03-31 09:17:02+00:00
Chipo Ndlovu,jdubois,group_chat,2026-03-31 09:18:00+00:00
Chipo Ndlovu,rmensah,group_chat,2026-03-31 09:18:00+00:00
Chipo Ndlovu,fpereira,group_chat,2026-03-31 09:18:00+00:00
Chipo Ndlovu,cndlovu,group_chat,2026-03-31 09:18:00+00:00
Chipo Ndlovu,adeyokonkwo,group_chat,2026-03-31 09:18:00+00:00
Jacqueline Dubois,jdubois,group_chat,2026-03-31 09:18:15+00:00
Jacqueline Dubois,rmensah,group_chat,2026-03-31 09:18:15+00:00
Jacqueline Dubois,fpereira,group_chat,2026-03-31 09:18:15+00:00
Jacqueline Dubois,cndlovu,group_chat,2026-03-31 09:18:15+00:00
Jacqueline Dubois,adeyokonkwo,group_chat,2026-03-31 09:18:15+00:00
Amélie Dubois,adubois,group_chat,2026-03-31 14:10:35+00:00
Amélie Dubois,jokonkwo,group_chat,2026-03-31 14:10:35+00:00
Amélie Dubois,mgarcia,group_chat,2026-03-31 14:10:35+00:00
Amélie Dubois,tsato,group_chat,2026-03-31 14:10:35+00:00
Amélie Dubois,rpatel,group_chat,2026-03-31 14:10:35+00:00
Jamal Okonkwo,adubois,group_chat,2026-03-31 14:10:40+00:00
Jamal Okonkwo,jokonkwo,group_chat,2026-03-31 14:10:40+00:00
Jamal Okonkwo,mgarcia,group_chat,2026-03-31 14:10:40+00:00
Jamal Okonkwo,tsato,group_chat,2026-03-31 14:10:40+00:00
Jamal Okonkwo,rpatel,group_chat,2026-03-31 14:10:40+00:00
Mariana Garcia,adubois,group_chat,2026-03-31 14:12:15+00:00
Mariana Garcia,jokonkwo,group_chat,2026-03-31 14:12:15+00:00
Mariana Garcia,mgarcia,group_chat,2026-03-31 14:12:15+00:00
Mariana Garcia,tsato,group_chat,2026-03-31 14:12:15+00:00
Mariana Garcia,rpatel,group_chat,2026-03-31 14:12:15+00:00
Ravi Patel,adubois,group_chat,2026-03-31 14:12:45+00:00
Ravi Patel,jokonkwo,group_chat,2026-03-31 14:12:45+00:00
Ravi Patel,mgarcia,group_chat,2026-03-31 14:12:45+00:00
Ravi Patel,tsato,group_chat,2026-03-31 14:12:45+00:00
Ravi Patel,rpatel,group_chat,2026-03-31 14:12:45+00:00
Takeshi Sato,adubois,group_chat,2026-03-31 14:13:10+00:00
Takeshi Sato,jokonkwo,group_chat,2026-03-31 14:13:10+00:00
Takeshi Sato,mgarcia,group_chat,2026-03-31 14:13:10+00:00
Takeshi Sato,tsato,group_chat,2026-03-31 14:13:10+00:00
Takeshi Sato,rpatel,group_chat,2026-03-31 14:13:10+00:00
Mariana Garcia,adubois,group_chat,2026-03-31 14:13:50+00:00
Mariana Garcia,jokonkwo,group_chat,2026-03-31 14:13:50+00:00
Mariana Garcia,mgarcia,group_chat,2026-03-31 14:13:50+00:00
Mariana Garcia,tsato,group_chat,2026-03-31 14:13:50+00:00
Mariana Garcia,rpatel,group_chat,2026-03-31 14:13:50+00:00
Jamal Okonkwo,adubois,group_chat,2026-03-31 14:14:30+00:00
Jamal Okonkwo,jokonkwo,group_chat,2026-03-31 14:14:30+00:00
Jamal Okonkwo,mgarcia,group_chat,2026-03-31 14:14:30+00:00
Jamal Okonkwo,tsato,group_chat,2026-03-31 14:14:30+00:00
Jamal Okonkwo,rpatel,group_chat,2026-03-31 14:14:30+00:00
Amélie Dubois,adubois,group_chat,2026-03-31 14:14:45+00:00
Amélie Dubois,jokonkwo,group_chat,2026-03-31 14:14:45+00:00
Amélie Dubois,mgarcia,group_chat,2026-03-31 14:14:45+00:00
Amélie Dubois,tsato,group_chat,2026-03-31 14:14:45+00:00
Amélie Dubois,rpatel,group_chat,2026-03-31 14:14:45+00:00
Ravi Patel,adubois,group_chat,2026-03-31 14:14:55+00:00
Ravi Patel,jokonkwo,group_chat,2026-03-31 14:14:55+00:00
Ravi Patel,mgarcia,group_chat,2026-03-31 14:14:55+00:00
Ravi Patel,tsato,group_chat,2026-03-31 14:14:55+00:00
Ravi Patel,rpatel,group_chat,2026-03-31 14:14:55+00:00
Takeshi Sato,adubois,group_chat,2026-03-31 14:15:20+00:00
Takeshi Sato,jokonkwo,group_chat,2026-03-31 14:15:20+00:00
Takeshi Sato,mgarcia,group_chat,2026-03-31 14:15:20+00:00
Takeshi Sato,tsato,group_chat,2026-03-31 14:15:20+00:00
Takeshi Sato,rpatel,group_chat,2026-03-31 14:15:20+00:00
Mariana Garcia,adubois,group_chat,2026-03-31 14:16:05+00:00
Mariana Garcia,jokonkwo,group_chat,2026-03-31 14:16:05+00:00
Mariana Garcia,mgarcia,group_chat,2026-03-31 14:16:05+00:00
Mariana Garcia,tsato,group_chat,2026-03-31 14:16:05+00:00
Mariana Garcia,rpatel,group_chat,2026-03-31 14:16:05+00:00
Ravi Patel,adubois,group_chat,2026-03-31 14:16:40+00:00
Ravi Patel,jokonkwo,group_chat,2026-03-31 14:16:40+00:00
Ravi Patel,mgarcia,group_chat,2026-03-31 14:16:40+00:00
Ravi Patel,tsato,group_chat,2026-03-31 14:16:40+00:00
Ravi Patel,rpatel,group_chat,2026-03-31 14:16:40+00:00
Amélie Dubois,adubois,group_chat,2026-03-31 14:17:10+00:00
Amélie Dubois,jokonkwo,group_chat,2026-03-31 14:17:10+00:00
Amélie Dubois,mgarcia,group_chat,2026-03-31 14:17:10+00:00
Amélie Dubois,tsato,group_chat,2026-03-31 14:17:10+00:00
Amélie Dubois,rpatel,group_chat,2026-03-31 14:17:10+00:00
Takeshi Sato,adubois,group_chat,2026-03-31 14:17:30+00:00
Takeshi Sato,jokonkwo,group_chat,2026-03-31 14:17:30+00:00
Takeshi Sato,mgarcia,group_chat,2026-03-31 14:17:30+00:00
Takeshi Sato,tsato,group_chat,2026-03-31 14:17:30+00:00
Takeshi Sato,rpatel,group_chat,2026-03-31 14:17:30+00:00
Jamal Okonkwo,adubois,group_chat,2026-03-31 14:18:15+00:00
Jamal Okonkwo,jokonkwo,group_chat,2026-03-31 14:18:15+00:00
Jamal Okonkwo,mgarcia,group_chat,2026-03-31 14:18:15+00:00
Jamal Okonkwo,tsato,group_chat,2026-03-31 14:18:15+00:00
Jamal Okonkwo,rpatel,group_chat,2026-03-31 14:18:15+00:00
Mona Sharif,msharif,group_chat,2026-03-31 14:00:02+00:00
Mona Sharif,rchowdhury,group_chat,2026-03-31 14:00:02+00:00
Mona Sharif,knguyen,group_chat,2026-03-31 14:00:02+00:00
Mona Sharif,amustafa,group_chat,2026-03-31 14:00:02+00:00
Mona Sharif,aokonkwo,group_chat,2026-03-31 14:00:02+00:00
Khoi Nguyen,msharif,group_chat,2026-03-31 14:00:15+00:00
Khoi Nguyen,rchowdhury,group_chat,2026-03-31 14:00:15+00:00
Khoi Nguyen,knguyen,group_chat,2026-03-31 14:00:15+00:00
Khoi Nguyen,amustafa,group_chat,2026-03-31 14:00:15+00:00
Khoi Nguyen,aokonkwo,group_chat,2026-03-31 14:00:15+00:00
Ritika Chowdhury,msharif,group_chat,2026-03-31 14:01:22+00:00
Ritika Chowdhury,rchowdhury,group_chat,2026-03-31 14:01:22+00:00
Ritika Chowdhury,knguyen,group_chat,2026-03-31 14:01:22+00:00
Ritika Chowdhury,amustafa,group_chat,2026-03-31 14:01:22+00:00
Ritika Chowdhury,aokonkwo,group_chat,2026-03-31 14:01:22+00:00
Adanna Okonkwo,msharif,group_chat,2026-03-31 14:01:35+00:00
Adanna Okonkwo,rchowdhury,group_chat,2026-03-31 14:01:35+00:00
Adanna Okonkwo,knguyen,group_chat,2026-03-31 14:01:35+00:00
Adanna Okonkwo,amustafa,group_chat,2026-03-31 14:01:35+00:00
Adanna Okonkwo,aokonkwo,group_chat,2026-03-31 14:01:35+00:00
Amina Mustafa,msharif,group_chat,2026-03-31 14:02:01+00:00
Amina Mustafa,rchowdhury,group_chat,2026-03-31 14:02:01+00:00
Amina Mustafa,knguyen,group_chat,2026-03-31 14:02:01+00:00
Amina Mustafa,amustafa,group_chat,2026-03-31 14:02:01+00:00
Amina Mustafa,aokonkwo,group_chat,2026-03-31 14:02:01+00:00
Mona Sharif,msharif,group_chat,2026-03-31 14:02:12+00:00
Mona Sharif,rchowdhury,group_chat,2026-03-31 14:02:12+00:00
Mona Sharif,knguyen,group_chat,2026-03-31 14:02:12+00:00
Mona Sharif,amustafa,group_chat,2026-03-31 14:02:12+00:00
Mona Sharif,aokonkwo,group_chat,2026-03-31 14:02:12+00:00
Khoi Nguyen,msharif,group_chat,2026-03-31 14:03:05+00:00
Khoi Nguyen,rchowdhury,group_chat,2026-03-31 14:03:05+00:00
Khoi Nguyen,knguyen,group_chat,2026-03-31 14:03:05+00:00
Khoi Nguyen,amustafa,group_chat,2026-03-31 14:03:05+00:00
Khoi Nguyen,aokonkwo,group_chat,2026-03-31 14:03:05+00:00
Ritika Chowdhury,msharif,group_chat,2026-03-31 14:03:40+00:00
Ritika Chowdhury,rchowdhury,group_chat,2026-03-31 14:03:40+00:00
Ritika Chowdhury,knguyen,group_chat,2026-03-31 14:03:40+00:00
Ritika Chowdhury,amustafa,group_chat,2026-03-31 14:03:40+00:00
Ritika Chowdhury,aokonkwo,group_chat,2026-03-31 14:03:40+00:00
Adanna Okonkwo,msharif,group_chat,2026-03-31 14:04:11+00:00
Adanna Okonkwo,rchowdhury,group_chat,2026-03-31 14:04:11+00:00
Adanna Okonkwo,knguyen,group_chat,2026-03-31 14:04:11+00:00
Adanna Okonkwo,amustafa,group_chat,2026-03-31 14:04:11+00:00
Adanna Okonkwo,aokonkwo,group_chat,2026-03-31 14:04:11+00:00
Amina Mustafa,msharif,group_chat,2026-03-31 14:04:30+00:00
Amina Mustafa,rchowdhury,group_chat,2026-03-31 14:04:30+00:00
Amina Mustafa,knguyen,group_chat,2026-03-31 14:04:30+00:00
Amina Mustafa,amustafa,group_chat,2026-03-31 14:04:30+00:00
Amina Mustafa,aokonkwo,group_chat,2026-03-31 14:04:30+00:00
Khoi Nguyen,msharif,group_chat,2026-03-31 14:05:12+00:00
Khoi Nguyen,rchowdhury,group_chat,2026-03-31 14:05:12+00:00
Khoi Nguyen,knguyen,group_chat,2026-03-31 14:05:12+00:00
Khoi Nguyen,amustafa,group_chat,2026-03-31 14:05:12+00:00
Khoi Nguyen,aokonkwo,group_chat,2026-03-31 14:05:12+00:00
Mona Sharif,msharif,group_chat,2026-03-31 14:05:25+00:00
Mona Sharif,rchowdhury,group_chat,2026-03-31 14:05:25+00:00
Mona Sharif,knguyen,group_chat,2026-03-31 14:05:25+00:00
Mona Sharif,amustafa,group_chat,2026-03-31 14:05:25+00:00
Mona Sharif,aokonkwo,group_chat,2026-03-31 14:05:25+00:00
Ritika Chowdhury,msharif,group_chat,2026-03-31 14:05:50+00:00
Ritika Chowdhury,rchowdhury,group_chat,2026-03-31 14:05:50+00:00
Ritika Chowdhury,knguyen,group_chat,2026-03-31 14:05:50+00:00
Ritika Chowdhury,amustafa,group_chat,2026-03-31 14:05:50+00:00
Ritika Chowdhury,aokonkwo,group_chat,2026-03-31 14:05:50+00:00
Adanna Okonkwo,msharif,group_chat,2026-03-31 14:06:05+00:00
Adanna Okonkwo,rchowdhury,group_chat,2026-03-31 14:06:05+00:00
Adanna Okonkwo,knguyen,group_chat,2026-03-31 14:06:05+00:00
Adanna Okonkwo,amustafa,group_chat,2026-03-31 14:06:05+00:00
Adanna Okonkwo,aokonkwo,group_chat,2026-03-31 14:06:05+00:00
Amina Mustafa,msharif,group_chat,2026-03-31 14:06:20+00:00
Amina Mustafa,rchowdhury,group_chat,2026-03-31 14:06:20+00:00
Amina Mustafa,knguyen,group_chat,2026-03-31 14:06:20+00:00
Amina Mustafa,amustafa,group_chat,2026-03-31 14:06:20+00:00
Amina Mustafa,aokonkwo,group_chat,2026-03-31 14:06:20+00:00
Khoi Nguyen,msharif,group_chat,2026-03-31 14:06:32+00:00
Khoi Nguyen,rchowdhury,group_chat,2026-03-31 14:06:32+00:00
Khoi Nguyen,knguyen,group_chat,2026-03-31 14:06:32+00:00
Khoi Nguyen,amustafa,group_chat,2026-03-31 14:06:32+00:00
Khoi Nguyen,aokonkwo,group_chat,2026-03-31 14:06:32+00:00
Ritika Chowdhury,msharif,group_chat,2026-03-31 14:08:00+00:00
Ritika Chowdhury,rchowdhury,group_chat,2026-03-31 14:08:00+00:00
Ritika Chowdhury,knguyen,group_chat,2026-03-31 14:08:00+00:00
Ritika Chowdhury,amustafa,group_chat,2026-03-31 14:08:00+00:00
Ritika Chowdhury,aokonkwo,group_chat,2026-03-31 14:08:00+00:00
Mona Sharif,msharif,group_chat,2026-03-31 14:08:20+00:00
Mona Sharif,rchowdhury,group_chat,2026-03-31 14:08:20+00:00
Mona Sharif,knguyen,group_chat,2026-03-31 14:08:20+00:00
Mona Sharif,amustafa,group_chat,2026-03-31 14:08:20+00:00
Mona Sharif,aokonkwo,group_chat,2026-03-31 14:08:20+00:00
Khoi Nguyen,msharif,group_chat,2026-03-31 14:09:10+00:00
Khoi Nguyen,rchowdhury,group_chat,2026-03-31 14:09:10+00:00
Khoi Nguyen,knguyen,group_chat,2026-03-31 14:09:10+00:00
Khoi Nguyen,amustafa,group_chat,2026-03-31 14:09:10+00:00
Khoi Nguyen,aokonkwo,group_chat,2026-03-31 14:09:10+00:00
Adanna Okonkwo,msharif,group_chat,2026-03-31 14:09:25+00:00
Adanna Okonkwo,rchowdhury,group_chat,2026-03-31 14:09:25+00:00
Adanna Okonkwo,knguyen,group_chat,2026-03-31 14:09:25+00:00
Adanna Okonkwo,amustafa,group_chat,2026-03-31 14:09:25+00:00
Adanna Okonkwo,aokonkwo,group_chat,2026-03-31 14:09:25+00:00
Amina Mustafa,msharif,group_chat,2026-03-31 14:10:00+00:00
Amina Mustafa,rchowdhury,group_chat,2026-03-31 14:10:00+00:00
Amina Mustafa,knguyen,group_chat,2026-03-31 14:10:00+00:00
Amina Mustafa,amustafa,group_chat,2026-03-31 14:10:00+00:00
Amina Mustafa,aokonkwo,group_chat,2026-03-31 14:10:00+00:00
Takeshi Sato,tsato,group_chat,2026-04-01 09:02:13+00:00
Takeshi Sato,jhassan,group_chat,2026-04-01 09:02:13+00:00
Takeshi Sato,hwang,group_chat,2026-04-01 09:02:13+00:00
Takeshi Sato,rprasad,group_chat,2026-04-01 09:02:13+00:00
Takeshi Sato,tkobayashi,group_chat,2026-04-01 09:02:13+00:00
Jamal Hassan,tsato,group_chat,2026-04-01 09:02:45+00:00
Jamal Hassan,jhassan,group_chat,2026-04-01 09:02:45+00:00
Jamal Hassan,hwang,group_chat,2026-04-01 09:02:45+00:00
Jamal Hassan,rprasad,group_chat,2026-04-01 09:02:45+00:00
Jamal Hassan,tkobayashi,group_chat,2026-04-01 09:02:45+00:00
Hyun-Jae Wang,tsato,group_chat,2026-04-01 09:03:08+00:00
Hyun-Jae Wang,jhassan,group_chat,2026-04-01 09:03:08+00:00
Hyun-Jae Wang,hwang,group_chat,2026-04-01 09:03:08+00:00
Hyun-Jae Wang,rprasad,group_chat,2026-04-01 09:03:08+00:00
Hyun-Jae Wang,tkobayashi,group_chat,2026-04-01 09:03:08+00:00
Taro Kobayashi,tsato,group_chat,2026-04-01 09:03:20+00:00
Taro Kobayashi,jhassan,group_chat,2026-04-01 09:03:20+00:00
Taro Kobayashi,hwang,group_chat,2026-04-01 09:03:20+00:00
Taro Kobayashi,rprasad,group_chat,2026-04-01 09:03:20+00:00
Taro Kobayashi,tkobayashi,group_chat,2026-04-01 09:03:20+00:00
Taro Kobayashi,tsato,group_chat,2026-04-01 09:03:34+00:00
Taro Kobayashi,jhassan,group_chat,2026-04-01 09:03:34+00:00
Taro Kobayashi,hwang,group_chat,2026-04-01 09:03:34+00:00
Taro Kobayashi,rprasad,group_chat,2026-04-01 09:03:34+00:00
Taro Kobayashi,tkobayashi,group_chat,2026-04-01 09:03:34+00:00
Hyun-Jae Wang,tsato,group_chat,2026-04-01 09:03:50+00:00
Hyun-Jae Wang,jhassan,group_chat,2026-04-01 09:03:50+00:00
Hyun-Jae Wang,hwang,group_chat,2026-04-01 09:03:50+00:00
Hyun-Jae Wang,rprasad,group_chat,2026-04-01 09:03:50+00:00
Hyun-Jae Wang,tkobayashi,group_chat,2026-04-01 09:03:50+00:00
Rohit Prasad,tsato,group_chat,2026-04-01 09:04:12+00:00
Rohit Prasad,jhassan,group_chat,2026-04-01 09:04:12+00:00
Rohit Prasad,hwang,group_chat,2026-04-01 09:04:12+00:00
Rohit Prasad,rprasad,group_chat,2026-04-01 09:04:12+00:00
Rohit Prasad,tkobayashi,group_chat,2026-04-01 09:04:12+00:00
Takeshi Sato,tsato,group_chat,2026-04-01 09:04:33+00:00
Takeshi Sato,jhassan,group_chat,2026-04-01 09:04:33+00:00
Takeshi Sato,hwang,group_chat,2026-04-01 09:04:33+00:00
Takeshi Sato,rprasad,group_chat,2026-04-01 09:04:33+00:00
Takeshi Sato,tkobayashi,group_chat,2026-04-01 09:04:33+00:00
Rohit Prasad,tsato,group_chat,2026-04-01 09:04:54+00:00
Rohit Prasad,jhassan,group_chat,2026-04-01 09:04:54+00:00
Rohit Prasad,hwang,group_chat,2026-04-01 09:04:54+00:00
Rohit Prasad,rprasad,group_chat,2026-04-01 09:04:54+00:00
Rohit Prasad,tkobayashi,group_chat,2026-04-01 09:04:54+00:00
Jamal Hassan,tsato,group_chat,2026-04-01 09:05:12+00:00
Jamal Hassan,jhassan,group_chat,2026-04-01 09:05:12+00:00
Jamal Hassan,hwang,group_chat,2026-04-01 09:05:12+00:00
Jamal Hassan,rprasad,group_chat,2026-04-01 09:05:12+00:00
Jamal Hassan,tkobayashi,group_chat,2026-04-01 09:05:12+00:00
Taro Kobayashi,tsato,group_chat,2026-04-01 09:05:38+00:00
Taro Kobayashi,jhassan,group_chat,2026-04-01 09:05:38+00:00
Taro Kobayashi,hwang,group_chat,2026-04-01 09:05:38+00:00
Taro Kobayashi,rprasad,group_chat,2026-04-01 09:05:38+00:00
Taro Kobayashi,tkobayashi,group_chat,2026-04-01 09:05:38+00:00
Hyun-Jae Wang,tsato,group_chat,2026-04-01 09:06:01+00:00
Hyun-Jae Wang,jhassan,group_chat,2026-04-01 09:06:01+00:00
Hyun-Jae Wang,hwang,group_chat,2026-04-01 09:06:01+00:00
Hyun-Jae Wang,rprasad,group_chat,2026-04-01 09:06:01+00:00
Hyun-Jae Wang,tkobayashi,group_chat,2026-04-01 09:06:01+00:00
Takeshi Sato,tsato,group_chat,2026-04-01 09:06:27+00:00
Takeshi Sato,jhassan,group_chat,2026-04-01 09:06:27+00:00
Takeshi Sato,hwang,group_chat,2026-04-01 09:06:27+00:00
Takeshi Sato,rprasad,group_chat,2026-04-01 09:06:27+00:00
Takeshi Sato,tkobayashi,group_chat,2026-04-01 09:06:27+00:00
Rohit Prasad,tsato,group_chat,2026-04-01 09:06:50+00:00
Rohit Prasad,jhassan,group_chat,2026-04-01 09:06:50+00:00
Rohit Prasad,hwang,group_chat,2026-04-01 09:06:50+00:00
Rohit Prasad,rprasad,group_chat,2026-04-01 09:06:50+00:00
Rohit Prasad,tkobayashi,group_chat,2026-04-01 09:06:50+00:00
Jamal Hassan,tsato,group_chat,2026-04-01 09:07:13+00:00
Jamal Hassan,jhassan,group_chat,2026-04-01 09:07:13+00:00
Jamal Hassan,hwang,group_chat,2026-04-01 09:07:13+00:00
Jamal Hassan,rprasad,group_chat,2026-04-01 09:07:13+00:00
Jamal Hassan,tkobayashi,group_chat,2026-04-01 09:07:13+00:00
Taro Kobayashi,tsato,group_chat,2026-04-01 09:07:30+00:00
Taro Kobayashi,jhassan,group_chat,2026-04-01 09:07:30+00:00
Taro Kobayashi,hwang,group_chat,2026-04-01 09:07:30+00:00
Taro Kobayashi,rprasad,group_chat,2026-04-01 09:07:30+00:00
Taro Kobayashi,tkobayashi,group_chat,2026-04-01 09:07:30+00:00
Hyun-Jae Wang,tsato,group_chat,2026-04-01 09:07:54+00:00
Hyun-Jae Wang,jhassan,group_chat,2026-04-01 09:07:54+00:00
Hyun-Jae Wang,hwang,group_chat,2026-04-01 09:07:54+00:00
Hyun-Jae Wang,rprasad,group_chat,2026-04-01 09:07:54+00:00
Hyun-Jae Wang,tkobayashi,group_chat,2026-04-01 09:07:54+00:00
Takeshi Sato,tsato,group_chat,2026-04-01 09:08:12+00:00
Takeshi Sato,jhassan,group_chat,2026-04-01 09:08:12+00:00
Takeshi Sato,hwang,group_chat,2026-04-01 09:08:12+00:00
Takeshi Sato,rprasad,group_chat,2026-04-01 09:08:12+00:00
Takeshi Sato,tkobayashi,group_chat,2026-04-01 09:08:12+00:00
Jamal Hassan,tsato,group_chat,2026-04-01 09:08:28+00:00
Jamal Hassan,jhassan,group_chat,2026-04-01 09:08:28+00:00
Jamal Hassan,hwang,group_chat,2026-04-01 09:08:28+00:00
Jamal Hassan,rprasad,group_chat,2026-04-01 09:08:28+00:00
Jamal Hassan,tkobayashi,group_chat,2026-04-01 09:08:28+00:00
Hyun-Jae Wang,tsato,group_chat,2026-04-01 09:08:40+00:00
Hyun-Jae Wang,jhassan,group_chat,2026-04-01 09:08:40+00:00
Hyun-Jae Wang,hwang,group_chat,2026-04-01 09:08:40+00:00
Hyun-Jae Wang,rprasad,group_chat,2026-04-01 09:08:40+00:00
Hyun-Jae Wang,tkobayashi,group_chat,2026-04-01 09:08:40+00:00
Rohit Prasad,tsato,group_chat,2026-04-01 09:08:57+00:00
Rohit Prasad,jhassan,group_chat,2026-04-01 09:08:57+00:00
Rohit Prasad,hwang,group_chat,2026-04-01 09:08:57+00:00
Rohit Prasad,rprasad,group_chat,2026-04-01 09:08:57+00:00
Rohit Prasad,tkobayashi,group_chat,2026-04-01 09:08:57+00:00
Takeshi Sato,tsato,group_chat,2026-04-01 09:09:12+00:00
Takeshi Sato,jhassan,group_chat,2026-04-01 09:09:12+00:00
Takeshi Sato,hwang,group_chat,2026-04-01 09:09:12+00:00
Takeshi Sato,rprasad,group_chat,2026-04-01 09:09:12+00:00
Takeshi Sato,tkobayashi,group_chat,2026-04-01 09:09:12+00:00
Taro Kobayashi,tsato,group_chat,2026-04-01 09:09:30+00:00
Taro Kobayashi,jhassan,group_chat,2026-04-01 09:09:30+00:00
Taro Kobayashi,hwang,group_chat,2026-04-01 09:09:30+00:00
Taro Kobayashi,rprasad,group_chat,2026-04-01 09:09:30+00:00
Taro Kobayashi,tkobayashi,group_chat,2026-04-01 09:09:30+00:00
Jamal Hassan,tsato,group_chat,2026-04-01 09:09:47+00:00
Jamal Hassan,jhassan,group_chat,2026-04-01 09:09:47+00:00
Jamal Hassan,hwang,group_chat,2026-04-01 09:09:47+00:00
Jamal Hassan,rprasad,group_chat,2026-04-01 09:09:47+00:00
Jamal Hassan,tkobayashi,group_chat,2026-04-01 09:09:47+00:00
Takeshi Sato,tsato,group_chat,2026-04-01 09:10:03+00:00
Takeshi Sato,jhassan,group_chat,2026-04-01 09:10:03+00:00
Takeshi Sato,hwang,group_chat,2026-04-01 09:10:03+00:00
Takeshi Sato,rprasad,group_chat,2026-04-01 09:10:03+00:00
Takeshi Sato,tkobayashi,group_chat,2026-04-01 09:10:03+00:00
Amélie Dubois,adubois,group_chat,2026-04-01 14:32:00+00:00
Amélie Dubois,rpatel,group_chat,2026-04-01 14:32:00+00:00
Amélie Dubois,jokonkwo,group_chat,2026-04-01 14:32:00+00:00
Amélie Dubois,mgarcia,group_chat,2026-04-01 14:32:00+00:00
Ravi Patel,adubois,group_chat,2026-04-01 14:32:45+00:00
Ravi Patel,rpatel,group_chat,2026-04-01 14:32:45+00:00
Ravi Patel,jokonkwo,group_chat,2026-04-01 14:32:45+00:00
Ravi Patel,mgarcia,group_chat,2026-04-01 14:32:45+00:00
Jamal Okonkwo,adubois,group_chat,2026-04-01 14:33:10+00:00
Jamal Okonkwo,rpatel,group_chat,2026-04-01 14:33:10+00:00
Jamal Okonkwo,jokonkwo,group_chat,2026-04-01 14:33:10+00:00
Jamal Okonkwo,mgarcia,group_chat,2026-04-01 14:33:10+00:00
Mariana Garcia,adubois,group_chat,2026-04-01 14:33:30+00:00
Mariana Garcia,rpatel,group_chat,2026-04-01 14:33:30+00:00
Mariana Garcia,jokonkwo,group_chat,2026-04-01 14:33:30+00:00
Mariana Garcia,mgarcia,group_chat,2026-04-01 14:33:30+00:00
Amélie Dubois,adubois,group_chat,2026-04-01 14:34:00+00:00
Amélie Dubois,rpatel,group_chat,2026-04-01 14:34:00+00:00
Amélie Dubois,jokonkwo,group_chat,2026-04-01 14:34:00+00:00
Amélie Dubois,mgarcia,group_chat,2026-04-01 14:34:00+00:00
Ravi Patel,adubois,group_chat,2026-04-01 14:34:25+00:00
Ravi Patel,rpatel,group_chat,2026-04-01 14:34:25+00:00
Ravi Patel,jokonkwo,group_chat,2026-04-01 14:34:25+00:00
Ravi Patel,mgarcia,group_chat,2026-04-01 14:34:25+00:00
Jamal Okonkwo,adubois,group_chat,2026-04-01 14:34:50+00:00
Jamal Okonkwo,rpatel,group_chat,2026-04-01 14:34:50+00:00
Jamal Okonkwo,jokonkwo,group_chat,2026-04-01 14:34:50+00:00
Jamal Okonkwo,mgarcia,group_chat,2026-04-01 14:34:50+00:00
Mariana Garcia,adubois,group_chat,2026-04-01 14:35:15+00:00
Mariana Garcia,rpatel,group_chat,2026-04-01 14:35:15+00:00
Mariana Garcia,jokonkwo,group_chat,2026-04-01 14:35:15+00:00
Mariana Garcia,mgarcia,group_chat,2026-04-01 14:35:15+00:00
Amélie Dubois,adubois,group_chat,2026-04-01 14:35:40+00:00
Amélie Dubois,rpatel,group_chat,2026-04-01 14:35:40+00:00
Amélie Dubois,jokonkwo,group_chat,2026-04-01 14:35:40+00:00
Amélie Dubois,mgarcia,group_chat,2026-04-01 14:35:40+00:00
Jamal Okonkwo,adubois,group_chat,2026-04-01 14:36:05+00:00
Jamal Okonkwo,rpatel,group_chat,2026-04-01 14:36:05+00:00
Jamal Okonkwo,jokonkwo,group_chat,2026-04-01 14:36:05+00:00
Jamal Okonkwo,mgarcia,group_chat,2026-04-01 14:36:05+00:00
Mariana Garcia,adubois,group_chat,2026-04-01 14:36:30+00:00
Mariana Garcia,rpatel,group_chat,2026-04-01 14:36:30+00:00
Mariana Garcia,jokonkwo,group_chat,2026-04-01 14:36:30+00:00
Mariana Garcia,mgarcia,group_chat,2026-04-01 14:36:30+00:00
Ravi Patel,adubois,group_chat,2026-04-01 14:36:50+00:00
Ravi Patel,rpatel,group_chat,2026-04-01 14:36:50+00:00
Ravi Patel,jokonkwo,group_chat,2026-04-01 14:36:50+00:00
Ravi Patel,mgarcia,group_chat,2026-04-01 14:36:50+00:00
Amélie Dubois,adubois,group_chat,2026-04-01 14:37:15+00:00
Amélie Dubois,rpatel,group_chat,2026-04-01 14:37:15+00:00
Amélie Dubois,jokonkwo,group_chat,2026-04-01 14:37:15+00:00
Amélie Dubois,mgarcia,group_chat,2026-04-01 14:37:15+00:00
Ravi Patel,adubois,group_chat,2026-04-01 14:37:35+00:00
Ravi Patel,rpatel,group_chat,2026-04-01 14:37:35+00:00
Ravi Patel,jokonkwo,group_chat,2026-04-01 14:37:35+00:00
Ravi Patel,mgarcia,group_chat,2026-04-01 14:37:35+00:00
Mariana Garcia,adubois,group_chat,2026-04-01 14:37:55+00:00
Mariana Garcia,rpatel,group_chat,2026-04-01 14:37:55+00:00
Mariana Garcia,jokonkwo,group_chat,2026-04-01 14:37:55+00:00
Mariana Garcia,mgarcia,group_chat,2026-04-01 14:37:55+00:00
Amélie Dubois,adubois,group_chat,2026-04-01 14:38:20+00:00
Amélie Dubois,rpatel,group_chat,2026-04-01 14:38:20+00:00
Amélie Dubois,jokonkwo,group_chat,2026-04-01 14:38:20+00:00
Amélie Dubois,mgarcia,group_chat,2026-04-01 14:38:20+00:00
Jamal Okonkwo,adubois,group_chat,2026-04-01 14:38:40+00:00
Jamal Okonkwo,rpatel,group_chat,2026-04-01 14:38:40+00:00
Jamal Okonkwo,jokonkwo,group_chat,2026-04-01 14:38:40+00:00
Jamal Okonkwo,mgarcia,group_chat,2026-04-01 14:38:40+00:00
Mariana Garcia,adubois,group_chat,2026-04-01 14:39:00+00:00
Mariana Garcia,rpatel,group_chat,2026-04-01 14:39:00+00:00
Mariana Garcia,jokonkwo,group_chat,2026-04-01 14:39:00+00:00
Mariana Garcia,mgarcia,group_chat,2026-04-01 14:39:00+00:00
Ravi Patel,adubois,group_chat,2026-04-01 14:39:25+00:00
Ravi Patel,rpatel,group_chat,2026-04-01 14:39:25+00:00
Ravi Patel,jokonkwo,group_chat,2026-04-01 14:39:25+00:00
Ravi Patel,mgarcia,group_chat,2026-04-01 14:39:25+00:00
Amélie Dubois,adubois,group_chat,2026-04-01 14:39:45+00:00
Amélie Dubois,rpatel,group_chat,2026-04-01 14:39:45+00:00
Amélie Dubois,jokonkwo,group_chat,2026-04-01 14:39:45+00:00
Amélie Dubois,mgarcia,group_chat,2026-04-01 14:39:45+00:00
thiago_silva,tsilva,group_chat,2026-04-01 10:02:15+00:00
thiago_silva,kpark,group_chat,2026-04-01 10:02:15+00:00
thiago_silva,anapatel,group_chat,2026-04-01 10:02:15+00:00
thiago_silva,tkobayashi,group_chat,2026-04-01 10:02:15+00:00
thiago_silva,rprasad,group_chat,2026-04-01 10:02:15+00:00
kai_park,tsilva,group_chat,2026-04-01 10:02:45+00:00
kai_park,kpark,group_chat,2026-04-01 10:02:45+00:00
kai_park,anapatel,group_chat,2026-04-01 10:02:45+00:00
kai_park,tkobayashi,group_chat,2026-04-01 10:02:45+00:00
kai_park,rprasad,group_chat,2026-04-01 10:02:45+00:00
ana_patel,tsilva,group_chat,2026-04-01 10:03:01+00:00
ana_patel,kpark,group_chat,2026-04-01 10:03:01+00:00
ana_patel,anapatel,group_chat,2026-04-01 10:03:01+00:00
ana_patel,tkobayashi,group_chat,2026-04-01 10:03:01+00:00
ana_patel,rprasad,group_chat,2026-04-01 10:03:01+00:00
taro_kobayashi,tsilva,group_chat,2026-04-01 10:03:22+00:00
taro_kobayashi,kpark,group_chat,2026-04-01 10:03:22+00:00
taro_kobayashi,anapatel,group_chat,2026-04-01 10:03:22+00:00
taro_kobayashi,tkobayashi,group_chat,2026-04-01 10:03:22+00:00
taro_kobayashi,rprasad,group_chat,2026-04-01 10:03:22+00:00
ana_patel,tsilva,group_chat,2026-04-01 10:03:59+00:00
ana_patel,kpark,group_chat,2026-04-01 10:03:59+00:00
ana_patel,anapatel,group_chat,2026-04-01 10:03:59+00:00
ana_patel,tkobayashi,group_chat,2026-04-01 10:03:59+00:00
ana_patel,rprasad,group_chat,2026-04-01 10:03:59+00:00
rohit_prasad,tsilva,group_chat,2026-04-01 10:04:10+00:00
rohit_prasad,kpark,group_chat,2026-04-01 10:04:10+00:00
rohit_prasad,anapatel,group_chat,2026-04-01 10:04:10+00:00
rohit_prasad,tkobayashi,group_chat,2026-04-01 10:04:10+00:00
rohit_prasad,rprasad,group_chat,2026-04-01 10:04:10+00:00
kai_park,tsilva,group_chat,2026-04-01 10:04:32+00:00
kai_park,kpark,group_chat,2026-04-01 10:04:32+00:00
kai_park,anapatel,group_chat,2026-04-01 10:04:32+00:00
kai_park,tkobayashi,group_chat,2026-04-01 10:04:32+00:00
kai_park,rprasad,group_chat,2026-04-01 10:04:32+00:00
thiago_silva,tsilva,group_chat,2026-04-01 10:05:01+00:00
thiago_silva,kpark,group_chat,2026-04-01 10:05:01+00:00
thiago_silva,anapatel,group_chat,2026-04-01 10:05:01+00:00
thiago_silva,tkobayashi,group_chat,2026-04-01 10:05:01+00:00
thiago_silva,rprasad,group_chat,2026-04-01 10:05:01+00:00
ana_patel,tsilva,group_chat,2026-04-01 10:05:20+00:00
ana_patel,kpark,group_chat,2026-04-01 10:05:20+00:00
ana_patel,anapatel,group_chat,2026-04-01 10:05:20+00:00
ana_patel,tkobayashi,group_chat,2026-04-01 10:05:20+00:00
ana_patel,rprasad,group_chat,2026-04-01 10:05:20+00:00
taro_kobayashi,tsilva,group_chat,2026-04-01 10:05:48+00:00
taro_kobayashi,kpark,group_chat,2026-04-01 10:05:48+00:00
taro_kobayashi,anapatel,group_chat,2026-04-01 10:05:48+00:00
taro_kobayashi,tkobayashi,group_chat,2026-04-01 10:05:48+00:00
taro_kobayashi,rprasad,group_chat,2026-04-01 10:05:48+00:00
kai_park,tsilva,group_chat,2026-04-01 10:06:10+00:00
kai_park,kpark,group_chat,2026-04-01 10:06:10+00:00
kai_park,anapatel,group_chat,2026-04-01 10:06:10+00:00
kai_park,tkobayashi,group_chat,2026-04-01 10:06:10+00:00
kai_park,rprasad,group_chat,2026-04-01 10:06:10+00:00
taro_kobayashi,tsilva,group_chat,2026-04-01 10:06:29+00:00
taro_kobayashi,kpark,group_chat,2026-04-01 10:06:29+00:00
taro_kobayashi,anapatel,group_chat,2026-04-01 10:06:29+00:00
taro_kobayashi,tkobayashi,group_chat,2026-04-01 10:06:29+00:00
taro_kobayashi,rprasad,group_chat,2026-04-01 10:06:29+00:00
kai_park,tsilva,group_chat,2026-04-01 10:06:41+00:00
kai_park,kpark,group_chat,2026-04-01 10:06:41+00:00
kai_park,anapatel,group_chat,2026-04-01 10:06:41+00:00
kai_park,tkobayashi,group_chat,2026-04-01 10:06:41+00:00
kai_park,rprasad,group_chat,2026-04-01 10:06:41+00:00
rohit_prasad,tsilva,group_chat,2026-04-01 10:07:00+00:00
rohit_prasad,kpark,group_chat,2026-04-01 10:07:00+00:00
rohit_prasad,anapatel,group_chat,2026-04-01 10:07:00+00:00
rohit_prasad,tkobayashi,group_chat,2026-04-01 10:07:00+00:00
rohit_prasad,rprasad,group_chat,2026-04-01 10:07:00+00:00
ana_patel,tsilva,group_chat,2026-04-01 10:07:18+00:00
ana_patel,kpark,group_chat,2026-04-01 10:07:18+00:00
ana_patel,anapatel,group_chat,2026-04-01 10:07:18+00:00
ana_patel,tkobayashi,group_chat,2026-04-01 10:07:18+00:00
ana_patel,rprasad,group_chat,2026-04-01 10:07:18+00:00
thiago_silva,tsilva,group_chat,2026-04-01 10:07:45+00:00
thiago_silva,kpark,group_chat,2026-04-01 10:07:45+00:00
thiago_silva,anapatel,group_chat,2026-04-01 10:07:45+00:00
thiago_silva,tkobayashi,group_chat,2026-04-01 10:07:45+00:00
thiago_silva,rprasad,group_chat,2026-04-01 10:07:45+00:00
kai_park,tsilva,group_chat,2026-04-01 10:08:03+00:00
kai_park,kpark,group_chat,2026-04-01 10:08:03+00:00
kai_park,anapatel,group_chat,2026-04-01 10:08:03+00:00
kai_park,tkobayashi,group_chat,2026-04-01 10:08:03+00:00
kai_park,rprasad,group_chat,2026-04-01 10:08:03+00:00
taro_kobayashi,tsilva,group_chat,2026-04-01 10:08:21+00:00
taro_kobayashi,kpark,group_chat,2026-04-01 10:08:21+00:00
taro_kobayashi,anapatel,group_chat,2026-04-01 10:08:21+00:00
taro_kobayashi,tkobayashi,group_chat,2026-04-01 10:08:21+00:00
taro_kobayashi,rprasad,group_chat,2026-04-01 10:08:21+00:00
ana_patel,tsilva,group_chat,2026-04-01 10:08:40+00:00
ana_patel,kpark,group_chat,2026-04-01 10:08:40+00:00
ana_patel,anapatel,group_chat,2026-04-01 10:08:40+00:00
ana_patel,tkobayashi,group_chat,2026-04-01 10:08:40+00:00
ana_patel,rprasad,group_chat,2026-04-01 10:08:40+00:00
rohit_prasad,tsilva,group_chat,2026-04-01 10:08:55+00:00
rohit_prasad,kpark,group_chat,2026-04-01 10:08:55+00:00
rohit_prasad,anapatel,group_chat,2026-04-01 10:08:55+00:00
rohit_prasad,tkobayashi,group_chat,2026-04-01 10:08:55+00:00
rohit_prasad,rprasad,group_chat,2026-04-01 10:08:55+00:00
thiago_silva,tsilva,group_chat,2026-04-01 10:09:12+00:00
thiago_silva,kpark,group_chat,2026-04-01 10:09:12+00:00
thiago_silva,anapatel,group_chat,2026-04-01 10:09:12+00:00
thiago_silva,tkobayashi,group_chat,2026-04-01 10:09:12+00:00
thiago_silva,rprasad,group_chat,2026-04-01 10:09:12+00:00
ana_patel,tsilva,group_chat,2026-04-01 10:09:27+00:00
ana_patel,kpark,group_chat,2026-04-01 10:09:27+00:00
ana_patel,anapatel,group_chat,2026-04-01 10:09:27+00:00
ana_patel,tkobayashi,group_chat,2026-04-01 10:09:27+00:00
ana_patel,rprasad,group_chat,2026-04-01 10:09:27+00:00
kai_park,tsilva,group_chat,2026-04-01 10:09:45+00:00
kai_park,kpark,group_chat,2026-04-01 10:09:45+00:00
kai_park,anapatel,group_chat,2026-04-01 10:09:45+00:00
kai_park,tkobayashi,group_chat,2026-04-01 10:09:45+00:00
kai_park,rprasad,group_chat,2026-04-01 10:09:45+00:00
taro_kobayashi,tsilva,group_chat,2026-04-01 10:10:03+00:00
taro_kobayashi,kpark,group_chat,2026-04-01 10:10:03+00:00
taro_kobayashi,anapatel,group_chat,2026-04-01 10:10:03+00:00
taro_kobayashi,tkobayashi,group_chat,2026-04-01 10:10:03+00:00
taro_kobayashi,rprasad,group_chat,2026-04-01 10:10:03+00:00
Mona Sharif,msharif,group_chat,2026-04-01 09:15:23+00:00
Mona Sharif,rchowdhury,group_chat,2026-04-01 09:15:23+00:00
Mona Sharif,knguyen,group_chat,2026-04-01 09:15:23+00:00
Mona Sharif,lrossi,group_chat,2026-04-01 09:15:23+00:00
Ritika Chowdhury,msharif,group_chat,2026-04-01 09:16:02+00:00
Ritika Chowdhury,rchowdhury,group_chat,2026-04-01 09:16:02+00:00
Ritika Chowdhury,knguyen,group_chat,2026-04-01 09:16:02+00:00
Ritika Chowdhury,lrossi,group_chat,2026-04-01 09:16:02+00:00
Khoi Nguyen,msharif,group_chat,2026-04-01 09:16:15+00:00
Khoi Nguyen,rchowdhury,group_chat,2026-04-01 09:16:15+00:00
Khoi Nguyen,knguyen,group_chat,2026-04-01 09:16:15+00:00
Khoi Nguyen,lrossi,group_chat,2026-04-01 09:16:15+00:00
Luca Rossi,msharif,group_chat,2026-04-01 09:16:43+00:00
Luca Rossi,rchowdhury,group_chat,2026-04-01 09:16:43+00:00
Luca Rossi,knguyen,group_chat,2026-04-01 09:16:43+00:00
Luca Rossi,lrossi,group_chat,2026-04-01 09:16:43+00:00
Mona Sharif,msharif,group_chat,2026-04-01 09:17:10+00:00
Mona Sharif,rchowdhury,group_chat,2026-04-01 09:17:10+00:00
Mona Sharif,knguyen,group_chat,2026-04-01 09:17:10+00:00
Mona Sharif,lrossi,group_chat,2026-04-01 09:17:10+00:00
Khoi Nguyen,msharif,group_chat,2026-04-01 09:18:05+00:00
Khoi Nguyen,rchowdhury,group_chat,2026-04-01 09:18:05+00:00
Khoi Nguyen,knguyen,group_chat,2026-04-01 09:18:05+00:00
Khoi Nguyen,lrossi,group_chat,2026-04-01 09:18:05+00:00
Ritika Chowdhury,msharif,group_chat,2026-04-01 09:18:30+00:00
Ritika Chowdhury,rchowdhury,group_chat,2026-04-01 09:18:30+00:00
Ritika Chowdhury,knguyen,group_chat,2026-04-01 09:18:30+00:00
Ritika Chowdhury,lrossi,group_chat,2026-04-01 09:18:30+00:00
Luca Rossi,msharif,group_chat,2026-04-01 09:18:57+00:00
Luca Rossi,rchowdhury,group_chat,2026-04-01 09:18:57+00:00
Luca Rossi,knguyen,group_chat,2026-04-01 09:18:57+00:00
Luca Rossi,lrossi,group_chat,2026-04-01 09:18:57+00:00
Mona Sharif,msharif,group_chat,2026-04-01 09:19:20+00:00
Mona Sharif,rchowdhury,group_chat,2026-04-01 09:19:20+00:00
Mona Sharif,knguyen,group_chat,2026-04-01 09:19:20+00:00
Mona Sharif,lrossi,group_chat,2026-04-01 09:19:20+00:00
Khoi Nguyen,msharif,group_chat,2026-04-01 09:19:45+00:00
Khoi Nguyen,rchowdhury,group_chat,2026-04-01 09:19:45+00:00
Khoi Nguyen,knguyen,group_chat,2026-04-01 09:19:45+00:00
Khoi Nguyen,lrossi,group_chat,2026-04-01 09:19:45+00:00
Ritika Chowdhury,msharif,group_chat,2026-04-01 09:20:10+00:00
Ritika Chowdhury,rchowdhury,group_chat,2026-04-01 09:20:10+00:00
Ritika Chowdhury,knguyen,group_chat,2026-04-01 09:20:10+00:00
Ritika Chowdhury,lrossi,group_chat,2026-04-01 09:20:10+00:00
Luca Rossi,msharif,group_chat,2026-04-01 09:20:27+00:00
Luca Rossi,rchowdhury,group_chat,2026-04-01 09:20:27+00:00
Luca Rossi,knguyen,group_chat,2026-04-01 09:20:27+00:00
Luca Rossi,lrossi,group_chat,2026-04-01 09:20:27+00:00
Ritika Chowdhury,msharif,group_chat,2026-04-01 09:20:45+00:00
Ritika Chowdhury,rchowdhury,group_chat,2026-04-01 09:20:45+00:00
Ritika Chowdhury,knguyen,group_chat,2026-04-01 09:20:45+00:00
Ritika Chowdhury,lrossi,group_chat,2026-04-01 09:20:45+00:00
Luca Rossi,msharif,group_chat,2026-04-01 09:21:10+00:00
Luca Rossi,rchowdhury,group_chat,2026-04-01 09:21:10+00:00
Luca Rossi,knguyen,group_chat,2026-04-01 09:21:10+00:00
Luca Rossi,lrossi,group_chat,2026-04-01 09:21:10+00:00
Mona Sharif,msharif,group_chat,2026-04-01 09:21:45+00:00
Mona Sharif,rchowdhury,group_chat,2026-04-01 09:21:45+00:00
Mona Sharif,knguyen,group_chat,2026-04-01 09:21:45+00:00
Mona Sharif,lrossi,group_chat,2026-04-01 09:21:45+00:00
Khoi Nguyen,msharif,group_chat,2026-04-01 09:22:10+00:00
Khoi Nguyen,rchowdhury,group_chat,2026-04-01 09:22:10+00:00
Khoi Nguyen,knguyen,group_chat,2026-04-01 09:22:10+00:00
Khoi Nguyen,lrossi,group_chat,2026-04-01 09:22:10+00:00
Ritika Chowdhury,msharif,group_chat,2026-04-01 09:22:35+00:00
Ritika Chowdhury,rchowdhury,group_chat,2026-04-01 09:22:35+00:00
Ritika Chowdhury,knguyen,group_chat,2026-04-01 09:22:35+00:00
Ritika Chowdhury,lrossi,group_chat,2026-04-01 09:22:35+00:00
Luca Rossi,msharif,group_chat,2026-04-01 09:23:00+00:00
Luca Rossi,rchowdhury,group_chat,2026-04-01 09:23:00+00:00
Luca Rossi,knguyen,group_chat,2026-04-01 09:23:00+00:00
Luca Rossi,lrossi,group_chat,2026-04-01 09:23:00+00:00
Mona Sharif,msharif,group_chat,2026-04-01 09:23:25+00:00
Mona Sharif,rchowdhury,group_chat,2026-04-01 09:23:25+00:00
Mona Sharif,knguyen,group_chat,2026-04-01 09:23:25+00:00
Mona Sharif,lrossi,group_chat,2026-04-01 09:23:25+00:00
Ritika Chowdhury,msharif,group_chat,2026-04-01 09:23:40+00:00
Ritika Chowdhury,rchowdhury,group_chat,2026-04-01 09:23:40+00:00
Ritika Chowdhury,knguyen,group_chat,2026-04-01 09:23:40+00:00
Ritika Chowdhury,lrossi,group_chat,2026-04-01 09:23:40+00:00
Khoi Nguyen,msharif,group_chat,2026-04-01 09:24:05+00:00
Khoi Nguyen,rchowdhury,group_chat,2026-04-01 09:24:05+00:00
Khoi Nguyen,knguyen,group_chat,2026-04-01 09:24:05+00:00
Khoi Nguyen,lrossi,group_chat,2026-04-01 09:24:05+00:00
Luca Rossi,msharif,group_chat,2026-04-01 09:24:30+00:00
Luca Rossi,rchowdhury,group_chat,2026-04-01 09:24:30+00:00
Luca Rossi,knguyen,group_chat,2026-04-01 09:24:30+00:00
Luca Rossi,lrossi,group_chat,2026-04-01 09:24:30+00:00
Mona Sharif,msharif,group_chat,2026-04-01 09:24:50+00:00
Mona Sharif,rchowdhury,group_chat,2026-04-01 09:24:50+00:00
Mona Sharif,knguyen,group_chat,2026-04-01 09:24:50+00:00
Mona Sharif,lrossi,group_chat,2026-04-01 09:24:50+00:00
Mandla Abebe,mabebe,group_chat,2026-04-01 10:05:12+00:00
Mandla Abebe,rmensah,group_chat,2026-04-01 10:05:12+00:00
Mandla Abebe,fpereira,group_chat,2026-04-01 10:05:12+00:00
Mandla Abebe,jdubois,group_chat,2026-04-01 10:05:12+00:00
Mandla Abebe,cndlovu,group_chat,2026-04-01 10:05:12+00:00
Rose Mensah,mabebe,group_chat,2026-04-01 10:06:45+00:00
Rose Mensah,rmensah,group_chat,2026-04-01 10:06:45+00:00
Rose Mensah,fpereira,group_chat,2026-04-01 10:06:45+00:00
Rose Mensah,jdubois,group_chat,2026-04-01 10:06:45+00:00
Rose Mensah,cndlovu,group_chat,2026-04-01 10:06:45+00:00
Fabiana Pereira,mabebe,group_chat,2026-04-01 10:07:33+00:00
Fabiana Pereira,rmensah,group_chat,2026-04-01 10:07:33+00:00
Fabiana Pereira,fpereira,group_chat,2026-04-01 10:07:33+00:00
Fabiana Pereira,jdubois,group_chat,2026-04-01 10:07:33+00:00
Fabiana Pereira,cndlovu,group_chat,2026-04-01 10:07:33+00:00
Jacqueline Dubois,mabebe,group_chat,2026-04-01 10:08:10+00:00
Jacqueline Dubois,rmensah,group_chat,2026-04-01 10:08:10+00:00
Jacqueline Dubois,fpereira,group_chat,2026-04-01 10:08:10+00:00
Jacqueline Dubois,jdubois,group_chat,2026-04-01 10:08:10+00:00
Jacqueline Dubois,cndlovu,group_chat,2026-04-01 10:08:10+00:00
Fabiana Pereira,mabebe,group_chat,2026-04-01 10:08:45+00:00
Fabiana Pereira,rmensah,group_chat,2026-04-01 10:08:45+00:00
Fabiana Pereira,fpereira,group_chat,2026-04-01 10:08:45+00:00
Fabiana Pereira,jdubois,group_chat,2026-04-01 10:08:45+00:00
Fabiana Pereira,cndlovu,group_chat,2026-04-01 10:08:45+00:00
Chipo Ndlovu,mabebe,group_chat,2026-04-01 10:09:30+00:00
Chipo Ndlovu,rmensah,group_chat,2026-04-01 10:09:30+00:00
Chipo Ndlovu,fpereira,group_chat,2026-04-01 10:09:30+00:00
Chipo Ndlovu,jdubois,group_chat,2026-04-01 10:09:30+00:00
Chipo Ndlovu,cndlovu,group_chat,2026-04-01 10:09:30+00:00
Mandla Abebe,mabebe,group_chat,2026-04-01 10:10:05+00:00
Mandla Abebe,rmensah,group_chat,2026-04-01 10:10:05+00:00
Mandla Abebe,fpereira,group_chat,2026-04-01 10:10:05+00:00
Mandla Abebe,jdubois,group_chat,2026-04-01 10:10:05+00:00
Mandla Abebe,cndlovu,group_chat,2026-04-01 10:10:05+00:00
Rose Mensah,mabebe,group_chat,2026-04-01 10:10:50+00:00
Rose Mensah,rmensah,group_chat,2026-04-01 10:10:50+00:00
Rose Mensah,fpereira,group_chat,2026-04-01 10:10:50+00:00
Rose Mensah,jdubois,group_chat,2026-04-01 10:10:50+00:00
Rose Mensah,cndlovu,group_chat,2026-04-01 10:10:50+00:00
Mandla Abebe,mabebe,group_chat,2026-04-01 10:11:30+00:00
Mandla Abebe,rmensah,group_chat,2026-04-01 10:11:30+00:00
Mandla Abebe,fpereira,group_chat,2026-04-01 10:11:30+00:00
Mandla Abebe,jdubois,group_chat,2026-04-01 10:11:30+00:00
Mandla Abebe,cndlovu,group_chat,2026-04-01 10:11:30+00:00
Jacqueline Dubois,mabebe,group_chat,2026-04-01 10:12:15+00:00
Jacqueline Dubois,rmensah,group_chat,2026-04-01 10:12:15+00:00
Jacqueline Dubois,fpereira,group_chat,2026-04-01 10:12:15+00:00
Jacqueline Dubois,jdubois,group_chat,2026-04-01 10:12:15+00:00
Jacqueline Dubois,cndlovu,group_chat,2026-04-01 10:12:15+00:00
Mandla Abebe,mabebe,group_chat,2026-04-01 10:12:50+00:00
Mandla Abebe,rmensah,group_chat,2026-04-01 10:12:50+00:00
Mandla Abebe,fpereira,group_chat,2026-04-01 10:12:50+00:00
Mandla Abebe,jdubois,group_chat,2026-04-01 10:12:50+00:00
Mandla Abebe,cndlovu,group_chat,2026-04-01 10:12:50+00:00
Chipo Ndlovu,mabebe,group_chat,2026-04-01 10:13:20+00:00
Chipo Ndlovu,rmensah,group_chat,2026-04-01 10:13:20+00:00
Chipo Ndlovu,fpereira,group_chat,2026-04-01 10:13:20+00:00
Chipo Ndlovu,jdubois,group_chat,2026-04-01 10:13:20+00:00
Chipo Ndlovu,cndlovu,group_chat,2026-04-01 10:13:20+00:00
Fabiana Pereira,mabebe,group_chat,2026-04-01 10:14:05+00:00
Fabiana Pereira,rmensah,group_chat,2026-04-01 10:14:05+00:00
Fabiana Pereira,fpereira,group_chat,2026-04-01 10:14:05+00:00
Fabiana Pereira,jdubois,group_chat,2026-04-01 10:14:05+00:00
Fabiana Pereira,cndlovu,group_chat,2026-04-01 10:14:05+00:00
Rose Mensah,mabebe,group_chat,2026-04-01 10:14:50+00:00
Rose Mensah,rmensah,group_chat,2026-04-01 10:14:50+00:00
Rose Mensah,fpereira,group_chat,2026-04-01 10:14:50+00:00
Rose Mensah,jdubois,group_chat,2026-04-01 10:14:50+00:00
Rose Mensah,cndlovu,group_chat,2026-04-01 10:14:50+00:00
Jacqueline Dubois,mabebe,group_chat,2026-04-01 10:15:25+00:00
Jacqueline Dubois,rmensah,group_chat,2026-04-01 10:15:25+00:00
Jacqueline Dubois,fpereira,group_chat,2026-04-01 10:15:25+00:00
Jacqueline Dubois,jdubois,group_chat,2026-04-01 10:15:25+00:00
Jacqueline Dubois,cndlovu,group_chat,2026-04-01 10:15:25+00:00
Mandla Abebe,mabebe,group_chat,2026-04-01 10:16:10+00:00
Mandla Abebe,rmensah,group_chat,2026-04-01 10:16:10+00:00
Mandla Abebe,fpereira,group_chat,2026-04-01 10:16:10+00:00
Mandla Abebe,jdubois,group_chat,2026-04-01 10:16:10+00:00
Mandla Abebe,cndlovu,group_chat,2026-04-01 10:16:10+00:00
Rose Mensah,mabebe,group_chat,2026-04-01 10:16:55+00:00
Rose Mensah,rmensah,group_chat,2026-04-01 10:16:55+00:00
Rose Mensah,fpereira,group_chat,2026-04-01 10:16:55+00:00
Rose Mensah,jdubois,group_chat,2026-04-01 10:16:55+00:00
Rose Mensah,cndlovu,group_chat,2026-04-01 10:16:55+00:00
Fabiana Pereira,mabebe,group_chat,2026-04-01 10:17:40+00:00
Fabiana Pereira,rmensah,group_chat,2026-04-01 10:17:40+00:00
Fabiana Pereira,fpereira,group_chat,2026-04-01 10:17:40+00:00
Fabiana Pereira,jdubois,group_chat,2026-04-01 10:17:40+00:00
Fabiana Pereira,cndlovu,group_chat,2026-04-01 10:17:40+00:00
Chipo Ndlovu,mabebe,group_chat,2026-04-01 10:18:25+00:00
Chipo Ndlovu,rmensah,group_chat,2026-04-01 10:18:25+00:00
Chipo Ndlovu,fpereira,group_chat,2026-04-01 10:18:25+00:00
Chipo Ndlovu,jdubois,group_chat,2026-04-01 10:18:25+00:00
Chipo Ndlovu,cndlovu,group_chat,2026-04-01 10:18:25+00:00
Mandla Abebe,mabebe,group_chat,2026-04-01 10:19:05+00:00
Mandla Abebe,rmensah,group_chat,2026-04-01 10:19:05+00:00
Mandla Abebe,fpereira,group_chat,2026-04-01 10:19:05+00:00
Mandla Abebe,jdubois,group_chat,2026-04-01 10:19:05+00:00
Mandla Abebe,cndlovu,group_chat,2026-04-01 10:19:05+00:00
neha_khatri,nkhatri,group_chat,2026-04-01 09:15:34+00:00
neha_khatri,mouyang,group_chat,2026-04-01 09:15:34+00:00
neha_khatri,amustafa,group_chat,2026-04-01 09:15:34+00:00
neha_khatri,aokonkwo,group_chat,2026-04-01 09:15:34+00:00
mei_lin_ou_yang,nkhatri,group_chat,2026-04-01 09:16:01+00:00
mei_lin_ou_yang,mouyang,group_chat,2026-04-01 09:16:01+00:00
mei_lin_ou_yang,amustafa,group_chat,2026-04-01 09:16:01+00:00
mei_lin_ou_yang,aokonkwo,group_chat,2026-04-01 09:16:01+00:00
amina_mustafa,nkhatri,group_chat,2026-04-01 09:16:27+00:00
amina_mustafa,mouyang,group_chat,2026-04-01 09:16:27+00:00
amina_mustafa,amustafa,group_chat,2026-04-01 09:16:27+00:00
amina_mustafa,aokonkwo,group_chat,2026-04-01 09:16:27+00:00
adanna_okonkwo,nkhatri,group_chat,2026-04-01 09:17:02+00:00
adanna_okonkwo,mouyang,group_chat,2026-04-01 09:17:02+00:00
adanna_okonkwo,amustafa,group_chat,2026-04-01 09:17:02+00:00
adanna_okonkwo,aokonkwo,group_chat,2026-04-01 09:17:02+00:00
neha_khatri,nkhatri,group_chat,2026-04-01 09:17:19+00:00
neha_khatri,mouyang,group_chat,2026-04-01 09:17:19+00:00
neha_khatri,amustafa,group_chat,2026-04-01 09:17:19+00:00
neha_khatri,aokonkwo,group_chat,2026-04-01 09:17:19+00:00
mei_lin_ou_yang,nkhatri,group_chat,2026-04-01 09:17:46+00:00
mei_lin_ou_yang,mouyang,group_chat,2026-04-01 09:17:46+00:00
mei_lin_ou_yang,amustafa,group_chat,2026-04-01 09:17:46+00:00
mei_lin_ou_yang,aokonkwo,group_chat,2026-04-01 09:17:46+00:00
amina_mustafa,nkhatri,group_chat,2026-04-01 09:18:15+00:00
amina_mustafa,mouyang,group_chat,2026-04-01 09:18:15+00:00
amina_mustafa,amustafa,group_chat,2026-04-01 09:18:15+00:00
amina_mustafa,aokonkwo,group_chat,2026-04-01 09:18:15+00:00
adanna_okonkwo,nkhatri,group_chat,2026-04-01 09:18:33+00:00
adanna_okonkwo,mouyang,group_chat,2026-04-01 09:18:33+00:00
adanna_okonkwo,amustafa,group_chat,2026-04-01 09:18:33+00:00
adanna_okonkwo,aokonkwo,group_chat,2026-04-01 09:18:33+00:00
neha_khatri,nkhatri,group_chat,2026-04-01 09:18:51+00:00
neha_khatri,mouyang,group_chat,2026-04-01 09:18:51+00:00
neha_khatri,amustafa,group_chat,2026-04-01 09:18:51+00:00
neha_khatri,aokonkwo,group_chat,2026-04-01 09:18:51+00:00
neha_khatri,nkhatri,group_chat,2026-04-01 09:19:27+00:00
neha_khatri,mouyang,group_chat,2026-04-01 09:19:27+00:00
neha_khatri,amustafa,group_chat,2026-04-01 09:19:27+00:00
neha_khatri,aokonkwo,group_chat,2026-04-01 09:19:27+00:00
mei_lin_ou_yang,nkhatri,group_chat,2026-04-01 09:19:55+00:00
mei_lin_ou_yang,mouyang,group_chat,2026-04-01 09:19:55+00:00
mei_lin_ou_yang,amustafa,group_chat,2026-04-01 09:19:55+00:00
mei_lin_ou_yang,aokonkwo,group_chat,2026-04-01 09:19:55+00:00
adanna_okonkwo,nkhatri,group_chat,2026-04-01 09:20:22+00:00
adanna_okonkwo,mouyang,group_chat,2026-04-01 09:20:22+00:00
adanna_okonkwo,amustafa,group_chat,2026-04-01 09:20:22+00:00
adanna_okonkwo,aokonkwo,group_chat,2026-04-01 09:20:22+00:00
neha_khatri,nkhatri,group_chat,2026-04-01 09:20:50+00:00
neha_khatri,mouyang,group_chat,2026-04-01 09:20:50+00:00
neha_khatri,amustafa,group_chat,2026-04-01 09:20:50+00:00
neha_khatri,aokonkwo,group_chat,2026-04-01 09:20:50+00:00
amina_mustafa,nkhatri,group_chat,2026-04-01 09:21:10+00:00
amina_mustafa,mouyang,group_chat,2026-04-01 09:21:10+00:00
amina_mustafa,amustafa,group_chat,2026-04-01 09:21:10+00:00
amina_mustafa,aokonkwo,group_chat,2026-04-01 09:21:10+00:00
mei_lin_ou_yang,nkhatri,group_chat,2026-04-01 09:21:38+00:00
mei_lin_ou_yang,mouyang,group_chat,2026-04-01 09:21:38+00:00
mei_lin_ou_yang,amustafa,group_chat,2026-04-01 09:21:38+00:00
mei_lin_ou_yang,aokonkwo,group_chat,2026-04-01 09:21:38+00:00
adanna_okonkwo,nkhatri,group_chat,2026-04-01 09:22:01+00:00
adanna_okonkwo,mouyang,group_chat,2026-04-01 09:22:01+00:00
adanna_okonkwo,amustafa,group_chat,2026-04-01 09:22:01+00:00
adanna_okonkwo,aokonkwo,group_chat,2026-04-01 09:22:01+00:00
neha_khatri,nkhatri,group_chat,2026-04-01 09:22:29+00:00
neha_khatri,mouyang,group_chat,2026-04-01 09:22:29+00:00
neha_khatri,amustafa,group_chat,2026-04-01 09:22:29+00:00
neha_khatri,aokonkwo,group_chat,2026-04-01 09:22:29+00:00
mei_lin_ou_yang,nkhatri,group_chat,2026-04-01 09:22:54+00:00
mei_lin_ou_yang,mouyang,group_chat,2026-04-01 09:22:54+00:00
mei_lin_ou_yang,amustafa,group_chat,2026-04-01 09:22:54+00:00
mei_lin_ou_yang,aokonkwo,group_chat,2026-04-01 09:22:54+00:00
amina_mustafa,nkhatri,group_chat,2026-04-01 09:23:11+00:00
amina_mustafa,mouyang,group_chat,2026-04-01 09:23:11+00:00
amina_mustafa,amustafa,group_chat,2026-04-01 09:23:11+00:00
amina_mustafa,aokonkwo,group_chat,2026-04-01 09:23:11+00:00
adanna_okonkwo,nkhatri,group_chat,2026-04-01 09:23:34+00:00
adanna_okonkwo,mouyang,group_chat,2026-04-01 09:23:34+00:00
adanna_okonkwo,amustafa,group_chat,2026-04-01 09:23:34+00:00
adanna_okonkwo,aokonkwo,group_chat,2026-04-01 09:23:34+00:00
Takeshi Sato,tsato,group_chat,2026-04-01 10:03:15+00:00
Takeshi Sato,jhassan,group_chat,2026-04-01 10:03:15+00:00
Takeshi Sato,tsilva,group_chat,2026-04-01 10:03:15+00:00
Takeshi Sato,kpark,group_chat,2026-04-01 10:03:15+00:00
Takeshi Sato,tkobayashi,group_chat,2026-04-01 10:03:15+00:00
Takeshi Sato,rprasad,group_chat,2026-04-01 10:03:15+00:00
Takeshi Sato,hwang,group_chat,2026-04-01 10:03:15+00:00
Kai Park,tsato,group_chat,2026-04-01 10:03:22+00:00
Kai Park,jhassan,group_chat,2026-04-01 10:03:22+00:00
Kai Park,tsilva,group_chat,2026-04-01 10:03:22+00:00
Kai Park,kpark,group_chat,2026-04-01 10:03:22+00:00
Kai Park,tkobayashi,group_chat,2026-04-01 10:03:22+00:00
Kai Park,rprasad,group_chat,2026-04-01 10:03:22+00:00
Kai Park,hwang,group_chat,2026-04-01 10:03:22+00:00
Rohit Prasad,tsato,group_chat,2026-04-01 10:03:45+00:00
Rohit Prasad,jhassan,group_chat,2026-04-01 10:03:45+00:00
Rohit Prasad,tsilva,group_chat,2026-04-01 10:03:45+00:00
Rohit Prasad,kpark,group_chat,2026-04-01 10:03:45+00:00
Rohit Prasad,tkobayashi,group_chat,2026-04-01 10:03:45+00:00
Rohit Prasad,rprasad,group_chat,2026-04-01 10:03:45+00:00
Rohit Prasad,hwang,group_chat,2026-04-01 10:03:45+00:00
Hyun-Jae Wang,tsato,group_chat,2026-04-01 10:04:01+00:00
Hyun-Jae Wang,jhassan,group_chat,2026-04-01 10:04:01+00:00
Hyun-Jae Wang,tsilva,group_chat,2026-04-01 10:04:01+00:00
Hyun-Jae Wang,kpark,group_chat,2026-04-01 10:04:01+00:00
Hyun-Jae Wang,tkobayashi,group_chat,2026-04-01 10:04:01+00:00
Hyun-Jae Wang,rprasad,group_chat,2026-04-01 10:04:01+00:00
Hyun-Jae Wang,hwang,group_chat,2026-04-01 10:04:01+00:00
Thiago Silva,tsato,group_chat,2026-04-01 10:04:30+00:00
Thiago Silva,jhassan,group_chat,2026-04-01 10:04:30+00:00
Thiago Silva,tsilva,group_chat,2026-04-01 10:04:30+00:00
Thiago Silva,kpark,group_chat,2026-04-01 10:04:30+00:00
Thiago Silva,tkobayashi,group_chat,2026-04-01 10:04:30+00:00
Thiago Silva,rprasad,group_chat,2026-04-01 10:04:30+00:00
Thiago Silva,hwang,group_chat,2026-04-01 10:04:30+00:00
Taro Kobayashi,tsato,group_chat,2026-04-01 10:04:42+00:00
Taro Kobayashi,jhassan,group_chat,2026-04-01 10:04:42+00:00
Taro Kobayashi,tsilva,group_chat,2026-04-01 10:04:42+00:00
Taro Kobayashi,kpark,group_chat,2026-04-01 10:04:42+00:00
Taro Kobayashi,tkobayashi,group_chat,2026-04-01 10:04:42+00:00
Taro Kobayashi,rprasad,group_chat,2026-04-01 10:04:42+00:00
Taro Kobayashi,hwang,group_chat,2026-04-01 10:04:42+00:00
Jamal Hassan,tsato,group_chat,2026-04-01 10:04:57+00:00
Jamal Hassan,jhassan,group_chat,2026-04-01 10:04:57+00:00
Jamal Hassan,tsilva,group_chat,2026-04-01 10:04:57+00:00
Jamal Hassan,kpark,group_chat,2026-04-01 10:04:57+00:00
Jamal Hassan,tkobayashi,group_chat,2026-04-01 10:04:57+00:00
Jamal Hassan,rprasad,group_chat,2026-04-01 10:04:57+00:00
Jamal Hassan,hwang,group_chat,2026-04-01 10:04:57+00:00
Taro Kobayashi,tsato,group_chat,2026-04-01 10:05:10+00:00
Taro Kobayashi,jhassan,group_chat,2026-04-01 10:05:10+00:00
Taro Kobayashi,tsilva,group_chat,2026-04-01 10:05:10+00:00
Taro Kobayashi,kpark,group_chat,2026-04-01 10:05:10+00:00
Taro Kobayashi,tkobayashi,group_chat,2026-04-01 10:05:10+00:00
Taro Kobayashi,rprasad,group_chat,2026-04-01 10:05:10+00:00
Taro Kobayashi,hwang,group_chat,2026-04-01 10:05:10+00:00
Kai Park,tsato,group_chat,2026-04-01 10:05:22+00:00
Kai Park,jhassan,group_chat,2026-04-01 10:05:22+00:00
Kai Park,tsilva,group_chat,2026-04-01 10:05:22+00:00
Kai Park,kpark,group_chat,2026-04-01 10:05:22+00:00
Kai Park,tkobayashi,group_chat,2026-04-01 10:05:22+00:00
Kai Park,rprasad,group_chat,2026-04-01 10:05:22+00:00
Kai Park,hwang,group_chat,2026-04-01 10:05:22+00:00
Takeshi Sato,tsato,group_chat,2026-04-01 10:05:35+00:00
Takeshi Sato,jhassan,group_chat,2026-04-01 10:05:35+00:00
Takeshi Sato,tsilva,group_chat,2026-04-01 10:05:35+00:00
Takeshi Sato,kpark,group_chat,2026-04-01 10:05:35+00:00
Takeshi Sato,tkobayashi,group_chat,2026-04-01 10:05:35+00:00
Takeshi Sato,rprasad,group_chat,2026-04-01 10:05:35+00:00
Takeshi Sato,hwang,group_chat,2026-04-01 10:05:35+00:00
Rohit Prasad,tsato,group_chat,2026-04-01 10:06:12+00:00
Rohit Prasad,jhassan,group_chat,2026-04-01 10:06:12+00:00
Rohit Prasad,tsilva,group_chat,2026-04-01 10:06:12+00:00
Rohit Prasad,kpark,group_chat,2026-04-01 10:06:12+00:00
Rohit Prasad,tkobayashi,group_chat,2026-04-01 10:06:12+00:00
Rohit Prasad,rprasad,group_chat,2026-04-01 10:06:12+00:00
Rohit Prasad,hwang,group_chat,2026-04-01 10:06:12+00:00
Hyun-Jae Wang,tsato,group_chat,2026-04-01 10:06:30+00:00
Hyun-Jae Wang,jhassan,group_chat,2026-04-01 10:06:30+00:00
Hyun-Jae Wang,tsilva,group_chat,2026-04-01 10:06:30+00:00
Hyun-Jae Wang,kpark,group_chat,2026-04-01 10:06:30+00:00
Hyun-Jae Wang,tkobayashi,group_chat,2026-04-01 10:06:30+00:00
Hyun-Jae Wang,rprasad,group_chat,2026-04-01 10:06:30+00:00
Hyun-Jae Wang,hwang,group_chat,2026-04-01 10:06:30+00:00
Thiago Silva,tsato,group_chat,2026-04-01 10:06:45+00:00
Thiago Silva,jhassan,group_chat,2026-04-01 10:06:45+00:00
Thiago Silva,tsilva,group_chat,2026-04-01 10:06:45+00:00
Thiago Silva,kpark,group_chat,2026-04-01 10:06:45+00:00
Thiago Silva,tkobayashi,group_chat,2026-04-01 10:06:45+00:00
Thiago Silva,rprasad,group_chat,2026-04-01 10:06:45+00:00
Thiago Silva,hwang,group_chat,2026-04-01 10:06:45+00:00
Jamal Hassan,tsato,group_chat,2026-04-01 10:07:05+00:00
Jamal Hassan,jhassan,group_chat,2026-04-01 10:07:05+00:00
Jamal Hassan,tsilva,group_chat,2026-04-01 10:07:05+00:00
Jamal Hassan,kpark,group_chat,2026-04-01 10:07:05+00:00
Jamal Hassan,tkobayashi,group_chat,2026-04-01 10:07:05+00:00
Jamal Hassan,rprasad,group_chat,2026-04-01 10:07:05+00:00
Jamal Hassan,hwang,group_chat,2026-04-01 10:07:05+00:00
Kai Park,tsato,group_chat,2026-04-01 10:07:15+00:00
Kai Park,jhassan,group_chat,2026-04-01 10:07:15+00:00
Kai Park,tsilva,group_chat,2026-04-01 10:07:15+00:00
Kai Park,kpark,group_chat,2026-04-01 10:07:15+00:00
Kai Park,tkobayashi,group_chat,2026-04-01 10:07:15+00:00
Kai Park,rprasad,group_chat,2026-04-01 10:07:15+00:00
Kai Park,hwang,group_chat,2026-04-01 10:07:15+00:00
Taro Kobayashi,tsato,group_chat,2026-04-01 10:07:40+00:00
Taro Kobayashi,jhassan,group_chat,2026-04-01 10:07:40+00:00
Taro Kobayashi,tsilva,group_chat,2026-04-01 10:07:40+00:00
Taro Kobayashi,kpark,group_chat,2026-04-01 10:07:40+00:00
Taro Kobayashi,tkobayashi,group_chat,2026-04-01 10:07:40+00:00
Taro Kobayashi,rprasad,group_chat,2026-04-01 10:07:40+00:00
Taro Kobayashi,hwang,group_chat,2026-04-01 10:07:40+00:00
Thiago Silva,tsato,group_chat,2026-04-01 10:07:58+00:00
Thiago Silva,jhassan,group_chat,2026-04-01 10:07:58+00:00
Thiago Silva,tsilva,group_chat,2026-04-01 10:07:58+00:00
Thiago Silva,kpark,group_chat,2026-04-01 10:07:58+00:00
Thiago Silva,tkobayashi,group_chat,2026-04-01 10:07:58+00:00
Thiago Silva,rprasad,group_chat,2026-04-01 10:07:58+00:00
Thiago Silva,hwang,group_chat,2026-04-01 10:07:58+00:00
Rohit Prasad,tsato,group_chat,2026-04-01 10:08:20+00:00
Rohit Prasad,jhassan,group_chat,2026-04-01 10:08:20+00:00
Rohit Prasad,tsilva,group_chat,2026-04-01 10:08:20+00:00
Rohit Prasad,kpark,group_chat,2026-04-01 10:08:20+00:00
Rohit Prasad,tkobayashi,group_chat,2026-04-01 10:08:20+00:00
Rohit Prasad,rprasad,group_chat,2026-04-01 10:08:20+00:00
Rohit Prasad,hwang,group_chat,2026-04-01 10:08:20+00:00
Takeshi Sato,tsato,group_chat,2026-04-01 10:08:44+00:00
Takeshi Sato,jhassan,group_chat,2026-04-01 10:08:44+00:00
Takeshi Sato,tsilva,group_chat,2026-04-01 10:08:44+00:00
Takeshi Sato,kpark,group_chat,2026-04-01 10:08:44+00:00
Takeshi Sato,tkobayashi,group_chat,2026-04-01 10:08:44+00:00
Takeshi Sato,rprasad,group_chat,2026-04-01 10:08:44+00:00
Takeshi Sato,hwang,group_chat,2026-04-01 10:08:44+00:00
Amélie Dubois,rpatel,group_chat,2026-04-01 10:04:15+00:00
Amélie Dubois,adubois,group_chat,2026-04-01 10:04:15+00:00
Amélie Dubois,jokonkwo,group_chat,2026-04-01 10:04:15+00:00
Amélie Dubois,mgarcia,group_chat,2026-04-01 10:04:15+00:00
Amélie Dubois,erodriguez,group_chat,2026-04-01 10:04:15+00:00
Amélie Dubois,nkhatri,group_chat,2026-04-01 10:04:15+00:00
Amélie Dubois,mohammedhaddad,group_chat,2026-04-01 10:04:15+00:00
Ravi Patel,rpatel,group_chat,2026-04-01 10:04:30+00:00
Ravi Patel,adubois,group_chat,2026-04-01 10:04:30+00:00
Ravi Patel,jokonkwo,group_chat,2026-04-01 10:04:30+00:00
Ravi Patel,mgarcia,group_chat,2026-04-01 10:04:30+00:00
Ravi Patel,erodriguez,group_chat,2026-04-01 10:04:30+00:00
Ravi Patel,nkhatri,group_chat,2026-04-01 10:04:30+00:00
Ravi Patel,mohammedhaddad,group_chat,2026-04-01 10:04:30+00:00
Jamal Okonkwo,rpatel,group_chat,2026-04-01 10:05:01+00:00
Jamal Okonkwo,adubois,group_chat,2026-04-01 10:05:01+00:00
Jamal Okonkwo,jokonkwo,group_chat,2026-04-01 10:05:01+00:00
Jamal Okonkwo,mgarcia,group_chat,2026-04-01 10:05:01+00:00
Jamal Okonkwo,erodriguez,group_chat,2026-04-01 10:05:01+00:00
Jamal Okonkwo,nkhatri,group_chat,2026-04-01 10:05:01+00:00
Jamal Okonkwo,mohammedhaddad,group_chat,2026-04-01 10:05:01+00:00
Neha Khatri,rpatel,group_chat,2026-04-01 10:05:43+00:00
Neha Khatri,adubois,group_chat,2026-04-01 10:05:43+00:00
Neha Khatri,jokonkwo,group_chat,2026-04-01 10:05:43+00:00
Neha Khatri,mgarcia,group_chat,2026-04-01 10:05:43+00:00
Neha Khatri,erodriguez,group_chat,2026-04-01 10:05:43+00:00
Neha Khatri,nkhatri,group_chat,2026-04-01 10:05:43+00:00
Neha Khatri,mohammedhaddad,group_chat,2026-04-01 10:05:43+00:00
Mohammed Haddad,rpatel,group_chat,2026-04-01 10:06:05+00:00
Mohammed Haddad,adubois,group_chat,2026-04-01 10:06:05+00:00
Mohammed Haddad,jokonkwo,group_chat,2026-04-01 10:06:05+00:00
Mohammed Haddad,mgarcia,group_chat,2026-04-01 10:06:05+00:00
Mohammed Haddad,erodriguez,group_chat,2026-04-01 10:06:05+00:00
Mohammed Haddad,nkhatri,group_chat,2026-04-01 10:06:05+00:00
Mohammed Haddad,mohammedhaddad,group_chat,2026-04-01 10:06:05+00:00
Mariana Garcia,rpatel,group_chat,2026-04-01 10:07:12+00:00
Mariana Garcia,adubois,group_chat,2026-04-01 10:07:12+00:00
Mariana Garcia,jokonkwo,group_chat,2026-04-01 10:07:12+00:00
Mariana Garcia,mgarcia,group_chat,2026-04-01 10:07:12+00:00
Mariana Garcia,erodriguez,group_chat,2026-04-01 10:07:12+00:00
Mariana Garcia,nkhatri,group_chat,2026-04-01 10:07:12+00:00
Mariana Garcia,mohammedhaddad,group_chat,2026-04-01 10:07:12+00:00
Elena Rodriguez,rpatel,group_chat,2026-04-01 10:07:30+00:00
Elena Rodriguez,adubois,group_chat,2026-04-01 10:07:30+00:00
Elena Rodriguez,jokonkwo,group_chat,2026-04-01 10:07:30+00:00
Elena Rodriguez,mgarcia,group_chat,2026-04-01 10:07:30+00:00
Elena Rodriguez,erodriguez,group_chat,2026-04-01 10:07:30+00:00
Elena Rodriguez,nkhatri,group_chat,2026-04-01 10:07:30+00:00
Elena Rodriguez,mohammedhaddad,group_chat,2026-04-01 10:07:30+00:00
Mariana Garcia,rpatel,group_chat,2026-04-01 10:07:50+00:00
Mariana Garcia,adubois,group_chat,2026-04-01 10:07:50+00:00
Mariana Garcia,jokonkwo,group_chat,2026-04-01 10:07:50+00:00
Mariana Garcia,mgarcia,group_chat,2026-04-01 10:07:50+00:00
Mariana Garcia,erodriguez,group_chat,2026-04-01 10:07:50+00:00
Mariana Garcia,nkhatri,group_chat,2026-04-01 10:07:50+00:00
Mariana Garcia,mohammedhaddad,group_chat,2026-04-01 10:07:50+00:00
Jamal Okonkwo,rpatel,group_chat,2026-04-01 10:08:03+00:00
Jamal Okonkwo,adubois,group_chat,2026-04-01 10:08:03+00:00
Jamal Okonkwo,jokonkwo,group_chat,2026-04-01 10:08:03+00:00
Jamal Okonkwo,mgarcia,group_chat,2026-04-01 10:08:03+00:00
Jamal Okonkwo,erodriguez,group_chat,2026-04-01 10:08:03+00:00
Jamal Okonkwo,nkhatri,group_chat,2026-04-01 10:08:03+00:00
Jamal Okonkwo,mohammedhaddad,group_chat,2026-04-01 10:08:03+00:00
Amélie Dubois,rpatel,group_chat,2026-04-01 10:08:20+00:00
Amélie Dubois,adubois,group_chat,2026-04-01 10:08:20+00:00
Amélie Dubois,jokonkwo,group_chat,2026-04-01 10:08:20+00:00
Amélie Dubois,mgarcia,group_chat,2026-04-01 10:08:20+00:00
Amélie Dubois,erodriguez,group_chat,2026-04-01 10:08:20+00:00
Amélie Dubois,nkhatri,group_chat,2026-04-01 10:08:20+00:00
Amélie Dubois,mohammedhaddad,group_chat,2026-04-01 10:08:20+00:00
Neha Khatri,rpatel,group_chat,2026-04-01 10:09:45+00:00
Neha Khatri,adubois,group_chat,2026-04-01 10:09:45+00:00
Neha Khatri,jokonkwo,group_chat,2026-04-01 10:09:45+00:00
Neha Khatri,mgarcia,group_chat,2026-04-01 10:09:45+00:00
Neha Khatri,erodriguez,group_chat,2026-04-01 10:09:45+00:00
Neha Khatri,nkhatri,group_chat,2026-04-01 10:09:45+00:00
Neha Khatri,mohammedhaddad,group_chat,2026-04-01 10:09:45+00:00
Mohammed Haddad,rpatel,group_chat,2026-04-01 10:10:10+00:00
Mohammed Haddad,adubois,group_chat,2026-04-01 10:10:10+00:00
Mohammed Haddad,jokonkwo,group_chat,2026-04-01 10:10:10+00:00
Mohammed Haddad,mgarcia,group_chat,2026-04-01 10:10:10+00:00
Mohammed Haddad,erodriguez,group_chat,2026-04-01 10:10:10+00:00
Mohammed Haddad,nkhatri,group_chat,2026-04-01 10:10:10+00:00
Mohammed Haddad,mohammedhaddad,group_chat,2026-04-01 10:10:10+00:00
Ravi Patel,rpatel,group_chat,2026-04-01 10:10:35+00:00
Ravi Patel,adubois,group_chat,2026-04-01 10:10:35+00:00
Ravi Patel,jokonkwo,group_chat,2026-04-01 10:10:35+00:00
Ravi Patel,mgarcia,group_chat,2026-04-01 10:10:35+00:00
Ravi Patel,erodriguez,group_chat,2026-04-01 10:10:35+00:00
Ravi Patel,nkhatri,group_chat,2026-04-01 10:10:35+00:00
Ravi Patel,mohammedhaddad,group_chat,2026-04-01 10:10:35+00:00
Amélie Dubois,rpatel,group_chat,2026-04-01 10:10:50+00:00
Amélie Dubois,adubois,group_chat,2026-04-01 10:10:50+00:00
Amélie Dubois,jokonkwo,group_chat,2026-04-01 10:10:50+00:00
Amélie Dubois,mgarcia,group_chat,2026-04-01 10:10:50+00:00
Amélie Dubois,erodriguez,group_chat,2026-04-01 10:10:50+00:00
Amélie Dubois,nkhatri,group_chat,2026-04-01 10:10:50+00:00
Amélie Dubois,mohammedhaddad,group_chat,2026-04-01 10:10:50+00:00
Elena Rodriguez,rpatel,group_chat,2026-04-01 10:11:05+00:00
Elena Rodriguez,adubois,group_chat,2026-04-01 10:11:05+00:00
Elena Rodriguez,jokonkwo,group_chat,2026-04-01 10:11:05+00:00
Elena Rodriguez,mgarcia,group_chat,2026-04-01 10:11:05+00:00
Elena Rodriguez,erodriguez,group_chat,2026-04-01 10:11:05+00:00
Elena Rodriguez,nkhatri,group_chat,2026-04-01 10:11:05+00:00
Elena Rodriguez,mohammedhaddad,group_chat,2026-04-01 10:11:05+00:00
Khoi Nguyen,adubois,group_chat,2026-04-01 10:03:15+00:00
Khoi Nguyen,tsato,group_chat,2026-04-01 10:03:15+00:00
Khoi Nguyen,rpatel,group_chat,2026-04-01 10:03:15+00:00
Khoi Nguyen,jokonkwo,group_chat,2026-04-01 10:03:15+00:00
Khoi Nguyen,mgarcia,group_chat,2026-04-01 10:03:15+00:00
Khoi Nguyen,jdubois,group_chat,2026-04-01 10:03:15+00:00
Khoi Nguyen,nkhatri,group_chat,2026-04-01 10:03:15+00:00
Khoi Nguyen,msharif,group_chat,2026-04-01 10:03:15+00:00
Khoi Nguyen,rchowdhury,group_chat,2026-04-01 10:03:15+00:00
Khoi Nguyen,knguyen,group_chat,2026-04-01 10:03:15+00:00
Khoi Nguyen,anapatel,group_chat,2026-04-01 10:03:15+00:00
Khoi Nguyen,tsilva,group_chat,2026-04-01 10:03:15+00:00
Khoi Nguyen,hwang,group_chat,2026-04-01 10:03:15+00:00
Khoi Nguyen,kpark,group_chat,2026-04-01 10:03:15+00:00
Khoi Nguyen,tkobayashi,group_chat,2026-04-01 10:03:15+00:00
Amélie Dubois,adubois,group_chat,2026-04-01 10:04:02+00:00
Amélie Dubois,tsato,group_chat,2026-04-01 10:04:02+00:00
Amélie Dubois,rpatel,group_chat,2026-04-01 10:04:02+00:00
Amélie Dubois,jokonkwo,group_chat,2026-04-01 10:04:02+00:00
Amélie Dubois,mgarcia,group_chat,2026-04-01 10:04:02+00:00
Amélie Dubois,jdubois,group_chat,2026-04-01 10:04:02+00:00
Amélie Dubois,nkhatri,group_chat,2026-04-01 10:04:02+00:00
Amélie Dubois,msharif,group_chat,2026-04-01 10:04:02+00:00
Amélie Dubois,rchowdhury,group_chat,2026-04-01 10:04:02+00:00
Amélie Dubois,knguyen,group_chat,2026-04-01 10:04:02+00:00
Amélie Dubois,anapatel,group_chat,2026-04-01 10:04:02+00:00
Amélie Dubois,tsilva,group_chat,2026-04-01 10:04:02+00:00
Amélie Dubois,hwang,group_chat,2026-04-01 10:04:02+00:00
Amélie Dubois,kpark,group_chat,2026-04-01 10:04:02+00:00
Amélie Dubois,tkobayashi,group_chat,2026-04-01 10:04:02+00:00
Jamal Okonkwo,adubois,group_chat,2026-04-01 10:04:18+00:00
Jamal Okonkwo,tsato,group_chat,2026-04-01 10:04:18+00:00
Jamal Okonkwo,rpatel,group_chat,2026-04-01 10:04:18+00:00
Jamal Okonkwo,jokonkwo,group_chat,2026-04-01 10:04:18+00:00
Jamal Okonkwo,mgarcia,group_chat,2026-04-01 10:04:18+00:00
Jamal Okonkwo,jdubois,group_chat,2026-04-01 10:04:18+00:00
Jamal Okonkwo,nkhatri,group_chat,2026-04-01 10:04:18+00:00
Jamal Okonkwo,msharif,group_chat,2026-04-01 10:04:18+00:00
Jamal Okonkwo,rchowdhury,group_chat,2026-04-01 10:04:18+00:00
Jamal Okonkwo,knguyen,group_chat,2026-04-01 10:04:18+00:00
Jamal Okonkwo,anapatel,group_chat,2026-04-01 10:04:18+00:00
Jamal Okonkwo,tsilva,group_chat,2026-04-01 10:04:18+00:00
Jamal Okonkwo,hwang,group_chat,2026-04-01 10:04:18+00:00
Jamal Okonkwo,kpark,group_chat,2026-04-01 10:04:18+00:00
Jamal Okonkwo,tkobayashi,group_chat,2026-04-01 10:04:18+00:00
Taro Kobayashi,adubois,group_chat,2026-04-01 10:04:45+00:00
Taro Kobayashi,tsato,group_chat,2026-04-01 10:04:45+00:00
Taro Kobayashi,rpatel,group_chat,2026-04-01 10:04:45+00:00
Taro Kobayashi,jokonkwo,group_chat,2026-04-01 10:04:45+00:00
Taro Kobayashi,mgarcia,group_chat,2026-04-01 10:04:45+00:00
Taro Kobayashi,jdubois,group_chat,2026-04-01 10:04:45+00:00
Taro Kobayashi,nkhatri,group_chat,2026-04-01 10:04:45+00:00
Taro Kobayashi,msharif,group_chat,2026-04-01 10:04:45+00:00
Taro Kobayashi,rchowdhury,group_chat,2026-04-01 10:04:45+00:00
Taro Kobayashi,knguyen,group_chat,2026-04-01 10:04:45+00:00
Taro Kobayashi,anapatel,group_chat,2026-04-01 10:04:45+00:00
Taro Kobayashi,tsilva,group_chat,2026-04-01 10:04:45+00:00
Taro Kobayashi,hwang,group_chat,2026-04-01 10:04:45+00:00
Taro Kobayashi,kpark,group_chat,2026-04-01 10:04:45+00:00
Taro Kobayashi,tkobayashi,group_chat,2026-04-01 10:04:45+00:00
Jacqueline Dubois,adubois,group_chat,2026-04-01 10:05:12+00:00
Jacqueline Dubois,tsato,group_chat,2026-04-01 10:05:12+00:00
Jacqueline Dubois,rpatel,group_chat,2026-04-01 10:05:12+00:00
Jacqueline Dubois,jokonkwo,group_chat,2026-04-01 10:05:12+00:00
Jacqueline Dubois,mgarcia,group_chat,2026-04-01 10:05:12+00:00
Jacqueline Dubois,jdubois,group_chat,2026-04-01 10:05:12+00:00
Jacqueline Dubois,nkhatri,group_chat,2026-04-01 10:05:12+00:00
Jacqueline Dubois,msharif,group_chat,2026-04-01 10:05:12+00:00
Jacqueline Dubois,rchowdhury,group_chat,2026-04-01 10:05:12+00:00
Jacqueline Dubois,knguyen,group_chat,2026-04-01 10:05:12+00:00
Jacqueline Dubois,anapatel,group_chat,2026-04-01 10:05:12+00:00
Jacqueline Dubois,tsilva,group_chat,2026-04-01 10:05:12+00:00
Jacqueline Dubois,hwang,group_chat,2026-04-01 10:05:12+00:00
Jacqueline Dubois,kpark,group_chat,2026-04-01 10:05:12+00:00
Jacqueline Dubois,tkobayashi,group_chat,2026-04-01 10:05:12+00:00
Ravi Patel,adubois,group_chat,2026-04-01 10:06:30+00:00
Ravi Patel,tsato,group_chat,2026-04-01 10:06:30+00:00
Ravi Patel,rpatel,group_chat,2026-04-01 10:06:30+00:00
Ravi Patel,jokonkwo,group_chat,2026-04-01 10:06:30+00:00
Ravi Patel,mgarcia,group_chat,2026-04-01 10:06:30+00:00
Ravi Patel,jdubois,group_chat,2026-04-01 10:06:30+00:00
Ravi Patel,nkhatri,group_chat,2026-04-01 10:06:30+00:00
Ravi Patel,msharif,group_chat,2026-04-01 10:06:30+00:00
Ravi Patel,rchowdhury,group_chat,2026-04-01 10:06:30+00:00
Ravi Patel,knguyen,group_chat,2026-04-01 10:06:30+00:00
Ravi Patel,anapatel,group_chat,2026-04-01 10:06:30+00:00
Ravi Patel,tsilva,group_chat,2026-04-01 10:06:30+00:00
Ravi Patel,hwang,group_chat,2026-04-01 10:06:30+00:00
Ravi Patel,kpark,group_chat,2026-04-01 10:06:30+00:00
Ravi Patel,tkobayashi,group_chat,2026-04-01 10:06:30+00:00
Neha Khatri,adubois,group_chat,2026-04-01 10:07:50+00:00
Neha Khatri,tsato,group_chat,2026-04-01 10:07:50+00:00
Neha Khatri,rpatel,group_chat,2026-04-01 10:07:50+00:00
Neha Khatri,jokonkwo,group_chat,2026-04-01 10:07:50+00:00
Neha Khatri,mgarcia,group_chat,2026-04-01 10:07:50+00:00
Neha Khatri,jdubois,group_chat,2026-04-01 10:07:50+00:00
Neha Khatri,nkhatri,group_chat,2026-04-01 10:07:50+00:00
Neha Khatri,msharif,group_chat,2026-04-01 10:07:50+00:00
Neha Khatri,rchowdhury,group_chat,2026-04-01 10:07:50+00:00
Neha Khatri,knguyen,group_chat,2026-04-01 10:07:50+00:00
Neha Khatri,anapatel,group_chat,2026-04-01 10:07:50+00:00
Neha Khatri,tsilva,group_chat,2026-04-01 10:07:50+00:00
Neha Khatri,hwang,group_chat,2026-04-01 10:07:50+00:00
Neha Khatri,kpark,group_chat,2026-04-01 10:07:50+00:00
Neha Khatri,tkobayashi,group_chat,2026-04-01 10:07:50+00:00
Thiago Silva,adubois,group_chat,2026-04-01 10:08:12+00:00
Thiago Silva,tsato,group_chat,2026-04-01 10:08:12+00:00
Thiago Silva,rpatel,group_chat,2026-04-01 10:08:12+00:00
Thiago Silva,jokonkwo,group_chat,2026-04-01 10:08:12+00:00
Thiago Silva,mgarcia,group_chat,2026-04-01 10:08:12+00:00
Thiago Silva,jdubois,group_chat,2026-04-01 10:08:12+00:00
Thiago Silva,nkhatri,group_chat,2026-04-01 10:08:12+00:00
Thiago Silva,msharif,group_chat,2026-04-01 10:08:12+00:00
Thiago Silva,rchowdhury,group_chat,2026-04-01 10:08:12+00:00
Thiago Silva,knguyen,group_chat,2026-04-01 10:08:12+00:00
Thiago Silva,anapatel,group_chat,2026-04-01 10:08:12+00:00
Thiago Silva,tsilva,group_chat,2026-04-01 10:08:12+00:00
Thiago Silva,hwang,group_chat,2026-04-01 10:08:12+00:00
Thiago Silva,kpark,group_chat,2026-04-01 10:08:12+00:00
Thiago Silva,tkobayashi,group_chat,2026-04-01 10:08:12+00:00
Kai Park,adubois,group_chat,2026-04-01 10:09:00+00:00
Kai Park,tsato,group_chat,2026-04-01 10:09:00+00:00
Kai Park,rpatel,group_chat,2026-04-01 10:09:00+00:00
Kai Park,jokonkwo,group_chat,2026-04-01 10:09:00+00:00
Kai Park,mgarcia,group_chat,2026-04-01 10:09:00+00:00
Kai Park,jdubois,group_chat,2026-04-01 10:09:00+00:00
Kai Park,nkhatri,group_chat,2026-04-01 10:09:00+00:00
Kai Park,msharif,group_chat,2026-04-01 10:09:00+00:00
Kai Park,rchowdhury,group_chat,2026-04-01 10:09:00+00:00
Kai Park,knguyen,group_chat,2026-04-01 10:09:00+00:00
Kai Park,anapatel,group_chat,2026-04-01 10:09:00+00:00
Kai Park,tsilva,group_chat,2026-04-01 10:09:00+00:00
Kai Park,hwang,group_chat,2026-04-01 10:09:00+00:00
Kai Park,kpark,group_chat,2026-04-01 10:09:00+00:00
Kai Park,tkobayashi,group_chat,2026-04-01 10:09:00+00:00
Ana Patel,adubois,group_chat,2026-04-01 10:09:25+00:00
Ana Patel,tsato,group_chat,2026-04-01 10:09:25+00:00
Ana Patel,rpatel,group_chat,2026-04-01 10:09:25+00:00
Ana Patel,jokonkwo,group_chat,2026-04-01 10:09:25+00:00
Ana Patel,mgarcia,group_chat,2026-04-01 10:09:25+00:00
Ana Patel,jdubois,group_chat,2026-04-01 10:09:25+00:00
Ana Patel,nkhatri,group_chat,2026-04-01 10:09:25+00:00
Ana Patel,msharif,group_chat,2026-04-01 10:09:25+00:00
Ana Patel,rchowdhury,group_chat,2026-04-01 10:09:25+00:00
Ana Patel,knguyen,group_chat,2026-04-01 10:09:25+00:00
Ana Patel,anapatel,group_chat,2026-04-01 10:09:25+00:00
Ana Patel,tsilva,group_chat,2026-04-01 10:09:25+00:00
Ana Patel,hwang,group_chat,2026-04-01 10:09:25+00:00
Ana Patel,kpark,group_chat,2026-04-01 10:09:25+00:00
Ana Patel,tkobayashi,group_chat,2026-04-01 10:09:25+00:00
Mona Sharif,adubois,group_chat,2026-04-01 10:10:45+00:00
Mona Sharif,tsato,group_chat,2026-04-01 10:10:45+00:00
Mona Sharif,rpatel,group_chat,2026-04-01 10:10:45+00:00
Mona Sharif,jokonkwo,group_chat,2026-04-01 10:10:45+00:00
Mona Sharif,mgarcia,group_chat,2026-04-01 10:10:45+00:00
Mona Sharif,jdubois,group_chat,2026-04-01 10:10:45+00:00
Mona Sharif,nkhatri,group_chat,2026-04-01 10:10:45+00:00
Mona Sharif,msharif,group_chat,2026-04-01 10:10:45+00:00
Mona Sharif,rchowdhury,group_chat,2026-04-01 10:10:45+00:00
Mona Sharif,knguyen,group_chat,2026-04-01 10:10:45+00:00
Mona Sharif,anapatel,group_chat,2026-04-01 10:10:45+00:00
Mona Sharif,tsilva,group_chat,2026-04-01 10:10:45+00:00
Mona Sharif,hwang,group_chat,2026-04-01 10:10:45+00:00
Mona Sharif,kpark,group_chat,2026-04-01 10:10:45+00:00
Mona Sharif,tkobayashi,group_chat,2026-04-01 10:10:45+00:00
Hyun-Jae Wang,adubois,group_chat,2026-04-01 10:11:02+00:00
Hyun-Jae Wang,tsato,group_chat,2026-04-01 10:11:02+00:00
Hyun-Jae Wang,rpatel,group_chat,2026-04-01 10:11:02+00:00
Hyun-Jae Wang,jokonkwo,group_chat,2026-04-01 10:11:02+00:00
Hyun-Jae Wang,mgarcia,group_chat,2026-04-01 10:11:02+00:00
Hyun-Jae Wang,jdubois,group_chat,2026-04-01 10:11:02+00:00
Hyun-Jae Wang,nkhatri,group_chat,2026-04-01 10:11:02+00:00
Hyun-Jae Wang,msharif,group_chat,2026-04-01 10:11:02+00:00
Hyun-Jae Wang,rchowdhury,group_chat,2026-04-01 10:11:02+00:00
Hyun-Jae Wang,knguyen,group_chat,2026-04-01 10:11:02+00:00
Hyun-Jae Wang,anapatel,group_chat,2026-04-01 10:11:02+00:00
Hyun-Jae Wang,tsilva,group_chat,2026-04-01 10:11:02+00:00
Hyun-Jae Wang,hwang,group_chat,2026-04-01 10:11:02+00:00
Hyun-Jae Wang,kpark,group_chat,2026-04-01 10:11:02+00:00
Hyun-Jae Wang,tkobayashi,group_chat,2026-04-01 10:11:02+00:00
Mariana Garcia,adubois,group_chat,2026-04-01 10:11:27+00:00
Mariana Garcia,tsato,group_chat,2026-04-01 10:11:27+00:00
Mariana Garcia,rpatel,group_chat,2026-04-01 10:11:27+00:00
Mariana Garcia,jokonkwo,group_chat,2026-04-01 10:11:27+00:00
Mariana Garcia,mgarcia,group_chat,2026-04-01 10:11:27+00:00
Mariana Garcia,jdubois,group_chat,2026-04-01 10:11:27+00:00
Mariana Garcia,nkhatri,group_chat,2026-04-01 10:11:27+00:00
Mariana Garcia,msharif,group_chat,2026-04-01 10:11:27+00:00
Mariana Garcia,rchowdhury,group_chat,2026-04-01 10:11:27+00:00
Mariana Garcia,knguyen,group_chat,2026-04-01 10:11:27+00:00
Mariana Garcia,anapatel,group_chat,2026-04-01 10:11:27+00:00
Mariana Garcia,tsilva,group_chat,2026-04-01 10:11:27+00:00
Mariana Garcia,hwang,group_chat,2026-04-01 10:11:27+00:00
Mariana Garcia,kpark,group_chat,2026-04-01 10:11:27+00:00
Mariana Garcia,tkobayashi,group_chat,2026-04-01 10:11:27+00:00
Ritika Chowdhury,adubois,group_chat,2026-04-01 10:12:15+00:00
Ritika Chowdhury,tsato,group_chat,2026-04-01 10:12:15+00:00
Ritika Chowdhury,rpatel,group_chat,2026-04-01 10:12:15+00:00
Ritika Chowdhury,jokonkwo,group_chat,2026-04-01 10:12:15+00:00
Ritika Chowdhury,mgarcia,group_chat,2026-04-01 10:12:15+00:00
Ritika Chowdhury,jdubois,group_chat,2026-04-01 10:12:15+00:00
Ritika Chowdhury,nkhatri,group_chat,2026-04-01 10:12:15+00:00
Ritika Chowdhury,msharif,group_chat,2026-04-01 10:12:15+00:00
Ritika Chowdhury,rchowdhury,group_chat,2026-04-01 10:12:15+00:00
Ritika Chowdhury,knguyen,group_chat,2026-04-01 10:12:15+00:00
Ritika Chowdhury,anapatel,group_chat,2026-04-01 10:12:15+00:00
Ritika Chowdhury,tsilva,group_chat,2026-04-01 10:12:15+00:00
Ritika Chowdhury,hwang,group_chat,2026-04-01 10:12:15+00:00
Ritika Chowdhury,kpark,group_chat,2026-04-01 10:12:15+00:00
Ritika Chowdhury,tkobayashi,group_chat,2026-04-01 10:12:15+00:00
Takeshi Sato,adubois,group_chat,2026-04-01 10:13:50+00:00
Takeshi Sato,tsato,group_chat,2026-04-01 10:13:50+00:00
Takeshi Sato,rpatel,group_chat,2026-04-01 10:13:50+00:00
Takeshi Sato,jokonkwo,group_chat,2026-04-01 10:13:50+00:00
Takeshi Sato,mgarcia,group_chat,2026-04-01 10:13:50+00:00
Takeshi Sato,jdubois,group_chat,2026-04-01 10:13:50+00:00
Takeshi Sato,nkhatri,group_chat,2026-04-01 10:13:50+00:00
Takeshi Sato,msharif,group_chat,2026-04-01 10:13:50+00:00
Takeshi Sato,rchowdhury,group_chat,2026-04-01 10:13:50+00:00
Takeshi Sato,knguyen,group_chat,2026-04-01 10:13:50+00:00
Takeshi Sato,anapatel,group_chat,2026-04-01 10:13:50+00:00
Takeshi Sato,tsilva,group_chat,2026-04-01 10:13:50+00:00
Takeshi Sato,hwang,group_chat,2026-04-01 10:13:50+00:00
Takeshi Sato,kpark,group_chat,2026-04-01 10:13:50+00:00
Takeshi Sato,tkobayashi,group_chat,2026-04-01 10:13:50+00:00
Amélie Dubois,adubois,group_chat,2026-04-01 14:05:23+00:00
Amélie Dubois,tsato,group_chat,2026-04-01 14:05:23+00:00
Amélie Dubois,rpatel,group_chat,2026-04-01 14:05:23+00:00
Amélie Dubois,jokonkwo,group_chat,2026-04-01 14:05:23+00:00
Amélie Dubois,mgarcia,group_chat,2026-04-01 14:05:23+00:00
Takeshi Sato,adubois,group_chat,2026-04-01 14:05:45+00:00
Takeshi Sato,tsato,group_chat,2026-04-01 14:05:45+00:00
Takeshi Sato,rpatel,group_chat,2026-04-01 14:05:45+00:00
Takeshi Sato,jokonkwo,group_chat,2026-04-01 14:05:45+00:00
Takeshi Sato,mgarcia,group_chat,2026-04-01 14:05:45+00:00
Ravi Patel,adubois,group_chat,2026-04-01 14:06:02+00:00
Ravi Patel,tsato,group_chat,2026-04-01 14:06:02+00:00
Ravi Patel,rpatel,group_chat,2026-04-01 14:06:02+00:00
Ravi Patel,jokonkwo,group_chat,2026-04-01 14:06:02+00:00
Ravi Patel,mgarcia,group_chat,2026-04-01 14:06:02+00:00
Mariana Garcia,adubois,group_chat,2026-04-01 14:07:14+00:00
Mariana Garcia,tsato,group_chat,2026-04-01 14:07:14+00:00
Mariana Garcia,rpatel,group_chat,2026-04-01 14:07:14+00:00
Mariana Garcia,jokonkwo,group_chat,2026-04-01 14:07:14+00:00
Mariana Garcia,mgarcia,group_chat,2026-04-01 14:07:14+00:00
Jamal Okonkwo,adubois,group_chat,2026-04-01 14:07:48+00:00
Jamal Okonkwo,tsato,group_chat,2026-04-01 14:07:48+00:00
Jamal Okonkwo,rpatel,group_chat,2026-04-01 14:07:48+00:00
Jamal Okonkwo,jokonkwo,group_chat,2026-04-01 14:07:48+00:00
Jamal Okonkwo,mgarcia,group_chat,2026-04-01 14:07:48+00:00
Ravi Patel,adubois,group_chat,2026-04-01 14:08:30+00:00
Ravi Patel,tsato,group_chat,2026-04-01 14:08:30+00:00
Ravi Patel,rpatel,group_chat,2026-04-01 14:08:30+00:00
Ravi Patel,jokonkwo,group_chat,2026-04-01 14:08:30+00:00
Ravi Patel,mgarcia,group_chat,2026-04-01 14:08:30+00:00
Amélie Dubois,adubois,group_chat,2026-04-01 14:09:00+00:00
Amélie Dubois,tsato,group_chat,2026-04-01 14:09:00+00:00
Amélie Dubois,rpatel,group_chat,2026-04-01 14:09:00+00:00
Amélie Dubois,jokonkwo,group_chat,2026-04-01 14:09:00+00:00
Amélie Dubois,mgarcia,group_chat,2026-04-01 14:09:00+00:00
Ravi Patel,adubois,group_chat,2026-04-01 14:09:14+00:00
Ravi Patel,tsato,group_chat,2026-04-01 14:09:14+00:00
Ravi Patel,rpatel,group_chat,2026-04-01 14:09:14+00:00
Ravi Patel,jokonkwo,group_chat,2026-04-01 14:09:14+00:00
Ravi Patel,mgarcia,group_chat,2026-04-01 14:09:14+00:00
Takeshi Sato,adubois,group_chat,2026-04-01 14:10:02+00:00
Takeshi Sato,tsato,group_chat,2026-04-01 14:10:02+00:00
Takeshi Sato,rpatel,group_chat,2026-04-01 14:10:02+00:00
Takeshi Sato,jokonkwo,group_chat,2026-04-01 14:10:02+00:00
Takeshi Sato,mgarcia,group_chat,2026-04-01 14:10:02+00:00
Mariana Garcia,adubois,group_chat,2026-04-01 14:10:20+00:00
Mariana Garcia,tsato,group_chat,2026-04-01 14:10:20+00:00
Mariana Garcia,rpatel,group_chat,2026-04-01 14:10:20+00:00
Mariana Garcia,jokonkwo,group_chat,2026-04-01 14:10:20+00:00
Mariana Garcia,mgarcia,group_chat,2026-04-01 14:10:20+00:00
Jamal Okonkwo,adubois,group_chat,2026-04-01 14:10:45+00:00
Jamal Okonkwo,tsato,group_chat,2026-04-01 14:10:45+00:00
Jamal Okonkwo,rpatel,group_chat,2026-04-01 14:10:45+00:00
Jamal Okonkwo,jokonkwo,group_chat,2026-04-01 14:10:45+00:00
Jamal Okonkwo,mgarcia,group_chat,2026-04-01 14:10:45+00:00
Amélie Dubois,adubois,group_chat,2026-04-01 14:11:12+00:00
Amélie Dubois,tsato,group_chat,2026-04-01 14:11:12+00:00
Amélie Dubois,rpatel,group_chat,2026-04-01 14:11:12+00:00
Amélie Dubois,jokonkwo,group_chat,2026-04-01 14:11:12+00:00
Amélie Dubois,mgarcia,group_chat,2026-04-01 14:11:12+00:00
Takeshi Sato,adubois,group_chat,2026-04-01 14:12:00+00:00
Takeshi Sato,tsato,group_chat,2026-04-01 14:12:00+00:00
Takeshi Sato,rpatel,group_chat,2026-04-01 14:12:00+00:00
Takeshi Sato,jokonkwo,group_chat,2026-04-01 14:12:00+00:00
Takeshi Sato,mgarcia,group_chat,2026-04-01 14:12:00+00:00
Mariana Garcia,adubois,group_chat,2026-04-01 14:12:25+00:00
Mariana Garcia,tsato,group_chat,2026-04-01 14:12:25+00:00
Mariana Garcia,rpatel,group_chat,2026-04-01 14:12:25+00:00
Mariana Garcia,jokonkwo,group_chat,2026-04-01 14:12:25+00:00
Mariana Garcia,mgarcia,group_chat,2026-04-01 14:12:25+00:00
Ravi Patel,adubois,group_chat,2026-04-01 14:12:40+00:00
Ravi Patel,tsato,group_chat,2026-04-01 14:12:40+00:00
Ravi Patel,rpatel,group_chat,2026-04-01 14:12:40+00:00
Ravi Patel,jokonkwo,group_chat,2026-04-01 14:12:40+00:00
Ravi Patel,mgarcia,group_chat,2026-04-01 14:12:40+00:00
Amélie Dubois,adubois,group_chat,2026-04-01 14:13:01+00:00
Amélie Dubois,tsato,group_chat,2026-04-01 14:13:01+00:00
Amélie Dubois,rpatel,group_chat,2026-04-01 14:13:01+00:00
Amélie Dubois,jokonkwo,group_chat,2026-04-01 14:13:01+00:00
Amélie Dubois,mgarcia,group_chat,2026-04-01 14:13:01+00:00
Takeshi Sato,adubois,group_chat,2026-04-01 14:14:15+00:00
Takeshi Sato,tsato,group_chat,2026-04-01 14:14:15+00:00
Takeshi Sato,rpatel,group_chat,2026-04-01 14:14:15+00:00
Takeshi Sato,jokonkwo,group_chat,2026-04-01 14:14:15+00:00
Takeshi Sato,mgarcia,group_chat,2026-04-01 14:14:15+00:00
Mariana Garcia,adubois,group_chat,2026-04-01 14:14:30+00:00
Mariana Garcia,tsato,group_chat,2026-04-01 14:14:30+00:00
Mariana Garcia,rpatel,group_chat,2026-04-01 14:14:30+00:00
Mariana Garcia,jokonkwo,group_chat,2026-04-01 14:14:30+00:00
Mariana Garcia,mgarcia,group_chat,2026-04-01 14:14:30+00:00
Jamal Okonkwo,adubois,group_chat,2026-04-01 14:15:10+00:00
Jamal Okonkwo,tsato,group_chat,2026-04-01 14:15:10+00:00
Jamal Okonkwo,rpatel,group_chat,2026-04-01 14:15:10+00:00
Jamal Okonkwo,jokonkwo,group_chat,2026-04-01 14:15:10+00:00
Jamal Okonkwo,mgarcia,group_chat,2026-04-01 14:15:10+00:00
Takeshi Sato,adubois,group_chat,2026-04-01 14:15:25+00:00
Takeshi Sato,tsato,group_chat,2026-04-01 14:15:25+00:00
Takeshi Sato,rpatel,group_chat,2026-04-01 14:15:25+00:00
Takeshi Sato,jokonkwo,group_chat,2026-04-01 14:15:25+00:00
Takeshi Sato,mgarcia,group_chat,2026-04-01 14:15:25+00:00
Mariana Garcia,mgarcia,group_chat,2026-04-01 14:02:15+00:00
Mariana Garcia,jokonkwo,group_chat,2026-04-01 14:02:15+00:00
Mariana Garcia,msharif,group_chat,2026-04-01 14:02:15+00:00
Mariana Garcia,carlosgarcia,group_chat,2026-04-01 14:02:15+00:00
Mariana Garcia,rmensah,group_chat,2026-04-01 14:02:15+00:00
Mariana Garcia,fpereira,group_chat,2026-04-01 14:02:15+00:00
Carlos Garcia,mgarcia,group_chat,2026-04-01 14:03:01+00:00
Carlos Garcia,jokonkwo,group_chat,2026-04-01 14:03:01+00:00
Carlos Garcia,msharif,group_chat,2026-04-01 14:03:01+00:00
Carlos Garcia,carlosgarcia,group_chat,2026-04-01 14:03:01+00:00
Carlos Garcia,rmensah,group_chat,2026-04-01 14:03:01+00:00
Carlos Garcia,fpereira,group_chat,2026-04-01 14:03:01+00:00
Rose Mensah,mgarcia,group_chat,2026-04-01 14:03:45+00:00
Rose Mensah,jokonkwo,group_chat,2026-04-01 14:03:45+00:00
Rose Mensah,msharif,group_chat,2026-04-01 14:03:45+00:00
Rose Mensah,carlosgarcia,group_chat,2026-04-01 14:03:45+00:00
Rose Mensah,rmensah,group_chat,2026-04-01 14:03:45+00:00
Rose Mensah,fpereira,group_chat,2026-04-01 14:03:45+00:00
Mona Sharif,mgarcia,group_chat,2026-04-01 14:04:22+00:00
Mona Sharif,jokonkwo,group_chat,2026-04-01 14:04:22+00:00
Mona Sharif,msharif,group_chat,2026-04-01 14:04:22+00:00
Mona Sharif,carlosgarcia,group_chat,2026-04-01 14:04:22+00:00
Mona Sharif,rmensah,group_chat,2026-04-01 14:04:22+00:00
Mona Sharif,fpereira,group_chat,2026-04-01 14:04:22+00:00
Fabiana Pereira,mgarcia,group_chat,2026-04-01 14:04:48+00:00
Fabiana Pereira,jokonkwo,group_chat,2026-04-01 14:04:48+00:00
Fabiana Pereira,msharif,group_chat,2026-04-01 14:04:48+00:00
Fabiana Pereira,carlosgarcia,group_chat,2026-04-01 14:04:48+00:00
Fabiana Pereira,rmensah,group_chat,2026-04-01 14:04:48+00:00
Fabiana Pereira,fpereira,group_chat,2026-04-01 14:04:48+00:00
Jamal Okonkwo,mgarcia,group_chat,2026-04-01 14:05:13+00:00
Jamal Okonkwo,jokonkwo,group_chat,2026-04-01 14:05:13+00:00
Jamal Okonkwo,msharif,group_chat,2026-04-01 14:05:13+00:00
Jamal Okonkwo,carlosgarcia,group_chat,2026-04-01 14:05:13+00:00
Jamal Okonkwo,rmensah,group_chat,2026-04-01 14:05:13+00:00
Jamal Okonkwo,fpereira,group_chat,2026-04-01 14:05:13+00:00
Carlos Garcia,mgarcia,group_chat,2026-04-01 14:06:03+00:00
Carlos Garcia,jokonkwo,group_chat,2026-04-01 14:06:03+00:00
Carlos Garcia,msharif,group_chat,2026-04-01 14:06:03+00:00
Carlos Garcia,carlosgarcia,group_chat,2026-04-01 14:06:03+00:00
Carlos Garcia,rmensah,group_chat,2026-04-01 14:06:03+00:00
Carlos Garcia,fpereira,group_chat,2026-04-01 14:06:03+00:00
Mariana Garcia,mgarcia,group_chat,2026-04-01 14:06:25+00:00
Mariana Garcia,jokonkwo,group_chat,2026-04-01 14:06:25+00:00
Mariana Garcia,msharif,group_chat,2026-04-01 14:06:25+00:00
Mariana Garcia,carlosgarcia,group_chat,2026-04-01 14:06:25+00:00
Mariana Garcia,rmensah,group_chat,2026-04-01 14:06:25+00:00
Mariana Garcia,fpereira,group_chat,2026-04-01 14:06:25+00:00
Rose Mensah,mgarcia,group_chat,2026-04-01 14:07:02+00:00
Rose Mensah,jokonkwo,group_chat,2026-04-01 14:07:02+00:00
Rose Mensah,msharif,group_chat,2026-04-01 14:07:02+00:00
Rose Mensah,carlosgarcia,group_chat,2026-04-01 14:07:02+00:00
Rose Mensah,rmensah,group_chat,2026-04-01 14:07:02+00:00
Rose Mensah,fpereira,group_chat,2026-04-01 14:07:02+00:00
Mona Sharif,mgarcia,group_chat,2026-04-01 14:07:38+00:00
Mona Sharif,jokonkwo,group_chat,2026-04-01 14:07:38+00:00
Mona Sharif,msharif,group_chat,2026-04-01 14:07:38+00:00
Mona Sharif,carlosgarcia,group_chat,2026-04-01 14:07:38+00:00
Mona Sharif,rmensah,group_chat,2026-04-01 14:07:38+00:00
Mona Sharif,fpereira,group_chat,2026-04-01 14:07:38+00:00
Fabiana Pereira,mgarcia,group_chat,2026-04-01 14:08:05+00:00
Fabiana Pereira,jokonkwo,group_chat,2026-04-01 14:08:05+00:00
Fabiana Pereira,msharif,group_chat,2026-04-01 14:08:05+00:00
Fabiana Pereira,carlosgarcia,group_chat,2026-04-01 14:08:05+00:00
Fabiana Pereira,rmensah,group_chat,2026-04-01 14:08:05+00:00
Fabiana Pereira,fpereira,group_chat,2026-04-01 14:08:05+00:00
Jamal Okonkwo,mgarcia,group_chat,2026-04-01 14:08:47+00:00
Jamal Okonkwo,jokonkwo,group_chat,2026-04-01 14:08:47+00:00
Jamal Okonkwo,msharif,group_chat,2026-04-01 14:08:47+00:00
Jamal Okonkwo,carlosgarcia,group_chat,2026-04-01 14:08:47+00:00
Jamal Okonkwo,rmensah,group_chat,2026-04-01 14:08:47+00:00
Jamal Okonkwo,fpereira,group_chat,2026-04-01 14:08:47+00:00
Carlos Garcia,mgarcia,group_chat,2026-04-01 14:09:11+00:00
Carlos Garcia,jokonkwo,group_chat,2026-04-01 14:09:11+00:00
Carlos Garcia,msharif,group_chat,2026-04-01 14:09:11+00:00
Carlos Garcia,carlosgarcia,group_chat,2026-04-01 14:09:11+00:00
Carlos Garcia,rmensah,group_chat,2026-04-01 14:09:11+00:00
Carlos Garcia,fpereira,group_chat,2026-04-01 14:09:11+00:00
Mariana Garcia,mgarcia,group_chat,2026-04-01 14:09:42+00:00
Mariana Garcia,jokonkwo,group_chat,2026-04-01 14:09:42+00:00
Mariana Garcia,msharif,group_chat,2026-04-01 14:09:42+00:00
Mariana Garcia,carlosgarcia,group_chat,2026-04-01 14:09:42+00:00
Mariana Garcia,rmensah,group_chat,2026-04-01 14:09:42+00:00
Mariana Garcia,fpereira,group_chat,2026-04-01 14:09:42+00:00
Rose Mensah,mgarcia,group_chat,2026-04-01 14:10:03+00:00
Rose Mensah,jokonkwo,group_chat,2026-04-01 14:10:03+00:00
Rose Mensah,msharif,group_chat,2026-04-01 14:10:03+00:00
Rose Mensah,carlosgarcia,group_chat,2026-04-01 14:10:03+00:00
Rose Mensah,rmensah,group_chat,2026-04-01 14:10:03+00:00
Rose Mensah,fpereira,group_chat,2026-04-01 14:10:03+00:00
Fabiana Pereira,mgarcia,group_chat,2026-04-01 14:10:24+00:00
Fabiana Pereira,jokonkwo,group_chat,2026-04-01 14:10:24+00:00
Fabiana Pereira,msharif,group_chat,2026-04-01 14:10:24+00:00
Fabiana Pereira,carlosgarcia,group_chat,2026-04-01 14:10:24+00:00
Fabiana Pereira,rmensah,group_chat,2026-04-01 14:10:24+00:00
Fabiana Pereira,fpereira,group_chat,2026-04-01 14:10:24+00:00
Mona Sharif,mgarcia,group_chat,2026-04-01 14:11:02+00:00
Mona Sharif,jokonkwo,group_chat,2026-04-01 14:11:02+00:00
Mona Sharif,msharif,group_chat,2026-04-01 14:11:02+00:00
Mona Sharif,carlosgarcia,group_chat,2026-04-01 14:11:02+00:00
Mona Sharif,rmensah,group_chat,2026-04-01 14:11:02+00:00
Mona Sharif,fpereira,group_chat,2026-04-01 14:11:02+00:00
Jamal Okonkwo,mgarcia,group_chat,2026-04-01 14:11:18+00:00
Jamal Okonkwo,jokonkwo,group_chat,2026-04-01 14:11:18+00:00
Jamal Okonkwo,msharif,group_chat,2026-04-01 14:11:18+00:00
Jamal Okonkwo,carlosgarcia,group_chat,2026-04-01 14:11:18+00:00
Jamal Okonkwo,rmensah,group_chat,2026-04-01 14:11:18+00:00
Jamal Okonkwo,fpereira,group_chat,2026-04-01 14:11:18+00:00
Carlos Garcia,mgarcia,group_chat,2026-04-01 14:12:05+00:00
Carlos Garcia,jokonkwo,group_chat,2026-04-01 14:12:05+00:00
Carlos Garcia,msharif,group_chat,2026-04-01 14:12:05+00:00
Carlos Garcia,carlosgarcia,group_chat,2026-04-01 14:12:05+00:00
Carlos Garcia,rmensah,group_chat,2026-04-01 14:12:05+00:00
Carlos Garcia,fpereira,group_chat,2026-04-01 14:12:05+00:00
mariana_garcia,mgarcia,group_chat,2026-04-02 10:15:00+00:00
mariana_garcia,rchowdhury,group_chat,2026-04-02 10:15:00+00:00
mariana_garcia,knguyen,group_chat,2026-04-02 10:15:00+00:00
mariana_garcia,msharif,group_chat,2026-04-02 10:15:00+00:00
ritika_chowdhury,mgarcia,group_chat,2026-04-02 10:16:12+00:00
ritika_chowdhury,rchowdhury,group_chat,2026-04-02 10:16:12+00:00
ritika_chowdhury,knguyen,group_chat,2026-04-02 10:16:12+00:00
ritika_chowdhury,msharif,group_chat,2026-04-02 10:16:12+00:00
khoi_nguyen,mgarcia,group_chat,2026-04-02 10:16:55+00:00
khoi_nguyen,rchowdhury,group_chat,2026-04-02 10:16:55+00:00
khoi_nguyen,knguyen,group_chat,2026-04-02 10:16:55+00:00
khoi_nguyen,msharif,group_chat,2026-04-02 10:16:55+00:00
mona_sharif,mgarcia,group_chat,2026-04-02 10:17:34+00:00
mona_sharif,rchowdhury,group_chat,2026-04-02 10:17:34+00:00
mona_sharif,knguyen,group_chat,2026-04-02 10:17:34+00:00
mona_sharif,msharif,group_chat,2026-04-02 10:17:34+00:00
mariana_garcia,mgarcia,group_chat,2026-04-02 10:18:10+00:00
mariana_garcia,rchowdhury,group_chat,2026-04-02 10:18:10+00:00
mariana_garcia,knguyen,group_chat,2026-04-02 10:18:10+00:00
mariana_garcia,msharif,group_chat,2026-04-02 10:18:10+00:00
ritika_chowdhury,mgarcia,group_chat,2026-04-02 10:18:36+00:00
ritika_chowdhury,rchowdhury,group_chat,2026-04-02 10:18:36+00:00
ritika_chowdhury,knguyen,group_chat,2026-04-02 10:18:36+00:00
ritika_chowdhury,msharif,group_chat,2026-04-02 10:18:36+00:00
khoi_nguyen,mgarcia,group_chat,2026-04-02 10:19:15+00:00
khoi_nguyen,rchowdhury,group_chat,2026-04-02 10:19:15+00:00
khoi_nguyen,knguyen,group_chat,2026-04-02 10:19:15+00:00
khoi_nguyen,msharif,group_chat,2026-04-02 10:19:15+00:00
mona_sharif,mgarcia,group_chat,2026-04-02 10:20:02+00:00
mona_sharif,rchowdhury,group_chat,2026-04-02 10:20:02+00:00
mona_sharif,knguyen,group_chat,2026-04-02 10:20:02+00:00
mona_sharif,msharif,group_chat,2026-04-02 10:20:02+00:00
mariana_garcia,mgarcia,group_chat,2026-04-02 10:20:35+00:00
mariana_garcia,rchowdhury,group_chat,2026-04-02 10:20:35+00:00
mariana_garcia,knguyen,group_chat,2026-04-02 10:20:35+00:00
mariana_garcia,msharif,group_chat,2026-04-02 10:20:35+00:00
ritika_chowdhury,mgarcia,group_chat,2026-04-02 10:21:12+00:00
ritika_chowdhury,rchowdhury,group_chat,2026-04-02 10:21:12+00:00
ritika_chowdhury,knguyen,group_chat,2026-04-02 10:21:12+00:00
ritika_chowdhury,msharif,group_chat,2026-04-02 10:21:12+00:00
khoi_nguyen,mgarcia,group_chat,2026-04-02 10:21:48+00:00
khoi_nguyen,rchowdhury,group_chat,2026-04-02 10:21:48+00:00
khoi_nguyen,knguyen,group_chat,2026-04-02 10:21:48+00:00
khoi_nguyen,msharif,group_chat,2026-04-02 10:21:48+00:00
mona_sharif,mgarcia,group_chat,2026-04-02 10:22:15+00:00
mona_sharif,rchowdhury,group_chat,2026-04-02 10:22:15+00:00
mona_sharif,knguyen,group_chat,2026-04-02 10:22:15+00:00
mona_sharif,msharif,group_chat,2026-04-02 10:22:15+00:00
mariana_garcia,mgarcia,group_chat,2026-04-02 10:22:51+00:00
mariana_garcia,rchowdhury,group_chat,2026-04-02 10:22:51+00:00
mariana_garcia,knguyen,group_chat,2026-04-02 10:22:51+00:00
mariana_garcia,msharif,group_chat,2026-04-02 10:22:51+00:00
ritika_chowdhury,mgarcia,group_chat,2026-04-02 10:23:27+00:00
ritika_chowdhury,rchowdhury,group_chat,2026-04-02 10:23:27+00:00
ritika_chowdhury,knguyen,group_chat,2026-04-02 10:23:27+00:00
ritika_chowdhury,msharif,group_chat,2026-04-02 10:23:27+00:00
khoi_nguyen,mgarcia,group_chat,2026-04-02 10:24:01+00:00
khoi_nguyen,rchowdhury,group_chat,2026-04-02 10:24:01+00:00
khoi_nguyen,knguyen,group_chat,2026-04-02 10:24:01+00:00
khoi_nguyen,msharif,group_chat,2026-04-02 10:24:01+00:00
mona_sharif,mgarcia,group_chat,2026-04-02 10:24:35+00:00
mona_sharif,rchowdhury,group_chat,2026-04-02 10:24:35+00:00
mona_sharif,knguyen,group_chat,2026-04-02 10:24:35+00:00
mona_sharif,msharif,group_chat,2026-04-02 10:24:35+00:00
mariana_garcia,mgarcia,group_chat,2026-04-02 10:25:12+00:00
mariana_garcia,rchowdhury,group_chat,2026-04-02 10:25:12+00:00
mariana_garcia,knguyen,group_chat,2026-04-02 10:25:12+00:00
mariana_garcia,msharif,group_chat,2026-04-02 10:25:12+00:00
ritika_chowdhury,mgarcia,group_chat,2026-04-02 10:25:48+00:00
ritika_chowdhury,rchowdhury,group_chat,2026-04-02 10:25:48+00:00
ritika_chowdhury,knguyen,group_chat,2026-04-02 10:25:48+00:00
ritika_chowdhury,msharif,group_chat,2026-04-02 10:25:48+00:00
khoi_nguyen,mgarcia,group_chat,2026-04-02 10:26:22+00:00
khoi_nguyen,rchowdhury,group_chat,2026-04-02 10:26:22+00:00
khoi_nguyen,knguyen,group_chat,2026-04-02 10:26:22+00:00
khoi_nguyen,msharif,group_chat,2026-04-02 10:26:22+00:00
mona_sharif,mgarcia,group_chat,2026-04-02 10:26:57+00:00
mona_sharif,rchowdhury,group_chat,2026-04-02 10:26:57+00:00
mona_sharif,knguyen,group_chat,2026-04-02 10:26:57+00:00
mona_sharif,msharif,group_chat,2026-04-02 10:26:57+00:00
mandla_abebe,mabebe,group_chat,2026-04-02 08:15:00+00:00
mandla_abebe,rmensah,group_chat,2026-04-02 08:15:00+00:00
mandla_abebe,fpereira,group_chat,2026-04-02 08:15:00+00:00
mandla_abebe,adeyokonkwo,group_chat,2026-04-02 08:15:00+00:00
rose_mensah,mabebe,group_chat,2026-04-02 08:16:12+00:00
rose_mensah,rmensah,group_chat,2026-04-02 08:16:12+00:00
rose_mensah,fpereira,group_chat,2026-04-02 08:16:12+00:00
rose_mensah,adeyokonkwo,group_chat,2026-04-02 08:16:12+00:00
fabiana_pereira,mabebe,group_chat,2026-04-02 08:17:45+00:00
fabiana_pereira,rmensah,group_chat,2026-04-02 08:17:45+00:00
fabiana_pereira,fpereira,group_chat,2026-04-02 08:17:45+00:00
fabiana_pereira,adeyokonkwo,group_chat,2026-04-02 08:17:45+00:00
ade_okonkwo,mabebe,group_chat,2026-04-02 08:18:31+00:00
ade_okonkwo,rmensah,group_chat,2026-04-02 08:18:31+00:00
ade_okonkwo,fpereira,group_chat,2026-04-02 08:18:31+00:00
ade_okonkwo,adeyokonkwo,group_chat,2026-04-02 08:18:31+00:00
mandla_abebe,mabebe,group_chat,2026-04-02 08:19:07+00:00
mandla_abebe,rmensah,group_chat,2026-04-02 08:19:07+00:00
mandla_abebe,fpereira,group_chat,2026-04-02 08:19:07+00:00
mandla_abebe,adeyokonkwo,group_chat,2026-04-02 08:19:07+00:00
rose_mensah,mabebe,group_chat,2026-04-02 08:20:14+00:00
rose_mensah,rmensah,group_chat,2026-04-02 08:20:14+00:00
rose_mensah,fpereira,group_chat,2026-04-02 08:20:14+00:00
rose_mensah,adeyokonkwo,group_chat,2026-04-02 08:20:14+00:00
fabiana_pereira,mabebe,group_chat,2026-04-02 08:21:02+00:00
fabiana_pereira,rmensah,group_chat,2026-04-02 08:21:02+00:00
fabiana_pereira,fpereira,group_chat,2026-04-02 08:21:02+00:00
fabiana_pereira,adeyokonkwo,group_chat,2026-04-02 08:21:02+00:00
ade_okonkwo,mabebe,group_chat,2026-04-02 08:21:45+00:00
ade_okonkwo,rmensah,group_chat,2026-04-02 08:21:45+00:00
ade_okonkwo,fpereira,group_chat,2026-04-02 08:21:45+00:00
ade_okonkwo,adeyokonkwo,group_chat,2026-04-02 08:21:45+00:00
mandla_abebe,mabebe,group_chat,2026-04-02 08:22:30+00:00
mandla_abebe,rmensah,group_chat,2026-04-02 08:22:30+00:00
mandla_abebe,fpereira,group_chat,2026-04-02 08:22:30+00:00
mandla_abebe,adeyokonkwo,group_chat,2026-04-02 08:22:30+00:00
rose_mensah,mabebe,group_chat,2026-04-02 08:23:15+00:00
rose_mensah,rmensah,group_chat,2026-04-02 08:23:15+00:00
rose_mensah,fpereira,group_chat,2026-04-02 08:23:15+00:00
rose_mensah,adeyokonkwo,group_chat,2026-04-02 08:23:15+00:00
mandla_abebe,mabebe,group_chat,2026-04-02 08:24:00+00:00
mandla_abebe,rmensah,group_chat,2026-04-02 08:24:00+00:00
mandla_abebe,fpereira,group_chat,2026-04-02 08:24:00+00:00
mandla_abebe,adeyokonkwo,group_chat,2026-04-02 08:24:00+00:00
fabiana_pereira,mabebe,group_chat,2026-04-02 08:25:12+00:00
fabiana_pereira,rmensah,group_chat,2026-04-02 08:25:12+00:00
fabiana_pereira,fpereira,group_chat,2026-04-02 08:25:12+00:00
fabiana_pereira,adeyokonkwo,group_chat,2026-04-02 08:25:12+00:00
ade_okonkwo,mabebe,group_chat,2026-04-02 08:26:05+00:00
ade_okonkwo,rmensah,group_chat,2026-04-02 08:26:05+00:00
ade_okonkwo,fpereira,group_chat,2026-04-02 08:26:05+00:00
ade_okonkwo,adeyokonkwo,group_chat,2026-04-02 08:26:05+00:00
rose_mensah,mabebe,group_chat,2026-04-02 08:26:49+00:00
rose_mensah,rmensah,group_chat,2026-04-02 08:26:49+00:00
rose_mensah,fpereira,group_chat,2026-04-02 08:26:49+00:00
rose_mensah,adeyokonkwo,group_chat,2026-04-02 08:26:49+00:00
mandla_abebe,mabebe,group_chat,2026-04-02 08:27:35+00:00
mandla_abebe,rmensah,group_chat,2026-04-02 08:27:35+00:00
mandla_abebe,fpereira,group_chat,2026-04-02 08:27:35+00:00
mandla_abebe,adeyokonkwo,group_chat,2026-04-02 08:27:35+00:00
ade_okonkwo,mabebe,group_chat,2026-04-02 08:28:22+00:00
ade_okonkwo,rmensah,group_chat,2026-04-02 08:28:22+00:00
ade_okonkwo,fpereira,group_chat,2026-04-02 08:28:22+00:00
ade_okonkwo,adeyokonkwo,group_chat,2026-04-02 08:28:22+00:00
fabiana_pereira,mabebe,group_chat,2026-04-02 08:29:00+00:00
fabiana_pereira,rmensah,group_chat,2026-04-02 08:29:00+00:00
fabiana_pereira,fpereira,group_chat,2026-04-02 08:29:00+00:00
fabiana_pereira,adeyokonkwo,group_chat,2026-04-02 08:29:00+00:00
ade_okonkwo,mabebe,group_chat,2026-04-02 08:29:45+00:00
ade_okonkwo,rmensah,group_chat,2026-04-02 08:29:45+00:00
ade_okonkwo,fpereira,group_chat,2026-04-02 08:29:45+00:00
ade_okonkwo,adeyokonkwo,group_chat,2026-04-02 08:29:45+00:00
rose_mensah,mabebe,group_chat,2026-04-02 08:30:30+00:00
rose_mensah,rmensah,group_chat,2026-04-02 08:30:30+00:00
rose_mensah,fpereira,group_chat,2026-04-02 08:30:30+00:00
rose_mensah,adeyokonkwo,group_chat,2026-04-02 08:30:30+00:00
mandla_abebe,mabebe,group_chat,2026-04-02 08:31:15+00:00
mandla_abebe,rmensah,group_chat,2026-04-02 08:31:15+00:00
mandla_abebe,fpereira,group_chat,2026-04-02 08:31:15+00:00
mandla_abebe,adeyokonkwo,group_chat,2026-04-02 08:31:15+00:00
ade_okonkwo,mabebe,group_chat,2026-04-02 08:32:00+00:00
ade_okonkwo,rmensah,group_chat,2026-04-02 08:32:00+00:00
ade_okonkwo,fpereira,group_chat,2026-04-02 08:32:00+00:00
ade_okonkwo,adeyokonkwo,group_chat,2026-04-02 08:32:00+00:00
fabiana_pereira,mabebe,group_chat,2026-04-02 08:32:45+00:00
fabiana_pereira,rmensah,group_chat,2026-04-02 08:32:45+00:00
fabiana_pereira,fpereira,group_chat,2026-04-02 08:32:45+00:00
fabiana_pereira,adeyokonkwo,group_chat,2026-04-02 08:32:45+00:00
rose_mensah,mabebe,group_chat,2026-04-02 08:33:12+00:00
rose_mensah,rmensah,group_chat,2026-04-02 08:33:12+00:00
rose_mensah,fpereira,group_chat,2026-04-02 08:33:12+00:00
rose_mensah,adeyokonkwo,group_chat,2026-04-02 08:33:12+00:00
mandla_abebe,mabebe,group_chat,2026-04-02 08:33:45+00:00
mandla_abebe,rmensah,group_chat,2026-04-02 08:33:45+00:00
mandla_abebe,fpereira,group_chat,2026-04-02 08:33:45+00:00
mandla_abebe,adeyokonkwo,group_chat,2026-04-02 08:33:45+00:00
Neha Khatri,nkhatri,group_chat,2026-04-02 09:12:34+00:00
Neha Khatri,mohammedhaddad,group_chat,2026-04-02 09:12:34+00:00
Neha Khatri,amustafa,group_chat,2026-04-02 09:12:34+00:00
Neha Khatri,mouyang,group_chat,2026-04-02 09:12:34+00:00
Mohammed Haddad,nkhatri,group_chat,2026-04-02 09:13:01+00:00
Mohammed Haddad,mohammedhaddad,group_chat,2026-04-02 09:13:01+00:00
Mohammed Haddad,amustafa,group_chat,2026-04-02 09:13:01+00:00
Mohammed Haddad,mouyang,group_chat,2026-04-02 09:13:01+00:00
Amina Mustafa,nkhatri,group_chat,2026-04-02 09:13:20+00:00
Amina Mustafa,mohammedhaddad,group_chat,2026-04-02 09:13:20+00:00
Amina Mustafa,amustafa,group_chat,2026-04-02 09:13:20+00:00
Amina Mustafa,mouyang,group_chat,2026-04-02 09:13:20+00:00
Mei-Lin Ou-Yang,nkhatri,group_chat,2026-04-02 09:13:47+00:00
Mei-Lin Ou-Yang,mohammedhaddad,group_chat,2026-04-02 09:13:47+00:00
Mei-Lin Ou-Yang,amustafa,group_chat,2026-04-02 09:13:47+00:00
Mei-Lin Ou-Yang,mouyang,group_chat,2026-04-02 09:13:47+00:00
Neha Khatri,nkhatri,group_chat,2026-04-02 09:14:15+00:00
Neha Khatri,mohammedhaddad,group_chat,2026-04-02 09:14:15+00:00
Neha Khatri,amustafa,group_chat,2026-04-02 09:14:15+00:00
Neha Khatri,mouyang,group_chat,2026-04-02 09:14:15+00:00
Mohammed Haddad,nkhatri,group_chat,2026-04-02 09:14:38+00:00
Mohammed Haddad,mohammedhaddad,group_chat,2026-04-02 09:14:38+00:00
Mohammed Haddad,amustafa,group_chat,2026-04-02 09:14:38+00:00
Mohammed Haddad,mouyang,group_chat,2026-04-02 09:14:38+00:00
Amina Mustafa,nkhatri,group_chat,2026-04-02 09:15:02+00:00
Amina Mustafa,mohammedhaddad,group_chat,2026-04-02 09:15:02+00:00
Amina Mustafa,amustafa,group_chat,2026-04-02 09:15:02+00:00
Amina Mustafa,mouyang,group_chat,2026-04-02 09:15:02+00:00
Mei-Lin Ou-Yang,nkhatri,group_chat,2026-04-02 09:15:25+00:00
Mei-Lin Ou-Yang,mohammedhaddad,group_chat,2026-04-02 09:15:25+00:00
Mei-Lin Ou-Yang,amustafa,group_chat,2026-04-02 09:15:25+00:00
Mei-Lin Ou-Yang,mouyang,group_chat,2026-04-02 09:15:25+00:00
Neha Khatri,nkhatri,group_chat,2026-04-02 09:15:46+00:00
Neha Khatri,mohammedhaddad,group_chat,2026-04-02 09:15:46+00:00
Neha Khatri,amustafa,group_chat,2026-04-02 09:15:46+00:00
Neha Khatri,mouyang,group_chat,2026-04-02 09:15:46+00:00
Mohammed Haddad,nkhatri,group_chat,2026-04-02 09:16:12+00:00
Mohammed Haddad,mohammedhaddad,group_chat,2026-04-02 09:16:12+00:00
Mohammed Haddad,amustafa,group_chat,2026-04-02 09:16:12+00:00
Mohammed Haddad,mouyang,group_chat,2026-04-02 09:16:12+00:00
Amina Mustafa,nkhatri,group_chat,2026-04-02 09:16:37+00:00
Amina Mustafa,mohammedhaddad,group_chat,2026-04-02 09:16:37+00:00
Amina Mustafa,amustafa,group_chat,2026-04-02 09:16:37+00:00
Amina Mustafa,mouyang,group_chat,2026-04-02 09:16:37+00:00
Mei-Lin Ou-Yang,nkhatri,group_chat,2026-04-02 09:17:03+00:00
Mei-Lin Ou-Yang,mohammedhaddad,group_chat,2026-04-02 09:17:03+00:00
Mei-Lin Ou-Yang,amustafa,group_chat,2026-04-02 09:17:03+00:00
Mei-Lin Ou-Yang,mouyang,group_chat,2026-04-02 09:17:03+00:00
Neha Khatri,nkhatri,group_chat,2026-04-02 09:17:27+00:00
Neha Khatri,mohammedhaddad,group_chat,2026-04-02 09:17:27+00:00
Neha Khatri,amustafa,group_chat,2026-04-02 09:17:27+00:00
Neha Khatri,mouyang,group_chat,2026-04-02 09:17:27+00:00
Mohammed Haddad,nkhatri,group_chat,2026-04-02 09:17:50+00:00
Mohammed Haddad,mohammedhaddad,group_chat,2026-04-02 09:17:50+00:00
Mohammed Haddad,amustafa,group_chat,2026-04-02 09:17:50+00:00
Mohammed Haddad,mouyang,group_chat,2026-04-02 09:17:50+00:00
Amina Mustafa,nkhatri,group_chat,2026-04-02 09:18:12+00:00
Amina Mustafa,mohammedhaddad,group_chat,2026-04-02 09:18:12+00:00
Amina Mustafa,amustafa,group_chat,2026-04-02 09:18:12+00:00
Amina Mustafa,mouyang,group_chat,2026-04-02 09:18:12+00:00
Mei-Lin Ou-Yang,nkhatri,group_chat,2026-04-02 09:18:34+00:00
Mei-Lin Ou-Yang,mohammedhaddad,group_chat,2026-04-02 09:18:34+00:00
Mei-Lin Ou-Yang,amustafa,group_chat,2026-04-02 09:18:34+00:00
Mei-Lin Ou-Yang,mouyang,group_chat,2026-04-02 09:18:34+00:00
Neha Khatri,nkhatri,group_chat,2026-04-02 09:19:01+00:00
Neha Khatri,mohammedhaddad,group_chat,2026-04-02 09:19:01+00:00
Neha Khatri,amustafa,group_chat,2026-04-02 09:19:01+00:00
Neha Khatri,mouyang,group_chat,2026-04-02 09:19:01+00:00
Mohammed Haddad,nkhatri,group_chat,2026-04-02 09:19:28+00:00
Mohammed Haddad,mohammedhaddad,group_chat,2026-04-02 09:19:28+00:00
Mohammed Haddad,amustafa,group_chat,2026-04-02 09:19:28+00:00
Mohammed Haddad,mouyang,group_chat,2026-04-02 09:19:28+00:00
Amina Mustafa,nkhatri,group_chat,2026-04-02 09:19:47+00:00
Amina Mustafa,mohammedhaddad,group_chat,2026-04-02 09:19:47+00:00
Amina Mustafa,amustafa,group_chat,2026-04-02 09:19:47+00:00
Amina Mustafa,mouyang,group_chat,2026-04-02 09:19:47+00:00
Mei-Lin Ou-Yang,nkhatri,group_chat,2026-04-02 09:20:12+00:00
Mei-Lin Ou-Yang,mohammedhaddad,group_chat,2026-04-02 09:20:12+00:00
Mei-Lin Ou-Yang,amustafa,group_chat,2026-04-02 09:20:12+00:00
Mei-Lin Ou-Yang,mouyang,group_chat,2026-04-02 09:20:12+00:00
Amélie Dubois,adubois,group_chat,2026-04-02 14:03:12+00:00
Amélie Dubois,jokonkwo,group_chat,2026-04-02 14:03:12+00:00
Amélie Dubois,mabebe,group_chat,2026-04-02 14:03:12+00:00
Jamal Okonkwo,adubois,group_chat,2026-04-02 14:04:27+00:00
Jamal Okonkwo,jokonkwo,group_chat,2026-04-02 14:04:27+00:00
Jamal Okonkwo,mabebe,group_chat,2026-04-02 14:04:27+00:00
Mandla Abebe,adubois,group_chat,2026-04-02 14:05:01+00:00
Mandla Abebe,jokonkwo,group_chat,2026-04-02 14:05:01+00:00
Mandla Abebe,mabebe,group_chat,2026-04-02 14:05:01+00:00
Amélie Dubois,adubois,group_chat,2026-04-02 14:05:32+00:00
Amélie Dubois,jokonkwo,group_chat,2026-04-02 14:05:32+00:00
Amélie Dubois,mabebe,group_chat,2026-04-02 14:05:32+00:00
Jamal Okonkwo,adubois,group_chat,2026-04-02 14:06:10+00:00
Jamal Okonkwo,jokonkwo,group_chat,2026-04-02 14:06:10+00:00
Jamal Okonkwo,mabebe,group_chat,2026-04-02 14:06:10+00:00
Mandla Abebe,adubois,group_chat,2026-04-02 14:07:03+00:00
Mandla Abebe,jokonkwo,group_chat,2026-04-02 14:07:03+00:00
Mandla Abebe,mabebe,group_chat,2026-04-02 14:07:03+00:00
Amélie Dubois,adubois,group_chat,2026-04-02 14:07:45+00:00
Amélie Dubois,jokonkwo,group_chat,2026-04-02 14:07:45+00:00
Amélie Dubois,mabebe,group_chat,2026-04-02 14:07:45+00:00
Jamal Okonkwo,adubois,group_chat,2026-04-02 14:08:12+00:00
Jamal Okonkwo,jokonkwo,group_chat,2026-04-02 14:08:12+00:00
Jamal Okonkwo,mabebe,group_chat,2026-04-02 14:08:12+00:00
Mandla Abebe,adubois,group_chat,2026-04-02 14:09:01+00:00
Mandla Abebe,jokonkwo,group_chat,2026-04-02 14:09:01+00:00
Mandla Abebe,mabebe,group_chat,2026-04-02 14:09:01+00:00
Amélie Dubois,adubois,group_chat,2026-04-02 14:09:47+00:00
Amélie Dubois,jokonkwo,group_chat,2026-04-02 14:09:47+00:00
Amélie Dubois,mabebe,group_chat,2026-04-02 14:09:47+00:00
Jamal Okonkwo,adubois,group_chat,2026-04-02 14:10:25+00:00
Jamal Okonkwo,jokonkwo,group_chat,2026-04-02 14:10:25+00:00
Jamal Okonkwo,mabebe,group_chat,2026-04-02 14:10:25+00:00
Mandla Abebe,adubois,group_chat,2026-04-02 14:11:09+00:00
Mandla Abebe,jokonkwo,group_chat,2026-04-02 14:11:09+00:00
Mandla Abebe,mabebe,group_chat,2026-04-02 14:11:09+00:00
Amélie Dubois,adubois,group_chat,2026-04-02 14:11:34+00:00
Amélie Dubois,jokonkwo,group_chat,2026-04-02 14:11:34+00:00
Amélie Dubois,mabebe,group_chat,2026-04-02 14:11:34+00:00
Jamal Okonkwo,adubois,group_chat,2026-04-02 14:12:20+00:00
Jamal Okonkwo,jokonkwo,group_chat,2026-04-02 14:12:20+00:00
Jamal Okonkwo,mabebe,group_chat,2026-04-02 14:12:20+00:00
Mandla Abebe,adubois,group_chat,2026-04-02 14:12:58+00:00
Mandla Abebe,jokonkwo,group_chat,2026-04-02 14:12:58+00:00
Mandla Abebe,mabebe,group_chat,2026-04-02 14:12:58+00:00
Amélie Dubois,adubois,group_chat,2026-04-02 14:13:42+00:00
Amélie Dubois,jokonkwo,group_chat,2026-04-02 14:13:42+00:00
Amélie Dubois,mabebe,group_chat,2026-04-02 14:13:42+00:00
Jamal Okonkwo,adubois,group_chat,2026-04-02 14:14:15+00:00
Jamal Okonkwo,jokonkwo,group_chat,2026-04-02 14:14:15+00:00
Jamal Okonkwo,mabebe,group_chat,2026-04-02 14:14:15+00:00
Mandla Abebe,adubois,group_chat,2026-04-02 14:15:02+00:00
Mandla Abebe,jokonkwo,group_chat,2026-04-02 14:15:02+00:00
Mandla Abebe,mabebe,group_chat,2026-04-02 14:15:02+00:00
Amélie Dubois,adubois,group_chat,2026-04-02 14:15:46+00:00
Amélie Dubois,jokonkwo,group_chat,2026-04-02 14:15:46+00:00
Amélie Dubois,mabebe,group_chat,2026-04-02 14:15:46+00:00
Jamal Okonkwo,adubois,group_chat,2026-04-02 14:16:21+00:00
Jamal Okonkwo,jokonkwo,group_chat,2026-04-02 14:16:21+00:00
Jamal Okonkwo,mabebe,group_chat,2026-04-02 14:16:21+00:00
Mandla Abebe,adubois,group_chat,2026-04-02 14:16:45+00:00
Mandla Abebe,jokonkwo,group_chat,2026-04-02 14:16:45+00:00
Mandla Abebe,mabebe,group_chat,2026-04-02 14:16:45+00:00
Jamal Hassan,jhassan,group_chat,2026-04-02 10:02:35+00:00
Jamal Hassan,tsilva,group_chat,2026-04-02 10:02:35+00:00
Jamal Hassan,kpark,group_chat,2026-04-02 10:02:35+00:00
Jamal Hassan,tkobayashi,group_chat,2026-04-02 10:02:35+00:00
Jamal Hassan,tsato,group_chat,2026-04-02 10:02:35+00:00
Kai Park,jhassan,group_chat,2026-04-02 10:03:12+00:00
Kai Park,tsilva,group_chat,2026-04-02 10:03:12+00:00
Kai Park,kpark,group_chat,2026-04-02 10:03:12+00:00
Kai Park,tkobayashi,group_chat,2026-04-02 10:03:12+00:00
Kai Park,tsato,group_chat,2026-04-02 10:03:12+00:00
Taro Kobayashi,jhassan,group_chat,2026-04-02 10:04:45+00:00
Taro Kobayashi,tsilva,group_chat,2026-04-02 10:04:45+00:00
Taro Kobayashi,kpark,group_chat,2026-04-02 10:04:45+00:00
Taro Kobayashi,tkobayashi,group_chat,2026-04-02 10:04:45+00:00
Taro Kobayashi,tsato,group_chat,2026-04-02 10:04:45+00:00
Thiago Silva,jhassan,group_chat,2026-04-02 10:05:21+00:00
Thiago Silva,tsilva,group_chat,2026-04-02 10:05:21+00:00
Thiago Silva,kpark,group_chat,2026-04-02 10:05:21+00:00
Thiago Silva,tkobayashi,group_chat,2026-04-02 10:05:21+00:00
Thiago Silva,tsato,group_chat,2026-04-02 10:05:21+00:00
Jamal Hassan,jhassan,group_chat,2026-04-02 10:05:38+00:00
Jamal Hassan,tsilva,group_chat,2026-04-02 10:05:38+00:00
Jamal Hassan,kpark,group_chat,2026-04-02 10:05:38+00:00
Jamal Hassan,tkobayashi,group_chat,2026-04-02 10:05:38+00:00
Jamal Hassan,tsato,group_chat,2026-04-02 10:05:38+00:00
Takeshi Sato,jhassan,group_chat,2026-04-02 10:06:10+00:00
Takeshi Sato,tsilva,group_chat,2026-04-02 10:06:10+00:00
Takeshi Sato,kpark,group_chat,2026-04-02 10:06:10+00:00
Takeshi Sato,tkobayashi,group_chat,2026-04-02 10:06:10+00:00
Takeshi Sato,tsato,group_chat,2026-04-02 10:06:10+00:00
Kai Park,jhassan,group_chat,2026-04-02 10:06:35+00:00
Kai Park,tsilva,group_chat,2026-04-02 10:06:35+00:00
Kai Park,kpark,group_chat,2026-04-02 10:06:35+00:00
Kai Park,tkobayashi,group_chat,2026-04-02 10:06:35+00:00
Kai Park,tsato,group_chat,2026-04-02 10:06:35+00:00
Taro Kobayashi,jhassan,group_chat,2026-04-02 10:07:00+00:00
Taro Kobayashi,tsilva,group_chat,2026-04-02 10:07:00+00:00
Taro Kobayashi,kpark,group_chat,2026-04-02 10:07:00+00:00
Taro Kobayashi,tkobayashi,group_chat,2026-04-02 10:07:00+00:00
Taro Kobayashi,tsato,group_chat,2026-04-02 10:07:00+00:00
Thiago Silva,jhassan,group_chat,2026-04-02 10:07:22+00:00
Thiago Silva,tsilva,group_chat,2026-04-02 10:07:22+00:00
Thiago Silva,kpark,group_chat,2026-04-02 10:07:22+00:00
Thiago Silva,tkobayashi,group_chat,2026-04-02 10:07:22+00:00
Thiago Silva,tsato,group_chat,2026-04-02 10:07:22+00:00
Jamal Hassan,jhassan,group_chat,2026-04-02 10:08:05+00:00
Jamal Hassan,tsilva,group_chat,2026-04-02 10:08:05+00:00
Jamal Hassan,kpark,group_chat,2026-04-02 10:08:05+00:00
Jamal Hassan,tkobayashi,group_chat,2026-04-02 10:08:05+00:00
Jamal Hassan,tsato,group_chat,2026-04-02 10:08:05+00:00
Taro Kobayashi,jhassan,group_chat,2026-04-02 10:08:35+00:00
Taro Kobayashi,tsilva,group_chat,2026-04-02 10:08:35+00:00
Taro Kobayashi,kpark,group_chat,2026-04-02 10:08:35+00:00
Taro Kobayashi,tkobayashi,group_chat,2026-04-02 10:08:35+00:00
Taro Kobayashi,tsato,group_chat,2026-04-02 10:08:35+00:00
Kai Park,jhassan,group_chat,2026-04-02 10:09:01+00:00
Kai Park,tsilva,group_chat,2026-04-02 10:09:01+00:00
Kai Park,kpark,group_chat,2026-04-02 10:09:01+00:00
Kai Park,tkobayashi,group_chat,2026-04-02 10:09:01+00:00
Kai Park,tsato,group_chat,2026-04-02 10:09:01+00:00
Thiago Silva,jhassan,group_chat,2026-04-02 10:09:30+00:00
Thiago Silva,tsilva,group_chat,2026-04-02 10:09:30+00:00
Thiago Silva,kpark,group_chat,2026-04-02 10:09:30+00:00
Thiago Silva,tkobayashi,group_chat,2026-04-02 10:09:30+00:00
Thiago Silva,tsato,group_chat,2026-04-02 10:09:30+00:00
Kai Park,jhassan,group_chat,2026-04-02 10:09:45+00:00
Kai Park,tsilva,group_chat,2026-04-02 10:09:45+00:00
Kai Park,kpark,group_chat,2026-04-02 10:09:45+00:00
Kai Park,tkobayashi,group_chat,2026-04-02 10:09:45+00:00
Kai Park,tsato,group_chat,2026-04-02 10:09:45+00:00
Takeshi Sato,jhassan,group_chat,2026-04-02 10:10:10+00:00
Takeshi Sato,tsilva,group_chat,2026-04-02 10:10:10+00:00
Takeshi Sato,kpark,group_chat,2026-04-02 10:10:10+00:00
Takeshi Sato,tkobayashi,group_chat,2026-04-02 10:10:10+00:00
Takeshi Sato,tsato,group_chat,2026-04-02 10:10:10+00:00
Jamal Hassan,jhassan,group_chat,2026-04-02 10:10:45+00:00
Jamal Hassan,tsilva,group_chat,2026-04-02 10:10:45+00:00
Jamal Hassan,kpark,group_chat,2026-04-02 10:10:45+00:00
Jamal Hassan,tkobayashi,group_chat,2026-04-02 10:10:45+00:00
Jamal Hassan,tsato,group_chat,2026-04-02 10:10:45+00:00
Taro Kobayashi,jhassan,group_chat,2026-04-02 10:11:15+00:00
Taro Kobayashi,tsilva,group_chat,2026-04-02 10:11:15+00:00
Taro Kobayashi,kpark,group_chat,2026-04-02 10:11:15+00:00
Taro Kobayashi,tkobayashi,group_chat,2026-04-02 10:11:15+00:00
Taro Kobayashi,tsato,group_chat,2026-04-02 10:11:15+00:00
mariana_garcia,mgarcia,group_chat,2026-04-02 09:02:15+00:00
mariana_garcia,rchowdhury,group_chat,2026-04-02 09:02:15+00:00
mariana_garcia,knguyen,group_chat,2026-04-02 09:02:15+00:00
mariana_garcia,carlosgarcia,group_chat,2026-04-02 09:02:15+00:00
mariana_garcia,adubois,group_chat,2026-04-02 09:02:15+00:00
ritika_chowdhury,mgarcia,group_chat,2026-04-02 09:02:30+00:00
ritika_chowdhury,rchowdhury,group_chat,2026-04-02 09:02:30+00:00
ritika_chowdhury,knguyen,group_chat,2026-04-02 09:02:30+00:00
ritika_chowdhury,carlosgarcia,group_chat,2026-04-02 09:02:30+00:00
ritika_chowdhury,adubois,group_chat,2026-04-02 09:02:30+00:00
khoi_nguyen,mgarcia,group_chat,2026-04-02 09:03:10+00:00
khoi_nguyen,rchowdhury,group_chat,2026-04-02 09:03:10+00:00
khoi_nguyen,knguyen,group_chat,2026-04-02 09:03:10+00:00
khoi_nguyen,carlosgarcia,group_chat,2026-04-02 09:03:10+00:00
khoi_nguyen,adubois,group_chat,2026-04-02 09:03:10+00:00
carlos_garcia,mgarcia,group_chat,2026-04-02 09:03:25+00:00
carlos_garcia,rchowdhury,group_chat,2026-04-02 09:03:25+00:00
carlos_garcia,knguyen,group_chat,2026-04-02 09:03:25+00:00
carlos_garcia,carlosgarcia,group_chat,2026-04-02 09:03:25+00:00
carlos_garcia,adubois,group_chat,2026-04-02 09:03:25+00:00
amélie_dubois,mgarcia,group_chat,2026-04-02 09:03:40+00:00
amélie_dubois,rchowdhury,group_chat,2026-04-02 09:03:40+00:00
amélie_dubois,knguyen,group_chat,2026-04-02 09:03:40+00:00
amélie_dubois,carlosgarcia,group_chat,2026-04-02 09:03:40+00:00
amélie_dubois,adubois,group_chat,2026-04-02 09:03:40+00:00
mariana_garcia,mgarcia,group_chat,2026-04-02 09:03:55+00:00
mariana_garcia,rchowdhury,group_chat,2026-04-02 09:03:55+00:00
mariana_garcia,knguyen,group_chat,2026-04-02 09:03:55+00:00
mariana_garcia,carlosgarcia,group_chat,2026-04-02 09:03:55+00:00
mariana_garcia,adubois,group_chat,2026-04-02 09:03:55+00:00
ritika_chowdhury,mgarcia,group_chat,2026-04-02 09:04:20+00:00
ritika_chowdhury,rchowdhury,group_chat,2026-04-02 09:04:20+00:00
ritika_chowdhury,knguyen,group_chat,2026-04-02 09:04:20+00:00
ritika_chowdhury,carlosgarcia,group_chat,2026-04-02 09:04:20+00:00
ritika_chowdhury,adubois,group_chat,2026-04-02 09:04:20+00:00
khoi_nguyen,mgarcia,group_chat,2026-04-02 09:04:40+00:00
khoi_nguyen,rchowdhury,group_chat,2026-04-02 09:04:40+00:00
khoi_nguyen,knguyen,group_chat,2026-04-02 09:04:40+00:00
khoi_nguyen,carlosgarcia,group_chat,2026-04-02 09:04:40+00:00
khoi_nguyen,adubois,group_chat,2026-04-02 09:04:40+00:00
carlos_garcia,mgarcia,group_chat,2026-04-02 09:05:10+00:00
carlos_garcia,rchowdhury,group_chat,2026-04-02 09:05:10+00:00
carlos_garcia,knguyen,group_chat,2026-04-02 09:05:10+00:00
carlos_garcia,carlosgarcia,group_chat,2026-04-02 09:05:10+00:00
carlos_garcia,adubois,group_chat,2026-04-02 09:05:10+00:00
amélie_dubois,mgarcia,group_chat,2026-04-02 09:05:35+00:00
amélie_dubois,rchowdhury,group_chat,2026-04-02 09:05:35+00:00
amélie_dubois,knguyen,group_chat,2026-04-02 09:05:35+00:00
amélie_dubois,carlosgarcia,group_chat,2026-04-02 09:05:35+00:00
amélie_dubois,adubois,group_chat,2026-04-02 09:05:35+00:00
khoi_nguyen,mgarcia,group_chat,2026-04-02 09:05:50+00:00
khoi_nguyen,rchowdhury,group_chat,2026-04-02 09:05:50+00:00
khoi_nguyen,knguyen,group_chat,2026-04-02 09:05:50+00:00
khoi_nguyen,carlosgarcia,group_chat,2026-04-02 09:05:50+00:00
khoi_nguyen,adubois,group_chat,2026-04-02 09:05:50+00:00
mariana_garcia,mgarcia,group_chat,2026-04-02 09:06:15+00:00
mariana_garcia,rchowdhury,group_chat,2026-04-02 09:06:15+00:00
mariana_garcia,knguyen,group_chat,2026-04-02 09:06:15+00:00
mariana_garcia,carlosgarcia,group_chat,2026-04-02 09:06:15+00:00
mariana_garcia,adubois,group_chat,2026-04-02 09:06:15+00:00
ritika_chowdhury,mgarcia,group_chat,2026-04-02 09:06:25+00:00
ritika_chowdhury,rchowdhury,group_chat,2026-04-02 09:06:25+00:00
ritika_chowdhury,knguyen,group_chat,2026-04-02 09:06:25+00:00
ritika_chowdhury,carlosgarcia,group_chat,2026-04-02 09:06:25+00:00
ritika_chowdhury,adubois,group_chat,2026-04-02 09:06:25+00:00
carlos_garcia,mgarcia,group_chat,2026-04-02 09:07:00+00:00
carlos_garcia,rchowdhury,group_chat,2026-04-02 09:07:00+00:00
carlos_garcia,knguyen,group_chat,2026-04-02 09:07:00+00:00
carlos_garcia,carlosgarcia,group_chat,2026-04-02 09:07:00+00:00
carlos_garcia,adubois,group_chat,2026-04-02 09:07:00+00:00
amélie_dubois,mgarcia,group_chat,2026-04-02 09:07:15+00:00
amélie_dubois,rchowdhury,group_chat,2026-04-02 09:07:15+00:00
amélie_dubois,knguyen,group_chat,2026-04-02 09:07:15+00:00
amélie_dubois,carlosgarcia,group_chat,2026-04-02 09:07:15+00:00
amélie_dubois,adubois,group_chat,2026-04-02 09:07:15+00:00
mariana_garcia,mgarcia,group_chat,2026-04-02 09:07:45+00:00
mariana_garcia,rchowdhury,group_chat,2026-04-02 09:07:45+00:00
mariana_garcia,knguyen,group_chat,2026-04-02 09:07:45+00:00
mariana_garcia,carlosgarcia,group_chat,2026-04-02 09:07:45+00:00
mariana_garcia,adubois,group_chat,2026-04-02 09:07:45+00:00
ritika_chowdhury,mgarcia,group_chat,2026-04-02 09:08:00+00:00
ritika_chowdhury,rchowdhury,group_chat,2026-04-02 09:08:00+00:00
ritika_chowdhury,knguyen,group_chat,2026-04-02 09:08:00+00:00
ritika_chowdhury,carlosgarcia,group_chat,2026-04-02 09:08:00+00:00
ritika_chowdhury,adubois,group_chat,2026-04-02 09:08:00+00:00
khoi_nguyen,mgarcia,group_chat,2026-04-02 09:08:20+00:00
khoi_nguyen,rchowdhury,group_chat,2026-04-02 09:08:20+00:00
khoi_nguyen,knguyen,group_chat,2026-04-02 09:08:20+00:00
khoi_nguyen,carlosgarcia,group_chat,2026-04-02 09:08:20+00:00
khoi_nguyen,adubois,group_chat,2026-04-02 09:08:20+00:00
carlos_garcia,mgarcia,group_chat,2026-04-02 09:09:05+00:00
carlos_garcia,rchowdhury,group_chat,2026-04-02 09:09:05+00:00
carlos_garcia,knguyen,group_chat,2026-04-02 09:09:05+00:00
carlos_garcia,carlosgarcia,group_chat,2026-04-02 09:09:05+00:00
carlos_garcia,adubois,group_chat,2026-04-02 09:09:05+00:00
amélie_dubois,mgarcia,group_chat,2026-04-02 09:09:20+00:00
amélie_dubois,rchowdhury,group_chat,2026-04-02 09:09:20+00:00
amélie_dubois,knguyen,group_chat,2026-04-02 09:09:20+00:00
amélie_dubois,carlosgarcia,group_chat,2026-04-02 09:09:20+00:00
amélie_dubois,adubois,group_chat,2026-04-02 09:09:20+00:00
Mandla Abebe,mabebe,group_chat,2026-04-02 09:05:12+00:00
Mandla Abebe,rmensah,group_chat,2026-04-02 09:05:12+00:00
Mandla Abebe,fpereira,group_chat,2026-04-02 09:05:12+00:00
Mandla Abebe,adeyokonkwo,group_chat,2026-04-02 09:05:12+00:00
Mandla Abebe,jokonkwo,group_chat,2026-04-02 09:05:12+00:00
Rose Mensah,mabebe,group_chat,2026-04-02 09:06:01+00:00
Rose Mensah,rmensah,group_chat,2026-04-02 09:06:01+00:00
Rose Mensah,fpereira,group_chat,2026-04-02 09:06:01+00:00
Rose Mensah,adeyokonkwo,group_chat,2026-04-02 09:06:01+00:00
Rose Mensah,jokonkwo,group_chat,2026-04-02 09:06:01+00:00
Fabiana Pereira,mabebe,group_chat,2026-04-02 09:06:45+00:00
Fabiana Pereira,rmensah,group_chat,2026-04-02 09:06:45+00:00
Fabiana Pereira,fpereira,group_chat,2026-04-02 09:06:45+00:00
Fabiana Pereira,adeyokonkwo,group_chat,2026-04-02 09:06:45+00:00
Fabiana Pereira,jokonkwo,group_chat,2026-04-02 09:06:45+00:00
Ade Okonkwo,mabebe,group_chat,2026-04-02 09:07:22+00:00
Ade Okonkwo,rmensah,group_chat,2026-04-02 09:07:22+00:00
Ade Okonkwo,fpereira,group_chat,2026-04-02 09:07:22+00:00
Ade Okonkwo,adeyokonkwo,group_chat,2026-04-02 09:07:22+00:00
Ade Okonkwo,jokonkwo,group_chat,2026-04-02 09:07:22+00:00
Jamal Okonkwo,mabebe,group_chat,2026-04-02 09:08:01+00:00
Jamal Okonkwo,rmensah,group_chat,2026-04-02 09:08:01+00:00
Jamal Okonkwo,fpereira,group_chat,2026-04-02 09:08:01+00:00
Jamal Okonkwo,adeyokonkwo,group_chat,2026-04-02 09:08:01+00:00
Jamal Okonkwo,jokonkwo,group_chat,2026-04-02 09:08:01+00:00
Mandla Abebe,mabebe,group_chat,2026-04-02 09:09:13+00:00
Mandla Abebe,rmensah,group_chat,2026-04-02 09:09:13+00:00
Mandla Abebe,fpereira,group_chat,2026-04-02 09:09:13+00:00
Mandla Abebe,adeyokonkwo,group_chat,2026-04-02 09:09:13+00:00
Mandla Abebe,jokonkwo,group_chat,2026-04-02 09:09:13+00:00
Rose Mensah,mabebe,group_chat,2026-04-02 09:09:45+00:00
Rose Mensah,rmensah,group_chat,2026-04-02 09:09:45+00:00
Rose Mensah,fpereira,group_chat,2026-04-02 09:09:45+00:00
Rose Mensah,adeyokonkwo,group_chat,2026-04-02 09:09:45+00:00
Rose Mensah,jokonkwo,group_chat,2026-04-02 09:09:45+00:00
Fabiana Pereira,mabebe,group_chat,2026-04-02 09:10:12+00:00
Fabiana Pereira,rmensah,group_chat,2026-04-02 09:10:12+00:00
Fabiana Pereira,fpereira,group_chat,2026-04-02 09:10:12+00:00
Fabiana Pereira,adeyokonkwo,group_chat,2026-04-02 09:10:12+00:00
Fabiana Pereira,jokonkwo,group_chat,2026-04-02 09:10:12+00:00
Ade Okonkwo,mabebe,group_chat,2026-04-02 09:10:35+00:00
Ade Okonkwo,rmensah,group_chat,2026-04-02 09:10:35+00:00
Ade Okonkwo,fpereira,group_chat,2026-04-02 09:10:35+00:00
Ade Okonkwo,adeyokonkwo,group_chat,2026-04-02 09:10:35+00:00
Ade Okonkwo,jokonkwo,group_chat,2026-04-02 09:10:35+00:00
Jamal Okonkwo,mabebe,group_chat,2026-04-02 09:11:03+00:00
Jamal Okonkwo,rmensah,group_chat,2026-04-02 09:11:03+00:00
Jamal Okonkwo,fpereira,group_chat,2026-04-02 09:11:03+00:00
Jamal Okonkwo,adeyokonkwo,group_chat,2026-04-02 09:11:03+00:00
Jamal Okonkwo,jokonkwo,group_chat,2026-04-02 09:11:03+00:00
Rose Mensah,mabebe,group_chat,2026-04-02 09:11:22+00:00
Rose Mensah,rmensah,group_chat,2026-04-02 09:11:22+00:00
Rose Mensah,fpereira,group_chat,2026-04-02 09:11:22+00:00
Rose Mensah,adeyokonkwo,group_chat,2026-04-02 09:11:22+00:00
Rose Mensah,jokonkwo,group_chat,2026-04-02 09:11:22+00:00
Mandla Abebe,mabebe,group_chat,2026-04-02 09:12:01+00:00
Mandla Abebe,rmensah,group_chat,2026-04-02 09:12:01+00:00
Mandla Abebe,fpereira,group_chat,2026-04-02 09:12:01+00:00
Mandla Abebe,adeyokonkwo,group_chat,2026-04-02 09:12:01+00:00
Mandla Abebe,jokonkwo,group_chat,2026-04-02 09:12:01+00:00
Fabiana Pereira,mabebe,group_chat,2026-04-02 09:12:15+00:00
Fabiana Pereira,rmensah,group_chat,2026-04-02 09:12:15+00:00
Fabiana Pereira,fpereira,group_chat,2026-04-02 09:12:15+00:00
Fabiana Pereira,adeyokonkwo,group_chat,2026-04-02 09:12:15+00:00
Fabiana Pereira,jokonkwo,group_chat,2026-04-02 09:12:15+00:00
Amélie Dubois,adubois,group_chat,2026-04-02 10:03:22+00:00
Amélie Dubois,rpatel,group_chat,2026-04-02 10:03:22+00:00
Amélie Dubois,jdubois,group_chat,2026-04-02 10:03:22+00:00
Amélie Dubois,amustafa,group_chat,2026-04-02 10:03:22+00:00
Amélie Dubois,aokonkwo,group_chat,2026-04-02 10:03:22+00:00
Ravi Patel,adubois,group_chat,2026-04-02 10:03:45+00:00
Ravi Patel,rpatel,group_chat,2026-04-02 10:03:45+00:00
Ravi Patel,jdubois,group_chat,2026-04-02 10:03:45+00:00
Ravi Patel,amustafa,group_chat,2026-04-02 10:03:45+00:00
Ravi Patel,aokonkwo,group_chat,2026-04-02 10:03:45+00:00
Jacqueline Dubois,adubois,group_chat,2026-04-02 10:04:10+00:00
Jacqueline Dubois,rpatel,group_chat,2026-04-02 10:04:10+00:00
Jacqueline Dubois,jdubois,group_chat,2026-04-02 10:04:10+00:00
Jacqueline Dubois,amustafa,group_chat,2026-04-02 10:04:10+00:00
Jacqueline Dubois,aokonkwo,group_chat,2026-04-02 10:04:10+00:00
Adanna Okonkwo,adubois,group_chat,2026-04-02 10:04:22+00:00
Adanna Okonkwo,rpatel,group_chat,2026-04-02 10:04:22+00:00
Adanna Okonkwo,jdubois,group_chat,2026-04-02 10:04:22+00:00
Adanna Okonkwo,amustafa,group_chat,2026-04-02 10:04:22+00:00
Adanna Okonkwo,aokonkwo,group_chat,2026-04-02 10:04:22+00:00
Amina Mustafa,adubois,group_chat,2026-04-02 10:05:01+00:00
Amina Mustafa,rpatel,group_chat,2026-04-02 10:05:01+00:00
Amina Mustafa,jdubois,group_chat,2026-04-02 10:05:01+00:00
Amina Mustafa,amustafa,group_chat,2026-04-02 10:05:01+00:00
Amina Mustafa,aokonkwo,group_chat,2026-04-02 10:05:01+00:00
Ravi Patel,adubois,group_chat,2026-04-02 10:05:18+00:00
Ravi Patel,rpatel,group_chat,2026-04-02 10:05:18+00:00
Ravi Patel,jdubois,group_chat,2026-04-02 10:05:18+00:00
Ravi Patel,amustafa,group_chat,2026-04-02 10:05:18+00:00
Ravi Patel,aokonkwo,group_chat,2026-04-02 10:05:18+00:00
Adanna Okonkwo,adubois,group_chat,2026-04-02 10:06:03+00:00
Adanna Okonkwo,rpatel,group_chat,2026-04-02 10:06:03+00:00
Adanna Okonkwo,jdubois,group_chat,2026-04-02 10:06:03+00:00
Adanna Okonkwo,amustafa,group_chat,2026-04-02 10:06:03+00:00
Adanna Okonkwo,aokonkwo,group_chat,2026-04-02 10:06:03+00:00
Jacqueline Dubois,adubois,group_chat,2026-04-02 10:06:10+00:00
Jacqueline Dubois,rpatel,group_chat,2026-04-02 10:06:10+00:00
Jacqueline Dubois,jdubois,group_chat,2026-04-02 10:06:10+00:00
Jacqueline Dubois,amustafa,group_chat,2026-04-02 10:06:10+00:00
Jacqueline Dubois,aokonkwo,group_chat,2026-04-02 10:06:10+00:00
Amélie Dubois,adubois,group_chat,2026-04-02 10:07:05+00:00
Amélie Dubois,rpatel,group_chat,2026-04-02 10:07:05+00:00
Amélie Dubois,jdubois,group_chat,2026-04-02 10:07:05+00:00
Amélie Dubois,amustafa,group_chat,2026-04-02 10:07:05+00:00
Amélie Dubois,aokonkwo,group_chat,2026-04-02 10:07:05+00:00
Ravi Patel,adubois,group_chat,2026-04-02 10:07:19+00:00
Ravi Patel,rpatel,group_chat,2026-04-02 10:07:19+00:00
Ravi Patel,jdubois,group_chat,2026-04-02 10:07:19+00:00
Ravi Patel,amustafa,group_chat,2026-04-02 10:07:19+00:00
Ravi Patel,aokonkwo,group_chat,2026-04-02 10:07:19+00:00
Amina Mustafa,adubois,group_chat,2026-04-02 10:08:01+00:00
Amina Mustafa,rpatel,group_chat,2026-04-02 10:08:01+00:00
Amina Mustafa,jdubois,group_chat,2026-04-02 10:08:01+00:00
Amina Mustafa,amustafa,group_chat,2026-04-02 10:08:01+00:00
Amina Mustafa,aokonkwo,group_chat,2026-04-02 10:08:01+00:00
Jacqueline Dubois,adubois,group_chat,2026-04-02 10:08:13+00:00
Jacqueline Dubois,rpatel,group_chat,2026-04-02 10:08:13+00:00
Jacqueline Dubois,jdubois,group_chat,2026-04-02 10:08:13+00:00
Jacqueline Dubois,amustafa,group_chat,2026-04-02 10:08:13+00:00
Jacqueline Dubois,aokonkwo,group_chat,2026-04-02 10:08:13+00:00
Adanna Okonkwo,adubois,group_chat,2026-04-02 10:09:27+00:00
Adanna Okonkwo,rpatel,group_chat,2026-04-02 10:09:27+00:00
Adanna Okonkwo,jdubois,group_chat,2026-04-02 10:09:27+00:00
Adanna Okonkwo,amustafa,group_chat,2026-04-02 10:09:27+00:00
Adanna Okonkwo,aokonkwo,group_chat,2026-04-02 10:09:27+00:00
Amélie Dubois,adubois,group_chat,2026-04-02 10:09:45+00:00
Amélie Dubois,rpatel,group_chat,2026-04-02 10:09:45+00:00
Amélie Dubois,jdubois,group_chat,2026-04-02 10:09:45+00:00
Amélie Dubois,amustafa,group_chat,2026-04-02 10:09:45+00:00
Amélie Dubois,aokonkwo,group_chat,2026-04-02 10:09:45+00:00
Adanna Okonkwo,adubois,group_chat,2026-04-02 10:09:50+00:00
Adanna Okonkwo,rpatel,group_chat,2026-04-02 10:09:50+00:00
Adanna Okonkwo,jdubois,group_chat,2026-04-02 10:09:50+00:00
Adanna Okonkwo,amustafa,group_chat,2026-04-02 10:09:50+00:00
Adanna Okonkwo,aokonkwo,group_chat,2026-04-02 10:09:50+00:00
Amélie Dubois,adubois,group_chat,2026-04-02 14:03:12+00:00
Amélie Dubois,tsato,group_chat,2026-04-02 14:03:12+00:00
Amélie Dubois,rpatel,group_chat,2026-04-02 14:03:12+00:00
Amélie Dubois,jokonkwo,group_chat,2026-04-02 14:03:12+00:00
Amélie Dubois,mgarcia,group_chat,2026-04-02 14:03:12+00:00
Takeshi Sato,adubois,group_chat,2026-04-02 14:03:37+00:00
Takeshi Sato,tsato,group_chat,2026-04-02 14:03:37+00:00
Takeshi Sato,rpatel,group_chat,2026-04-02 14:03:37+00:00
Takeshi Sato,jokonkwo,group_chat,2026-04-02 14:03:37+00:00
Takeshi Sato,mgarcia,group_chat,2026-04-02 14:03:37+00:00
Jamal Okonkwo,adubois,group_chat,2026-04-02 14:04:05+00:00
Jamal Okonkwo,tsato,group_chat,2026-04-02 14:04:05+00:00
Jamal Okonkwo,rpatel,group_chat,2026-04-02 14:04:05+00:00
Jamal Okonkwo,jokonkwo,group_chat,2026-04-02 14:04:05+00:00
Jamal Okonkwo,mgarcia,group_chat,2026-04-02 14:04:05+00:00
Mariana Garcia,adubois,group_chat,2026-04-02 14:04:23+00:00
Mariana Garcia,tsato,group_chat,2026-04-02 14:04:23+00:00
Mariana Garcia,rpatel,group_chat,2026-04-02 14:04:23+00:00
Mariana Garcia,jokonkwo,group_chat,2026-04-02 14:04:23+00:00
Mariana Garcia,mgarcia,group_chat,2026-04-02 14:04:23+00:00
Ravi Patel,adubois,group_chat,2026-04-02 14:04:45+00:00
Ravi Patel,tsato,group_chat,2026-04-02 14:04:45+00:00
Ravi Patel,rpatel,group_chat,2026-04-02 14:04:45+00:00
Ravi Patel,jokonkwo,group_chat,2026-04-02 14:04:45+00:00
Ravi Patel,mgarcia,group_chat,2026-04-02 14:04:45+00:00
Mariana Garcia,adubois,group_chat,2026-04-02 14:04:56+00:00
Mariana Garcia,tsato,group_chat,2026-04-02 14:04:56+00:00
Mariana Garcia,rpatel,group_chat,2026-04-02 14:04:56+00:00
Mariana Garcia,jokonkwo,group_chat,2026-04-02 14:04:56+00:00
Mariana Garcia,mgarcia,group_chat,2026-04-02 14:04:56+00:00
Amélie Dubois,adubois,group_chat,2026-04-02 14:05:14+00:00
Amélie Dubois,tsato,group_chat,2026-04-02 14:05:14+00:00
Amélie Dubois,rpatel,group_chat,2026-04-02 14:05:14+00:00
Amélie Dubois,jokonkwo,group_chat,2026-04-02 14:05:14+00:00
Amélie Dubois,mgarcia,group_chat,2026-04-02 14:05:14+00:00
Takeshi Sato,adubois,group_chat,2026-04-02 14:05:30+00:00
Takeshi Sato,tsato,group_chat,2026-04-02 14:05:30+00:00
Takeshi Sato,rpatel,group_chat,2026-04-02 14:05:30+00:00
Takeshi Sato,jokonkwo,group_chat,2026-04-02 14:05:30+00:00
Takeshi Sato,mgarcia,group_chat,2026-04-02 14:05:30+00:00
Jamal Okonkwo,adubois,group_chat,2026-04-02 14:09:10+00:00
Jamal Okonkwo,tsato,group_chat,2026-04-02 14:09:10+00:00
Jamal Okonkwo,rpatel,group_chat,2026-04-02 14:09:10+00:00
Jamal Okonkwo,jokonkwo,group_chat,2026-04-02 14:09:10+00:00
Jamal Okonkwo,mgarcia,group_chat,2026-04-02 14:09:10+00:00
Mariana Garcia,adubois,group_chat,2026-04-02 14:09:35+00:00
Mariana Garcia,tsato,group_chat,2026-04-02 14:09:35+00:00
Mariana Garcia,rpatel,group_chat,2026-04-02 14:09:35+00:00
Mariana Garcia,jokonkwo,group_chat,2026-04-02 14:09:35+00:00
Mariana Garcia,mgarcia,group_chat,2026-04-02 14:09:35+00:00
Ravi Patel,adubois,group_chat,2026-04-02 14:09:52+00:00
Ravi Patel,tsato,group_chat,2026-04-02 14:09:52+00:00
Ravi Patel,rpatel,group_chat,2026-04-02 14:09:52+00:00
Ravi Patel,jokonkwo,group_chat,2026-04-02 14:09:52+00:00
Ravi Patel,mgarcia,group_chat,2026-04-02 14:09:52+00:00
Amélie Dubois,adubois,group_chat,2026-04-02 14:10:18+00:00
Amélie Dubois,tsato,group_chat,2026-04-02 14:10:18+00:00
Amélie Dubois,rpatel,group_chat,2026-04-02 14:10:18+00:00
Amélie Dubois,jokonkwo,group_chat,2026-04-02 14:10:18+00:00
Amélie Dubois,mgarcia,group_chat,2026-04-02 14:10:18+00:00
Takeshi Sato,adubois,group_chat,2026-04-02 14:10:35+00:00
Takeshi Sato,tsato,group_chat,2026-04-02 14:10:35+00:00
Takeshi Sato,rpatel,group_chat,2026-04-02 14:10:35+00:00
Takeshi Sato,jokonkwo,group_chat,2026-04-02 14:10:35+00:00
Takeshi Sato,mgarcia,group_chat,2026-04-02 14:10:35+00:00
Mariana Garcia,adubois,group_chat,2026-04-02 14:10:50+00:00
Mariana Garcia,tsato,group_chat,2026-04-02 14:10:50+00:00
Mariana Garcia,rpatel,group_chat,2026-04-02 14:10:50+00:00
Mariana Garcia,jokonkwo,group_chat,2026-04-02 14:10:50+00:00
Mariana Garcia,mgarcia,group_chat,2026-04-02 14:10:50+00:00
Amélie Dubois,adubois,group_chat,2026-04-02 14:11:05+00:00
Amélie Dubois,tsato,group_chat,2026-04-02 14:11:05+00:00
Amélie Dubois,rpatel,group_chat,2026-04-02 14:11:05+00:00
Amélie Dubois,jokonkwo,group_chat,2026-04-02 14:11:05+00:00
Amélie Dubois,mgarcia,group_chat,2026-04-02 14:11:05+00:00
Jamal Okonkwo,adubois,group_chat,2026-04-02 14:11:33+00:00
Jamal Okonkwo,tsato,group_chat,2026-04-02 14:11:33+00:00
Jamal Okonkwo,rpatel,group_chat,2026-04-02 14:11:33+00:00
Jamal Okonkwo,jokonkwo,group_chat,2026-04-02 14:11:33+00:00
Jamal Okonkwo,mgarcia,group_chat,2026-04-02 14:11:33+00:00
Ravi Patel,adubois,group_chat,2026-04-02 14:11:45+00:00
Ravi Patel,tsato,group_chat,2026-04-02 14:11:45+00:00
Ravi Patel,rpatel,group_chat,2026-04-02 14:11:45+00:00
Ravi Patel,jokonkwo,group_chat,2026-04-02 14:11:45+00:00
Ravi Patel,mgarcia,group_chat,2026-04-02 14:11:45+00:00
Mariana Garcia,adubois,group_chat,2026-04-02 14:12:10+00:00
Mariana Garcia,tsato,group_chat,2026-04-02 14:12:10+00:00
Mariana Garcia,rpatel,group_chat,2026-04-02 14:12:10+00:00
Mariana Garcia,jokonkwo,group_chat,2026-04-02 14:12:10+00:00
Mariana Garcia,mgarcia,group_chat,2026-04-02 14:12:10+00:00
Takeshi Sato,adubois,group_chat,2026-04-02 14:12:30+00:00
Takeshi Sato,tsato,group_chat,2026-04-02 14:12:30+00:00
Takeshi Sato,rpatel,group_chat,2026-04-02 14:12:30+00:00
Takeshi Sato,jokonkwo,group_chat,2026-04-02 14:12:30+00:00
Takeshi Sato,mgarcia,group_chat,2026-04-02 14:12:30+00:00
jamal_hassan,jhassan,group_chat,2026-04-03 09:15:00+00:00
jamal_hassan,tsilva,group_chat,2026-04-03 09:15:00+00:00
jamal_hassan,kpark,group_chat,2026-04-03 09:15:00+00:00
jamal_hassan,hwang,group_chat,2026-04-03 09:15:00+00:00
jamal_hassan,tkobayashi,group_chat,2026-04-03 09:15:00+00:00
jamal_hassan,rprasad,group_chat,2026-04-03 09:15:00+00:00
jamal_hassan,ljohansson,group_chat,2026-04-03 09:15:00+00:00
kai_park,jhassan,group_chat,2026-04-03 09:16:12+00:00
kai_park,tsilva,group_chat,2026-04-03 09:16:12+00:00
kai_park,kpark,group_chat,2026-04-03 09:16:12+00:00
kai_park,hwang,group_chat,2026-04-03 09:16:12+00:00
kai_park,tkobayashi,group_chat,2026-04-03 09:16:12+00:00
kai_park,rprasad,group_chat,2026-04-03 09:16:12+00:00
kai_park,ljohansson,group_chat,2026-04-03 09:16:12+00:00
hyunjae_wang,jhassan,group_chat,2026-04-03 09:16:45+00:00
hyunjae_wang,tsilva,group_chat,2026-04-03 09:16:45+00:00
hyunjae_wang,kpark,group_chat,2026-04-03 09:16:45+00:00
hyunjae_wang,hwang,group_chat,2026-04-03 09:16:45+00:00
hyunjae_wang,tkobayashi,group_chat,2026-04-03 09:16:45+00:00
hyunjae_wang,rprasad,group_chat,2026-04-03 09:16:45+00:00
hyunjae_wang,ljohansson,group_chat,2026-04-03 09:16:45+00:00
taro_kobayashi,jhassan,group_chat,2026-04-03 09:17:10+00:00
taro_kobayashi,tsilva,group_chat,2026-04-03 09:17:10+00:00
taro_kobayashi,kpark,group_chat,2026-04-03 09:17:10+00:00
taro_kobayashi,hwang,group_chat,2026-04-03 09:17:10+00:00
taro_kobayashi,tkobayashi,group_chat,2026-04-03 09:17:10+00:00
taro_kobayashi,rprasad,group_chat,2026-04-03 09:17:10+00:00
taro_kobayashi,ljohansson,group_chat,2026-04-03 09:17:10+00:00
lina_johansson,jhassan,group_chat,2026-04-03 09:18:03+00:00
lina_johansson,tsilva,group_chat,2026-04-03 09:18:03+00:00
lina_johansson,kpark,group_chat,2026-04-03 09:18:03+00:00
lina_johansson,hwang,group_chat,2026-04-03 09:18:03+00:00
lina_johansson,tkobayashi,group_chat,2026-04-03 09:18:03+00:00
lina_johansson,rprasad,group_chat,2026-04-03 09:18:03+00:00
lina_johansson,ljohansson,group_chat,2026-04-03 09:18:03+00:00
rohit_prasad,jhassan,group_chat,2026-04-03 09:18:56+00:00
rohit_prasad,tsilva,group_chat,2026-04-03 09:18:56+00:00
rohit_prasad,kpark,group_chat,2026-04-03 09:18:56+00:00
rohit_prasad,hwang,group_chat,2026-04-03 09:18:56+00:00
rohit_prasad,tkobayashi,group_chat,2026-04-03 09:18:56+00:00
rohit_prasad,rprasad,group_chat,2026-04-03 09:18:56+00:00
rohit_prasad,ljohansson,group_chat,2026-04-03 09:18:56+00:00
jamal_hassan,jhassan,group_chat,2026-04-03 09:19:30+00:00
jamal_hassan,tsilva,group_chat,2026-04-03 09:19:30+00:00
jamal_hassan,kpark,group_chat,2026-04-03 09:19:30+00:00
jamal_hassan,hwang,group_chat,2026-04-03 09:19:30+00:00
jamal_hassan,tkobayashi,group_chat,2026-04-03 09:19:30+00:00
jamal_hassan,rprasad,group_chat,2026-04-03 09:19:30+00:00
jamal_hassan,ljohansson,group_chat,2026-04-03 09:19:30+00:00
kai_park,jhassan,group_chat,2026-04-03 09:19:50+00:00
kai_park,tsilva,group_chat,2026-04-03 09:19:50+00:00
kai_park,kpark,group_chat,2026-04-03 09:19:50+00:00
kai_park,hwang,group_chat,2026-04-03 09:19:50+00:00
kai_park,tkobayashi,group_chat,2026-04-03 09:19:50+00:00
kai_park,rprasad,group_chat,2026-04-03 09:19:50+00:00
kai_park,ljohansson,group_chat,2026-04-03 09:19:50+00:00
taro_kobayashi,jhassan,group_chat,2026-04-03 09:20:15+00:00
taro_kobayashi,tsilva,group_chat,2026-04-03 09:20:15+00:00
taro_kobayashi,kpark,group_chat,2026-04-03 09:20:15+00:00
taro_kobayashi,hwang,group_chat,2026-04-03 09:20:15+00:00
taro_kobayashi,tkobayashi,group_chat,2026-04-03 09:20:15+00:00
taro_kobayashi,rprasad,group_chat,2026-04-03 09:20:15+00:00
taro_kobayashi,ljohansson,group_chat,2026-04-03 09:20:15+00:00
hyunjae_wang,jhassan,group_chat,2026-04-03 09:20:45+00:00
hyunjae_wang,tsilva,group_chat,2026-04-03 09:20:45+00:00
hyunjae_wang,kpark,group_chat,2026-04-03 09:20:45+00:00
hyunjae_wang,hwang,group_chat,2026-04-03 09:20:45+00:00
hyunjae_wang,tkobayashi,group_chat,2026-04-03 09:20:45+00:00
hyunjae_wang,rprasad,group_chat,2026-04-03 09:20:45+00:00
hyunjae_wang,ljohansson,group_chat,2026-04-03 09:20:45+00:00
lina_johansson,jhassan,group_chat,2026-04-03 09:21:12+00:00
lina_johansson,tsilva,group_chat,2026-04-03 09:21:12+00:00
lina_johansson,kpark,group_chat,2026-04-03 09:21:12+00:00
lina_johansson,hwang,group_chat,2026-04-03 09:21:12+00:00
lina_johansson,tkobayashi,group_chat,2026-04-03 09:21:12+00:00
lina_johansson,rprasad,group_chat,2026-04-03 09:21:12+00:00
lina_johansson,ljohansson,group_chat,2026-04-03 09:21:12+00:00
rohit_prasad,jhassan,group_chat,2026-04-03 09:21:45+00:00
rohit_prasad,tsilva,group_chat,2026-04-03 09:21:45+00:00
rohit_prasad,kpark,group_chat,2026-04-03 09:21:45+00:00
rohit_prasad,hwang,group_chat,2026-04-03 09:21:45+00:00
rohit_prasad,tkobayashi,group_chat,2026-04-03 09:21:45+00:00
rohit_prasad,rprasad,group_chat,2026-04-03 09:21:45+00:00
rohit_prasad,ljohansson,group_chat,2026-04-03 09:21:45+00:00
jamal_hassan,jhassan,group_chat,2026-04-03 09:22:20+00:00
jamal_hassan,tsilva,group_chat,2026-04-03 09:22:20+00:00
jamal_hassan,kpark,group_chat,2026-04-03 09:22:20+00:00
jamal_hassan,hwang,group_chat,2026-04-03 09:22:20+00:00
jamal_hassan,tkobayashi,group_chat,2026-04-03 09:22:20+00:00
jamal_hassan,rprasad,group_chat,2026-04-03 09:22:20+00:00
jamal_hassan,ljohansson,group_chat,2026-04-03 09:22:20+00:00
kai_park,jhassan,group_chat,2026-04-03 09:23:01+00:00
kai_park,tsilva,group_chat,2026-04-03 09:23:01+00:00
kai_park,kpark,group_chat,2026-04-03 09:23:01+00:00
kai_park,hwang,group_chat,2026-04-03 09:23:01+00:00
kai_park,tkobayashi,group_chat,2026-04-03 09:23:01+00:00
kai_park,rprasad,group_chat,2026-04-03 09:23:01+00:00
kai_park,ljohansson,group_chat,2026-04-03 09:23:01+00:00
lina_johansson,jhassan,group_chat,2026-04-03 09:23:25+00:00
lina_johansson,tsilva,group_chat,2026-04-03 09:23:25+00:00
lina_johansson,kpark,group_chat,2026-04-03 09:23:25+00:00
lina_johansson,hwang,group_chat,2026-04-03 09:23:25+00:00
lina_johansson,tkobayashi,group_chat,2026-04-03 09:23:25+00:00
lina_johansson,rprasad,group_chat,2026-04-03 09:23:25+00:00
lina_johansson,ljohansson,group_chat,2026-04-03 09:23:25+00:00
taro_kobayashi,jhassan,group_chat,2026-04-03 09:23:50+00:00
taro_kobayashi,tsilva,group_chat,2026-04-03 09:23:50+00:00
taro_kobayashi,kpark,group_chat,2026-04-03 09:23:50+00:00
taro_kobayashi,hwang,group_chat,2026-04-03 09:23:50+00:00
taro_kobayashi,tkobayashi,group_chat,2026-04-03 09:23:50+00:00
taro_kobayashi,rprasad,group_chat,2026-04-03 09:23:50+00:00
taro_kobayashi,ljohansson,group_chat,2026-04-03 09:23:50+00:00
hyunjae_wang,jhassan,group_chat,2026-04-03 09:24:15+00:00
hyunjae_wang,tsilva,group_chat,2026-04-03 09:24:15+00:00
hyunjae_wang,kpark,group_chat,2026-04-03 09:24:15+00:00
hyunjae_wang,hwang,group_chat,2026-04-03 09:24:15+00:00
hyunjae_wang,tkobayashi,group_chat,2026-04-03 09:24:15+00:00
hyunjae_wang,rprasad,group_chat,2026-04-03 09:24:15+00:00
hyunjae_wang,ljohansson,group_chat,2026-04-03 09:24:15+00:00
jamal_hassan,jhassan,group_chat,2026-04-03 09:24:45+00:00
jamal_hassan,tsilva,group_chat,2026-04-03 09:24:45+00:00
jamal_hassan,kpark,group_chat,2026-04-03 09:24:45+00:00
jamal_hassan,hwang,group_chat,2026-04-03 09:24:45+00:00
jamal_hassan,tkobayashi,group_chat,2026-04-03 09:24:45+00:00
jamal_hassan,rprasad,group_chat,2026-04-03 09:24:45+00:00
jamal_hassan,ljohansson,group_chat,2026-04-03 09:24:45+00:00
kai_park,jhassan,group_chat,2026-04-03 09:25:10+00:00
kai_park,tsilva,group_chat,2026-04-03 09:25:10+00:00
kai_park,kpark,group_chat,2026-04-03 09:25:10+00:00
kai_park,hwang,group_chat,2026-04-03 09:25:10+00:00
kai_park,tkobayashi,group_chat,2026-04-03 09:25:10+00:00
kai_park,rprasad,group_chat,2026-04-03 09:25:10+00:00
kai_park,ljohansson,group_chat,2026-04-03 09:25:10+00:00
rohit_prasad,jhassan,group_chat,2026-04-03 09:25:35+00:00
rohit_prasad,tsilva,group_chat,2026-04-03 09:25:35+00:00
rohit_prasad,kpark,group_chat,2026-04-03 09:25:35+00:00
rohit_prasad,hwang,group_chat,2026-04-03 09:25:35+00:00
rohit_prasad,tkobayashi,group_chat,2026-04-03 09:25:35+00:00
rohit_prasad,rprasad,group_chat,2026-04-03 09:25:35+00:00
rohit_prasad,ljohansson,group_chat,2026-04-03 09:25:35+00:00
lina_johansson,jhassan,group_chat,2026-04-03 09:26:00+00:00
lina_johansson,tsilva,group_chat,2026-04-03 09:26:00+00:00
lina_johansson,kpark,group_chat,2026-04-03 09:26:00+00:00
lina_johansson,hwang,group_chat,2026-04-03 09:26:00+00:00
lina_johansson,tkobayashi,group_chat,2026-04-03 09:26:00+00:00
lina_johansson,rprasad,group_chat,2026-04-03 09:26:00+00:00
lina_johansson,ljohansson,group_chat,2026-04-03 09:26:00+00:00
taro_kobayashi,jhassan,group_chat,2026-04-03 09:26:30+00:00
taro_kobayashi,tsilva,group_chat,2026-04-03 09:26:30+00:00
taro_kobayashi,kpark,group_chat,2026-04-03 09:26:30+00:00
taro_kobayashi,hwang,group_chat,2026-04-03 09:26:30+00:00
taro_kobayashi,tkobayashi,group_chat,2026-04-03 09:26:30+00:00
taro_kobayashi,rprasad,group_chat,2026-04-03 09:26:30+00:00
taro_kobayashi,ljohansson,group_chat,2026-04-03 09:26:30+00:00
Takeshi Sato,tsato,group_chat,2026-04-03 09:05:00+00:00
Takeshi Sato,ymorales,group_chat,2026-04-03 09:05:00+00:00
Takeshi Sato,jhassan,group_chat,2026-04-03 09:05:00+00:00
Takeshi Sato,tsilva,group_chat,2026-04-03 09:05:00+00:00
Takeshi Sato,kpark,group_chat,2026-04-03 09:05:00+00:00
Takeshi Sato,rprasad,group_chat,2026-04-03 09:05:00+00:00
Yara Morales,tsato,group_chat,2026-04-03 09:06:12+00:00
Yara Morales,ymorales,group_chat,2026-04-03 09:06:12+00:00
Yara Morales,jhassan,group_chat,2026-04-03 09:06:12+00:00
Yara Morales,tsilva,group_chat,2026-04-03 09:06:12+00:00
Yara Morales,kpark,group_chat,2026-04-03 09:06:12+00:00
Yara Morales,rprasad,group_chat,2026-04-03 09:06:12+00:00
Jamal Hassan,tsato,group_chat,2026-04-03 09:06:45+00:00
Jamal Hassan,ymorales,group_chat,2026-04-03 09:06:45+00:00
Jamal Hassan,jhassan,group_chat,2026-04-03 09:06:45+00:00
Jamal Hassan,tsilva,group_chat,2026-04-03 09:06:45+00:00
Jamal Hassan,kpark,group_chat,2026-04-03 09:06:45+00:00
Jamal Hassan,rprasad,group_chat,2026-04-03 09:06:45+00:00
Thiago Silva,tsato,group_chat,2026-04-03 09:07:10+00:00
Thiago Silva,ymorales,group_chat,2026-04-03 09:07:10+00:00
Thiago Silva,jhassan,group_chat,2026-04-03 09:07:10+00:00
Thiago Silva,tsilva,group_chat,2026-04-03 09:07:10+00:00
Thiago Silva,kpark,group_chat,2026-04-03 09:07:10+00:00
Thiago Silva,rprasad,group_chat,2026-04-03 09:07:10+00:00
Kai Park,tsato,group_chat,2026-04-03 09:07:55+00:00
Kai Park,ymorales,group_chat,2026-04-03 09:07:55+00:00
Kai Park,jhassan,group_chat,2026-04-03 09:07:55+00:00
Kai Park,tsilva,group_chat,2026-04-03 09:07:55+00:00
Kai Park,kpark,group_chat,2026-04-03 09:07:55+00:00
Kai Park,rprasad,group_chat,2026-04-03 09:07:55+00:00
Rohit Prasad,tsato,group_chat,2026-04-03 09:08:23+00:00
Rohit Prasad,ymorales,group_chat,2026-04-03 09:08:23+00:00
Rohit Prasad,jhassan,group_chat,2026-04-03 09:08:23+00:00
Rohit Prasad,tsilva,group_chat,2026-04-03 09:08:23+00:00
Rohit Prasad,kpark,group_chat,2026-04-03 09:08:23+00:00
Rohit Prasad,rprasad,group_chat,2026-04-03 09:08:23+00:00
Takeshi Sato,tsato,group_chat,2026-04-03 09:09:00+00:00
Takeshi Sato,ymorales,group_chat,2026-04-03 09:09:00+00:00
Takeshi Sato,jhassan,group_chat,2026-04-03 09:09:00+00:00
Takeshi Sato,tsilva,group_chat,2026-04-03 09:09:00+00:00
Takeshi Sato,kpark,group_chat,2026-04-03 09:09:00+00:00
Takeshi Sato,rprasad,group_chat,2026-04-03 09:09:00+00:00
Yara Morales,tsato,group_chat,2026-04-03 09:09:15+00:00
Yara Morales,ymorales,group_chat,2026-04-03 09:09:15+00:00
Yara Morales,jhassan,group_chat,2026-04-03 09:09:15+00:00
Yara Morales,tsilva,group_chat,2026-04-03 09:09:15+00:00
Yara Morales,kpark,group_chat,2026-04-03 09:09:15+00:00
Yara Morales,rprasad,group_chat,2026-04-03 09:09:15+00:00
Jamal Hassan,tsato,group_chat,2026-04-03 09:10:00+00:00
Jamal Hassan,ymorales,group_chat,2026-04-03 09:10:00+00:00
Jamal Hassan,jhassan,group_chat,2026-04-03 09:10:00+00:00
Jamal Hassan,tsilva,group_chat,2026-04-03 09:10:00+00:00
Jamal Hassan,kpark,group_chat,2026-04-03 09:10:00+00:00
Jamal Hassan,rprasad,group_chat,2026-04-03 09:10:00+00:00
Thiago Silva,tsato,group_chat,2026-04-03 09:10:19+00:00
Thiago Silva,ymorales,group_chat,2026-04-03 09:10:19+00:00
Thiago Silva,jhassan,group_chat,2026-04-03 09:10:19+00:00
Thiago Silva,tsilva,group_chat,2026-04-03 09:10:19+00:00
Thiago Silva,kpark,group_chat,2026-04-03 09:10:19+00:00
Thiago Silva,rprasad,group_chat,2026-04-03 09:10:19+00:00
Kai Park,tsato,group_chat,2026-04-03 09:10:40+00:00
Kai Park,ymorales,group_chat,2026-04-03 09:10:40+00:00
Kai Park,jhassan,group_chat,2026-04-03 09:10:40+00:00
Kai Park,tsilva,group_chat,2026-04-03 09:10:40+00:00
Kai Park,kpark,group_chat,2026-04-03 09:10:40+00:00
Kai Park,rprasad,group_chat,2026-04-03 09:10:40+00:00
Rohit Prasad,tsato,group_chat,2026-04-03 09:11:05+00:00
Rohit Prasad,ymorales,group_chat,2026-04-03 09:11:05+00:00
Rohit Prasad,jhassan,group_chat,2026-04-03 09:11:05+00:00
Rohit Prasad,tsilva,group_chat,2026-04-03 09:11:05+00:00
Rohit Prasad,kpark,group_chat,2026-04-03 09:11:05+00:00
Rohit Prasad,rprasad,group_chat,2026-04-03 09:11:05+00:00
Takeshi Sato,tsato,group_chat,2026-04-03 09:11:50+00:00
Takeshi Sato,ymorales,group_chat,2026-04-03 09:11:50+00:00
Takeshi Sato,jhassan,group_chat,2026-04-03 09:11:50+00:00
Takeshi Sato,tsilva,group_chat,2026-04-03 09:11:50+00:00
Takeshi Sato,kpark,group_chat,2026-04-03 09:11:50+00:00
Takeshi Sato,rprasad,group_chat,2026-04-03 09:11:50+00:00
Thiago Silva,tsato,group_chat,2026-04-03 09:12:25+00:00
Thiago Silva,ymorales,group_chat,2026-04-03 09:12:25+00:00
Thiago Silva,jhassan,group_chat,2026-04-03 09:12:25+00:00
Thiago Silva,tsilva,group_chat,2026-04-03 09:12:25+00:00
Thiago Silva,kpark,group_chat,2026-04-03 09:12:25+00:00
Thiago Silva,rprasad,group_chat,2026-04-03 09:12:25+00:00
Jamal Hassan,tsato,group_chat,2026-04-03 09:12:50+00:00
Jamal Hassan,ymorales,group_chat,2026-04-03 09:12:50+00:00
Jamal Hassan,jhassan,group_chat,2026-04-03 09:12:50+00:00
Jamal Hassan,tsilva,group_chat,2026-04-03 09:12:50+00:00
Jamal Hassan,kpark,group_chat,2026-04-03 09:12:50+00:00
Jamal Hassan,rprasad,group_chat,2026-04-03 09:12:50+00:00
Kai Park,tsato,group_chat,2026-04-03 09:13:15+00:00
Kai Park,ymorales,group_chat,2026-04-03 09:13:15+00:00
Kai Park,jhassan,group_chat,2026-04-03 09:13:15+00:00
Kai Park,tsilva,group_chat,2026-04-03 09:13:15+00:00
Kai Park,kpark,group_chat,2026-04-03 09:13:15+00:00
Kai Park,rprasad,group_chat,2026-04-03 09:13:15+00:00
Takeshi Sato,tsato,group_chat,2026-04-03 09:13:50+00:00
Takeshi Sato,ymorales,group_chat,2026-04-03 09:13:50+00:00
Takeshi Sato,jhassan,group_chat,2026-04-03 09:13:50+00:00
Takeshi Sato,tsilva,group_chat,2026-04-03 09:13:50+00:00
Takeshi Sato,kpark,group_chat,2026-04-03 09:13:50+00:00
Takeshi Sato,rprasad,group_chat,2026-04-03 09:13:50+00:00
Yara Morales,tsato,group_chat,2026-04-03 09:14:30+00:00
Yara Morales,ymorales,group_chat,2026-04-03 09:14:30+00:00
Yara Morales,jhassan,group_chat,2026-04-03 09:14:30+00:00
Yara Morales,tsilva,group_chat,2026-04-03 09:14:30+00:00
Yara Morales,kpark,group_chat,2026-04-03 09:14:30+00:00
Yara Morales,rprasad,group_chat,2026-04-03 09:14:30+00:00
Rohit Prasad,tsato,group_chat,2026-04-03 09:14:50+00:00
Rohit Prasad,ymorales,group_chat,2026-04-03 09:14:50+00:00
Rohit Prasad,jhassan,group_chat,2026-04-03 09:14:50+00:00
Rohit Prasad,tsilva,group_chat,2026-04-03 09:14:50+00:00
Rohit Prasad,kpark,group_chat,2026-04-03 09:14:50+00:00
Rohit Prasad,rprasad,group_chat,2026-04-03 09:14:50+00:00
Thiago Silva,tsato,group_chat,2026-04-03 09:15:20+00:00
Thiago Silva,ymorales,group_chat,2026-04-03 09:15:20+00:00
Thiago Silva,jhassan,group_chat,2026-04-03 09:15:20+00:00
Thiago Silva,tsilva,group_chat,2026-04-03 09:15:20+00:00
Thiago Silva,kpark,group_chat,2026-04-03 09:15:20+00:00
Thiago Silva,rprasad,group_chat,2026-04-03 09:15:20+00:00
Kai Park,tsato,group_chat,2026-04-03 09:15:45+00:00
Kai Park,ymorales,group_chat,2026-04-03 09:15:45+00:00
Kai Park,jhassan,group_chat,2026-04-03 09:15:45+00:00
Kai Park,tsilva,group_chat,2026-04-03 09:15:45+00:00
Kai Park,kpark,group_chat,2026-04-03 09:15:45+00:00
Kai Park,rprasad,group_chat,2026-04-03 09:15:45+00:00
Jamal Hassan,tsato,group_chat,2026-04-03 09:16:10+00:00
Jamal Hassan,ymorales,group_chat,2026-04-03 09:16:10+00:00
Jamal Hassan,jhassan,group_chat,2026-04-03 09:16:10+00:00
Jamal Hassan,tsilva,group_chat,2026-04-03 09:16:10+00:00
Jamal Hassan,kpark,group_chat,2026-04-03 09:16:10+00:00
Jamal Hassan,rprasad,group_chat,2026-04-03 09:16:10+00:00
Takeshi Sato,tsato,group_chat,2026-04-03 09:16:40+00:00
Takeshi Sato,ymorales,group_chat,2026-04-03 09:16:40+00:00
Takeshi Sato,jhassan,group_chat,2026-04-03 09:16:40+00:00
Takeshi Sato,tsilva,group_chat,2026-04-03 09:16:40+00:00
Takeshi Sato,kpark,group_chat,2026-04-03 09:16:40+00:00
Takeshi Sato,rprasad,group_chat,2026-04-03 09:16:40+00:00
Mandla Abebe,mabebe,group_chat,2026-04-03 09:00:00+00:00
Mandla Abebe,rmensah,group_chat,2026-04-03 09:00:00+00:00
Mandla Abebe,fpereira,group_chat,2026-04-03 09:00:00+00:00
Mandla Abebe,adeyokonkwo,group_chat,2026-04-03 09:00:00+00:00
Mandla Abebe,cndlovu,group_chat,2026-04-03 09:00:00+00:00
Mandla Abebe,msilva,group_chat,2026-04-03 09:00:00+00:00
Rose Mensah,mabebe,group_chat,2026-04-03 09:00:45+00:00
Rose Mensah,rmensah,group_chat,2026-04-03 09:00:45+00:00
Rose Mensah,fpereira,group_chat,2026-04-03 09:00:45+00:00
Rose Mensah,adeyokonkwo,group_chat,2026-04-03 09:00:45+00:00
Rose Mensah,cndlovu,group_chat,2026-04-03 09:00:45+00:00
Rose Mensah,msilva,group_chat,2026-04-03 09:00:45+00:00
Fabiana Pereira,mabebe,group_chat,2026-04-03 09:01:10+00:00
Fabiana Pereira,rmensah,group_chat,2026-04-03 09:01:10+00:00
Fabiana Pereira,fpereira,group_chat,2026-04-03 09:01:10+00:00
Fabiana Pereira,adeyokonkwo,group_chat,2026-04-03 09:01:10+00:00
Fabiana Pereira,cndlovu,group_chat,2026-04-03 09:01:10+00:00
Fabiana Pereira,msilva,group_chat,2026-04-03 09:01:10+00:00
Ade Okonkwo,mabebe,group_chat,2026-04-03 09:01:30+00:00
Ade Okonkwo,rmensah,group_chat,2026-04-03 09:01:30+00:00
Ade Okonkwo,fpereira,group_chat,2026-04-03 09:01:30+00:00
Ade Okonkwo,adeyokonkwo,group_chat,2026-04-03 09:01:30+00:00
Ade Okonkwo,cndlovu,group_chat,2026-04-03 09:01:30+00:00
Ade Okonkwo,msilva,group_chat,2026-04-03 09:01:30+00:00
Chipo Ndlovu,mabebe,group_chat,2026-04-03 09:02:00+00:00
Chipo Ndlovu,rmensah,group_chat,2026-04-03 09:02:00+00:00
Chipo Ndlovu,fpereira,group_chat,2026-04-03 09:02:00+00:00
Chipo Ndlovu,adeyokonkwo,group_chat,2026-04-03 09:02:00+00:00
Chipo Ndlovu,cndlovu,group_chat,2026-04-03 09:02:00+00:00
Chipo Ndlovu,msilva,group_chat,2026-04-03 09:02:00+00:00
Maria Silva,mabebe,group_chat,2026-04-03 09:02:25+00:00
Maria Silva,rmensah,group_chat,2026-04-03 09:02:25+00:00
Maria Silva,fpereira,group_chat,2026-04-03 09:02:25+00:00
Maria Silva,adeyokonkwo,group_chat,2026-04-03 09:02:25+00:00
Maria Silva,cndlovu,group_chat,2026-04-03 09:02:25+00:00
Maria Silva,msilva,group_chat,2026-04-03 09:02:25+00:00
Mandla Abebe,mabebe,group_chat,2026-04-03 09:02:50+00:00
Mandla Abebe,rmensah,group_chat,2026-04-03 09:02:50+00:00
Mandla Abebe,fpereira,group_chat,2026-04-03 09:02:50+00:00
Mandla Abebe,adeyokonkwo,group_chat,2026-04-03 09:02:50+00:00
Mandla Abebe,cndlovu,group_chat,2026-04-03 09:02:50+00:00
Mandla Abebe,msilva,group_chat,2026-04-03 09:02:50+00:00
Rose Mensah,mabebe,group_chat,2026-04-03 09:03:15+00:00
Rose Mensah,rmensah,group_chat,2026-04-03 09:03:15+00:00
Rose Mensah,fpereira,group_chat,2026-04-03 09:03:15+00:00
Rose Mensah,adeyokonkwo,group_chat,2026-04-03 09:03:15+00:00
Rose Mensah,cndlovu,group_chat,2026-04-03 09:03:15+00:00
Rose Mensah,msilva,group_chat,2026-04-03 09:03:15+00:00
Fabiana Pereira,mabebe,group_chat,2026-04-03 09:03:40+00:00
Fabiana Pereira,rmensah,group_chat,2026-04-03 09:03:40+00:00
Fabiana Pereira,fpereira,group_chat,2026-04-03 09:03:40+00:00
Fabiana Pereira,adeyokonkwo,group_chat,2026-04-03 09:03:40+00:00
Fabiana Pereira,cndlovu,group_chat,2026-04-03 09:03:40+00:00
Fabiana Pereira,msilva,group_chat,2026-04-03 09:03:40+00:00
Rose Mensah,mabebe,group_chat,2026-04-03 09:04:05+00:00
Rose Mensah,rmensah,group_chat,2026-04-03 09:04:05+00:00
Rose Mensah,fpereira,group_chat,2026-04-03 09:04:05+00:00
Rose Mensah,adeyokonkwo,group_chat,2026-04-03 09:04:05+00:00
Rose Mensah,cndlovu,group_chat,2026-04-03 09:04:05+00:00
Rose Mensah,msilva,group_chat,2026-04-03 09:04:05+00:00
Ade Okonkwo,mabebe,group_chat,2026-04-03 09:04:30+00:00
Ade Okonkwo,rmensah,group_chat,2026-04-03 09:04:30+00:00
Ade Okonkwo,fpereira,group_chat,2026-04-03 09:04:30+00:00
Ade Okonkwo,adeyokonkwo,group_chat,2026-04-03 09:04:30+00:00
Ade Okonkwo,cndlovu,group_chat,2026-04-03 09:04:30+00:00
Ade Okonkwo,msilva,group_chat,2026-04-03 09:04:30+00:00
Maria Silva,mabebe,group_chat,2026-04-03 09:04:55+00:00
Maria Silva,rmensah,group_chat,2026-04-03 09:04:55+00:00
Maria Silva,fpereira,group_chat,2026-04-03 09:04:55+00:00
Maria Silva,adeyokonkwo,group_chat,2026-04-03 09:04:55+00:00
Maria Silva,cndlovu,group_chat,2026-04-03 09:04:55+00:00
Maria Silva,msilva,group_chat,2026-04-03 09:04:55+00:00
Chipo Ndlovu,mabebe,group_chat,2026-04-03 09:05:20+00:00
Chipo Ndlovu,rmensah,group_chat,2026-04-03 09:05:20+00:00
Chipo Ndlovu,fpereira,group_chat,2026-04-03 09:05:20+00:00
Chipo Ndlovu,adeyokonkwo,group_chat,2026-04-03 09:05:20+00:00
Chipo Ndlovu,cndlovu,group_chat,2026-04-03 09:05:20+00:00
Chipo Ndlovu,msilva,group_chat,2026-04-03 09:05:20+00:00
Mandla Abebe,mabebe,group_chat,2026-04-03 09:05:45+00:00
Mandla Abebe,rmensah,group_chat,2026-04-03 09:05:45+00:00
Mandla Abebe,fpereira,group_chat,2026-04-03 09:05:45+00:00
Mandla Abebe,adeyokonkwo,group_chat,2026-04-03 09:05:45+00:00
Mandla Abebe,cndlovu,group_chat,2026-04-03 09:05:45+00:00
Mandla Abebe,msilva,group_chat,2026-04-03 09:05:45+00:00
Fabiana Pereira,mabebe,group_chat,2026-04-03 09:06:10+00:00
Fabiana Pereira,rmensah,group_chat,2026-04-03 09:06:10+00:00
Fabiana Pereira,fpereira,group_chat,2026-04-03 09:06:10+00:00
Fabiana Pereira,adeyokonkwo,group_chat,2026-04-03 09:06:10+00:00
Fabiana Pereira,cndlovu,group_chat,2026-04-03 09:06:10+00:00
Fabiana Pereira,msilva,group_chat,2026-04-03 09:06:10+00:00
Rose Mensah,mabebe,group_chat,2026-04-03 09:06:35+00:00
Rose Mensah,rmensah,group_chat,2026-04-03 09:06:35+00:00
Rose Mensah,fpereira,group_chat,2026-04-03 09:06:35+00:00
Rose Mensah,adeyokonkwo,group_chat,2026-04-03 09:06:35+00:00
Rose Mensah,cndlovu,group_chat,2026-04-03 09:06:35+00:00
Rose Mensah,msilva,group_chat,2026-04-03 09:06:35+00:00
Ade Okonkwo,mabebe,group_chat,2026-04-03 09:07:00+00:00
Ade Okonkwo,rmensah,group_chat,2026-04-03 09:07:00+00:00
Ade Okonkwo,fpereira,group_chat,2026-04-03 09:07:00+00:00
Ade Okonkwo,adeyokonkwo,group_chat,2026-04-03 09:07:00+00:00
Ade Okonkwo,cndlovu,group_chat,2026-04-03 09:07:00+00:00
Ade Okonkwo,msilva,group_chat,2026-04-03 09:07:00+00:00
Maria Silva,mabebe,group_chat,2026-04-03 09:07:25+00:00
Maria Silva,rmensah,group_chat,2026-04-03 09:07:25+00:00
Maria Silva,fpereira,group_chat,2026-04-03 09:07:25+00:00
Maria Silva,adeyokonkwo,group_chat,2026-04-03 09:07:25+00:00
Maria Silva,cndlovu,group_chat,2026-04-03 09:07:25+00:00
Maria Silva,msilva,group_chat,2026-04-03 09:07:25+00:00
Chipo Ndlovu,mabebe,group_chat,2026-04-03 09:07:50+00:00
Chipo Ndlovu,rmensah,group_chat,2026-04-03 09:07:50+00:00
Chipo Ndlovu,fpereira,group_chat,2026-04-03 09:07:50+00:00
Chipo Ndlovu,adeyokonkwo,group_chat,2026-04-03 09:07:50+00:00
Chipo Ndlovu,cndlovu,group_chat,2026-04-03 09:07:50+00:00
Chipo Ndlovu,msilva,group_chat,2026-04-03 09:07:50+00:00
Mandla Abebe,mabebe,group_chat,2026-04-03 09:08:15+00:00
Mandla Abebe,rmensah,group_chat,2026-04-03 09:08:15+00:00
Mandla Abebe,fpereira,group_chat,2026-04-03 09:08:15+00:00
Mandla Abebe,adeyokonkwo,group_chat,2026-04-03 09:08:15+00:00
Mandla Abebe,cndlovu,group_chat,2026-04-03 09:08:15+00:00
Mandla Abebe,msilva,group_chat,2026-04-03 09:08:15+00:00
Fabiana Pereira,mabebe,group_chat,2026-04-03 09:08:35+00:00
Fabiana Pereira,rmensah,group_chat,2026-04-03 09:08:35+00:00
Fabiana Pereira,fpereira,group_chat,2026-04-03 09:08:35+00:00
Fabiana Pereira,adeyokonkwo,group_chat,2026-04-03 09:08:35+00:00
Fabiana Pereira,cndlovu,group_chat,2026-04-03 09:08:35+00:00
Fabiana Pereira,msilva,group_chat,2026-04-03 09:08:35+00:00
Rose Mensah,mabebe,group_chat,2026-04-03 09:09:00+00:00
Rose Mensah,rmensah,group_chat,2026-04-03 09:09:00+00:00
Rose Mensah,fpereira,group_chat,2026-04-03 09:09:00+00:00
Rose Mensah,adeyokonkwo,group_chat,2026-04-03 09:09:00+00:00
Rose Mensah,cndlovu,group_chat,2026-04-03 09:09:00+00:00
Rose Mensah,msilva,group_chat,2026-04-03 09:09:00+00:00
Ade Okonkwo,mabebe,group_chat,2026-04-03 09:09:20+00:00
Ade Okonkwo,rmensah,group_chat,2026-04-03 09:09:20+00:00
Ade Okonkwo,fpereira,group_chat,2026-04-03 09:09:20+00:00
Ade Okonkwo,adeyokonkwo,group_chat,2026-04-03 09:09:20+00:00
Ade Okonkwo,cndlovu,group_chat,2026-04-03 09:09:20+00:00
Ade Okonkwo,msilva,group_chat,2026-04-03 09:09:20+00:00
Maria Silva,mabebe,group_chat,2026-04-03 09:09:45+00:00
Maria Silva,rmensah,group_chat,2026-04-03 09:09:45+00:00
Maria Silva,fpereira,group_chat,2026-04-03 09:09:45+00:00
Maria Silva,adeyokonkwo,group_chat,2026-04-03 09:09:45+00:00
Maria Silva,cndlovu,group_chat,2026-04-03 09:09:45+00:00
Maria Silva,msilva,group_chat,2026-04-03 09:09:45+00:00
Chipo Ndlovu,mabebe,group_chat,2026-04-03 09:10:05+00:00
Chipo Ndlovu,rmensah,group_chat,2026-04-03 09:10:05+00:00
Chipo Ndlovu,fpereira,group_chat,2026-04-03 09:10:05+00:00
Chipo Ndlovu,adeyokonkwo,group_chat,2026-04-03 09:10:05+00:00
Chipo Ndlovu,cndlovu,group_chat,2026-04-03 09:10:05+00:00
Chipo Ndlovu,msilva,group_chat,2026-04-03 09:10:05+00:00
Mandla Abebe,mabebe,group_chat,2026-04-03 09:10:30+00:00
Mandla Abebe,rmensah,group_chat,2026-04-03 09:10:30+00:00
Mandla Abebe,fpereira,group_chat,2026-04-03 09:10:30+00:00
Mandla Abebe,adeyokonkwo,group_chat,2026-04-03 09:10:30+00:00
Mandla Abebe,cndlovu,group_chat,2026-04-03 09:10:30+00:00
Mandla Abebe,msilva,group_chat,2026-04-03 09:10:30+00:00
Mona Sharif,msharif,group_chat,2026-04-03 09:05:28+00:00
Mona Sharif,nkhatri,group_chat,2026-04-03 09:05:28+00:00
Mona Sharif,mouyang,group_chat,2026-04-03 09:05:28+00:00
Mona Sharif,amustafa,group_chat,2026-04-03 09:05:28+00:00
Mona Sharif,aokonkwo,group_chat,2026-04-03 09:05:28+00:00
Neha Khatri,msharif,group_chat,2026-04-03 09:06:11+00:00
Neha Khatri,nkhatri,group_chat,2026-04-03 09:06:11+00:00
Neha Khatri,mouyang,group_chat,2026-04-03 09:06:11+00:00
Neha Khatri,amustafa,group_chat,2026-04-03 09:06:11+00:00
Neha Khatri,aokonkwo,group_chat,2026-04-03 09:06:11+00:00
Amina Mustafa,msharif,group_chat,2026-04-03 09:06:45+00:00
Amina Mustafa,nkhatri,group_chat,2026-04-03 09:06:45+00:00
Amina Mustafa,mouyang,group_chat,2026-04-03 09:06:45+00:00
Amina Mustafa,amustafa,group_chat,2026-04-03 09:06:45+00:00
Amina Mustafa,aokonkwo,group_chat,2026-04-03 09:06:45+00:00
Adanna Okonkwo,msharif,group_chat,2026-04-03 09:07:22+00:00
Adanna Okonkwo,nkhatri,group_chat,2026-04-03 09:07:22+00:00
Adanna Okonkwo,mouyang,group_chat,2026-04-03 09:07:22+00:00
Adanna Okonkwo,amustafa,group_chat,2026-04-03 09:07:22+00:00
Adanna Okonkwo,aokonkwo,group_chat,2026-04-03 09:07:22+00:00
Mei-Lin Ou-Yang,msharif,group_chat,2026-04-03 09:08:10+00:00
Mei-Lin Ou-Yang,nkhatri,group_chat,2026-04-03 09:08:10+00:00
Mei-Lin Ou-Yang,mouyang,group_chat,2026-04-03 09:08:10+00:00
Mei-Lin Ou-Yang,amustafa,group_chat,2026-04-03 09:08:10+00:00
Mei-Lin Ou-Yang,aokonkwo,group_chat,2026-04-03 09:08:10+00:00
Mona Sharif,msharif,group_chat,2026-04-03 09:08:35+00:00
Mona Sharif,nkhatri,group_chat,2026-04-03 09:08:35+00:00
Mona Sharif,mouyang,group_chat,2026-04-03 09:08:35+00:00
Mona Sharif,amustafa,group_chat,2026-04-03 09:08:35+00:00
Mona Sharif,aokonkwo,group_chat,2026-04-03 09:08:35+00:00
Amina Mustafa,msharif,group_chat,2026-04-03 09:09:03+00:00
Amina Mustafa,nkhatri,group_chat,2026-04-03 09:09:03+00:00
Amina Mustafa,mouyang,group_chat,2026-04-03 09:09:03+00:00
Amina Mustafa,amustafa,group_chat,2026-04-03 09:09:03+00:00
Amina Mustafa,aokonkwo,group_chat,2026-04-03 09:09:03+00:00
Neha Khatri,msharif,group_chat,2026-04-03 09:09:47+00:00
Neha Khatri,nkhatri,group_chat,2026-04-03 09:09:47+00:00
Neha Khatri,mouyang,group_chat,2026-04-03 09:09:47+00:00
Neha Khatri,amustafa,group_chat,2026-04-03 09:09:47+00:00
Neha Khatri,aokonkwo,group_chat,2026-04-03 09:09:47+00:00
Mei-Lin Ou-Yang,msharif,group_chat,2026-04-03 09:10:12+00:00
Mei-Lin Ou-Yang,nkhatri,group_chat,2026-04-03 09:10:12+00:00
Mei-Lin Ou-Yang,mouyang,group_chat,2026-04-03 09:10:12+00:00
Mei-Lin Ou-Yang,amustafa,group_chat,2026-04-03 09:10:12+00:00
Mei-Lin Ou-Yang,aokonkwo,group_chat,2026-04-03 09:10:12+00:00
Adanna Okonkwo,msharif,group_chat,2026-04-03 09:10:31+00:00
Adanna Okonkwo,nkhatri,group_chat,2026-04-03 09:10:31+00:00
Adanna Okonkwo,mouyang,group_chat,2026-04-03 09:10:31+00:00
Adanna Okonkwo,amustafa,group_chat,2026-04-03 09:10:31+00:00
Adanna Okonkwo,aokonkwo,group_chat,2026-04-03 09:10:31+00:00
Mei-Lin Ou-Yang,msharif,group_chat,2026-04-03 09:10:58+00:00
Mei-Lin Ou-Yang,nkhatri,group_chat,2026-04-03 09:10:58+00:00
Mei-Lin Ou-Yang,mouyang,group_chat,2026-04-03 09:10:58+00:00
Mei-Lin Ou-Yang,amustafa,group_chat,2026-04-03 09:10:58+00:00
Mei-Lin Ou-Yang,aokonkwo,group_chat,2026-04-03 09:10:58+00:00
Mona Sharif,msharif,group_chat,2026-04-03 09:11:20+00:00
Mona Sharif,nkhatri,group_chat,2026-04-03 09:11:20+00:00
Mona Sharif,mouyang,group_chat,2026-04-03 09:11:20+00:00
Mona Sharif,amustafa,group_chat,2026-04-03 09:11:20+00:00
Mona Sharif,aokonkwo,group_chat,2026-04-03 09:11:20+00:00
Neha Khatri,msharif,group_chat,2026-04-03 09:11:39+00:00
Neha Khatri,nkhatri,group_chat,2026-04-03 09:11:39+00:00
Neha Khatri,mouyang,group_chat,2026-04-03 09:11:39+00:00
Neha Khatri,amustafa,group_chat,2026-04-03 09:11:39+00:00
Neha Khatri,aokonkwo,group_chat,2026-04-03 09:11:39+00:00
Amina Mustafa,msharif,group_chat,2026-04-03 09:12:00+00:00
Amina Mustafa,nkhatri,group_chat,2026-04-03 09:12:00+00:00
Amina Mustafa,mouyang,group_chat,2026-04-03 09:12:00+00:00
Amina Mustafa,amustafa,group_chat,2026-04-03 09:12:00+00:00
Amina Mustafa,aokonkwo,group_chat,2026-04-03 09:12:00+00:00
Neha Khatri,msharif,group_chat,2026-04-03 09:12:24+00:00
Neha Khatri,nkhatri,group_chat,2026-04-03 09:12:24+00:00
Neha Khatri,mouyang,group_chat,2026-04-03 09:12:24+00:00
Neha Khatri,amustafa,group_chat,2026-04-03 09:12:24+00:00
Neha Khatri,aokonkwo,group_chat,2026-04-03 09:12:24+00:00
Adanna Okonkwo,msharif,group_chat,2026-04-03 09:12:50+00:00
Adanna Okonkwo,nkhatri,group_chat,2026-04-03 09:12:50+00:00
Adanna Okonkwo,mouyang,group_chat,2026-04-03 09:12:50+00:00
Adanna Okonkwo,amustafa,group_chat,2026-04-03 09:12:50+00:00
Adanna Okonkwo,aokonkwo,group_chat,2026-04-03 09:12:50+00:00
Mei-Lin Ou-Yang,msharif,group_chat,2026-04-03 09:13:15+00:00
Mei-Lin Ou-Yang,nkhatri,group_chat,2026-04-03 09:13:15+00:00
Mei-Lin Ou-Yang,mouyang,group_chat,2026-04-03 09:13:15+00:00
Mei-Lin Ou-Yang,amustafa,group_chat,2026-04-03 09:13:15+00:00
Mei-Lin Ou-Yang,aokonkwo,group_chat,2026-04-03 09:13:15+00:00
Mona Sharif,msharif,group_chat,2026-04-03 09:13:38+00:00
Mona Sharif,nkhatri,group_chat,2026-04-03 09:13:38+00:00
Mona Sharif,mouyang,group_chat,2026-04-03 09:13:38+00:00
Mona Sharif,amustafa,group_chat,2026-04-03 09:13:38+00:00
Mona Sharif,aokonkwo,group_chat,2026-04-03 09:13:38+00:00
Amina Mustafa,msharif,group_chat,2026-04-03 09:14:00+00:00
Amina Mustafa,nkhatri,group_chat,2026-04-03 09:14:00+00:00
Amina Mustafa,mouyang,group_chat,2026-04-03 09:14:00+00:00
Amina Mustafa,amustafa,group_chat,2026-04-03 09:14:00+00:00
Amina Mustafa,aokonkwo,group_chat,2026-04-03 09:14:00+00:00
Adanna Okonkwo,msharif,group_chat,2026-04-03 09:14:27+00:00
Adanna Okonkwo,nkhatri,group_chat,2026-04-03 09:14:27+00:00
Adanna Okonkwo,mouyang,group_chat,2026-04-03 09:14:27+00:00
Adanna Okonkwo,amustafa,group_chat,2026-04-03 09:14:27+00:00
Adanna Okonkwo,aokonkwo,group_chat,2026-04-03 09:14:27+00:00
Mei-Lin Ou-Yang,msharif,group_chat,2026-04-03 09:14:56+00:00
Mei-Lin Ou-Yang,nkhatri,group_chat,2026-04-03 09:14:56+00:00
Mei-Lin Ou-Yang,mouyang,group_chat,2026-04-03 09:14:56+00:00
Mei-Lin Ou-Yang,amustafa,group_chat,2026-04-03 09:14:56+00:00
Mei-Lin Ou-Yang,aokonkwo,group_chat,2026-04-03 09:14:56+00:00
Neha Khatri,msharif,group_chat,2026-04-03 09:15:20+00:00
Neha Khatri,nkhatri,group_chat,2026-04-03 09:15:20+00:00
Neha Khatri,mouyang,group_chat,2026-04-03 09:15:20+00:00
Neha Khatri,amustafa,group_chat,2026-04-03 09:15:20+00:00
Neha Khatri,aokonkwo,group_chat,2026-04-03 09:15:20+00:00
Mona Sharif,msharif,group_chat,2026-04-03 09:15:42+00:00
Mona Sharif,nkhatri,group_chat,2026-04-03 09:15:42+00:00
Mona Sharif,mouyang,group_chat,2026-04-03 09:15:42+00:00
Mona Sharif,amustafa,group_chat,2026-04-03 09:15:42+00:00
Mona Sharif,aokonkwo,group_chat,2026-04-03 09:15:42+00:00
Amina Mustafa,msharif,group_chat,2026-04-03 09:16:05+00:00
Amina Mustafa,nkhatri,group_chat,2026-04-03 09:16:05+00:00
Amina Mustafa,mouyang,group_chat,2026-04-03 09:16:05+00:00
Amina Mustafa,amustafa,group_chat,2026-04-03 09:16:05+00:00
Amina Mustafa,aokonkwo,group_chat,2026-04-03 09:16:05+00:00
Lina Johansson,tsato,group_chat,2026-04-03 14:02:45+00:00
Lina Johansson,ljohansson,group_chat,2026-04-03 14:02:45+00:00
Lina Johansson,hwang,group_chat,2026-04-03 14:02:45+00:00
Lina Johansson,tkobayashi,group_chat,2026-04-03 14:02:45+00:00
Lina Johansson,rprasad,group_chat,2026-04-03 14:02:45+00:00
Takeshi Sato,tsato,group_chat,2026-04-03 14:03:10+00:00
Takeshi Sato,ljohansson,group_chat,2026-04-03 14:03:10+00:00
Takeshi Sato,hwang,group_chat,2026-04-03 14:03:10+00:00
Takeshi Sato,tkobayashi,group_chat,2026-04-03 14:03:10+00:00
Takeshi Sato,rprasad,group_chat,2026-04-03 14:03:10+00:00
Hyun-Jae Wang,tsato,group_chat,2026-04-03 14:03:25+00:00
Hyun-Jae Wang,ljohansson,group_chat,2026-04-03 14:03:25+00:00
Hyun-Jae Wang,hwang,group_chat,2026-04-03 14:03:25+00:00
Hyun-Jae Wang,tkobayashi,group_chat,2026-04-03 14:03:25+00:00
Hyun-Jae Wang,rprasad,group_chat,2026-04-03 14:03:25+00:00
Taro Kobayashi,tsato,group_chat,2026-04-03 14:04:12+00:00
Taro Kobayashi,ljohansson,group_chat,2026-04-03 14:04:12+00:00
Taro Kobayashi,hwang,group_chat,2026-04-03 14:04:12+00:00
Taro Kobayashi,tkobayashi,group_chat,2026-04-03 14:04:12+00:00
Taro Kobayashi,rprasad,group_chat,2026-04-03 14:04:12+00:00
Rohit Prasad,tsato,group_chat,2026-04-03 14:04:45+00:00
Rohit Prasad,ljohansson,group_chat,2026-04-03 14:04:45+00:00
Rohit Prasad,hwang,group_chat,2026-04-03 14:04:45+00:00
Rohit Prasad,tkobayashi,group_chat,2026-04-03 14:04:45+00:00
Rohit Prasad,rprasad,group_chat,2026-04-03 14:04:45+00:00
Takeshi Sato,tsato,group_chat,2026-04-03 14:05:15+00:00
Takeshi Sato,ljohansson,group_chat,2026-04-03 14:05:15+00:00
Takeshi Sato,hwang,group_chat,2026-04-03 14:05:15+00:00
Takeshi Sato,tkobayashi,group_chat,2026-04-03 14:05:15+00:00
Takeshi Sato,rprasad,group_chat,2026-04-03 14:05:15+00:00
Lina Johansson,tsato,group_chat,2026-04-03 14:05:50+00:00
Lina Johansson,ljohansson,group_chat,2026-04-03 14:05:50+00:00
Lina Johansson,hwang,group_chat,2026-04-03 14:05:50+00:00
Lina Johansson,tkobayashi,group_chat,2026-04-03 14:05:50+00:00
Lina Johansson,rprasad,group_chat,2026-04-03 14:05:50+00:00
Hyun-Jae Wang,tsato,group_chat,2026-04-03 14:06:10+00:00
Hyun-Jae Wang,ljohansson,group_chat,2026-04-03 14:06:10+00:00
Hyun-Jae Wang,hwang,group_chat,2026-04-03 14:06:10+00:00
Hyun-Jae Wang,tkobayashi,group_chat,2026-04-03 14:06:10+00:00
Hyun-Jae Wang,rprasad,group_chat,2026-04-03 14:06:10+00:00
Taro Kobayashi,tsato,group_chat,2026-04-03 14:06:30+00:00
Taro Kobayashi,ljohansson,group_chat,2026-04-03 14:06:30+00:00
Taro Kobayashi,hwang,group_chat,2026-04-03 14:06:30+00:00
Taro Kobayashi,tkobayashi,group_chat,2026-04-03 14:06:30+00:00
Taro Kobayashi,rprasad,group_chat,2026-04-03 14:06:30+00:00
Rohit Prasad,tsato,group_chat,2026-04-03 14:07:00+00:00
Rohit Prasad,ljohansson,group_chat,2026-04-03 14:07:00+00:00
Rohit Prasad,hwang,group_chat,2026-04-03 14:07:00+00:00
Rohit Prasad,tkobayashi,group_chat,2026-04-03 14:07:00+00:00
Rohit Prasad,rprasad,group_chat,2026-04-03 14:07:00+00:00
Lina Johansson,tsato,group_chat,2026-04-03 14:07:15+00:00
Lina Johansson,ljohansson,group_chat,2026-04-03 14:07:15+00:00
Lina Johansson,hwang,group_chat,2026-04-03 14:07:15+00:00
Lina Johansson,tkobayashi,group_chat,2026-04-03 14:07:15+00:00
Lina Johansson,rprasad,group_chat,2026-04-03 14:07:15+00:00
Hyun-Jae Wang,tsato,group_chat,2026-04-03 14:30:02+00:00
Hyun-Jae Wang,ljohansson,group_chat,2026-04-03 14:30:02+00:00
Hyun-Jae Wang,hwang,group_chat,2026-04-03 14:30:02+00:00
Hyun-Jae Wang,tkobayashi,group_chat,2026-04-03 14:30:02+00:00
Hyun-Jae Wang,rprasad,group_chat,2026-04-03 14:30:02+00:00
Takeshi Sato,tsato,group_chat,2026-04-03 14:30:25+00:00
Takeshi Sato,ljohansson,group_chat,2026-04-03 14:30:25+00:00
Takeshi Sato,hwang,group_chat,2026-04-03 14:30:25+00:00
Takeshi Sato,tkobayashi,group_chat,2026-04-03 14:30:25+00:00
Takeshi Sato,rprasad,group_chat,2026-04-03 14:30:25+00:00
Taro Kobayashi,tsato,group_chat,2026-04-03 14:30:40+00:00
Taro Kobayashi,ljohansson,group_chat,2026-04-03 14:30:40+00:00
Taro Kobayashi,hwang,group_chat,2026-04-03 14:30:40+00:00
Taro Kobayashi,tkobayashi,group_chat,2026-04-03 14:30:40+00:00
Taro Kobayashi,rprasad,group_chat,2026-04-03 14:30:40+00:00
Rohit Prasad,tsato,group_chat,2026-04-03 14:31:00+00:00
Rohit Prasad,ljohansson,group_chat,2026-04-03 14:31:00+00:00
Rohit Prasad,hwang,group_chat,2026-04-03 14:31:00+00:00
Rohit Prasad,tkobayashi,group_chat,2026-04-03 14:31:00+00:00
Rohit Prasad,rprasad,group_chat,2026-04-03 14:31:00+00:00
Amélie Dubois,adubois,group_chat,2026-04-03 10:02:15+00:00
Amélie Dubois,rpatel,group_chat,2026-04-03 10:02:15+00:00
Amélie Dubois,jdubois,group_chat,2026-04-03 10:02:15+00:00
Amélie Dubois,lzhang,group_chat,2026-04-03 10:02:15+00:00
Amélie Dubois,amustafa,group_chat,2026-04-03 10:02:15+00:00
Amélie Dubois,nkhatri,group_chat,2026-04-03 10:02:15+00:00
Ravi Patel,adubois,group_chat,2026-04-03 10:02:37+00:00
Ravi Patel,rpatel,group_chat,2026-04-03 10:02:37+00:00
Ravi Patel,jdubois,group_chat,2026-04-03 10:02:37+00:00
Ravi Patel,lzhang,group_chat,2026-04-03 10:02:37+00:00
Ravi Patel,amustafa,group_chat,2026-04-03 10:02:37+00:00
Ravi Patel,nkhatri,group_chat,2026-04-03 10:02:37+00:00
Jacqueline Dubois,adubois,group_chat,2026-04-03 10:03:02+00:00
Jacqueline Dubois,rpatel,group_chat,2026-04-03 10:03:02+00:00
Jacqueline Dubois,jdubois,group_chat,2026-04-03 10:03:02+00:00
Jacqueline Dubois,lzhang,group_chat,2026-04-03 10:03:02+00:00
Jacqueline Dubois,amustafa,group_chat,2026-04-03 10:03:02+00:00
Jacqueline Dubois,nkhatri,group_chat,2026-04-03 10:03:02+00:00
Liang Zhang,adubois,group_chat,2026-04-03 10:03:13+00:00
Liang Zhang,rpatel,group_chat,2026-04-03 10:03:13+00:00
Liang Zhang,jdubois,group_chat,2026-04-03 10:03:13+00:00
Liang Zhang,lzhang,group_chat,2026-04-03 10:03:13+00:00
Liang Zhang,amustafa,group_chat,2026-04-03 10:03:13+00:00
Liang Zhang,nkhatri,group_chat,2026-04-03 10:03:13+00:00
Amélie Dubois,adubois,group_chat,2026-04-03 10:03:30+00:00
Amélie Dubois,rpatel,group_chat,2026-04-03 10:03:30+00:00
Amélie Dubois,jdubois,group_chat,2026-04-03 10:03:30+00:00
Amélie Dubois,lzhang,group_chat,2026-04-03 10:03:30+00:00
Amélie Dubois,amustafa,group_chat,2026-04-03 10:03:30+00:00
Amélie Dubois,nkhatri,group_chat,2026-04-03 10:03:30+00:00
Neha Khatri,adubois,group_chat,2026-04-03 10:03:45+00:00
Neha Khatri,rpatel,group_chat,2026-04-03 10:03:45+00:00
Neha Khatri,jdubois,group_chat,2026-04-03 10:03:45+00:00
Neha Khatri,lzhang,group_chat,2026-04-03 10:03:45+00:00
Neha Khatri,amustafa,group_chat,2026-04-03 10:03:45+00:00
Neha Khatri,nkhatri,group_chat,2026-04-03 10:03:45+00:00
Amina Mustafa,adubois,group_chat,2026-04-03 10:04:12+00:00
Amina Mustafa,rpatel,group_chat,2026-04-03 10:04:12+00:00
Amina Mustafa,jdubois,group_chat,2026-04-03 10:04:12+00:00
Amina Mustafa,lzhang,group_chat,2026-04-03 10:04:12+00:00
Amina Mustafa,amustafa,group_chat,2026-04-03 10:04:12+00:00
Amina Mustafa,nkhatri,group_chat,2026-04-03 10:04:12+00:00
Ravi Patel,adubois,group_chat,2026-04-03 10:04:35+00:00
Ravi Patel,rpatel,group_chat,2026-04-03 10:04:35+00:00
Ravi Patel,jdubois,group_chat,2026-04-03 10:04:35+00:00
Ravi Patel,lzhang,group_chat,2026-04-03 10:04:35+00:00
Ravi Patel,amustafa,group_chat,2026-04-03 10:04:35+00:00
Ravi Patel,nkhatri,group_chat,2026-04-03 10:04:35+00:00
Liang Zhang,adubois,group_chat,2026-04-03 10:05:00+00:00
Liang Zhang,rpatel,group_chat,2026-04-03 10:05:00+00:00
Liang Zhang,jdubois,group_chat,2026-04-03 10:05:00+00:00
Liang Zhang,lzhang,group_chat,2026-04-03 10:05:00+00:00
Liang Zhang,amustafa,group_chat,2026-04-03 10:05:00+00:00
Liang Zhang,nkhatri,group_chat,2026-04-03 10:05:00+00:00
Jacqueline Dubois,adubois,group_chat,2026-04-03 10:05:22+00:00
Jacqueline Dubois,rpatel,group_chat,2026-04-03 10:05:22+00:00
Jacqueline Dubois,jdubois,group_chat,2026-04-03 10:05:22+00:00
Jacqueline Dubois,lzhang,group_chat,2026-04-03 10:05:22+00:00
Jacqueline Dubois,amustafa,group_chat,2026-04-03 10:05:22+00:00
Jacqueline Dubois,nkhatri,group_chat,2026-04-03 10:05:22+00:00
Amélie Dubois,adubois,group_chat,2026-04-03 10:05:45+00:00
Amélie Dubois,rpatel,group_chat,2026-04-03 10:05:45+00:00
Amélie Dubois,jdubois,group_chat,2026-04-03 10:05:45+00:00
Amélie Dubois,lzhang,group_chat,2026-04-03 10:05:45+00:00
Amélie Dubois,amustafa,group_chat,2026-04-03 10:05:45+00:00
Amélie Dubois,nkhatri,group_chat,2026-04-03 10:05:45+00:00
Neha Khatri,adubois,group_chat,2026-04-03 10:06:10+00:00
Neha Khatri,rpatel,group_chat,2026-04-03 10:06:10+00:00
Neha Khatri,jdubois,group_chat,2026-04-03 10:06:10+00:00
Neha Khatri,lzhang,group_chat,2026-04-03 10:06:10+00:00
Neha Khatri,amustafa,group_chat,2026-04-03 10:06:10+00:00
Neha Khatri,nkhatri,group_chat,2026-04-03 10:06:10+00:00
Amina Mustafa,adubois,group_chat,2026-04-03 10:06:30+00:00
Amina Mustafa,rpatel,group_chat,2026-04-03 10:06:30+00:00
Amina Mustafa,jdubois,group_chat,2026-04-03 10:06:30+00:00
Amina Mustafa,lzhang,group_chat,2026-04-03 10:06:30+00:00
Amina Mustafa,amustafa,group_chat,2026-04-03 10:06:30+00:00
Amina Mustafa,nkhatri,group_chat,2026-04-03 10:06:30+00:00
Liang Zhang,adubois,group_chat,2026-04-03 10:07:05+00:00
Liang Zhang,rpatel,group_chat,2026-04-03 10:07:05+00:00
Liang Zhang,jdubois,group_chat,2026-04-03 10:07:05+00:00
Liang Zhang,lzhang,group_chat,2026-04-03 10:07:05+00:00
Liang Zhang,amustafa,group_chat,2026-04-03 10:07:05+00:00
Liang Zhang,nkhatri,group_chat,2026-04-03 10:07:05+00:00
Ravi Patel,adubois,group_chat,2026-04-03 10:07:25+00:00
Ravi Patel,rpatel,group_chat,2026-04-03 10:07:25+00:00
Ravi Patel,jdubois,group_chat,2026-04-03 10:07:25+00:00
Ravi Patel,lzhang,group_chat,2026-04-03 10:07:25+00:00
Ravi Patel,amustafa,group_chat,2026-04-03 10:07:25+00:00
Ravi Patel,nkhatri,group_chat,2026-04-03 10:07:25+00:00
Jacqueline Dubois,adubois,group_chat,2026-04-03 10:07:40+00:00
Jacqueline Dubois,rpatel,group_chat,2026-04-03 10:07:40+00:00
Jacqueline Dubois,jdubois,group_chat,2026-04-03 10:07:40+00:00
Jacqueline Dubois,lzhang,group_chat,2026-04-03 10:07:40+00:00
Jacqueline Dubois,amustafa,group_chat,2026-04-03 10:07:40+00:00
Jacqueline Dubois,nkhatri,group_chat,2026-04-03 10:07:40+00:00
Amélie Dubois,adubois,group_chat,2026-04-03 10:08:00+00:00
Amélie Dubois,rpatel,group_chat,2026-04-03 10:08:00+00:00
Amélie Dubois,jdubois,group_chat,2026-04-03 10:08:00+00:00
Amélie Dubois,lzhang,group_chat,2026-04-03 10:08:00+00:00
Amélie Dubois,amustafa,group_chat,2026-04-03 10:08:00+00:00
Amélie Dubois,nkhatri,group_chat,2026-04-03 10:08:00+00:00
Neha Khatri,adubois,group_chat,2026-04-03 10:08:45+00:00
Neha Khatri,rpatel,group_chat,2026-04-03 10:08:45+00:00
Neha Khatri,jdubois,group_chat,2026-04-03 10:08:45+00:00
Neha Khatri,lzhang,group_chat,2026-04-03 10:08:45+00:00
Neha Khatri,amustafa,group_chat,2026-04-03 10:08:45+00:00
Neha Khatri,nkhatri,group_chat,2026-04-03 10:08:45+00:00
Amina Mustafa,adubois,group_chat,2026-04-03 10:09:05+00:00
Amina Mustafa,rpatel,group_chat,2026-04-03 10:09:05+00:00
Amina Mustafa,jdubois,group_chat,2026-04-03 10:09:05+00:00
Amina Mustafa,lzhang,group_chat,2026-04-03 10:09:05+00:00
Amina Mustafa,amustafa,group_chat,2026-04-03 10:09:05+00:00
Amina Mustafa,nkhatri,group_chat,2026-04-03 10:09:05+00:00
Takeshi Sato,tsato,group_chat,2026-04-03 10:01:15+00:00
Takeshi Sato,ljohansson,group_chat,2026-04-03 10:01:15+00:00
Takeshi Sato,hwang,group_chat,2026-04-03 10:01:15+00:00
Takeshi Sato,tkobayashi,group_chat,2026-04-03 10:01:15+00:00
Takeshi Sato,anapatel,group_chat,2026-04-03 10:01:15+00:00
Takeshi Sato,kpark,group_chat,2026-04-03 10:01:15+00:00
Lina Johansson,tsato,group_chat,2026-04-03 10:01:22+00:00
Lina Johansson,ljohansson,group_chat,2026-04-03 10:01:22+00:00
Lina Johansson,hwang,group_chat,2026-04-03 10:01:22+00:00
Lina Johansson,tkobayashi,group_chat,2026-04-03 10:01:22+00:00
Lina Johansson,anapatel,group_chat,2026-04-03 10:01:22+00:00
Lina Johansson,kpark,group_chat,2026-04-03 10:01:22+00:00
Ana Patel,tsato,group_chat,2026-04-03 10:01:28+00:00
Ana Patel,ljohansson,group_chat,2026-04-03 10:01:28+00:00
Ana Patel,hwang,group_chat,2026-04-03 10:01:28+00:00
Ana Patel,tkobayashi,group_chat,2026-04-03 10:01:28+00:00
Ana Patel,anapatel,group_chat,2026-04-03 10:01:28+00:00
Ana Patel,kpark,group_chat,2026-04-03 10:01:28+00:00
Kai Park,tsato,group_chat,2026-04-03 10:02:05+00:00
Kai Park,ljohansson,group_chat,2026-04-03 10:02:05+00:00
Kai Park,hwang,group_chat,2026-04-03 10:02:05+00:00
Kai Park,tkobayashi,group_chat,2026-04-03 10:02:05+00:00
Kai Park,anapatel,group_chat,2026-04-03 10:02:05+00:00
Kai Park,kpark,group_chat,2026-04-03 10:02:05+00:00
Hyun-Jae Wang,tsato,group_chat,2026-04-03 10:02:30+00:00
Hyun-Jae Wang,ljohansson,group_chat,2026-04-03 10:02:30+00:00
Hyun-Jae Wang,hwang,group_chat,2026-04-03 10:02:30+00:00
Hyun-Jae Wang,tkobayashi,group_chat,2026-04-03 10:02:30+00:00
Hyun-Jae Wang,anapatel,group_chat,2026-04-03 10:02:30+00:00
Hyun-Jae Wang,kpark,group_chat,2026-04-03 10:02:30+00:00
Taro Kobayashi,tsato,group_chat,2026-04-03 10:02:45+00:00
Taro Kobayashi,ljohansson,group_chat,2026-04-03 10:02:45+00:00
Taro Kobayashi,hwang,group_chat,2026-04-03 10:02:45+00:00
Taro Kobayashi,tkobayashi,group_chat,2026-04-03 10:02:45+00:00
Taro Kobayashi,anapatel,group_chat,2026-04-03 10:02:45+00:00
Taro Kobayashi,kpark,group_chat,2026-04-03 10:02:45+00:00
Ana Patel,tsato,group_chat,2026-04-03 10:03:10+00:00
Ana Patel,ljohansson,group_chat,2026-04-03 10:03:10+00:00
Ana Patel,hwang,group_chat,2026-04-03 10:03:10+00:00
Ana Patel,tkobayashi,group_chat,2026-04-03 10:03:10+00:00
Ana Patel,anapatel,group_chat,2026-04-03 10:03:10+00:00
Ana Patel,kpark,group_chat,2026-04-03 10:03:10+00:00
Taro Kobayashi,tsato,group_chat,2026-04-03 10:03:25+00:00
Taro Kobayashi,ljohansson,group_chat,2026-04-03 10:03:25+00:00
Taro Kobayashi,hwang,group_chat,2026-04-03 10:03:25+00:00
Taro Kobayashi,tkobayashi,group_chat,2026-04-03 10:03:25+00:00
Taro Kobayashi,anapatel,group_chat,2026-04-03 10:03:25+00:00
Taro Kobayashi,kpark,group_chat,2026-04-03 10:03:25+00:00
Kai Park,tsato,group_chat,2026-04-03 10:04:10+00:00
Kai Park,ljohansson,group_chat,2026-04-03 10:04:10+00:00
Kai Park,hwang,group_chat,2026-04-03 10:04:10+00:00
Kai Park,tkobayashi,group_chat,2026-04-03 10:04:10+00:00
Kai Park,anapatel,group_chat,2026-04-03 10:04:10+00:00
Kai Park,kpark,group_chat,2026-04-03 10:04:10+00:00
Lina Johansson,tsato,group_chat,2026-04-03 10:04:25+00:00
Lina Johansson,ljohansson,group_chat,2026-04-03 10:04:25+00:00
Lina Johansson,hwang,group_chat,2026-04-03 10:04:25+00:00
Lina Johansson,tkobayashi,group_chat,2026-04-03 10:04:25+00:00
Lina Johansson,anapatel,group_chat,2026-04-03 10:04:25+00:00
Lina Johansson,kpark,group_chat,2026-04-03 10:04:25+00:00
Hyun-Jae Wang,tsato,group_chat,2026-04-03 10:05:00+00:00
Hyun-Jae Wang,ljohansson,group_chat,2026-04-03 10:05:00+00:00
Hyun-Jae Wang,hwang,group_chat,2026-04-03 10:05:00+00:00
Hyun-Jae Wang,tkobayashi,group_chat,2026-04-03 10:05:00+00:00
Hyun-Jae Wang,anapatel,group_chat,2026-04-03 10:05:00+00:00
Hyun-Jae Wang,kpark,group_chat,2026-04-03 10:05:00+00:00
Ana Patel,tsato,group_chat,2026-04-03 10:05:20+00:00
Ana Patel,ljohansson,group_chat,2026-04-03 10:05:20+00:00
Ana Patel,hwang,group_chat,2026-04-03 10:05:20+00:00
Ana Patel,tkobayashi,group_chat,2026-04-03 10:05:20+00:00
Ana Patel,anapatel,group_chat,2026-04-03 10:05:20+00:00
Ana Patel,kpark,group_chat,2026-04-03 10:05:20+00:00
Takeshi Sato,tsato,group_chat,2026-04-03 10:06:00+00:00
Takeshi Sato,ljohansson,group_chat,2026-04-03 10:06:00+00:00
Takeshi Sato,hwang,group_chat,2026-04-03 10:06:00+00:00
Takeshi Sato,tkobayashi,group_chat,2026-04-03 10:06:00+00:00
Takeshi Sato,anapatel,group_chat,2026-04-03 10:06:00+00:00
Takeshi Sato,kpark,group_chat,2026-04-03 10:06:00+00:00
Lina Johansson,tsato,group_chat,2026-04-03 10:06:15+00:00
Lina Johansson,ljohansson,group_chat,2026-04-03 10:06:15+00:00
Lina Johansson,hwang,group_chat,2026-04-03 10:06:15+00:00
Lina Johansson,tkobayashi,group_chat,2026-04-03 10:06:15+00:00
Lina Johansson,anapatel,group_chat,2026-04-03 10:06:15+00:00
Lina Johansson,kpark,group_chat,2026-04-03 10:06:15+00:00
Kai Park,tsato,group_chat,2026-04-03 10:06:50+00:00
Kai Park,ljohansson,group_chat,2026-04-03 10:06:50+00:00
Kai Park,hwang,group_chat,2026-04-03 10:06:50+00:00
Kai Park,tkobayashi,group_chat,2026-04-03 10:06:50+00:00
Kai Park,anapatel,group_chat,2026-04-03 10:06:50+00:00
Kai Park,kpark,group_chat,2026-04-03 10:06:50+00:00
Taro Kobayashi,tsato,group_chat,2026-04-03 10:07:12+00:00
Taro Kobayashi,ljohansson,group_chat,2026-04-03 10:07:12+00:00
Taro Kobayashi,hwang,group_chat,2026-04-03 10:07:12+00:00
Taro Kobayashi,tkobayashi,group_chat,2026-04-03 10:07:12+00:00
Taro Kobayashi,anapatel,group_chat,2026-04-03 10:07:12+00:00
Taro Kobayashi,kpark,group_chat,2026-04-03 10:07:12+00:00
Ana Patel,tsato,group_chat,2026-04-03 10:08:00+00:00
Ana Patel,ljohansson,group_chat,2026-04-03 10:08:00+00:00
Ana Patel,hwang,group_chat,2026-04-03 10:08:00+00:00
Ana Patel,tkobayashi,group_chat,2026-04-03 10:08:00+00:00
Ana Patel,anapatel,group_chat,2026-04-03 10:08:00+00:00
Ana Patel,kpark,group_chat,2026-04-03 10:08:00+00:00
Takeshi Sato,tsato,group_chat,2026-04-03 10:08:30+00:00
Takeshi Sato,ljohansson,group_chat,2026-04-03 10:08:30+00:00
Takeshi Sato,hwang,group_chat,2026-04-03 10:08:30+00:00
Takeshi Sato,tkobayashi,group_chat,2026-04-03 10:08:30+00:00
Takeshi Sato,anapatel,group_chat,2026-04-03 10:08:30+00:00
Takeshi Sato,kpark,group_chat,2026-04-03 10:08:30+00:00
Hyun-Jae Wang,tsato,group_chat,2026-04-03 10:09:05+00:00
Hyun-Jae Wang,ljohansson,group_chat,2026-04-03 10:09:05+00:00
Hyun-Jae Wang,hwang,group_chat,2026-04-03 10:09:05+00:00
Hyun-Jae Wang,tkobayashi,group_chat,2026-04-03 10:09:05+00:00
Hyun-Jae Wang,anapatel,group_chat,2026-04-03 10:09:05+00:00
Hyun-Jae Wang,kpark,group_chat,2026-04-03 10:09:05+00:00
Lina Johansson,tsato,group_chat,2026-04-03 10:09:20+00:00
Lina Johansson,ljohansson,group_chat,2026-04-03 10:09:20+00:00
Lina Johansson,hwang,group_chat,2026-04-03 10:09:20+00:00
Lina Johansson,tkobayashi,group_chat,2026-04-03 10:09:20+00:00
Lina Johansson,anapatel,group_chat,2026-04-03 10:09:20+00:00
Lina Johansson,kpark,group_chat,2026-04-03 10:09:20+00:00
Ana Patel,tsato,group_chat,2026-04-03 10:10:00+00:00
Ana Patel,ljohansson,group_chat,2026-04-03 10:10:00+00:00
Ana Patel,hwang,group_chat,2026-04-03 10:10:00+00:00
Ana Patel,tkobayashi,group_chat,2026-04-03 10:10:00+00:00
Ana Patel,anapatel,group_chat,2026-04-03 10:10:00+00:00
Ana Patel,kpark,group_chat,2026-04-03 10:10:00+00:00
Takeshi Sato,tsato,group_chat,2026-04-03 10:10:20+00:00
Takeshi Sato,ljohansson,group_chat,2026-04-03 10:10:20+00:00
Takeshi Sato,hwang,group_chat,2026-04-03 10:10:20+00:00
Takeshi Sato,tkobayashi,group_chat,2026-04-03 10:10:20+00:00
Takeshi Sato,anapatel,group_chat,2026-04-03 10:10:20+00:00
Takeshi Sato,kpark,group_chat,2026-04-03 10:10:20+00:00
Kai Park,tsato,group_chat,2026-04-03 10:10:30+00:00
Kai Park,ljohansson,group_chat,2026-04-03 10:10:30+00:00
Kai Park,hwang,group_chat,2026-04-03 10:10:30+00:00
Kai Park,tkobayashi,group_chat,2026-04-03 10:10:30+00:00
Kai Park,anapatel,group_chat,2026-04-03 10:10:30+00:00
Kai Park,kpark,group_chat,2026-04-03 10:10:30+00:00
Lina Johansson,tsato,group_chat,2026-04-03 10:10:40+00:00
Lina Johansson,ljohansson,group_chat,2026-04-03 10:10:40+00:00
Lina Johansson,hwang,group_chat,2026-04-03 10:10:40+00:00
Lina Johansson,tkobayashi,group_chat,2026-04-03 10:10:40+00:00
Lina Johansson,anapatel,group_chat,2026-04-03 10:10:40+00:00
Lina Johansson,kpark,group_chat,2026-04-03 10:10:40+00:00
Jamal Okonkwo,jokonkwo,group_chat,2026-04-03 14:04:15+00:00
Jamal Okonkwo,rmensah,group_chat,2026-04-03 14:04:15+00:00
Jamal Okonkwo,fpereira,group_chat,2026-04-03 14:04:15+00:00
Jamal Okonkwo,adeyokonkwo,group_chat,2026-04-03 14:04:15+00:00
Rose Mensah,jokonkwo,group_chat,2026-04-03 14:04:25+00:00
Rose Mensah,rmensah,group_chat,2026-04-03 14:04:25+00:00
Rose Mensah,fpereira,group_chat,2026-04-03 14:04:25+00:00
Rose Mensah,adeyokonkwo,group_chat,2026-04-03 14:04:25+00:00
Fabiana Pereira,jokonkwo,group_chat,2026-04-03 14:05:12+00:00
Fabiana Pereira,rmensah,group_chat,2026-04-03 14:05:12+00:00
Fabiana Pereira,fpereira,group_chat,2026-04-03 14:05:12+00:00
Fabiana Pereira,adeyokonkwo,group_chat,2026-04-03 14:05:12+00:00
Ade Okonkwo,jokonkwo,group_chat,2026-04-03 14:05:34+00:00
Ade Okonkwo,rmensah,group_chat,2026-04-03 14:05:34+00:00
Ade Okonkwo,fpereira,group_chat,2026-04-03 14:05:34+00:00
Ade Okonkwo,adeyokonkwo,group_chat,2026-04-03 14:05:34+00:00
Rose Mensah,jokonkwo,group_chat,2026-04-03 14:06:01+00:00
Rose Mensah,rmensah,group_chat,2026-04-03 14:06:01+00:00
Rose Mensah,fpereira,group_chat,2026-04-03 14:06:01+00:00
Rose Mensah,adeyokonkwo,group_chat,2026-04-03 14:06:01+00:00
Jamal Okonkwo,jokonkwo,group_chat,2026-04-03 14:06:18+00:00
Jamal Okonkwo,rmensah,group_chat,2026-04-03 14:06:18+00:00
Jamal Okonkwo,fpereira,group_chat,2026-04-03 14:06:18+00:00
Jamal Okonkwo,adeyokonkwo,group_chat,2026-04-03 14:06:18+00:00
Fabiana Pereira,jokonkwo,group_chat,2026-04-03 14:06:45+00:00
Fabiana Pereira,rmensah,group_chat,2026-04-03 14:06:45+00:00
Fabiana Pereira,fpereira,group_chat,2026-04-03 14:06:45+00:00
Fabiana Pereira,adeyokonkwo,group_chat,2026-04-03 14:06:45+00:00
Ade Okonkwo,jokonkwo,group_chat,2026-04-03 14:07:03+00:00
Ade Okonkwo,rmensah,group_chat,2026-04-03 14:07:03+00:00
Ade Okonkwo,fpereira,group_chat,2026-04-03 14:07:03+00:00
Ade Okonkwo,adeyokonkwo,group_chat,2026-04-03 14:07:03+00:00
Rose Mensah,jokonkwo,group_chat,2026-04-03 14:07:25+00:00
Rose Mensah,rmensah,group_chat,2026-04-03 14:07:25+00:00
Rose Mensah,fpereira,group_chat,2026-04-03 14:07:25+00:00
Rose Mensah,adeyokonkwo,group_chat,2026-04-03 14:07:25+00:00
Fabiana Pereira,jokonkwo,group_chat,2026-04-03 14:07:45+00:00
Fabiana Pereira,rmensah,group_chat,2026-04-03 14:07:45+00:00
Fabiana Pereira,fpereira,group_chat,2026-04-03 14:07:45+00:00
Fabiana Pereira,adeyokonkwo,group_chat,2026-04-03 14:07:45+00:00
Jamal Okonkwo,jokonkwo,group_chat,2026-04-03 14:08:12+00:00
Jamal Okonkwo,rmensah,group_chat,2026-04-03 14:08:12+00:00
Jamal Okonkwo,fpereira,group_chat,2026-04-03 14:08:12+00:00
Jamal Okonkwo,adeyokonkwo,group_chat,2026-04-03 14:08:12+00:00
Rose Mensah,jokonkwo,group_chat,2026-04-03 14:08:25+00:00
Rose Mensah,rmensah,group_chat,2026-04-03 14:08:25+00:00
Rose Mensah,fpereira,group_chat,2026-04-03 14:08:25+00:00
Rose Mensah,adeyokonkwo,group_chat,2026-04-03 14:08:25+00:00
Ade Okonkwo,jokonkwo,group_chat,2026-04-03 14:08:45+00:00
Ade Okonkwo,rmensah,group_chat,2026-04-03 14:08:45+00:00
Ade Okonkwo,fpereira,group_chat,2026-04-03 14:08:45+00:00
Ade Okonkwo,adeyokonkwo,group_chat,2026-04-03 14:08:45+00:00
Fabiana Pereira,jokonkwo,group_chat,2026-04-03 14:09:05+00:00
Fabiana Pereira,rmensah,group_chat,2026-04-03 14:09:05+00:00
Fabiana Pereira,fpereira,group_chat,2026-04-03 14:09:05+00:00
Fabiana Pereira,adeyokonkwo,group_chat,2026-04-03 14:09:05+00:00
Rose Mensah,jokonkwo,group_chat,2026-04-03 14:09:32+00:00
Rose Mensah,rmensah,group_chat,2026-04-03 14:09:32+00:00
Rose Mensah,fpereira,group_chat,2026-04-03 14:09:32+00:00
Rose Mensah,adeyokonkwo,group_chat,2026-04-03 14:09:32+00:00
Jamal Okonkwo,jokonkwo,group_chat,2026-04-03 14:10:01+00:00
Jamal Okonkwo,rmensah,group_chat,2026-04-03 14:10:01+00:00
Jamal Okonkwo,fpereira,group_chat,2026-04-03 14:10:01+00:00
Jamal Okonkwo,adeyokonkwo,group_chat,2026-04-03 14:10:01+00:00
mariana_garcia,mgarcia,group_chat,2026-04-03 09:02:15+00:00
mariana_garcia,carlosgarcia,group_chat,2026-04-03 09:02:15+00:00
mariana_garcia,knguyen,group_chat,2026-04-03 09:02:15+00:00
mariana_garcia,lrossi,group_chat,2026-04-03 09:02:15+00:00
khoi_nguyen,mgarcia,group_chat,2026-04-03 09:03:10+00:00
khoi_nguyen,carlosgarcia,group_chat,2026-04-03 09:03:10+00:00
khoi_nguyen,knguyen,group_chat,2026-04-03 09:03:10+00:00
khoi_nguyen,lrossi,group_chat,2026-04-03 09:03:10+00:00
luca_rossi,mgarcia,group_chat,2026-04-03 09:03:45+00:00
luca_rossi,carlosgarcia,group_chat,2026-04-03 09:03:45+00:00
luca_rossi,knguyen,group_chat,2026-04-03 09:03:45+00:00
luca_rossi,lrossi,group_chat,2026-04-03 09:03:45+00:00
mariana_garcia,mgarcia,group_chat,2026-04-03 09:04:05+00:00
mariana_garcia,carlosgarcia,group_chat,2026-04-03 09:04:05+00:00
mariana_garcia,knguyen,group_chat,2026-04-03 09:04:05+00:00
mariana_garcia,lrossi,group_chat,2026-04-03 09:04:05+00:00
carlos_garcia,mgarcia,group_chat,2026-04-03 09:04:32+00:00
carlos_garcia,carlosgarcia,group_chat,2026-04-03 09:04:32+00:00
carlos_garcia,knguyen,group_chat,2026-04-03 09:04:32+00:00
carlos_garcia,lrossi,group_chat,2026-04-03 09:04:32+00:00
mariana_garcia,mgarcia,group_chat,2026-04-03 09:04:50+00:00
mariana_garcia,carlosgarcia,group_chat,2026-04-03 09:04:50+00:00
mariana_garcia,knguyen,group_chat,2026-04-03 09:04:50+00:00
mariana_garcia,lrossi,group_chat,2026-04-03 09:04:50+00:00
khoi_nguyen,mgarcia,group_chat,2026-04-03 09:05:10+00:00
khoi_nguyen,carlosgarcia,group_chat,2026-04-03 09:05:10+00:00
khoi_nguyen,knguyen,group_chat,2026-04-03 09:05:10+00:00
khoi_nguyen,lrossi,group_chat,2026-04-03 09:05:10+00:00
mariana_garcia,mgarcia,group_chat,2026-04-03 09:05:45+00:00
mariana_garcia,carlosgarcia,group_chat,2026-04-03 09:05:45+00:00
mariana_garcia,knguyen,group_chat,2026-04-03 09:05:45+00:00
mariana_garcia,lrossi,group_chat,2026-04-03 09:05:45+00:00
luca_rossi,mgarcia,group_chat,2026-04-03 09:06:05+00:00
luca_rossi,carlosgarcia,group_chat,2026-04-03 09:06:05+00:00
luca_rossi,knguyen,group_chat,2026-04-03 09:06:05+00:00
luca_rossi,lrossi,group_chat,2026-04-03 09:06:05+00:00
carlos_garcia,mgarcia,group_chat,2026-04-03 09:06:30+00:00
carlos_garcia,carlosgarcia,group_chat,2026-04-03 09:06:30+00:00
carlos_garcia,knguyen,group_chat,2026-04-03 09:06:30+00:00
carlos_garcia,lrossi,group_chat,2026-04-03 09:06:30+00:00
luca_rossi,mgarcia,group_chat,2026-04-03 09:06:50+00:00
luca_rossi,carlosgarcia,group_chat,2026-04-03 09:06:50+00:00
luca_rossi,knguyen,group_chat,2026-04-03 09:06:50+00:00
luca_rossi,lrossi,group_chat,2026-04-03 09:06:50+00:00
carlos_garcia,mgarcia,group_chat,2026-04-03 09:07:10+00:00
carlos_garcia,carlosgarcia,group_chat,2026-04-03 09:07:10+00:00
carlos_garcia,knguyen,group_chat,2026-04-03 09:07:10+00:00
carlos_garcia,lrossi,group_chat,2026-04-03 09:07:10+00:00
khoi_nguyen,mgarcia,group_chat,2026-04-03 09:07:20+00:00
khoi_nguyen,carlosgarcia,group_chat,2026-04-03 09:07:20+00:00
khoi_nguyen,knguyen,group_chat,2026-04-03 09:07:20+00:00
khoi_nguyen,lrossi,group_chat,2026-04-03 09:07:20+00:00
mariana_garcia,mgarcia,group_chat,2026-04-03 09:07:40+00:00
mariana_garcia,carlosgarcia,group_chat,2026-04-03 09:07:40+00:00
mariana_garcia,knguyen,group_chat,2026-04-03 09:07:40+00:00
mariana_garcia,lrossi,group_chat,2026-04-03 09:07:40+00:00
carlos_garcia,mgarcia,group_chat,2026-04-03 09:08:00+00:00
carlos_garcia,carlosgarcia,group_chat,2026-04-03 09:08:00+00:00
carlos_garcia,knguyen,group_chat,2026-04-03 09:08:00+00:00
carlos_garcia,lrossi,group_chat,2026-04-03 09:08:00+00:00
mariana_garcia,mgarcia,group_chat,2026-04-03 09:08:25+00:00
mariana_garcia,carlosgarcia,group_chat,2026-04-03 09:08:25+00:00
mariana_garcia,knguyen,group_chat,2026-04-03 09:08:25+00:00
mariana_garcia,lrossi,group_chat,2026-04-03 09:08:25+00:00
khoi_nguyen,mgarcia,group_chat,2026-04-03 09:09:00+00:00
khoi_nguyen,carlosgarcia,group_chat,2026-04-03 09:09:00+00:00
khoi_nguyen,knguyen,group_chat,2026-04-03 09:09:00+00:00
khoi_nguyen,lrossi,group_chat,2026-04-03 09:09:00+00:00
Amélie Dubois,adubois,group_chat,2026-04-03 09:02:00+00:00
Amélie Dubois,mabebe,group_chat,2026-04-03 09:02:00+00:00
Amélie Dubois,rmensah,group_chat,2026-04-03 09:02:00+00:00
Amélie Dubois,msilva,group_chat,2026-04-03 09:02:00+00:00
Mandla Abebe,adubois,group_chat,2026-04-03 09:02:20+00:00
Mandla Abebe,mabebe,group_chat,2026-04-03 09:02:20+00:00
Mandla Abebe,rmensah,group_chat,2026-04-03 09:02:20+00:00
Mandla Abebe,msilva,group_chat,2026-04-03 09:02:20+00:00
Rose Mensah,adubois,group_chat,2026-04-03 09:02:35+00:00
Rose Mensah,mabebe,group_chat,2026-04-03 09:02:35+00:00
Rose Mensah,rmensah,group_chat,2026-04-03 09:02:35+00:00
Rose Mensah,msilva,group_chat,2026-04-03 09:02:35+00:00
Maria Silva,adubois,group_chat,2026-04-03 09:04:10+00:00
Maria Silva,mabebe,group_chat,2026-04-03 09:04:10+00:00
Maria Silva,rmensah,group_chat,2026-04-03 09:04:10+00:00
Maria Silva,msilva,group_chat,2026-04-03 09:04:10+00:00
Amélie Dubois,adubois,group_chat,2026-04-03 09:04:22+00:00
Amélie Dubois,mabebe,group_chat,2026-04-03 09:04:22+00:00
Amélie Dubois,rmensah,group_chat,2026-04-03 09:04:22+00:00
Amélie Dubois,msilva,group_chat,2026-04-03 09:04:22+00:00
Maria Silva,adubois,group_chat,2026-04-03 09:04:35+00:00
Maria Silva,mabebe,group_chat,2026-04-03 09:04:35+00:00
Maria Silva,rmensah,group_chat,2026-04-03 09:04:35+00:00
Maria Silva,msilva,group_chat,2026-04-03 09:04:35+00:00
Rose Mensah,adubois,group_chat,2026-04-03 09:06:10+00:00
Rose Mensah,mabebe,group_chat,2026-04-03 09:06:10+00:00
Rose Mensah,rmensah,group_chat,2026-04-03 09:06:10+00:00
Rose Mensah,msilva,group_chat,2026-04-03 09:06:10+00:00
Amélie Dubois,adubois,group_chat,2026-04-03 09:06:25+00:00
Amélie Dubois,mabebe,group_chat,2026-04-03 09:06:25+00:00
Amélie Dubois,rmensah,group_chat,2026-04-03 09:06:25+00:00
Amélie Dubois,msilva,group_chat,2026-04-03 09:06:25+00:00
Mandla Abebe,adubois,group_chat,2026-04-03 09:07:45+00:00
Mandla Abebe,mabebe,group_chat,2026-04-03 09:07:45+00:00
Mandla Abebe,rmensah,group_chat,2026-04-03 09:07:45+00:00
Mandla Abebe,msilva,group_chat,2026-04-03 09:07:45+00:00
Maria Silva,adubois,group_chat,2026-04-03 09:08:10+00:00
Maria Silva,mabebe,group_chat,2026-04-03 09:08:10+00:00
Maria Silva,rmensah,group_chat,2026-04-03 09:08:10+00:00
Maria Silva,msilva,group_chat,2026-04-03 09:08:10+00:00
Rose Mensah,adubois,group_chat,2026-04-03 09:09:00+00:00
Rose Mensah,mabebe,group_chat,2026-04-03 09:09:00+00:00
Rose Mensah,rmensah,group_chat,2026-04-03 09:09:00+00:00
Rose Mensah,msilva,group_chat,2026-04-03 09:09:00+00:00
Amélie Dubois,adubois,group_chat,2026-04-03 09:09:15+00:00
Amélie Dubois,mabebe,group_chat,2026-04-03 09:09:15+00:00
Amélie Dubois,rmensah,group_chat,2026-04-03 09:09:15+00:00
Amélie Dubois,msilva,group_chat,2026-04-03 09:09:15+00:00
Maria Silva,adubois,group_chat,2026-04-03 09:10:30+00:00
Maria Silva,mabebe,group_chat,2026-04-03 09:10:30+00:00
Maria Silva,rmensah,group_chat,2026-04-03 09:10:30+00:00
Maria Silva,msilva,group_chat,2026-04-03 09:10:30+00:00
Mandla Abebe,adubois,group_chat,2026-04-03 09:10:50+00:00
Mandla Abebe,mabebe,group_chat,2026-04-03 09:10:50+00:00
Mandla Abebe,rmensah,group_chat,2026-04-03 09:10:50+00:00
Mandla Abebe,msilva,group_chat,2026-04-03 09:10:50+00:00
Maria Silva,adubois,group_chat,2026-04-03 09:11:00+00:00
Maria Silva,mabebe,group_chat,2026-04-03 09:11:00+00:00
Maria Silva,rmensah,group_chat,2026-04-03 09:11:00+00:00
Maria Silva,msilva,group_chat,2026-04-03 09:11:00+00:00
Rose Mensah,adubois,group_chat,2026-04-03 09:14:10+00:00
Rose Mensah,mabebe,group_chat,2026-04-03 09:14:10+00:00
Rose Mensah,rmensah,group_chat,2026-04-03 09:14:10+00:00
Rose Mensah,msilva,group_chat,2026-04-03 09:14:10+00:00
Amélie Dubois,adubois,group_chat,2026-04-03 09:14:25+00:00
Amélie Dubois,mabebe,group_chat,2026-04-03 09:14:25+00:00
Amélie Dubois,rmensah,group_chat,2026-04-03 09:14:25+00:00
Amélie Dubois,msilva,group_chat,2026-04-03 09:14:25+00:00
Mandla Abebe,adubois,group_chat,2026-04-03 09:15:00+00:00
Mandla Abebe,mabebe,group_chat,2026-04-03 09:15:00+00:00
Mandla Abebe,rmensah,group_chat,2026-04-03 09:15:00+00:00
Mandla Abebe,msilva,group_chat,2026-04-03 09:15:00+00:00
Maria Silva,adubois,group_chat,2026-04-03 09:15:15+00:00
Maria Silva,mabebe,group_chat,2026-04-03 09:15:15+00:00
Maria Silva,rmensah,group_chat,2026-04-03 09:15:15+00:00
Maria Silva,msilva,group_chat,2026-04-03 09:15:15+00:00
adubois,mgarcia,meeting,2026-03-25 09:00:00+00:00
adubois,jhassan,meeting,2026-03-25 09:00:00+00:00
adubois,kpark,meeting,2026-03-25 09:00:00+00:00
adubois,tkobayashi,meeting,2026-03-25 09:00:00+00:00
adubois,mgarcia,meeting,2026-03-25 09:00:00+00:00
mgarcia,adubois,meeting,2026-03-25 09:00:00+00:00
adubois,jhassan,meeting,2026-03-25 09:00:00+00:00
jhassan,adubois,meeting,2026-03-25 09:00:00+00:00
adubois,kpark,meeting,2026-03-25 09:00:00+00:00
kpark,adubois,meeting,2026-03-25 09:00:00+00:00
adubois,tkobayashi,meeting,2026-03-25 09:00:00+00:00
tkobayashi,adubois,meeting,2026-03-25 09:00:00+00:00
mgarcia,jhassan,meeting,2026-03-25 09:00:00+00:00
jhassan,mgarcia,meeting,2026-03-25 09:00:00+00:00
mgarcia,kpark,meeting,2026-03-25 09:00:00+00:00
kpark,mgarcia,meeting,2026-03-25 09:00:00+00:00
mgarcia,tkobayashi,meeting,2026-03-25 09:00:00+00:00
tkobayashi,mgarcia,meeting,2026-03-25 09:00:00+00:00
jhassan,kpark,meeting,2026-03-25 09:00:00+00:00
kpark,jhassan,meeting,2026-03-25 09:00:00+00:00
jhassan,tkobayashi,meeting,2026-03-25 09:00:00+00:00
tkobayashi,jhassan,meeting,2026-03-25 09:00:00+00:00
kpark,tkobayashi,meeting,2026-03-25 09:00:00+00:00
tkobayashi,kpark,meeting,2026-03-25 09:00:00+00:00
adubois,jokonkwo,meeting,2026-03-25 10:30:00+00:00
adubois,msharif,meeting,2026-03-25 10:30:00+00:00
adubois,rchowdhury,meeting,2026-03-25 10:30:00+00:00
adubois,knguyen,meeting,2026-03-25 10:30:00+00:00
adubois,jokonkwo,meeting,2026-03-25 10:30:00+00:00
jokonkwo,adubois,meeting,2026-03-25 10:30:00+00:00
adubois,msharif,meeting,2026-03-25 10:30:00+00:00
msharif,adubois,meeting,2026-03-25 10:30:00+00:00
adubois,rchowdhury,meeting,2026-03-25 10:30:00+00:00
rchowdhury,adubois,meeting,2026-03-25 10:30:00+00:00
adubois,knguyen,meeting,2026-03-25 10:30:00+00:00
knguyen,adubois,meeting,2026-03-25 10:30:00+00:00
jokonkwo,msharif,meeting,2026-03-25 10:30:00+00:00
msharif,jokonkwo,meeting,2026-03-25 10:30:00+00:00
jokonkwo,rchowdhury,meeting,2026-03-25 10:30:00+00:00
rchowdhury,jokonkwo,meeting,2026-03-25 10:30:00+00:00
jokonkwo,knguyen,meeting,2026-03-25 10:30:00+00:00
knguyen,jokonkwo,meeting,2026-03-25 10:30:00+00:00
msharif,rchowdhury,meeting,2026-03-25 10:30:00+00:00
rchowdhury,msharif,meeting,2026-03-25 10:30:00+00:00
msharif,knguyen,meeting,2026-03-25 10:30:00+00:00
knguyen,msharif,meeting,2026-03-25 10:30:00+00:00
rchowdhury,knguyen,meeting,2026-03-25 10:30:00+00:00
knguyen,rchowdhury,meeting,2026-03-25 10:30:00+00:00
adubois,tsato,meeting,2026-03-25 12:00:00+00:00
adubois,mgarcia,meeting,2026-03-25 12:00:00+00:00
adubois,jhassan,meeting,2026-03-25 12:00:00+00:00
adubois,ljohansson,meeting,2026-03-25 12:00:00+00:00
adubois,tsato,meeting,2026-03-25 12:00:00+00:00
tsato,adubois,meeting,2026-03-25 12:00:00+00:00
adubois,mgarcia,meeting,2026-03-25 12:00:00+00:00
mgarcia,adubois,meeting,2026-03-25 12:00:00+00:00
adubois,jhassan,meeting,2026-03-25 12:00:00+00:00
jhassan,adubois,meeting,2026-03-25 12:00:00+00:00
adubois,ljohansson,meeting,2026-03-25 12:00:00+00:00
ljohansson,adubois,meeting,2026-03-25 12:00:00+00:00
tsato,mgarcia,meeting,2026-03-25 12:00:00+00:00
mgarcia,tsato,meeting,2026-03-25 12:00:00+00:00
tsato,jhassan,meeting,2026-03-25 12:00:00+00:00
jhassan,tsato,meeting,2026-03-25 12:00:00+00:00
tsato,ljohansson,meeting,2026-03-25 12:00:00+00:00
ljohansson,tsato,meeting,2026-03-25 12:00:00+00:00
mgarcia,jhassan,meeting,2026-03-25 12:00:00+00:00
jhassan,mgarcia,meeting,2026-03-25 12:00:00+00:00
mgarcia,ljohansson,meeting,2026-03-25 12:00:00+00:00
ljohansson,mgarcia,meeting,2026-03-25 12:00:00+00:00
jhassan,ljohansson,meeting,2026-03-25 12:00:00+00:00
ljohansson,jhassan,meeting,2026-03-25 12:00:00+00:00
mabebe,jdubois,meeting,2026-03-25 14:00:00+00:00
mabebe,rchowdhury,meeting,2026-03-25 14:00:00+00:00
mabebe,amustafa,meeting,2026-03-25 14:00:00+00:00
mabebe,nkhatri,meeting,2026-03-25 14:00:00+00:00
mabebe,jdubois,meeting,2026-03-25 14:00:00+00:00
jdubois,mabebe,meeting,2026-03-25 14:00:00+00:00
mabebe,rchowdhury,meeting,2026-03-25 14:00:00+00:00
rchowdhury,mabebe,meeting,2026-03-25 14:00:00+00:00
mabebe,amustafa,meeting,2026-03-25 14:00:00+00:00
amustafa,mabebe,meeting,2026-03-25 14:00:00+00:00
mabebe,nkhatri,meeting,2026-03-25 14:00:00+00:00
nkhatri,mabebe,meeting,2026-03-25 14:00:00+00:00
jdubois,rchowdhury,meeting,2026-03-25 14:00:00+00:00
rchowdhury,jdubois,meeting,2026-03-25 14:00:00+00:00
jdubois,amustafa,meeting,2026-03-25 14:00:00+00:00
amustafa,jdubois,meeting,2026-03-25 14:00:00+00:00
jdubois,nkhatri,meeting,2026-03-25 14:00:00+00:00
nkhatri,jdubois,meeting,2026-03-25 14:00:00+00:00
rchowdhury,amustafa,meeting,2026-03-25 14:00:00+00:00
amustafa,rchowdhury,meeting,2026-03-25 14:00:00+00:00
rchowdhury,nkhatri,meeting,2026-03-25 14:00:00+00:00
nkhatri,rchowdhury,meeting,2026-03-25 14:00:00+00:00
amustafa,nkhatri,meeting,2026-03-25 14:00:00+00:00
nkhatri,amustafa,meeting,2026-03-25 14:00:00+00:00
mgarcia,rmensah,meeting,2026-03-25 16:00:00+00:00
mgarcia,fpereira,meeting,2026-03-25 16:00:00+00:00
mgarcia,adeyokonkwo,meeting,2026-03-25 16:00:00+00:00
mgarcia,msharif,meeting,2026-03-25 16:00:00+00:00
mgarcia,rmensah,meeting,2026-03-25 16:00:00+00:00
rmensah,mgarcia,meeting,2026-03-25 16:00:00+00:00
mgarcia,fpereira,meeting,2026-03-25 16:00:00+00:00
fpereira,mgarcia,meeting,2026-03-25 16:00:00+00:00
mgarcia,adeyokonkwo,meeting,2026-03-25 16:00:00+00:00
adeyokonkwo,mgarcia,meeting,2026-03-25 16:00:00+00:00
mgarcia,msharif,meeting,2026-03-25 16:00:00+00:00
msharif,mgarcia,meeting,2026-03-25 16:00:00+00:00
rmensah,fpereira,meeting,2026-03-25 16:00:00+00:00
fpereira,rmensah,meeting,2026-03-25 16:00:00+00:00
rmensah,adeyokonkwo,meeting,2026-03-25 16:00:00+00:00
adeyokonkwo,rmensah,meeting,2026-03-25 16:00:00+00:00
rmensah,msharif,meeting,2026-03-25 16:00:00+00:00
msharif,rmensah,meeting,2026-03-25 16:00:00+00:00
fpereira,adeyokonkwo,meeting,2026-03-25 16:00:00+00:00
adeyokonkwo,fpereira,meeting,2026-03-25 16:00:00+00:00
fpereira,msharif,meeting,2026-03-25 16:00:00+00:00
msharif,fpereira,meeting,2026-03-25 16:00:00+00:00
adeyokonkwo,msharif,meeting,2026-03-25 16:00:00+00:00
msharif,adeyokonkwo,meeting,2026-03-25 16:00:00+00:00
tsato,jhassan,meeting,2026-03-26 09:00:00+00:00
tsato,tkobayashi,meeting,2026-03-26 09:00:00+00:00
tsato,kpark,meeting,2026-03-26 09:00:00+00:00
tsato,jhassan,meeting,2026-03-26 09:00:00+00:00
jhassan,tsato,meeting,2026-03-26 09:00:00+00:00
tsato,tkobayashi,meeting,2026-03-26 09:00:00+00:00
tkobayashi,tsato,meeting,2026-03-26 09:00:00+00:00
tsato,kpark,meeting,2026-03-26 09:00:00+00:00
kpark,tsato,meeting,2026-03-26 09:00:00+00:00
jhassan,tkobayashi,meeting,2026-03-26 09:00:00+00:00
tkobayashi,jhassan,meeting,2026-03-26 09:00:00+00:00
jhassan,kpark,meeting,2026-03-26 09:00:00+00:00
kpark,jhassan,meeting,2026-03-26 09:00:00+00:00
tkobayashi,kpark,meeting,2026-03-26 09:00:00+00:00
kpark,tkobayashi,meeting,2026-03-26 09:00:00+00:00
adubois,mgarcia,meeting,2026-03-26 10:30:00+00:00
adubois,rpatel,meeting,2026-03-26 10:30:00+00:00
adubois,jokonkwo,meeting,2026-03-26 10:30:00+00:00
adubois,msharif,meeting,2026-03-26 10:30:00+00:00
adubois,rchowdhury,meeting,2026-03-26 10:30:00+00:00
adubois,mgarcia,meeting,2026-03-26 10:30:00+00:00
mgarcia,adubois,meeting,2026-03-26 10:30:00+00:00
adubois,rpatel,meeting,2026-03-26 10:30:00+00:00
rpatel,adubois,meeting,2026-03-26 10:30:00+00:00
adubois,jokonkwo,meeting,2026-03-26 10:30:00+00:00
jokonkwo,adubois,meeting,2026-03-26 10:30:00+00:00
adubois,msharif,meeting,2026-03-26 10:30:00+00:00
msharif,adubois,meeting,2026-03-26 10:30:00+00:00
adubois,rchowdhury,meeting,2026-03-26 10:30:00+00:00
rchowdhury,adubois,meeting,2026-03-26 10:30:00+00:00
mgarcia,rpatel,meeting,2026-03-26 10:30:00+00:00
rpatel,mgarcia,meeting,2026-03-26 10:30:00+00:00
mgarcia,jokonkwo,meeting,2026-03-26 10:30:00+00:00
jokonkwo,mgarcia,meeting,2026-03-26 10:30:00+00:00
mgarcia,msharif,meeting,2026-03-26 10:30:00+00:00
msharif,mgarcia,meeting,2026-03-26 10:30:00+00:00
mgarcia,rchowdhury,meeting,2026-03-26 10:30:00+00:00
rchowdhury,mgarcia,meeting,2026-03-26 10:30:00+00:00
rpatel,jokonkwo,meeting,2026-03-26 10:30:00+00:00
jokonkwo,rpatel,meeting,2026-03-26 10:30:00+00:00
rpatel,msharif,meeting,2026-03-26 10:30:00+00:00
msharif,rpatel,meeting,2026-03-26 10:30:00+00:00
rpatel,rchowdhury,meeting,2026-03-26 10:30:00+00:00
rchowdhury,rpatel,meeting,2026-03-26 10:30:00+00:00
jokonkwo,msharif,meeting,2026-03-26 10:30:00+00:00
msharif,jokonkwo,meeting,2026-03-26 10:30:00+00:00
jokonkwo,rchowdhury,meeting,2026-03-26 10:30:00+00:00
rchowdhury,jokonkwo,meeting,2026-03-26 10:30:00+00:00
msharif,rchowdhury,meeting,2026-03-26 10:30:00+00:00
rchowdhury,msharif,meeting,2026-03-26 10:30:00+00:00
jokonkwo,mabebe,meeting,2026-03-26 12:00:00+00:00
jokonkwo,rmensah,meeting,2026-03-26 12:00:00+00:00
jokonkwo,fpereira,meeting,2026-03-26 12:00:00+00:00
jokonkwo,cndlovu,meeting,2026-03-26 12:00:00+00:00
jokonkwo,mabebe,meeting,2026-03-26 12:00:00+00:00
mabebe,jokonkwo,meeting,2026-03-26 12:00:00+00:00
jokonkwo,rmensah,meeting,2026-03-26 12:00:00+00:00
rmensah,jokonkwo,meeting,2026-03-26 12:00:00+00:00
jokonkwo,fpereira,meeting,2026-03-26 12:00:00+00:00
fpereira,jokonkwo,meeting,2026-03-26 12:00:00+00:00
jokonkwo,cndlovu,meeting,2026-03-26 12:00:00+00:00
cndlovu,jokonkwo,meeting,2026-03-26 12:00:00+00:00
mabebe,rmensah,meeting,2026-03-26 12:00:00+00:00
rmensah,mabebe,meeting,2026-03-26 12:00:00+00:00
mabebe,fpereira,meeting,2026-03-26 12:00:00+00:00
fpereira,mabebe,meeting,2026-03-26 12:00:00+00:00
mabebe,cndlovu,meeting,2026-03-26 12:00:00+00:00
cndlovu,mabebe,meeting,2026-03-26 12:00:00+00:00
rmensah,fpereira,meeting,2026-03-26 12:00:00+00:00
fpereira,rmensah,meeting,2026-03-26 12:00:00+00:00
rmensah,cndlovu,meeting,2026-03-26 12:00:00+00:00
cndlovu,rmensah,meeting,2026-03-26 12:00:00+00:00
fpereira,cndlovu,meeting,2026-03-26 12:00:00+00:00
cndlovu,fpereira,meeting,2026-03-26 12:00:00+00:00
rpatel,nkhatri,meeting,2026-03-26 14:00:00+00:00
rpatel,mohammedhaddad,meeting,2026-03-26 14:00:00+00:00
rpatel,fmensah,meeting,2026-03-26 14:00:00+00:00
rpatel,amustafa,meeting,2026-03-26 14:00:00+00:00
rpatel,nkhatri,meeting,2026-03-26 14:00:00+00:00
nkhatri,rpatel,meeting,2026-03-26 14:00:00+00:00
rpatel,mohammedhaddad,meeting,2026-03-26 14:00:00+00:00
mohammedhaddad,rpatel,meeting,2026-03-26 14:00:00+00:00
rpatel,fmensah,meeting,2026-03-26 14:00:00+00:00
fmensah,rpatel,meeting,2026-03-26 14:00:00+00:00
rpatel,amustafa,meeting,2026-03-26 14:00:00+00:00
amustafa,rpatel,meeting,2026-03-26 14:00:00+00:00
nkhatri,mohammedhaddad,meeting,2026-03-26 14:00:00+00:00
mohammedhaddad,nkhatri,meeting,2026-03-26 14:00:00+00:00
nkhatri,fmensah,meeting,2026-03-26 14:00:00+00:00
fmensah,nkhatri,meeting,2026-03-26 14:00:00+00:00
nkhatri,amustafa,meeting,2026-03-26 14:00:00+00:00
amustafa,nkhatri,meeting,2026-03-26 14:00:00+00:00
mohammedhaddad,fmensah,meeting,2026-03-26 14:00:00+00:00
fmensah,mohammedhaddad,meeting,2026-03-26 14:00:00+00:00
mohammedhaddad,amustafa,meeting,2026-03-26 14:00:00+00:00
amustafa,mohammedhaddad,meeting,2026-03-26 14:00:00+00:00
fmensah,amustafa,meeting,2026-03-26 14:00:00+00:00
amustafa,fmensah,meeting,2026-03-26 14:00:00+00:00
mgarcia,msharif,meeting,2026-03-26 15:30:00+00:00
mgarcia,rchowdhury,meeting,2026-03-26 15:30:00+00:00
mgarcia,carlosgarcia,meeting,2026-03-26 15:30:00+00:00
mgarcia,knguyen,meeting,2026-03-26 15:30:00+00:00
mgarcia,msharif,meeting,2026-03-26 15:30:00+00:00
msharif,mgarcia,meeting,2026-03-26 15:30:00+00:00
mgarcia,rchowdhury,meeting,2026-03-26 15:30:00+00:00
rchowdhury,mgarcia,meeting,2026-03-26 15:30:00+00:00
mgarcia,carlosgarcia,meeting,2026-03-26 15:30:00+00:00
carlosgarcia,mgarcia,meeting,2026-03-26 15:30:00+00:00
mgarcia,knguyen,meeting,2026-03-26 15:30:00+00:00
knguyen,mgarcia,meeting,2026-03-26 15:30:00+00:00
msharif,rchowdhury,meeting,2026-03-26 15:30:00+00:00
rchowdhury,msharif,meeting,2026-03-26 15:30:00+00:00
msharif,carlosgarcia,meeting,2026-03-26 15:30:00+00:00
carlosgarcia,msharif,meeting,2026-03-26 15:30:00+00:00
msharif,knguyen,meeting,2026-03-26 15:30:00+00:00
knguyen,msharif,meeting,2026-03-26 15:30:00+00:00
rchowdhury,carlosgarcia,meeting,2026-03-26 15:30:00+00:00
carlosgarcia,rchowdhury,meeting,2026-03-26 15:30:00+00:00
rchowdhury,knguyen,meeting,2026-03-26 15:30:00+00:00
knguyen,rchowdhury,meeting,2026-03-26 15:30:00+00:00
carlosgarcia,knguyen,meeting,2026-03-26 15:30:00+00:00
knguyen,carlosgarcia,meeting,2026-03-26 15:30:00+00:00
mgarcia,tsato,meeting,2026-03-27 09:00:00+00:00
mgarcia,jhassan,meeting,2026-03-27 09:00:00+00:00
mgarcia,rchowdhury,meeting,2026-03-27 09:00:00+00:00
mgarcia,carlosgarcia,meeting,2026-03-27 09:00:00+00:00
mgarcia,kpark,meeting,2026-03-27 09:00:00+00:00
mgarcia,tsato,meeting,2026-03-27 09:00:00+00:00
tsato,mgarcia,meeting,2026-03-27 09:00:00+00:00
mgarcia,jhassan,meeting,2026-03-27 09:00:00+00:00
jhassan,mgarcia,meeting,2026-03-27 09:00:00+00:00
mgarcia,rchowdhury,meeting,2026-03-27 09:00:00+00:00
rchowdhury,mgarcia,meeting,2026-03-27 09:00:00+00:00
mgarcia,carlosgarcia,meeting,2026-03-27 09:00:00+00:00
carlosgarcia,mgarcia,meeting,2026-03-27 09:00:00+00:00
mgarcia,kpark,meeting,2026-03-27 09:00:00+00:00
kpark,mgarcia,meeting,2026-03-27 09:00:00+00:00
tsato,jhassan,meeting,2026-03-27 09:00:00+00:00
jhassan,tsato,meeting,2026-03-27 09:00:00+00:00
tsato,rchowdhury,meeting,2026-03-27 09:00:00+00:00
rchowdhury,tsato,meeting,2026-03-27 09:00:00+00:00
tsato,carlosgarcia,meeting,2026-03-27 09:00:00+00:00
carlosgarcia,tsato,meeting,2026-03-27 09:00:00+00:00
tsato,kpark,meeting,2026-03-27 09:00:00+00:00
kpark,tsato,meeting,2026-03-27 09:00:00+00:00
jhassan,rchowdhury,meeting,2026-03-27 09:00:00+00:00
rchowdhury,jhassan,meeting,2026-03-27 09:00:00+00:00
jhassan,carlosgarcia,meeting,2026-03-27 09:00:00+00:00
carlosgarcia,jhassan,meeting,2026-03-27 09:00:00+00:00
jhassan,kpark,meeting,2026-03-27 09:00:00+00:00
kpark,jhassan,meeting,2026-03-27 09:00:00+00:00
rchowdhury,carlosgarcia,meeting,2026-03-27 09:00:00+00:00
carlosgarcia,rchowdhury,meeting,2026-03-27 09:00:00+00:00
rchowdhury,kpark,meeting,2026-03-27 09:00:00+00:00
kpark,rchowdhury,meeting,2026-03-27 09:00:00+00:00
carlosgarcia,kpark,meeting,2026-03-27 09:00:00+00:00
kpark,carlosgarcia,meeting,2026-03-27 09:00:00+00:00
jhassan,tsato,meeting,2026-03-27 11:00:00+00:00
jhassan,hwang,meeting,2026-03-27 11:00:00+00:00
jhassan,tkobayashi,meeting,2026-03-27 11:00:00+00:00
jhassan,rprasad,meeting,2026-03-27 11:00:00+00:00
jhassan,tsilva,meeting,2026-03-27 11:00:00+00:00
jhassan,kpark,meeting,2026-03-27 11:00:00+00:00
jhassan,anapatel,meeting,2026-03-27 11:00:00+00:00
jhassan,tsato,meeting,2026-03-27 11:00:00+00:00
tsato,jhassan,meeting,2026-03-27 11:00:00+00:00
jhassan,hwang,meeting,2026-03-27 11:00:00+00:00
hwang,jhassan,meeting,2026-03-27 11:00:00+00:00
jhassan,tkobayashi,meeting,2026-03-27 11:00:00+00:00
tkobayashi,jhassan,meeting,2026-03-27 11:00:00+00:00
jhassan,rprasad,meeting,2026-03-27 11:00:00+00:00
rprasad,jhassan,meeting,2026-03-27 11:00:00+00:00
jhassan,tsilva,meeting,2026-03-27 11:00:00+00:00
tsilva,jhassan,meeting,2026-03-27 11:00:00+00:00
jhassan,kpark,meeting,2026-03-27 11:00:00+00:00
kpark,jhassan,meeting,2026-03-27 11:00:00+00:00
jhassan,anapatel,meeting,2026-03-27 11:00:00+00:00
anapatel,jhassan,meeting,2026-03-27 11:00:00+00:00
tsato,hwang,meeting,2026-03-27 11:00:00+00:00
hwang,tsato,meeting,2026-03-27 11:00:00+00:00
tsato,tkobayashi,meeting,2026-03-27 11:00:00+00:00
tkobayashi,tsato,meeting,2026-03-27 11:00:00+00:00
tsato,rprasad,meeting,2026-03-27 11:00:00+00:00
rprasad,tsato,meeting,2026-03-27 11:00:00+00:00
tsato,tsilva,meeting,2026-03-27 11:00:00+00:00
tsilva,tsato,meeting,2026-03-27 11:00:00+00:00
tsato,kpark,meeting,2026-03-27 11:00:00+00:00
kpark,tsato,meeting,2026-03-27 11:00:00+00:00
tsato,anapatel,meeting,2026-03-27 11:00:00+00:00
anapatel,tsato,meeting,2026-03-27 11:00:00+00:00
hwang,tkobayashi,meeting,2026-03-27 11:00:00+00:00
tkobayashi,hwang,meeting,2026-03-27 11:00:00+00:00
hwang,rprasad,meeting,2026-03-27 11:00:00+00:00
rprasad,hwang,meeting,2026-03-27 11:00:00+00:00
hwang,tsilva,meeting,2026-03-27 11:00:00+00:00
tsilva,hwang,meeting,2026-03-27 11:00:00+00:00
hwang,kpark,meeting,2026-03-27 11:00:00+00:00
kpark,hwang,meeting,2026-03-27 11:00:00+00:00
hwang,anapatel,meeting,2026-03-27 11:00:00+00:00
anapatel,hwang,meeting,2026-03-27 11:00:00+00:00
tkobayashi,rprasad,meeting,2026-03-27 11:00:00+00:00
rprasad,tkobayashi,meeting,2026-03-27 11:00:00+00:00
tkobayashi,tsilva,meeting,2026-03-27 11:00:00+00:00
tsilva,tkobayashi,meeting,2026-03-27 11:00:00+00:00
tkobayashi,kpark,meeting,2026-03-27 11:00:00+00:00
kpark,tkobayashi,meeting,2026-03-27 11:00:00+00:00
tkobayashi,anapatel,meeting,2026-03-27 11:00:00+00:00
anapatel,tkobayashi,meeting,2026-03-27 11:00:00+00:00
rprasad,tsilva,meeting,2026-03-27 11:00:00+00:00
tsilva,rprasad,meeting,2026-03-27 11:00:00+00:00
rprasad,kpark,meeting,2026-03-27 11:00:00+00:00
kpark,rprasad,meeting,2026-03-27 11:00:00+00:00
rprasad,anapatel,meeting,2026-03-27 11:00:00+00:00
anapatel,rprasad,meeting,2026-03-27 11:00:00+00:00
tsilva,kpark,meeting,2026-03-27 11:00:00+00:00
kpark,tsilva,meeting,2026-03-27 11:00:00+00:00
tsilva,anapatel,meeting,2026-03-27 11:00:00+00:00
anapatel,tsilva,meeting,2026-03-27 11:00:00+00:00
kpark,anapatel,meeting,2026-03-27 11:00:00+00:00
anapatel,kpark,meeting,2026-03-27 11:00:00+00:00
adubois,tsato,meeting,2026-03-27 13:00:00+00:00
adubois,rpatel,meeting,2026-03-27 13:00:00+00:00
adubois,mgarcia,meeting,2026-03-27 13:00:00+00:00
adubois,jdubois,meeting,2026-03-27 13:00:00+00:00
adubois,tsato,meeting,2026-03-27 13:00:00+00:00
tsato,adubois,meeting,2026-03-27 13:00:00+00:00
adubois,rpatel,meeting,2026-03-27 13:00:00+00:00
rpatel,adubois,meeting,2026-03-27 13:00:00+00:00
adubois,mgarcia,meeting,2026-03-27 13:00:00+00:00
mgarcia,adubois,meeting,2026-03-27 13:00:00+00:00
adubois,jdubois,meeting,2026-03-27 13:00:00+00:00
jdubois,adubois,meeting,2026-03-27 13:00:00+00:00
tsato,rpatel,meeting,2026-03-27 13:00:00+00:00
rpatel,tsato,meeting,2026-03-27 13:00:00+00:00
tsato,mgarcia,meeting,2026-03-27 13:00:00+00:00
mgarcia,tsato,meeting,2026-03-27 13:00:00+00:00
tsato,jdubois,meeting,2026-03-27 13:00:00+00:00
jdubois,tsato,meeting,2026-03-27 13:00:00+00:00
rpatel,mgarcia,meeting,2026-03-27 13:00:00+00:00
mgarcia,rpatel,meeting,2026-03-27 13:00:00+00:00
rpatel,jdubois,meeting,2026-03-27 13:00:00+00:00
jdubois,rpatel,meeting,2026-03-27 13:00:00+00:00
mgarcia,jdubois,meeting,2026-03-27 13:00:00+00:00
jdubois,mgarcia,meeting,2026-03-27 13:00:00+00:00
adubois,rpatel,meeting,2026-03-27 15:00:00+00:00
adubois,nsingh,meeting,2026-03-27 15:00:00+00:00
adubois,msharif,meeting,2026-03-27 15:00:00+00:00
adubois,rchowdhury,meeting,2026-03-27 15:00:00+00:00
adubois,rpatel,meeting,2026-03-27 15:00:00+00:00
rpatel,adubois,meeting,2026-03-27 15:00:00+00:00
adubois,nsingh,meeting,2026-03-27 15:00:00+00:00
nsingh,adubois,meeting,2026-03-27 15:00:00+00:00
adubois,msharif,meeting,2026-03-27 15:00:00+00:00
msharif,adubois,meeting,2026-03-27 15:00:00+00:00
adubois,rchowdhury,meeting,2026-03-27 15:00:00+00:00
rchowdhury,adubois,meeting,2026-03-27 15:00:00+00:00
rpatel,nsingh,meeting,2026-03-27 15:00:00+00:00
nsingh,rpatel,meeting,2026-03-27 15:00:00+00:00
rpatel,msharif,meeting,2026-03-27 15:00:00+00:00
msharif,rpatel,meeting,2026-03-27 15:00:00+00:00
rpatel,rchowdhury,meeting,2026-03-27 15:00:00+00:00
rchowdhury,rpatel,meeting,2026-03-27 15:00:00+00:00
nsingh,msharif,meeting,2026-03-27 15:00:00+00:00
msharif,nsingh,meeting,2026-03-27 15:00:00+00:00
nsingh,rchowdhury,meeting,2026-03-27 15:00:00+00:00
rchowdhury,nsingh,meeting,2026-03-27 15:00:00+00:00
msharif,rchowdhury,meeting,2026-03-27 15:00:00+00:00
rchowdhury,msharif,meeting,2026-03-27 15:00:00+00:00
mgarcia,rchowdhury,meeting,2026-03-27 16:00:00+00:00
mgarcia,carlosgarcia,meeting,2026-03-27 16:00:00+00:00
mgarcia,knguyen,meeting,2026-03-27 16:00:00+00:00
mgarcia,anapatel,meeting,2026-03-27 16:00:00+00:00
mgarcia,tsilva,meeting,2026-03-27 16:00:00+00:00
mgarcia,rchowdhury,meeting,2026-03-27 16:00:00+00:00
rchowdhury,mgarcia,meeting,2026-03-27 16:00:00+00:00
mgarcia,carlosgarcia,meeting,2026-03-27 16:00:00+00:00
carlosgarcia,mgarcia,meeting,2026-03-27 16:00:00+00:00
mgarcia,knguyen,meeting,2026-03-27 16:00:00+00:00
knguyen,mgarcia,meeting,2026-03-27 16:00:00+00:00
mgarcia,anapatel,meeting,2026-03-27 16:00:00+00:00
anapatel,mgarcia,meeting,2026-03-27 16:00:00+00:00
mgarcia,tsilva,meeting,2026-03-27 16:00:00+00:00
tsilva,mgarcia,meeting,2026-03-27 16:00:00+00:00
rchowdhury,carlosgarcia,meeting,2026-03-27 16:00:00+00:00
carlosgarcia,rchowdhury,meeting,2026-03-27 16:00:00+00:00
rchowdhury,knguyen,meeting,2026-03-27 16:00:00+00:00
knguyen,rchowdhury,meeting,2026-03-27 16:00:00+00:00
rchowdhury,anapatel,meeting,2026-03-27 16:00:00+00:00
anapatel,rchowdhury,meeting,2026-03-27 16:00:00+00:00
rchowdhury,tsilva,meeting,2026-03-27 16:00:00+00:00
tsilva,rchowdhury,meeting,2026-03-27 16:00:00+00:00
carlosgarcia,knguyen,meeting,2026-03-27 16:00:00+00:00
knguyen,carlosgarcia,meeting,2026-03-27 16:00:00+00:00
carlosgarcia,anapatel,meeting,2026-03-27 16:00:00+00:00
anapatel,carlosgarcia,meeting,2026-03-27 16:00:00+00:00
carlosgarcia,tsilva,meeting,2026-03-27 16:00:00+00:00
tsilva,carlosgarcia,meeting,2026-03-27 16:00:00+00:00
knguyen,anapatel,meeting,2026-03-27 16:00:00+00:00
anapatel,knguyen,meeting,2026-03-27 16:00:00+00:00
knguyen,tsilva,meeting,2026-03-27 16:00:00+00:00
tsilva,knguyen,meeting,2026-03-27 16:00:00+00:00
anapatel,tsilva,meeting,2026-03-27 16:00:00+00:00
tsilva,anapatel,meeting,2026-03-27 16:00:00+00:00
jhassan,kpark,meeting,2026-03-28 09:00:00+00:00
jhassan,tkobayashi,meeting,2026-03-28 09:00:00+00:00
jhassan,rprasad,meeting,2026-03-28 09:00:00+00:00
jhassan,kpark,meeting,2026-03-28 09:00:00+00:00
kpark,jhassan,meeting,2026-03-28 09:00:00+00:00
jhassan,tkobayashi,meeting,2026-03-28 09:00:00+00:00
tkobayashi,jhassan,meeting,2026-03-28 09:00:00+00:00
jhassan,rprasad,meeting,2026-03-28 09:00:00+00:00
rprasad,jhassan,meeting,2026-03-28 09:00:00+00:00
kpark,tkobayashi,meeting,2026-03-28 09:00:00+00:00
tkobayashi,kpark,meeting,2026-03-28 09:00:00+00:00
kpark,rprasad,meeting,2026-03-28 09:00:00+00:00
rprasad,kpark,meeting,2026-03-28 09:00:00+00:00
tkobayashi,rprasad,meeting,2026-03-28 09:00:00+00:00
rprasad,tkobayashi,meeting,2026-03-28 09:00:00+00:00
rpatel,mgarcia,meeting,2026-03-28 11:00:00+00:00
rpatel,jokonkwo,meeting,2026-03-28 11:00:00+00:00
rpatel,lzhang,meeting,2026-03-28 11:00:00+00:00
rpatel,mgarcia,meeting,2026-03-28 11:00:00+00:00
mgarcia,rpatel,meeting,2026-03-28 11:00:00+00:00
rpatel,jokonkwo,meeting,2026-03-28 11:00:00+00:00
jokonkwo,rpatel,meeting,2026-03-28 11:00:00+00:00
rpatel,lzhang,meeting,2026-03-28 11:00:00+00:00
lzhang,rpatel,meeting,2026-03-28 11:00:00+00:00
mgarcia,jokonkwo,meeting,2026-03-28 11:00:00+00:00
jokonkwo,mgarcia,meeting,2026-03-28 11:00:00+00:00
mgarcia,lzhang,meeting,2026-03-28 11:00:00+00:00
lzhang,mgarcia,meeting,2026-03-28 11:00:00+00:00
jokonkwo,lzhang,meeting,2026-03-28 11:00:00+00:00
lzhang,jokonkwo,meeting,2026-03-28 11:00:00+00:00
tsilva,kpark,meeting,2026-03-28 13:00:00+00:00
tsilva,tkobayashi,meeting,2026-03-28 13:00:00+00:00
tsilva,rprasad,meeting,2026-03-28 13:00:00+00:00
tsilva,msharif,meeting,2026-03-28 13:00:00+00:00
tsilva,kpark,meeting,2026-03-28 13:00:00+00:00
kpark,tsilva,meeting,2026-03-28 13:00:00+00:00
tsilva,tkobayashi,meeting,2026-03-28 13:00:00+00:00
tkobayashi,tsilva,meeting,2026-03-28 13:00:00+00:00
tsilva,rprasad,meeting,2026-03-28 13:00:00+00:00
rprasad,tsilva,meeting,2026-03-28 13:00:00+00:00
tsilva,msharif,meeting,2026-03-28 13:00:00+00:00
msharif,tsilva,meeting,2026-03-28 13:00:00+00:00
kpark,tkobayashi,meeting,2026-03-28 13:00:00+00:00
tkobayashi,kpark,meeting,2026-03-28 13:00:00+00:00
kpark,rprasad,meeting,2026-03-28 13:00:00+00:00
rprasad,kpark,meeting,2026-03-28 13:00:00+00:00
kpark,msharif,meeting,2026-03-28 13:00:00+00:00
msharif,kpark,meeting,2026-03-28 13:00:00+00:00
tkobayashi,rprasad,meeting,2026-03-28 13:00:00+00:00
rprasad,tkobayashi,meeting,2026-03-28 13:00:00+00:00
tkobayashi,msharif,meeting,2026-03-28 13:00:00+00:00
msharif,tkobayashi,meeting,2026-03-28 13:00:00+00:00
rprasad,msharif,meeting,2026-03-28 13:00:00+00:00
msharif,rprasad,meeting,2026-03-28 13:00:00+00:00
msharif,rchowdhury,meeting,2026-03-28 15:00:00+00:00
msharif,knguyen,meeting,2026-03-28 15:00:00+00:00
msharif,mabebe,meeting,2026-03-28 15:00:00+00:00
msharif,rmensah,meeting,2026-03-28 15:00:00+00:00
msharif,rchowdhury,meeting,2026-03-28 15:00:00+00:00
rchowdhury,msharif,meeting,2026-03-28 15:00:00+00:00
msharif,knguyen,meeting,2026-03-28 15:00:00+00:00
knguyen,msharif,meeting,2026-03-28 15:00:00+00:00
msharif,mabebe,meeting,2026-03-28 15:00:00+00:00
mabebe,msharif,meeting,2026-03-28 15:00:00+00:00
msharif,rmensah,meeting,2026-03-28 15:00:00+00:00
rmensah,msharif,meeting,2026-03-28 15:00:00+00:00
rchowdhury,knguyen,meeting,2026-03-28 15:00:00+00:00
knguyen,rchowdhury,meeting,2026-03-28 15:00:00+00:00
rchowdhury,mabebe,meeting,2026-03-28 15:00:00+00:00
mabebe,rchowdhury,meeting,2026-03-28 15:00:00+00:00
rchowdhury,rmensah,meeting,2026-03-28 15:00:00+00:00
rmensah,rchowdhury,meeting,2026-03-28 15:00:00+00:00
knguyen,mabebe,meeting,2026-03-28 15:00:00+00:00
mabebe,knguyen,meeting,2026-03-28 15:00:00+00:00
knguyen,rmensah,meeting,2026-03-28 15:00:00+00:00
rmensah,knguyen,meeting,2026-03-28 15:00:00+00:00
mabebe,rmensah,meeting,2026-03-28 15:00:00+00:00
rmensah,mabebe,meeting,2026-03-28 15:00:00+00:00
rpatel,jokonkwo,meeting,2026-03-28 17:00:00+00:00
rpatel,jdubois,meeting,2026-03-28 17:00:00+00:00
rpatel,mohammedhaddad,meeting,2026-03-28 17:00:00+00:00
rpatel,ymorales,meeting,2026-03-28 17:00:00+00:00
rpatel,jokonkwo,meeting,2026-03-28 17:00:00+00:00
jokonkwo,rpatel,meeting,2026-03-28 17:00:00+00:00
rpatel,jdubois,meeting,2026-03-28 17:00:00+00:00
jdubois,rpatel,meeting,2026-03-28 17:00:00+00:00
rpatel,mohammedhaddad,meeting,2026-03-28 17:00:00+00:00
mohammedhaddad,rpatel,meeting,2026-03-28 17:00:00+00:00
rpatel,ymorales,meeting,2026-03-28 17:00:00+00:00
ymorales,rpatel,meeting,2026-03-28 17:00:00+00:00
jokonkwo,jdubois,meeting,2026-03-28 17:00:00+00:00
jdubois,jokonkwo,meeting,2026-03-28 17:00:00+00:00
jokonkwo,mohammedhaddad,meeting,2026-03-28 17:00:00+00:00
mohammedhaddad,jokonkwo,meeting,2026-03-28 17:00:00+00:00
jokonkwo,ymorales,meeting,2026-03-28 17:00:00+00:00
ymorales,jokonkwo,meeting,2026-03-28 17:00:00+00:00
jdubois,mohammedhaddad,meeting,2026-03-28 17:00:00+00:00
mohammedhaddad,jdubois,meeting,2026-03-28 17:00:00+00:00
jdubois,ymorales,meeting,2026-03-28 17:00:00+00:00
ymorales,jdubois,meeting,2026-03-28 17:00:00+00:00
mohammedhaddad,ymorales,meeting,2026-03-28 17:00:00+00:00
ymorales,mohammedhaddad,meeting,2026-03-28 17:00:00+00:00
mgarcia,mabebe,meeting,2026-03-29 09:00:00+00:00
mgarcia,rmensah,meeting,2026-03-29 09:00:00+00:00
mgarcia,fpereira,meeting,2026-03-29 09:00:00+00:00
mgarcia,msilva,meeting,2026-03-29 09:00:00+00:00
mgarcia,adeyokonkwo,meeting,2026-03-29 09:00:00+00:00
mgarcia,mabebe,meeting,2026-03-29 09:00:00+00:00
mabebe,mgarcia,meeting,2026-03-29 09:00:00+00:00
mgarcia,rmensah,meeting,2026-03-29 09:00:00+00:00
rmensah,mgarcia,meeting,2026-03-29 09:00:00+00:00
mgarcia,fpereira,meeting,2026-03-29 09:00:00+00:00
fpereira,mgarcia,meeting,2026-03-29 09:00:00+00:00
mgarcia,msilva,meeting,2026-03-29 09:00:00+00:00
msilva,mgarcia,meeting,2026-03-29 09:00:00+00:00
mgarcia,adeyokonkwo,meeting,2026-03-29 09:00:00+00:00
adeyokonkwo,mgarcia,meeting,2026-03-29 09:00:00+00:00
mabebe,rmensah,meeting,2026-03-29 09:00:00+00:00
rmensah,mabebe,meeting,2026-03-29 09:00:00+00:00
mabebe,fpereira,meeting,2026-03-29 09:00:00+00:00
fpereira,mabebe,meeting,2026-03-29 09:00:00+00:00
mabebe,msilva,meeting,2026-03-29 09:00:00+00:00
msilva,mabebe,meeting,2026-03-29 09:00:00+00:00
mabebe,adeyokonkwo,meeting,2026-03-29 09:00:00+00:00
adeyokonkwo,mabebe,meeting,2026-03-29 09:00:00+00:00
rmensah,fpereira,meeting,2026-03-29 09:00:00+00:00
fpereira,rmensah,meeting,2026-03-29 09:00:00+00:00
rmensah,msilva,meeting,2026-03-29 09:00:00+00:00
msilva,rmensah,meeting,2026-03-29 09:00:00+00:00
rmensah,adeyokonkwo,meeting,2026-03-29 09:00:00+00:00
adeyokonkwo,rmensah,meeting,2026-03-29 09:00:00+00:00
fpereira,msilva,meeting,2026-03-29 09:00:00+00:00
msilva,fpereira,meeting,2026-03-29 09:00:00+00:00
fpereira,adeyokonkwo,meeting,2026-03-29 09:00:00+00:00
adeyokonkwo,fpereira,meeting,2026-03-29 09:00:00+00:00
msilva,adeyokonkwo,meeting,2026-03-29 09:00:00+00:00
adeyokonkwo,msilva,meeting,2026-03-29 09:00:00+00:00
msharif,rchowdhury,meeting,2026-03-29 11:00:00+00:00
msharif,lrossi,meeting,2026-03-29 11:00:00+00:00
msharif,knguyen,meeting,2026-03-29 11:00:00+00:00
msharif,rchowdhury,meeting,2026-03-29 11:00:00+00:00
rchowdhury,msharif,meeting,2026-03-29 11:00:00+00:00
msharif,lrossi,meeting,2026-03-29 11:00:00+00:00
lrossi,msharif,meeting,2026-03-29 11:00:00+00:00
msharif,knguyen,meeting,2026-03-29 11:00:00+00:00
knguyen,msharif,meeting,2026-03-29 11:00:00+00:00
rchowdhury,lrossi,meeting,2026-03-29 11:00:00+00:00
lrossi,rchowdhury,meeting,2026-03-29 11:00:00+00:00
rchowdhury,knguyen,meeting,2026-03-29 11:00:00+00:00
knguyen,rchowdhury,meeting,2026-03-29 11:00:00+00:00
lrossi,knguyen,meeting,2026-03-29 11:00:00+00:00
knguyen,lrossi,meeting,2026-03-29 11:00:00+00:00
hwang,rprasad,meeting,2026-03-29 13:00:00+00:00
hwang,tkobayashi,meeting,2026-03-29 13:00:00+00:00
hwang,tsilva,meeting,2026-03-29 13:00:00+00:00
hwang,kpark,meeting,2026-03-29 13:00:00+00:00
hwang,rprasad,meeting,2026-03-29 13:00:00+00:00
rprasad,hwang,meeting,2026-03-29 13:00:00+00:00
hwang,tkobayashi,meeting,2026-03-29 13:00:00+00:00
tkobayashi,hwang,meeting,2026-03-29 13:00:00+00:00
hwang,tsilva,meeting,2026-03-29 13:00:00+00:00
tsilva,hwang,meeting,2026-03-29 13:00:00+00:00
hwang,kpark,meeting,2026-03-29 13:00:00+00:00
kpark,hwang,meeting,2026-03-29 13:00:00+00:00
rprasad,tkobayashi,meeting,2026-03-29 13:00:00+00:00
tkobayashi,rprasad,meeting,2026-03-29 13:00:00+00:00
rprasad,tsilva,meeting,2026-03-29 13:00:00+00:00
tsilva,rprasad,meeting,2026-03-29 13:00:00+00:00
rprasad,kpark,meeting,2026-03-29 13:00:00+00:00
kpark,rprasad,meeting,2026-03-29 13:00:00+00:00
tkobayashi,tsilva,meeting,2026-03-29 13:00:00+00:00
tsilva,tkobayashi,meeting,2026-03-29 13:00:00+00:00
tkobayashi,kpark,meeting,2026-03-29 13:00:00+00:00
kpark,tkobayashi,meeting,2026-03-29 13:00:00+00:00
tsilva,kpark,meeting,2026-03-29 13:00:00+00:00
kpark,tsilva,meeting,2026-03-29 13:00:00+00:00
tsato,rpatel,meeting,2026-03-29 15:00:00+00:00
tsato,jokonkwo,meeting,2026-03-29 15:00:00+00:00
tsato,mgarcia,meeting,2026-03-29 15:00:00+00:00
tsato,rpatel,meeting,2026-03-29 15:00:00+00:00
rpatel,tsato,meeting,2026-03-29 15:00:00+00:00
tsato,jokonkwo,meeting,2026-03-29 15:00:00+00:00
jokonkwo,tsato,meeting,2026-03-29 15:00:00+00:00
tsato,mgarcia,meeting,2026-03-29 15:00:00+00:00
mgarcia,tsato,meeting,2026-03-29 15:00:00+00:00
rpatel,jokonkwo,meeting,2026-03-29 15:00:00+00:00
jokonkwo,rpatel,meeting,2026-03-29 15:00:00+00:00
rpatel,mgarcia,meeting,2026-03-29 15:00:00+00:00
mgarcia,rpatel,meeting,2026-03-29 15:00:00+00:00
jokonkwo,mgarcia,meeting,2026-03-29 15:00:00+00:00
mgarcia,jokonkwo,meeting,2026-03-29 15:00:00+00:00
jdubois,amustafa,meeting,2026-03-29 17:00:00+00:00
jdubois,mouyang,meeting,2026-03-29 17:00:00+00:00
jdubois,nkhatri,meeting,2026-03-29 17:00:00+00:00
jdubois,amustafa,meeting,2026-03-29 17:00:00+00:00
amustafa,jdubois,meeting,2026-03-29 17:00:00+00:00
jdubois,mouyang,meeting,2026-03-29 17:00:00+00:00
mouyang,jdubois,meeting,2026-03-29 17:00:00+00:00
jdubois,nkhatri,meeting,2026-03-29 17:00:00+00:00
nkhatri,jdubois,meeting,2026-03-29 17:00:00+00:00
amustafa,mouyang,meeting,2026-03-29 17:00:00+00:00
mouyang,amustafa,meeting,2026-03-29 17:00:00+00:00
amustafa,nkhatri,meeting,2026-03-29 17:00:00+00:00
nkhatri,amustafa,meeting,2026-03-29 17:00:00+00:00
mouyang,nkhatri,meeting,2026-03-29 17:00:00+00:00
nkhatri,mouyang,meeting,2026-03-29 17:00:00+00:00
tsato,jhassan,meeting,2026-03-30 09:00:00+00:00
tsato,ljohansson,meeting,2026-03-30 09:00:00+00:00
tsato,tkobayashi,meeting,2026-03-30 09:00:00+00:00
tsato,rprasad,meeting,2026-03-30 09:00:00+00:00
tsato,jhassan,meeting,2026-03-30 09:00:00+00:00
jhassan,tsato,meeting,2026-03-30 09:00:00+00:00
tsato,ljohansson,meeting,2026-03-30 09:00:00+00:00
ljohansson,tsato,meeting,2026-03-30 09:00:00+00:00
tsato,tkobayashi,meeting,2026-03-30 09:00:00+00:00
tkobayashi,tsato,meeting,2026-03-30 09:00:00+00:00
tsato,rprasad,meeting,2026-03-30 09:00:00+00:00
rprasad,tsato,meeting,2026-03-30 09:00:00+00:00
jhassan,ljohansson,meeting,2026-03-30 09:00:00+00:00
ljohansson,jhassan,meeting,2026-03-30 09:00:00+00:00
jhassan,tkobayashi,meeting,2026-03-30 09:00:00+00:00
tkobayashi,jhassan,meeting,2026-03-30 09:00:00+00:00
jhassan,rprasad,meeting,2026-03-30 09:00:00+00:00
rprasad,jhassan,meeting,2026-03-30 09:00:00+00:00
ljohansson,tkobayashi,meeting,2026-03-30 09:00:00+00:00
tkobayashi,ljohansson,meeting,2026-03-30 09:00:00+00:00
ljohansson,rprasad,meeting,2026-03-30 09:00:00+00:00
rprasad,ljohansson,meeting,2026-03-30 09:00:00+00:00
tkobayashi,rprasad,meeting,2026-03-30 09:00:00+00:00
rprasad,tkobayashi,meeting,2026-03-30 09:00:00+00:00
jokonkwo,mgarcia,meeting,2026-03-30 11:00:00+00:00
jokonkwo,mabebe,meeting,2026-03-30 11:00:00+00:00
jokonkwo,rmensah,meeting,2026-03-30 11:00:00+00:00
jokonkwo,fpereira,meeting,2026-03-30 11:00:00+00:00
jokonkwo,rchowdhury,meeting,2026-03-30 11:00:00+00:00
jokonkwo,mgarcia,meeting,2026-03-30 11:00:00+00:00
mgarcia,jokonkwo,meeting,2026-03-30 11:00:00+00:00
jokonkwo,mabebe,meeting,2026-03-30 11:00:00+00:00
mabebe,jokonkwo,meeting,2026-03-30 11:00:00+00:00
jokonkwo,rmensah,meeting,2026-03-30 11:00:00+00:00
rmensah,jokonkwo,meeting,2026-03-30 11:00:00+00:00
jokonkwo,fpereira,meeting,2026-03-30 11:00:00+00:00
fpereira,jokonkwo,meeting,2026-03-30 11:00:00+00:00
jokonkwo,rchowdhury,meeting,2026-03-30 11:00:00+00:00
rchowdhury,jokonkwo,meeting,2026-03-30 11:00:00+00:00
mgarcia,mabebe,meeting,2026-03-30 11:00:00+00:00
mabebe,mgarcia,meeting,2026-03-30 11:00:00+00:00
mgarcia,rmensah,meeting,2026-03-30 11:00:00+00:00
rmensah,mgarcia,meeting,2026-03-30 11:00:00+00:00
mgarcia,fpereira,meeting,2026-03-30 11:00:00+00:00
fpereira,mgarcia,meeting,2026-03-30 11:00:00+00:00
mgarcia,rchowdhury,meeting,2026-03-30 11:00:00+00:00
rchowdhury,mgarcia,meeting,2026-03-30 11:00:00+00:00
mabebe,rmensah,meeting,2026-03-30 11:00:00+00:00
rmensah,mabebe,meeting,2026-03-30 11:00:00+00:00
mabebe,fpereira,meeting,2026-03-30 11:00:00+00:00
fpereira,mabebe,meeting,2026-03-30 11:00:00+00:00
mabebe,rchowdhury,meeting,2026-03-30 11:00:00+00:00
rchowdhury,mabebe,meeting,2026-03-30 11:00:00+00:00
rmensah,fpereira,meeting,2026-03-30 11:00:00+00:00
fpereira,rmensah,meeting,2026-03-30 11:00:00+00:00
rmensah,rchowdhury,meeting,2026-03-30 11:00:00+00:00
rchowdhury,rmensah,meeting,2026-03-30 11:00:00+00:00
fpereira,rchowdhury,meeting,2026-03-30 11:00:00+00:00
rchowdhury,fpereira,meeting,2026-03-30 11:00:00+00:00
adubois,rpatel,meeting,2026-03-30 13:00:00+00:00
adubois,mgarcia,meeting,2026-03-30 13:00:00+00:00
adubois,lzhang,meeting,2026-03-30 13:00:00+00:00
adubois,ymorales,meeting,2026-03-30 13:00:00+00:00
adubois,rpatel,meeting,2026-03-30 13:00:00+00:00
rpatel,adubois,meeting,2026-03-30 13:00:00+00:00
adubois,mgarcia,meeting,2026-03-30 13:00:00+00:00
mgarcia,adubois,meeting,2026-03-30 13:00:00+00:00
adubois,lzhang,meeting,2026-03-30 13:00:00+00:00
lzhang,adubois,meeting,2026-03-30 13:00:00+00:00
adubois,ymorales,meeting,2026-03-30 13:00:00+00:00
ymorales,adubois,meeting,2026-03-30 13:00:00+00:00
rpatel,mgarcia,meeting,2026-03-30 13:00:00+00:00
mgarcia,rpatel,meeting,2026-03-30 13:00:00+00:00
rpatel,lzhang,meeting,2026-03-30 13:00:00+00:00
lzhang,rpatel,meeting,2026-03-30 13:00:00+00:00
rpatel,ymorales,meeting,2026-03-30 13:00:00+00:00
ymorales,rpatel,meeting,2026-03-30 13:00:00+00:00
mgarcia,lzhang,meeting,2026-03-30 13:00:00+00:00
lzhang,mgarcia,meeting,2026-03-30 13:00:00+00:00
mgarcia,ymorales,meeting,2026-03-30 13:00:00+00:00
ymorales,mgarcia,meeting,2026-03-30 13:00:00+00:00
lzhang,ymorales,meeting,2026-03-30 13:00:00+00:00
ymorales,lzhang,meeting,2026-03-30 13:00:00+00:00
rpatel,msharif,meeting,2026-03-30 15:00:00+00:00
rpatel,amustafa,meeting,2026-03-30 15:00:00+00:00
rpatel,nkhatri,meeting,2026-03-30 15:00:00+00:00
rpatel,klundqvist,meeting,2026-03-30 15:00:00+00:00
rpatel,mohammedhaddad,meeting,2026-03-30 15:00:00+00:00
rpatel,msharif,meeting,2026-03-30 15:00:00+00:00
msharif,rpatel,meeting,2026-03-30 15:00:00+00:00
rpatel,amustafa,meeting,2026-03-30 15:00:00+00:00
amustafa,rpatel,meeting,2026-03-30 15:00:00+00:00
rpatel,nkhatri,meeting,2026-03-30 15:00:00+00:00
nkhatri,rpatel,meeting,2026-03-30 15:00:00+00:00
rpatel,klundqvist,meeting,2026-03-30 15:00:00+00:00
klundqvist,rpatel,meeting,2026-03-30 15:00:00+00:00
rpatel,mohammedhaddad,meeting,2026-03-30 15:00:00+00:00
mohammedhaddad,rpatel,meeting,2026-03-30 15:00:00+00:00
msharif,amustafa,meeting,2026-03-30 15:00:00+00:00
amustafa,msharif,meeting,2026-03-30 15:00:00+00:00
msharif,nkhatri,meeting,2026-03-30 15:00:00+00:00
nkhatri,msharif,meeting,2026-03-30 15:00:00+00:00
msharif,klundqvist,meeting,2026-03-30 15:00:00+00:00
klundqvist,msharif,meeting,2026-03-30 15:00:00+00:00
msharif,mohammedhaddad,meeting,2026-03-30 15:00:00+00:00
mohammedhaddad,msharif,meeting,2026-03-30 15:00:00+00:00
amustafa,nkhatri,meeting,2026-03-30 15:00:00+00:00
nkhatri,amustafa,meeting,2026-03-30 15:00:00+00:00
amustafa,klundqvist,meeting,2026-03-30 15:00:00+00:00
klundqvist,amustafa,meeting,2026-03-30 15:00:00+00:00
amustafa,mohammedhaddad,meeting,2026-03-30 15:00:00+00:00
mohammedhaddad,amustafa,meeting,2026-03-30 15:00:00+00:00
nkhatri,klundqvist,meeting,2026-03-30 15:00:00+00:00
klundqvist,nkhatri,meeting,2026-03-30 15:00:00+00:00
nkhatri,mohammedhaddad,meeting,2026-03-30 15:00:00+00:00
mohammedhaddad,nkhatri,meeting,2026-03-30 15:00:00+00:00
klundqvist,mohammedhaddad,meeting,2026-03-30 15:00:00+00:00
mohammedhaddad,klundqvist,meeting,2026-03-30 15:00:00+00:00
adubois,tsato,meeting,2026-03-30 17:00:00+00:00
adubois,mgarcia,meeting,2026-03-30 17:00:00+00:00
adubois,ymorales,meeting,2026-03-30 17:00:00+00:00
adubois,jokonkwo,meeting,2026-03-30 17:00:00+00:00
adubois,tsato,meeting,2026-03-30 17:00:00+00:00
tsato,adubois,meeting,2026-03-30 17:00:00+00:00
adubois,mgarcia,meeting,2026-03-30 17:00:00+00:00
mgarcia,adubois,meeting,2026-03-30 17:00:00+00:00
adubois,ymorales,meeting,2026-03-30 17:00:00+00:00
ymorales,adubois,meeting,2026-03-30 17:00:00+00:00
adubois,jokonkwo,meeting,2026-03-30 17:00:00+00:00
jokonkwo,adubois,meeting,2026-03-30 17:00:00+00:00
tsato,mgarcia,meeting,2026-03-30 17:00:00+00:00
mgarcia,tsato,meeting,2026-03-30 17:00:00+00:00
tsato,ymorales,meeting,2026-03-30 17:00:00+00:00
ymorales,tsato,meeting,2026-03-30 17:00:00+00:00
tsato,jokonkwo,meeting,2026-03-30 17:00:00+00:00
jokonkwo,tsato,meeting,2026-03-30 17:00:00+00:00
mgarcia,ymorales,meeting,2026-03-30 17:00:00+00:00
ymorales,mgarcia,meeting,2026-03-30 17:00:00+00:00
mgarcia,jokonkwo,meeting,2026-03-30 17:00:00+00:00
jokonkwo,mgarcia,meeting,2026-03-30 17:00:00+00:00
ymorales,jokonkwo,meeting,2026-03-30 17:00:00+00:00
jokonkwo,ymorales,meeting,2026-03-30 17:00:00+00:00
jhassan,tkobayashi,meeting,2026-03-31 09:00:00+00:00
jhassan,hwang,meeting,2026-03-31 09:00:00+00:00
jhassan,tsilva,meeting,2026-03-31 09:00:00+00:00
jhassan,rprasad,meeting,2026-03-31 09:00:00+00:00
jhassan,tkobayashi,meeting,2026-03-31 09:00:00+00:00
tkobayashi,jhassan,meeting,2026-03-31 09:00:00+00:00
jhassan,hwang,meeting,2026-03-31 09:00:00+00:00
hwang,jhassan,meeting,2026-03-31 09:00:00+00:00
jhassan,tsilva,meeting,2026-03-31 09:00:00+00:00
tsilva,jhassan,meeting,2026-03-31 09:00:00+00:00
jhassan,rprasad,meeting,2026-03-31 09:00:00+00:00
rprasad,jhassan,meeting,2026-03-31 09:00:00+00:00
tkobayashi,hwang,meeting,2026-03-31 09:00:00+00:00
hwang,tkobayashi,meeting,2026-03-31 09:00:00+00:00
tkobayashi,tsilva,meeting,2026-03-31 09:00:00+00:00
tsilva,tkobayashi,meeting,2026-03-31 09:00:00+00:00
tkobayashi,rprasad,meeting,2026-03-31 09:00:00+00:00
rprasad,tkobayashi,meeting,2026-03-31 09:00:00+00:00
hwang,tsilva,meeting,2026-03-31 09:00:00+00:00
tsilva,hwang,meeting,2026-03-31 09:00:00+00:00
hwang,rprasad,meeting,2026-03-31 09:00:00+00:00
rprasad,hwang,meeting,2026-03-31 09:00:00+00:00
tsilva,rprasad,meeting,2026-03-31 09:00:00+00:00
rprasad,tsilva,meeting,2026-03-31 09:00:00+00:00
jhassan,tkobayashi,meeting,2026-03-31 10:30:00+00:00
jhassan,hwang,meeting,2026-03-31 10:30:00+00:00
jhassan,tsilva,meeting,2026-03-31 10:30:00+00:00
jhassan,rprasad,meeting,2026-03-31 10:30:00+00:00
jhassan,tkobayashi,meeting,2026-03-31 10:30:00+00:00
tkobayashi,jhassan,meeting,2026-03-31 10:30:00+00:00
jhassan,hwang,meeting,2026-03-31 10:30:00+00:00
hwang,jhassan,meeting,2026-03-31 10:30:00+00:00
jhassan,tsilva,meeting,2026-03-31 10:30:00+00:00
tsilva,jhassan,meeting,2026-03-31 10:30:00+00:00
jhassan,rprasad,meeting,2026-03-31 10:30:00+00:00
rprasad,jhassan,meeting,2026-03-31 10:30:00+00:00
tkobayashi,hwang,meeting,2026-03-31 10:30:00+00:00
hwang,tkobayashi,meeting,2026-03-31 10:30:00+00:00
tkobayashi,tsilva,meeting,2026-03-31 10:30:00+00:00
tsilva,tkobayashi,meeting,2026-03-31 10:30:00+00:00
tkobayashi,rprasad,meeting,2026-03-31 10:30:00+00:00
rprasad,tkobayashi,meeting,2026-03-31 10:30:00+00:00
hwang,tsilva,meeting,2026-03-31 10:30:00+00:00
tsilva,hwang,meeting,2026-03-31 10:30:00+00:00
hwang,rprasad,meeting,2026-03-31 10:30:00+00:00
rprasad,hwang,meeting,2026-03-31 10:30:00+00:00
tsilva,rprasad,meeting,2026-03-31 10:30:00+00:00
rprasad,tsilva,meeting,2026-03-31 10:30:00+00:00
jdubois,rmensah,meeting,2026-03-31 12:00:00+00:00
jdubois,fpereira,meeting,2026-03-31 12:00:00+00:00
jdubois,cndlovu,meeting,2026-03-31 12:00:00+00:00
jdubois,adeyokonkwo,meeting,2026-03-31 12:00:00+00:00
jdubois,rmensah,meeting,2026-03-31 12:00:00+00:00
rmensah,jdubois,meeting,2026-03-31 12:00:00+00:00
jdubois,fpereira,meeting,2026-03-31 12:00:00+00:00
fpereira,jdubois,meeting,2026-03-31 12:00:00+00:00
jdubois,cndlovu,meeting,2026-03-31 12:00:00+00:00
cndlovu,jdubois,meeting,2026-03-31 12:00:00+00:00
jdubois,adeyokonkwo,meeting,2026-03-31 12:00:00+00:00
adeyokonkwo,jdubois,meeting,2026-03-31 12:00:00+00:00
rmensah,fpereira,meeting,2026-03-31 12:00:00+00:00
fpereira,rmensah,meeting,2026-03-31 12:00:00+00:00
rmensah,cndlovu,meeting,2026-03-31 12:00:00+00:00
cndlovu,rmensah,meeting,2026-03-31 12:00:00+00:00
rmensah,adeyokonkwo,meeting,2026-03-31 12:00:00+00:00
adeyokonkwo,rmensah,meeting,2026-03-31 12:00:00+00:00
fpereira,cndlovu,meeting,2026-03-31 12:00:00+00:00
cndlovu,fpereira,meeting,2026-03-31 12:00:00+00:00
fpereira,adeyokonkwo,meeting,2026-03-31 12:00:00+00:00
adeyokonkwo,fpereira,meeting,2026-03-31 12:00:00+00:00
cndlovu,adeyokonkwo,meeting,2026-03-31 12:00:00+00:00
adeyokonkwo,cndlovu,meeting,2026-03-31 12:00:00+00:00
adubois,jokonkwo,meeting,2026-03-31 14:00:00+00:00
adubois,mgarcia,meeting,2026-03-31 14:00:00+00:00
adubois,tsato,meeting,2026-03-31 14:00:00+00:00
adubois,rpatel,meeting,2026-03-31 14:00:00+00:00
adubois,jokonkwo,meeting,2026-03-31 14:00:00+00:00
jokonkwo,adubois,meeting,2026-03-31 14:00:00+00:00
adubois,mgarcia,meeting,2026-03-31 14:00:00+00:00
mgarcia,adubois,meeting,2026-03-31 14:00:00+00:00
adubois,tsato,meeting,2026-03-31 14:00:00+00:00
tsato,adubois,meeting,2026-03-31 14:00:00+00:00
adubois,rpatel,meeting,2026-03-31 14:00:00+00:00
rpatel,adubois,meeting,2026-03-31 14:00:00+00:00
jokonkwo,mgarcia,meeting,2026-03-31 14:00:00+00:00
mgarcia,jokonkwo,meeting,2026-03-31 14:00:00+00:00
jokonkwo,tsato,meeting,2026-03-31 14:00:00+00:00
tsato,jokonkwo,meeting,2026-03-31 14:00:00+00:00
jokonkwo,rpatel,meeting,2026-03-31 14:00:00+00:00
rpatel,jokonkwo,meeting,2026-03-31 14:00:00+00:00
mgarcia,tsato,meeting,2026-03-31 14:00:00+00:00
tsato,mgarcia,meeting,2026-03-31 14:00:00+00:00
mgarcia,rpatel,meeting,2026-03-31 14:00:00+00:00
rpatel,mgarcia,meeting,2026-03-31 14:00:00+00:00
tsato,rpatel,meeting,2026-03-31 14:00:00+00:00
rpatel,tsato,meeting,2026-03-31 14:00:00+00:00
msharif,rchowdhury,meeting,2026-03-31 15:30:00+00:00
msharif,knguyen,meeting,2026-03-31 15:30:00+00:00
msharif,amustafa,meeting,2026-03-31 15:30:00+00:00
msharif,aokonkwo,meeting,2026-03-31 15:30:00+00:00
msharif,rchowdhury,meeting,2026-03-31 15:30:00+00:00
rchowdhury,msharif,meeting,2026-03-31 15:30:00+00:00
msharif,knguyen,meeting,2026-03-31 15:30:00+00:00
knguyen,msharif,meeting,2026-03-31 15:30:00+00:00
msharif,amustafa,meeting,2026-03-31 15:30:00+00:00
amustafa,msharif,meeting,2026-03-31 15:30:00+00:00
msharif,aokonkwo,meeting,2026-03-31 15:30:00+00:00
aokonkwo,msharif,meeting,2026-03-31 15:30:00+00:00
rchowdhury,knguyen,meeting,2026-03-31 15:30:00+00:00
knguyen,rchowdhury,meeting,2026-03-31 15:30:00+00:00
rchowdhury,amustafa,meeting,2026-03-31 15:30:00+00:00
amustafa,rchowdhury,meeting,2026-03-31 15:30:00+00:00
rchowdhury,aokonkwo,meeting,2026-03-31 15:30:00+00:00
aokonkwo,rchowdhury,meeting,2026-03-31 15:30:00+00:00
knguyen,amustafa,meeting,2026-03-31 15:30:00+00:00
amustafa,knguyen,meeting,2026-03-31 15:30:00+00:00
knguyen,aokonkwo,meeting,2026-03-31 15:30:00+00:00
aokonkwo,knguyen,meeting,2026-03-31 15:30:00+00:00
amustafa,aokonkwo,meeting,2026-03-31 15:30:00+00:00
aokonkwo,amustafa,meeting,2026-03-31 15:30:00+00:00
tsato,jhassan,meeting,2026-04-01 09:00:00+00:00
tsato,tsilva,meeting,2026-04-01 09:00:00+00:00
tsato,kpark,meeting,2026-04-01 09:00:00+00:00
tsato,tkobayashi,meeting,2026-04-01 09:00:00+00:00
tsato,rprasad,meeting,2026-04-01 09:00:00+00:00
tsato,hwang,meeting,2026-04-01 09:00:00+00:00
tsato,jhassan,meeting,2026-04-01 09:00:00+00:00
jhassan,tsato,meeting,2026-04-01 09:00:00+00:00
tsato,tsilva,meeting,2026-04-01 09:00:00+00:00
tsilva,tsato,meeting,2026-04-01 09:00:00+00:00
tsato,kpark,meeting,2026-04-01 09:00:00+00:00
kpark,tsato,meeting,2026-04-01 09:00:00+00:00
tsato,tkobayashi,meeting,2026-04-01 09:00:00+00:00
tkobayashi,tsato,meeting,2026-04-01 09:00:00+00:00
tsato,rprasad,meeting,2026-04-01 09:00:00+00:00
rprasad,tsato,meeting,2026-04-01 09:00:00+00:00
tsato,hwang,meeting,2026-04-01 09:00:00+00:00
hwang,tsato,meeting,2026-04-01 09:00:00+00:00
jhassan,tsilva,meeting,2026-04-01 09:00:00+00:00
tsilva,jhassan,meeting,2026-04-01 09:00:00+00:00
jhassan,kpark,meeting,2026-04-01 09:00:00+00:00
kpark,jhassan,meeting,2026-04-01 09:00:00+00:00
jhassan,tkobayashi,meeting,2026-04-01 09:00:00+00:00
tkobayashi,jhassan,meeting,2026-04-01 09:00:00+00:00
jhassan,rprasad,meeting,2026-04-01 09:00:00+00:00
rprasad,jhassan,meeting,2026-04-01 09:00:00+00:00
jhassan,hwang,meeting,2026-04-01 09:00:00+00:00
hwang,jhassan,meeting,2026-04-01 09:00:00+00:00
tsilva,kpark,meeting,2026-04-01 09:00:00+00:00
kpark,tsilva,meeting,2026-04-01 09:00:00+00:00
tsilva,tkobayashi,meeting,2026-04-01 09:00:00+00:00
tkobayashi,tsilva,meeting,2026-04-01 09:00:00+00:00
tsilva,rprasad,meeting,2026-04-01 09:00:00+00:00
rprasad,tsilva,meeting,2026-04-01 09:00:00+00:00
tsilva,hwang,meeting,2026-04-01 09:00:00+00:00
hwang,tsilva,meeting,2026-04-01 09:00:00+00:00
kpark,tkobayashi,meeting,2026-04-01 09:00:00+00:00
tkobayashi,kpark,meeting,2026-04-01 09:00:00+00:00
kpark,rprasad,meeting,2026-04-01 09:00:00+00:00
rprasad,kpark,meeting,2026-04-01 09:00:00+00:00
kpark,hwang,meeting,2026-04-01 09:00:00+00:00
hwang,kpark,meeting,2026-04-01 09:00:00+00:00
tkobayashi,rprasad,meeting,2026-04-01 09:00:00+00:00
rprasad,tkobayashi,meeting,2026-04-01 09:00:00+00:00
tkobayashi,hwang,meeting,2026-04-01 09:00:00+00:00
hwang,tkobayashi,meeting,2026-04-01 09:00:00+00:00
rprasad,hwang,meeting,2026-04-01 09:00:00+00:00
hwang,rprasad,meeting,2026-04-01 09:00:00+00:00
rpatel,adubois,meeting,2026-04-01 11:00:00+00:00
rpatel,jokonkwo,meeting,2026-04-01 11:00:00+00:00
rpatel,mgarcia,meeting,2026-04-01 11:00:00+00:00
rpatel,erodriguez,meeting,2026-04-01 11:00:00+00:00
rpatel,nkhatri,meeting,2026-04-01 11:00:00+00:00
rpatel,mohammedhaddad,meeting,2026-04-01 11:00:00+00:00
rpatel,adubois,meeting,2026-04-01 11:00:00+00:00
adubois,rpatel,meeting,2026-04-01 11:00:00+00:00
rpatel,jokonkwo,meeting,2026-04-01 11:00:00+00:00
jokonkwo,rpatel,meeting,2026-04-01 11:00:00+00:00
rpatel,mgarcia,meeting,2026-04-01 11:00:00+00:00
mgarcia,rpatel,meeting,2026-04-01 11:00:00+00:00
rpatel,erodriguez,meeting,2026-04-01 11:00:00+00:00
erodriguez,rpatel,meeting,2026-04-01 11:00:00+00:00
rpatel,nkhatri,meeting,2026-04-01 11:00:00+00:00
nkhatri,rpatel,meeting,2026-04-01 11:00:00+00:00
rpatel,mohammedhaddad,meeting,2026-04-01 11:00:00+00:00
mohammedhaddad,rpatel,meeting,2026-04-01 11:00:00+00:00
adubois,jokonkwo,meeting,2026-04-01 11:00:00+00:00
jokonkwo,adubois,meeting,2026-04-01 11:00:00+00:00
adubois,mgarcia,meeting,2026-04-01 11:00:00+00:00
mgarcia,adubois,meeting,2026-04-01 11:00:00+00:00
adubois,erodriguez,meeting,2026-04-01 11:00:00+00:00
erodriguez,adubois,meeting,2026-04-01 11:00:00+00:00
adubois,nkhatri,meeting,2026-04-01 11:00:00+00:00
nkhatri,adubois,meeting,2026-04-01 11:00:00+00:00
adubois,mohammedhaddad,meeting,2026-04-01 11:00:00+00:00
mohammedhaddad,adubois,meeting,2026-04-01 11:00:00+00:00
jokonkwo,mgarcia,meeting,2026-04-01 11:00:00+00:00
mgarcia,jokonkwo,meeting,2026-04-01 11:00:00+00:00
jokonkwo,erodriguez,meeting,2026-04-01 11:00:00+00:00
erodriguez,jokonkwo,meeting,2026-04-01 11:00:00+00:00
jokonkwo,nkhatri,meeting,2026-04-01 11:00:00+00:00
nkhatri,jokonkwo,meeting,2026-04-01 11:00:00+00:00
jokonkwo,mohammedhaddad,meeting,2026-04-01 11:00:00+00:00
mohammedhaddad,jokonkwo,meeting,2026-04-01 11:00:00+00:00
mgarcia,erodriguez,meeting,2026-04-01 11:00:00+00:00
erodriguez,mgarcia,meeting,2026-04-01 11:00:00+00:00
mgarcia,nkhatri,meeting,2026-04-01 11:00:00+00:00
nkhatri,mgarcia,meeting,2026-04-01 11:00:00+00:00
mgarcia,mohammedhaddad,meeting,2026-04-01 11:00:00+00:00
mohammedhaddad,mgarcia,meeting,2026-04-01 11:00:00+00:00
erodriguez,nkhatri,meeting,2026-04-01 11:00:00+00:00
nkhatri,erodriguez,meeting,2026-04-01 11:00:00+00:00
erodriguez,mohammedhaddad,meeting,2026-04-01 11:00:00+00:00
mohammedhaddad,erodriguez,meeting,2026-04-01 11:00:00+00:00
nkhatri,mohammedhaddad,meeting,2026-04-01 11:00:00+00:00
mohammedhaddad,nkhatri,meeting,2026-04-01 11:00:00+00:00
adubois,tsato,meeting,2026-04-01 13:00:00+00:00
adubois,rpatel,meeting,2026-04-01 13:00:00+00:00
adubois,jokonkwo,meeting,2026-04-01 13:00:00+00:00
adubois,mgarcia,meeting,2026-04-01 13:00:00+00:00
adubois,jdubois,meeting,2026-04-01 13:00:00+00:00
adubois,nkhatri,meeting,2026-04-01 13:00:00+00:00
adubois,msharif,meeting,2026-04-01 13:00:00+00:00
adubois,rchowdhury,meeting,2026-04-01 13:00:00+00:00
adubois,knguyen,meeting,2026-04-01 13:00:00+00:00
adubois,anapatel,meeting,2026-04-01 13:00:00+00:00
adubois,tsilva,meeting,2026-04-01 13:00:00+00:00
adubois,hwang,meeting,2026-04-01 13:00:00+00:00
adubois,kpark,meeting,2026-04-01 13:00:00+00:00
adubois,tkobayashi,meeting,2026-04-01 13:00:00+00:00
adubois,tsato,meeting,2026-04-01 13:00:00+00:00
tsato,adubois,meeting,2026-04-01 13:00:00+00:00
adubois,rpatel,meeting,2026-04-01 13:00:00+00:00
rpatel,adubois,meeting,2026-04-01 13:00:00+00:00
adubois,jokonkwo,meeting,2026-04-01 13:00:00+00:00
jokonkwo,adubois,meeting,2026-04-01 13:00:00+00:00
adubois,mgarcia,meeting,2026-04-01 13:00:00+00:00
mgarcia,adubois,meeting,2026-04-01 13:00:00+00:00
adubois,jdubois,meeting,2026-04-01 13:00:00+00:00
jdubois,adubois,meeting,2026-04-01 13:00:00+00:00
adubois,nkhatri,meeting,2026-04-01 13:00:00+00:00
nkhatri,adubois,meeting,2026-04-01 13:00:00+00:00
adubois,msharif,meeting,2026-04-01 13:00:00+00:00
msharif,adubois,meeting,2026-04-01 13:00:00+00:00
adubois,rchowdhury,meeting,2026-04-01 13:00:00+00:00
rchowdhury,adubois,meeting,2026-04-01 13:00:00+00:00
adubois,knguyen,meeting,2026-04-01 13:00:00+00:00
knguyen,adubois,meeting,2026-04-01 13:00:00+00:00
adubois,anapatel,meeting,2026-04-01 13:00:00+00:00
anapatel,adubois,meeting,2026-04-01 13:00:00+00:00
adubois,tsilva,meeting,2026-04-01 13:00:00+00:00
tsilva,adubois,meeting,2026-04-01 13:00:00+00:00
adubois,hwang,meeting,2026-04-01 13:00:00+00:00
hwang,adubois,meeting,2026-04-01 13:00:00+00:00
adubois,kpark,meeting,2026-04-01 13:00:00+00:00
kpark,adubois,meeting,2026-04-01 13:00:00+00:00
adubois,tkobayashi,meeting,2026-04-01 13:00:00+00:00
tkobayashi,adubois,meeting,2026-04-01 13:00:00+00:00
tsato,rpatel,meeting,2026-04-01 13:00:00+00:00
rpatel,tsato,meeting,2026-04-01 13:00:00+00:00
tsato,jokonkwo,meeting,2026-04-01 13:00:00+00:00
jokonkwo,tsato,meeting,2026-04-01 13:00:00+00:00
tsato,mgarcia,meeting,2026-04-01 13:00:00+00:00
mgarcia,tsato,meeting,2026-04-01 13:00:00+00:00
tsato,jdubois,meeting,2026-04-01 13:00:00+00:00
jdubois,tsato,meeting,2026-04-01 13:00:00+00:00
tsato,nkhatri,meeting,2026-04-01 13:00:00+00:00
nkhatri,tsato,meeting,2026-04-01 13:00:00+00:00
tsato,msharif,meeting,2026-04-01 13:00:00+00:00
msharif,tsato,meeting,2026-04-01 13:00:00+00:00
tsato,rchowdhury,meeting,2026-04-01 13:00:00+00:00
rchowdhury,tsato,meeting,2026-04-01 13:00:00+00:00
tsato,knguyen,meeting,2026-04-01 13:00:00+00:00
knguyen,tsato,meeting,2026-04-01 13:00:00+00:00
tsato,anapatel,meeting,2026-04-01 13:00:00+00:00
anapatel,tsato,meeting,2026-04-01 13:00:00+00:00
tsato,tsilva,meeting,2026-04-01 13:00:00+00:00
tsilva,tsato,meeting,2026-04-01 13:00:00+00:00
tsato,hwang,meeting,2026-04-01 13:00:00+00:00
hwang,tsato,meeting,2026-04-01 13:00:00+00:00
tsato,kpark,meeting,2026-04-01 13:00:00+00:00
kpark,tsato,meeting,2026-04-01 13:00:00+00:00
tsato,tkobayashi,meeting,2026-04-01 13:00:00+00:00
tkobayashi,tsato,meeting,2026-04-01 13:00:00+00:00
rpatel,jokonkwo,meeting,2026-04-01 13:00:00+00:00
jokonkwo,rpatel,meeting,2026-04-01 13:00:00+00:00
rpatel,mgarcia,meeting,2026-04-01 13:00:00+00:00
mgarcia,rpatel,meeting,2026-04-01 13:00:00+00:00
rpatel,jdubois,meeting,2026-04-01 13:00:00+00:00
jdubois,rpatel,meeting,2026-04-01 13:00:00+00:00
rpatel,nkhatri,meeting,2026-04-01 13:00:00+00:00
nkhatri,rpatel,meeting,2026-04-01 13:00:00+00:00
rpatel,msharif,meeting,2026-04-01 13:00:00+00:00
msharif,rpatel,meeting,2026-04-01 13:00:00+00:00
rpatel,rchowdhury,meeting,2026-04-01 13:00:00+00:00
rchowdhury,rpatel,meeting,2026-04-01 13:00:00+00:00
rpatel,knguyen,meeting,2026-04-01 13:00:00+00:00
knguyen,rpatel,meeting,2026-04-01 13:00:00+00:00
rpatel,anapatel,meeting,2026-04-01 13:00:00+00:00
anapatel,rpatel,meeting,2026-04-01 13:00:00+00:00
rpatel,tsilva,meeting,2026-04-01 13:00:00+00:00
tsilva,rpatel,meeting,2026-04-01 13:00:00+00:00
rpatel,hwang,meeting,2026-04-01 13:00:00+00:00
hwang,rpatel,meeting,2026-04-01 13:00:00+00:00
rpatel,kpark,meeting,2026-04-01 13:00:00+00:00
kpark,rpatel,meeting,2026-04-01 13:00:00+00:00
rpatel,tkobayashi,meeting,2026-04-01 13:00:00+00:00
tkobayashi,rpatel,meeting,2026-04-01 13:00:00+00:00
jokonkwo,mgarcia,meeting,2026-04-01 13:00:00+00:00
mgarcia,jokonkwo,meeting,2026-04-01 13:00:00+00:00
jokonkwo,jdubois,meeting,2026-04-01 13:00:00+00:00
jdubois,jokonkwo,meeting,2026-04-01 13:00:00+00:00
jokonkwo,nkhatri,meeting,2026-04-01 13:00:00+00:00
nkhatri,jokonkwo,meeting,2026-04-01 13:00:00+00:00
jokonkwo,msharif,meeting,2026-04-01 13:00:00+00:00
msharif,jokonkwo,meeting,2026-04-01 13:00:00+00:00
jokonkwo,rchowdhury,meeting,2026-04-01 13:00:00+00:00
rchowdhury,jokonkwo,meeting,2026-04-01 13:00:00+00:00
jokonkwo,knguyen,meeting,2026-04-01 13:00:00+00:00
knguyen,jokonkwo,meeting,2026-04-01 13:00:00+00:00
jokonkwo,anapatel,meeting,2026-04-01 13:00:00+00:00
anapatel,jokonkwo,meeting,2026-04-01 13:00:00+00:00
jokonkwo,tsilva,meeting,2026-04-01 13:00:00+00:00
tsilva,jokonkwo,meeting,2026-04-01 13:00:00+00:00
jokonkwo,hwang,meeting,2026-04-01 13:00:00+00:00
hwang,jokonkwo,meeting,2026-04-01 13:00:00+00:00
jokonkwo,kpark,meeting,2026-04-01 13:00:00+00:00
kpark,jokonkwo,meeting,2026-04-01 13:00:00+00:00
jokonkwo,tkobayashi,meeting,2026-04-01 13:00:00+00:00
tkobayashi,jokonkwo,meeting,2026-04-01 13:00:00+00:00
mgarcia,jdubois,meeting,2026-04-01 13:00:00+00:00
jdubois,mgarcia,meeting,2026-04-01 13:00:00+00:00
mgarcia,nkhatri,meeting,2026-04-01 13:00:00+00:00
nkhatri,mgarcia,meeting,2026-04-01 13:00:00+00:00
mgarcia,msharif,meeting,2026-04-01 13:00:00+00:00
msharif,mgarcia,meeting,2026-04-01 13:00:00+00:00
mgarcia,rchowdhury,meeting,2026-04-01 13:00:00+00:00
rchowdhury,mgarcia,meeting,2026-04-01 13:00:00+00:00
mgarcia,knguyen,meeting,2026-04-01 13:00:00+00:00
knguyen,mgarcia,meeting,2026-04-01 13:00:00+00:00
mgarcia,anapatel,meeting,2026-04-01 13:00:00+00:00
anapatel,mgarcia,meeting,2026-04-01 13:00:00+00:00
mgarcia,tsilva,meeting,2026-04-01 13:00:00+00:00
tsilva,mgarcia,meeting,2026-04-01 13:00:00+00:00
mgarcia,hwang,meeting,2026-04-01 13:00:00+00:00
hwang,mgarcia,meeting,2026-04-01 13:00:00+00:00
mgarcia,kpark,meeting,2026-04-01 13:00:00+00:00
kpark,mgarcia,meeting,2026-04-01 13:00:00+00:00
mgarcia,tkobayashi,meeting,2026-04-01 13:00:00+00:00
tkobayashi,mgarcia,meeting,2026-04-01 13:00:00+00:00
jdubois,nkhatri,meeting,2026-04-01 13:00:00+00:00
nkhatri,jdubois,meeting,2026-04-01 13:00:00+00:00
jdubois,msharif,meeting,2026-04-01 13:00:00+00:00
msharif,jdubois,meeting,2026-04-01 13:00:00+00:00
jdubois,rchowdhury,meeting,2026-04-01 13:00:00+00:00
rchowdhury,jdubois,meeting,2026-04-01 13:00:00+00:00
jdubois,knguyen,meeting,2026-04-01 13:00:00+00:00
knguyen,jdubois,meeting,2026-04-01 13:00:00+00:00
jdubois,anapatel,meeting,2026-04-01 13:00:00+00:00
anapatel,jdubois,meeting,2026-04-01 13:00:00+00:00
jdubois,tsilva,meeting,2026-04-01 13:00:00+00:00
tsilva,jdubois,meeting,2026-04-01 13:00:00+00:00
jdubois,hwang,meeting,2026-04-01 13:00:00+00:00
hwang,jdubois,meeting,2026-04-01 13:00:00+00:00
jdubois,kpark,meeting,2026-04-01 13:00:00+00:00
kpark,jdubois,meeting,2026-04-01 13:00:00+00:00
jdubois,tkobayashi,meeting,2026-04-01 13:00:00+00:00
tkobayashi,jdubois,meeting,2026-04-01 13:00:00+00:00
nkhatri,msharif,meeting,2026-04-01 13:00:00+00:00
msharif,nkhatri,meeting,2026-04-01 13:00:00+00:00
nkhatri,rchowdhury,meeting,2026-04-01 13:00:00+00:00
rchowdhury,nkhatri,meeting,2026-04-01 13:00:00+00:00
nkhatri,knguyen,meeting,2026-04-01 13:00:00+00:00
knguyen,nkhatri,meeting,2026-04-01 13:00:00+00:00
nkhatri,anapatel,meeting,2026-04-01 13:00:00+00:00
anapatel,nkhatri,meeting,2026-04-01 13:00:00+00:00
nkhatri,tsilva,meeting,2026-04-01 13:00:00+00:00
tsilva,nkhatri,meeting,2026-04-01 13:00:00+00:00
nkhatri,hwang,meeting,2026-04-01 13:00:00+00:00
hwang,nkhatri,meeting,2026-04-01 13:00:00+00:00
nkhatri,kpark,meeting,2026-04-01 13:00:00+00:00
kpark,nkhatri,meeting,2026-04-01 13:00:00+00:00
nkhatri,tkobayashi,meeting,2026-04-01 13:00:00+00:00
tkobayashi,nkhatri,meeting,2026-04-01 13:00:00+00:00
msharif,rchowdhury,meeting,2026-04-01 13:00:00+00:00
rchowdhury,msharif,meeting,2026-04-01 13:00:00+00:00
msharif,knguyen,meeting,2026-04-01 13:00:00+00:00
knguyen,msharif,meeting,2026-04-01 13:00:00+00:00
msharif,anapatel,meeting,2026-04-01 13:00:00+00:00
anapatel,msharif,meeting,2026-04-01 13:00:00+00:00
msharif,tsilva,meeting,2026-04-01 13:00:00+00:00
tsilva,msharif,meeting,2026-04-01 13:00:00+00:00
msharif,hwang,meeting,2026-04-01 13:00:00+00:00
hwang,msharif,meeting,2026-04-01 13:00:00+00:00
msharif,kpark,meeting,2026-04-01 13:00:00+00:00
kpark,msharif,meeting,2026-04-01 13:00:00+00:00
msharif,tkobayashi,meeting,2026-04-01 13:00:00+00:00
tkobayashi,msharif,meeting,2026-04-01 13:00:00+00:00
rchowdhury,knguyen,meeting,2026-04-01 13:00:00+00:00
knguyen,rchowdhury,meeting,2026-04-01 13:00:00+00:00
rchowdhury,anapatel,meeting,2026-04-01 13:00:00+00:00
anapatel,rchowdhury,meeting,2026-04-01 13:00:00+00:00
rchowdhury,tsilva,meeting,2026-04-01 13:00:00+00:00
tsilva,rchowdhury,meeting,2026-04-01 13:00:00+00:00
rchowdhury,hwang,meeting,2026-04-01 13:00:00+00:00
hwang,rchowdhury,meeting,2026-04-01 13:00:00+00:00
rchowdhury,kpark,meeting,2026-04-01 13:00:00+00:00
kpark,rchowdhury,meeting,2026-04-01 13:00:00+00:00
rchowdhury,tkobayashi,meeting,2026-04-01 13:00:00+00:00
tkobayashi,rchowdhury,meeting,2026-04-01 13:00:00+00:00
knguyen,anapatel,meeting,2026-04-01 13:00:00+00:00
anapatel,knguyen,meeting,2026-04-01 13:00:00+00:00
knguyen,tsilva,meeting,2026-04-01 13:00:00+00:00
tsilva,knguyen,meeting,2026-04-01 13:00:00+00:00
knguyen,hwang,meeting,2026-04-01 13:00:00+00:00
hwang,knguyen,meeting,2026-04-01 13:00:00+00:00
knguyen,kpark,meeting,2026-04-01 13:00:00+00:00
kpark,knguyen,meeting,2026-04-01 13:00:00+00:00
knguyen,tkobayashi,meeting,2026-04-01 13:00:00+00:00
tkobayashi,knguyen,meeting,2026-04-01 13:00:00+00:00
anapatel,tsilva,meeting,2026-04-01 13:00:00+00:00
tsilva,anapatel,meeting,2026-04-01 13:00:00+00:00
anapatel,hwang,meeting,2026-04-01 13:00:00+00:00
hwang,anapatel,meeting,2026-04-01 13:00:00+00:00
anapatel,kpark,meeting,2026-04-01 13:00:00+00:00
kpark,anapatel,meeting,2026-04-01 13:00:00+00:00
anapatel,tkobayashi,meeting,2026-04-01 13:00:00+00:00
tkobayashi,anapatel,meeting,2026-04-01 13:00:00+00:00
tsilva,hwang,meeting,2026-04-01 13:00:00+00:00
hwang,tsilva,meeting,2026-04-01 13:00:00+00:00
tsilva,kpark,meeting,2026-04-01 13:00:00+00:00
kpark,tsilva,meeting,2026-04-01 13:00:00+00:00
tsilva,tkobayashi,meeting,2026-04-01 13:00:00+00:00
tkobayashi,tsilva,meeting,2026-04-01 13:00:00+00:00
hwang,kpark,meeting,2026-04-01 13:00:00+00:00
kpark,hwang,meeting,2026-04-01 13:00:00+00:00
hwang,tkobayashi,meeting,2026-04-01 13:00:00+00:00
tkobayashi,hwang,meeting,2026-04-01 13:00:00+00:00
kpark,tkobayashi,meeting,2026-04-01 13:00:00+00:00
tkobayashi,kpark,meeting,2026-04-01 13:00:00+00:00
adubois,tsato,meeting,2026-04-01 15:30:00+00:00
adubois,rpatel,meeting,2026-04-01 15:30:00+00:00
adubois,jokonkwo,meeting,2026-04-01 15:30:00+00:00
adubois,mgarcia,meeting,2026-04-01 15:30:00+00:00
adubois,tsato,meeting,2026-04-01 15:30:00+00:00
tsato,adubois,meeting,2026-04-01 15:30:00+00:00
adubois,rpatel,meeting,2026-04-01 15:30:00+00:00
rpatel,adubois,meeting,2026-04-01 15:30:00+00:00
adubois,jokonkwo,meeting,2026-04-01 15:30:00+00:00
jokonkwo,adubois,meeting,2026-04-01 15:30:00+00:00
adubois,mgarcia,meeting,2026-04-01 15:30:00+00:00
mgarcia,adubois,meeting,2026-04-01 15:30:00+00:00
tsato,rpatel,meeting,2026-04-01 15:30:00+00:00
rpatel,tsato,meeting,2026-04-01 15:30:00+00:00
tsato,jokonkwo,meeting,2026-04-01 15:30:00+00:00
jokonkwo,tsato,meeting,2026-04-01 15:30:00+00:00
tsato,mgarcia,meeting,2026-04-01 15:30:00+00:00
mgarcia,tsato,meeting,2026-04-01 15:30:00+00:00
rpatel,jokonkwo,meeting,2026-04-01 15:30:00+00:00
jokonkwo,rpatel,meeting,2026-04-01 15:30:00+00:00
rpatel,mgarcia,meeting,2026-04-01 15:30:00+00:00
mgarcia,rpatel,meeting,2026-04-01 15:30:00+00:00
jokonkwo,mgarcia,meeting,2026-04-01 15:30:00+00:00
mgarcia,jokonkwo,meeting,2026-04-01 15:30:00+00:00
mgarcia,jokonkwo,meeting,2026-04-01 17:00:00+00:00
mgarcia,msharif,meeting,2026-04-01 17:00:00+00:00
mgarcia,carlosgarcia,meeting,2026-04-01 17:00:00+00:00
mgarcia,rmensah,meeting,2026-04-01 17:00:00+00:00
mgarcia,fpereira,meeting,2026-04-01 17:00:00+00:00
mgarcia,jokonkwo,meeting,2026-04-01 17:00:00+00:00
jokonkwo,mgarcia,meeting,2026-04-01 17:00:00+00:00
mgarcia,msharif,meeting,2026-04-01 17:00:00+00:00
msharif,mgarcia,meeting,2026-04-01 17:00:00+00:00
mgarcia,carlosgarcia,meeting,2026-04-01 17:00:00+00:00
carlosgarcia,mgarcia,meeting,2026-04-01 17:00:00+00:00
mgarcia,rmensah,meeting,2026-04-01 17:00:00+00:00
rmensah,mgarcia,meeting,2026-04-01 17:00:00+00:00
mgarcia,fpereira,meeting,2026-04-01 17:00:00+00:00
fpereira,mgarcia,meeting,2026-04-01 17:00:00+00:00
jokonkwo,msharif,meeting,2026-04-01 17:00:00+00:00
msharif,jokonkwo,meeting,2026-04-01 17:00:00+00:00
jokonkwo,carlosgarcia,meeting,2026-04-01 17:00:00+00:00
carlosgarcia,jokonkwo,meeting,2026-04-01 17:00:00+00:00
jokonkwo,rmensah,meeting,2026-04-01 17:00:00+00:00
rmensah,jokonkwo,meeting,2026-04-01 17:00:00+00:00
jokonkwo,fpereira,meeting,2026-04-01 17:00:00+00:00
fpereira,jokonkwo,meeting,2026-04-01 17:00:00+00:00
msharif,carlosgarcia,meeting,2026-04-01 17:00:00+00:00
carlosgarcia,msharif,meeting,2026-04-01 17:00:00+00:00
msharif,rmensah,meeting,2026-04-01 17:00:00+00:00
rmensah,msharif,meeting,2026-04-01 17:00:00+00:00
msharif,fpereira,meeting,2026-04-01 17:00:00+00:00
fpereira,msharif,meeting,2026-04-01 17:00:00+00:00
carlosgarcia,rmensah,meeting,2026-04-01 17:00:00+00:00
rmensah,carlosgarcia,meeting,2026-04-01 17:00:00+00:00
carlosgarcia,fpereira,meeting,2026-04-01 17:00:00+00:00
fpereira,carlosgarcia,meeting,2026-04-01 17:00:00+00:00
rmensah,fpereira,meeting,2026-04-01 17:00:00+00:00
fpereira,rmensah,meeting,2026-04-01 17:00:00+00:00
jhassan,tsilva,meeting,2026-04-02 09:00:00+00:00
jhassan,kpark,meeting,2026-04-02 09:00:00+00:00
jhassan,tkobayashi,meeting,2026-04-02 09:00:00+00:00
jhassan,tsato,meeting,2026-04-02 09:00:00+00:00
jhassan,tsilva,meeting,2026-04-02 09:00:00+00:00
tsilva,jhassan,meeting,2026-04-02 09:00:00+00:00
jhassan,kpark,meeting,2026-04-02 09:00:00+00:00
kpark,jhassan,meeting,2026-04-02 09:00:00+00:00
jhassan,tkobayashi,meeting,2026-04-02 09:00:00+00:00
tkobayashi,jhassan,meeting,2026-04-02 09:00:00+00:00
jhassan,tsato,meeting,2026-04-02 09:00:00+00:00
tsato,jhassan,meeting,2026-04-02 09:00:00+00:00
tsilva,kpark,meeting,2026-04-02 09:00:00+00:00
kpark,tsilva,meeting,2026-04-02 09:00:00+00:00
tsilva,tkobayashi,meeting,2026-04-02 09:00:00+00:00
tkobayashi,tsilva,meeting,2026-04-02 09:00:00+00:00
tsilva,tsato,meeting,2026-04-02 09:00:00+00:00
tsato,tsilva,meeting,2026-04-02 09:00:00+00:00
kpark,tkobayashi,meeting,2026-04-02 09:00:00+00:00
tkobayashi,kpark,meeting,2026-04-02 09:00:00+00:00
kpark,tsato,meeting,2026-04-02 09:00:00+00:00
tsato,kpark,meeting,2026-04-02 09:00:00+00:00
tkobayashi,tsato,meeting,2026-04-02 09:00:00+00:00
tsato,tkobayashi,meeting,2026-04-02 09:00:00+00:00
mgarcia,rchowdhury,meeting,2026-04-02 10:30:00+00:00
mgarcia,knguyen,meeting,2026-04-02 10:30:00+00:00
mgarcia,carlosgarcia,meeting,2026-04-02 10:30:00+00:00
mgarcia,adubois,meeting,2026-04-02 10:30:00+00:00
mgarcia,rchowdhury,meeting,2026-04-02 10:30:00+00:00
rchowdhury,mgarcia,meeting,2026-04-02 10:30:00+00:00
mgarcia,knguyen,meeting,2026-04-02 10:30:00+00:00
knguyen,mgarcia,meeting,2026-04-02 10:30:00+00:00
mgarcia,carlosgarcia,meeting,2026-04-02 10:30:00+00:00
carlosgarcia,mgarcia,meeting,2026-04-02 10:30:00+00:00
mgarcia,adubois,meeting,2026-04-02 10:30:00+00:00
adubois,mgarcia,meeting,2026-04-02 10:30:00+00:00
rchowdhury,knguyen,meeting,2026-04-02 10:30:00+00:00
knguyen,rchowdhury,meeting,2026-04-02 10:30:00+00:00
rchowdhury,carlosgarcia,meeting,2026-04-02 10:30:00+00:00
carlosgarcia,rchowdhury,meeting,2026-04-02 10:30:00+00:00
rchowdhury,adubois,meeting,2026-04-02 10:30:00+00:00
adubois,rchowdhury,meeting,2026-04-02 10:30:00+00:00
knguyen,carlosgarcia,meeting,2026-04-02 10:30:00+00:00
carlosgarcia,knguyen,meeting,2026-04-02 10:30:00+00:00
knguyen,adubois,meeting,2026-04-02 10:30:00+00:00
adubois,knguyen,meeting,2026-04-02 10:30:00+00:00
carlosgarcia,adubois,meeting,2026-04-02 10:30:00+00:00
adubois,carlosgarcia,meeting,2026-04-02 10:30:00+00:00
mabebe,rmensah,meeting,2026-04-02 12:00:00+00:00
mabebe,fpereira,meeting,2026-04-02 12:00:00+00:00
mabebe,adeyokonkwo,meeting,2026-04-02 12:00:00+00:00
mabebe,jokonkwo,meeting,2026-04-02 12:00:00+00:00
mabebe,rmensah,meeting,2026-04-02 12:00:00+00:00
rmensah,mabebe,meeting,2026-04-02 12:00:00+00:00
mabebe,fpereira,meeting,2026-04-02 12:00:00+00:00
fpereira,mabebe,meeting,2026-04-02 12:00:00+00:00
mabebe,adeyokonkwo,meeting,2026-04-02 12:00:00+00:00
adeyokonkwo,mabebe,meeting,2026-04-02 12:00:00+00:00
mabebe,jokonkwo,meeting,2026-04-02 12:00:00+00:00
jokonkwo,mabebe,meeting,2026-04-02 12:00:00+00:00
rmensah,fpereira,meeting,2026-04-02 12:00:00+00:00
fpereira,rmensah,meeting,2026-04-02 12:00:00+00:00
rmensah,adeyokonkwo,meeting,2026-04-02 12:00:00+00:00
adeyokonkwo,rmensah,meeting,2026-04-02 12:00:00+00:00
rmensah,jokonkwo,meeting,2026-04-02 12:00:00+00:00
jokonkwo,rmensah,meeting,2026-04-02 12:00:00+00:00
fpereira,adeyokonkwo,meeting,2026-04-02 12:00:00+00:00
adeyokonkwo,fpereira,meeting,2026-04-02 12:00:00+00:00
fpereira,jokonkwo,meeting,2026-04-02 12:00:00+00:00
jokonkwo,fpereira,meeting,2026-04-02 12:00:00+00:00
adeyokonkwo,jokonkwo,meeting,2026-04-02 12:00:00+00:00
jokonkwo,adeyokonkwo,meeting,2026-04-02 12:00:00+00:00
adubois,rpatel,meeting,2026-04-02 14:00:00+00:00
adubois,jdubois,meeting,2026-04-02 14:00:00+00:00
adubois,amustafa,meeting,2026-04-02 14:00:00+00:00
adubois,aokonkwo,meeting,2026-04-02 14:00:00+00:00
adubois,rpatel,meeting,2026-04-02 14:00:00+00:00
rpatel,adubois,meeting,2026-04-02 14:00:00+00:00
adubois,jdubois,meeting,2026-04-02 14:00:00+00:00
jdubois,adubois,meeting,2026-04-02 14:00:00+00:00
adubois,amustafa,meeting,2026-04-02 14:00:00+00:00
amustafa,adubois,meeting,2026-04-02 14:00:00+00:00
adubois,aokonkwo,meeting,2026-04-02 14:00:00+00:00
aokonkwo,adubois,meeting,2026-04-02 14:00:00+00:00
rpatel,jdubois,meeting,2026-04-02 14:00:00+00:00
jdubois,rpatel,meeting,2026-04-02 14:00:00+00:00
rpatel,amustafa,meeting,2026-04-02 14:00:00+00:00
amustafa,rpatel,meeting,2026-04-02 14:00:00+00:00
rpatel,aokonkwo,meeting,2026-04-02 14:00:00+00:00
aokonkwo,rpatel,meeting,2026-04-02 14:00:00+00:00
jdubois,amustafa,meeting,2026-04-02 14:00:00+00:00
amustafa,jdubois,meeting,2026-04-02 14:00:00+00:00
jdubois,aokonkwo,meeting,2026-04-02 14:00:00+00:00
aokonkwo,jdubois,meeting,2026-04-02 14:00:00+00:00
amustafa,aokonkwo,meeting,2026-04-02 14:00:00+00:00
aokonkwo,amustafa,meeting,2026-04-02 14:00:00+00:00
adubois,tsato,meeting,2026-04-02 16:00:00+00:00
adubois,rpatel,meeting,2026-04-02 16:00:00+00:00
adubois,jokonkwo,meeting,2026-04-02 16:00:00+00:00
adubois,mgarcia,meeting,2026-04-02 16:00:00+00:00
adubois,tsato,meeting,2026-04-02 16:00:00+00:00
tsato,adubois,meeting,2026-04-02 16:00:00+00:00
adubois,rpatel,meeting,2026-04-02 16:00:00+00:00
rpatel,adubois,meeting,2026-04-02 16:00:00+00:00
adubois,jokonkwo,meeting,2026-04-02 16:00:00+00:00
jokonkwo,adubois,meeting,2026-04-02 16:00:00+00:00
adubois,mgarcia,meeting,2026-04-02 16:00:00+00:00
mgarcia,adubois,meeting,2026-04-02 16:00:00+00:00
tsato,rpatel,meeting,2026-04-02 16:00:00+00:00
rpatel,tsato,meeting,2026-04-02 16:00:00+00:00
tsato,jokonkwo,meeting,2026-04-02 16:00:00+00:00
jokonkwo,tsato,meeting,2026-04-02 16:00:00+00:00
tsato,mgarcia,meeting,2026-04-02 16:00:00+00:00
mgarcia,tsato,meeting,2026-04-02 16:00:00+00:00
rpatel,jokonkwo,meeting,2026-04-02 16:00:00+00:00
jokonkwo,rpatel,meeting,2026-04-02 16:00:00+00:00
rpatel,mgarcia,meeting,2026-04-02 16:00:00+00:00
mgarcia,rpatel,meeting,2026-04-02 16:00:00+00:00
jokonkwo,mgarcia,meeting,2026-04-02 16:00:00+00:00
mgarcia,jokonkwo,meeting,2026-04-02 16:00:00+00:00
tsato,ljohansson,meeting,2026-04-03 09:00:00+00:00
tsato,hwang,meeting,2026-04-03 09:00:00+00:00
tsato,tkobayashi,meeting,2026-04-03 09:00:00+00:00
tsato,rprasad,meeting,2026-04-03 09:00:00+00:00
tsato,ljohansson,meeting,2026-04-03 09:00:00+00:00
ljohansson,tsato,meeting,2026-04-03 09:00:00+00:00
tsato,hwang,meeting,2026-04-03 09:00:00+00:00
hwang,tsato,meeting,2026-04-03 09:00:00+00:00
tsato,tkobayashi,meeting,2026-04-03 09:00:00+00:00
tkobayashi,tsato,meeting,2026-04-03 09:00:00+00:00
tsato,rprasad,meeting,2026-04-03 09:00:00+00:00
rprasad,tsato,meeting,2026-04-03 09:00:00+00:00
ljohansson,hwang,meeting,2026-04-03 09:00:00+00:00
hwang,ljohansson,meeting,2026-04-03 09:00:00+00:00
ljohansson,tkobayashi,meeting,2026-04-03 09:00:00+00:00
tkobayashi,ljohansson,meeting,2026-04-03 09:00:00+00:00
ljohansson,rprasad,meeting,2026-04-03 09:00:00+00:00
rprasad,ljohansson,meeting,2026-04-03 09:00:00+00:00
hwang,tkobayashi,meeting,2026-04-03 09:00:00+00:00
tkobayashi,hwang,meeting,2026-04-03 09:00:00+00:00
hwang,rprasad,meeting,2026-04-03 09:00:00+00:00
rprasad,hwang,meeting,2026-04-03 09:00:00+00:00
tkobayashi,rprasad,meeting,2026-04-03 09:00:00+00:00
rprasad,tkobayashi,meeting,2026-04-03 09:00:00+00:00
adubois,rpatel,meeting,2026-04-03 10:30:00+00:00
adubois,jdubois,meeting,2026-04-03 10:30:00+00:00
adubois,lzhang,meeting,2026-04-03 10:30:00+00:00
adubois,amustafa,meeting,2026-04-03 10:30:00+00:00
adubois,nkhatri,meeting,2026-04-03 10:30:00+00:00
adubois,rpatel,meeting,2026-04-03 10:30:00+00:00
rpatel,adubois,meeting,2026-04-03 10:30:00+00:00
adubois,jdubois,meeting,2026-04-03 10:30:00+00:00
jdubois,adubois,meeting,2026-04-03 10:30:00+00:00
adubois,lzhang,meeting,2026-04-03 10:30:00+00:00
lzhang,adubois,meeting,2026-04-03 10:30:00+00:00
adubois,amustafa,meeting,2026-04-03 10:30:00+00:00
amustafa,adubois,meeting,2026-04-03 10:30:00+00:00
adubois,nkhatri,meeting,2026-04-03 10:30:00+00:00
nkhatri,adubois,meeting,2026-04-03 10:30:00+00:00
rpatel,jdubois,meeting,2026-04-03 10:30:00+00:00
jdubois,rpatel,meeting,2026-04-03 10:30:00+00:00
rpatel,lzhang,meeting,2026-04-03 10:30:00+00:00
lzhang,rpatel,meeting,2026-04-03 10:30:00+00:00
rpatel,amustafa,meeting,2026-04-03 10:30:00+00:00
amustafa,rpatel,meeting,2026-04-03 10:30:00+00:00
rpatel,nkhatri,meeting,2026-04-03 10:30:00+00:00
nkhatri,rpatel,meeting,2026-04-03 10:30:00+00:00
jdubois,lzhang,meeting,2026-04-03 10:30:00+00:00
lzhang,jdubois,meeting,2026-04-03 10:30:00+00:00
jdubois,amustafa,meeting,2026-04-03 10:30:00+00:00
amustafa,jdubois,meeting,2026-04-03 10:30:00+00:00
jdubois,nkhatri,meeting,2026-04-03 10:30:00+00:00
nkhatri,jdubois,meeting,2026-04-03 10:30:00+00:00
lzhang,amustafa,meeting,2026-04-03 10:30:00+00:00
amustafa,lzhang,meeting,2026-04-03 10:30:00+00:00
lzhang,nkhatri,meeting,2026-04-03 10:30:00+00:00
nkhatri,lzhang,meeting,2026-04-03 10:30:00+00:00
amustafa,nkhatri,meeting,2026-04-03 10:30:00+00:00
nkhatri,amustafa,meeting,2026-04-03 10:30:00+00:00
tsato,ljohansson,meeting,2026-04-03 12:00:00+00:00
tsato,hwang,meeting,2026-04-03 12:00:00+00:00
tsato,tkobayashi,meeting,2026-04-03 12:00:00+00:00
tsato,anapatel,meeting,2026-04-03 12:00:00+00:00
tsato,kpark,meeting,2026-04-03 12:00:00+00:00
tsato,ljohansson,meeting,2026-04-03 12:00:00+00:00
ljohansson,tsato,meeting,2026-04-03 12:00:00+00:00
tsato,hwang,meeting,2026-04-03 12:00:00+00:00
hwang,tsato,meeting,2026-04-03 12:00:00+00:00
tsato,tkobayashi,meeting,2026-04-03 12:00:00+00:00
tkobayashi,tsato,meeting,2026-04-03 12:00:00+00:00
tsato,anapatel,meeting,2026-04-03 12:00:00+00:00
anapatel,tsato,meeting,2026-04-03 12:00:00+00:00
tsato,kpark,meeting,2026-04-03 12:00:00+00:00
kpark,tsato,meeting,2026-04-03 12:00:00+00:00
ljohansson,hwang,meeting,2026-04-03 12:00:00+00:00
hwang,ljohansson,meeting,2026-04-03 12:00:00+00:00
ljohansson,tkobayashi,meeting,2026-04-03 12:00:00+00:00
tkobayashi,ljohansson,meeting,2026-04-03 12:00:00+00:00
ljohansson,anapatel,meeting,2026-04-03 12:00:00+00:00
anapatel,ljohansson,meeting,2026-04-03 12:00:00+00:00
ljohansson,kpark,meeting,2026-04-03 12:00:00+00:00
kpark,ljohansson,meeting,2026-04-03 12:00:00+00:00
hwang,tkobayashi,meeting,2026-04-03 12:00:00+00:00
tkobayashi,hwang,meeting,2026-04-03 12:00:00+00:00
hwang,anapatel,meeting,2026-04-03 12:00:00+00:00
anapatel,hwang,meeting,2026-04-03 12:00:00+00:00
hwang,kpark,meeting,2026-04-03 12:00:00+00:00
kpark,hwang,meeting,2026-04-03 12:00:00+00:00
tkobayashi,anapatel,meeting,2026-04-03 12:00:00+00:00
anapatel,tkobayashi,meeting,2026-04-03 12:00:00+00:00
tkobayashi,kpark,meeting,2026-04-03 12:00:00+00:00
kpark,tkobayashi,meeting,2026-04-03 12:00:00+00:00
anapatel,kpark,meeting,2026-04-03 12:00:00+00:00
kpark,anapatel,meeting,2026-04-03 12:00:00+00:00
jokonkwo,rmensah,meeting,2026-04-03 14:00:00+00:00
jokonkwo,fpereira,meeting,2026-04-03 14:00:00+00:00
jokonkwo,adeyokonkwo,meeting,2026-04-03 14:00:00+00:00
jokonkwo,rmensah,meeting,2026-04-03 14:00:00+00:00
rmensah,jokonkwo,meeting,2026-04-03 14:00:00+00:00
jokonkwo,fpereira,meeting,2026-04-03 14:00:00+00:00
fpereira,jokonkwo,meeting,2026-04-03 14:00:00+00:00
jokonkwo,adeyokonkwo,meeting,2026-04-03 14:00:00+00:00
adeyokonkwo,jokonkwo,meeting,2026-04-03 14:00:00+00:00
rmensah,fpereira,meeting,2026-04-03 14:00:00+00:00
fpereira,rmensah,meeting,2026-04-03 14:00:00+00:00
rmensah,adeyokonkwo,meeting,2026-04-03 14:00:00+00:00
adeyokonkwo,rmensah,meeting,2026-04-03 14:00:00+00:00
fpereira,adeyokonkwo,meeting,2026-04-03 14:00:00+00:00
adeyokonkwo,fpereira,meeting,2026-04-03 14:00:00+00:00
mgarcia,carlosgarcia,meeting,2026-04-03 15:30:00+00:00
mgarcia,knguyen,meeting,2026-04-03 15:30:00+00:00
mgarcia,lrossi,meeting,2026-04-03 15:30:00+00:00
mgarcia,carlosgarcia,meeting,2026-04-03 15:30:00+00:00
carlosgarcia,mgarcia,meeting,2026-04-03 15:30:00+00:00
mgarcia,knguyen,meeting,2026-04-03 15:30:00+00:00
knguyen,mgarcia,meeting,2026-04-03 15:30:00+00:00
mgarcia,lrossi,meeting,2026-04-03 15:30:00+00:00
lrossi,mgarcia,meeting,2026-04-03 15:30:00+00:00
carlosgarcia,knguyen,meeting,2026-04-03 15:30:00+00:00
knguyen,carlosgarcia,meeting,2026-04-03 15:30:00+00:00
carlosgarcia,lrossi,meeting,2026-04-03 15:30:00+00:00
lrossi,carlosgarcia,meeting,2026-04-03 15:30:00+00:00
knguyen,lrossi,meeting,2026-04-03 15:30:00+00:00
lrossi,knguyen,meeting,2026-04-03 15:30:00+00:00
adubois,mabebe,meeting,2026-04-03 17:00:00+00:00
adubois,rmensah,meeting,2026-04-03 17:00:00+00:00
adubois,msilva,meeting,2026-04-03 17:00:00+00:00
adubois,mabebe,meeting,2026-04-03 17:00:00+00:00
mabebe,adubois,meeting,2026-04-03 17:00:00+00:00
adubois,rmensah,meeting,2026-04-03 17:00:00+00:00
rmensah,adubois,meeting,2026-04-03 17:00:00+00:00
adubois,msilva,meeting,2026-04-03 17:00:00+00:00
msilva,adubois,meeting,2026-04-03 17:00:00+00:00
mabebe,rmensah,meeting,2026-04-03 17:00:00+00:00
rmensah,mabebe,meeting,2026-04-03 17:00:00+00:00
mabebe,msilva,meeting,2026-04-03 17:00:00+00:00
msilva,mabebe,meeting,2026-04-03 17:00:00+00:00
rmensah,msilva,meeting,2026-04-03 17:00:00+00:00
msilva,rmensah,meeting,2026-04-03 17:00:00+00:00
