source,target,channel,timestamp
smensah,ysilva,email,2026-03-24 10:00:00+00:00
smensah,yabdul,email,2026-03-24 10:00:00+00:00
smensah,lhaddad,email_cc,2026-03-24 10:00:00+00:00
smensah,jokafor,email_cc,2026-03-24 10:00:00+00:00
lhaddad,smensah,email,2026-03-24 10:30:00+00:00
lhaddad,jokafor,email,2026-03-24 10:30:00+00:00
lhaddad,yabdul,email,2026-03-24 10:30:00+00:00
lhaddad,mgarcia,email_cc,2026-03-24 10:30:00+00:00
lhaddad,npande,email_cc,2026-03-24 10:30:00+00:00
ktanaka,cnguyen,email,2026-03-24 11:00:00+00:00
ktanaka,ksingh,email,2026-03-24 11:00:00+00:00
ktanaka,hmatsuda,email_cc,2026-03-24 11:00:00+00:00
cnguyen,ktanaka,email,2026-03-24 11:45:00+00:00
cnguyen,ksingh,email,2026-03-24 11:45:00+00:00
cnguyen,hmatsuda,email_cc,2026-03-24 11:45:00+00:00
smensah,lhaddad,email,2026-03-24 12:00:00+00:00
smensah,yabdul,email,2026-03-24 12:00:00+00:00
smensah,jokafor,email,2026-03-24 12:00:00+00:00
smensah,fdubois,email_cc,2026-03-24 12:00:00+00:00
mgarcia,lhaddad,email,2026-03-24 12:30:00+00:00
mgarcia,smensah,email,2026-03-24 12:30:00+00:00
mgarcia,jokafor,email_cc,2026-03-24 12:30:00+00:00
mgarcia,fdubois,email_cc,2026-03-24 12:30:00+00:00
ktanaka,hmatsuda,email,2026-03-24 13:00:00+00:00
ktanaka,drossi,email,2026-03-24 13:00:00+00:00
ktanaka,cnguyen,email_cc,2026-03-24 13:00:00+00:00
drossi,ktanaka,email,2026-03-24 13:30:00+00:00
drossi,hmatsuda,email,2026-03-24 13:30:00+00:00
drossi,cnguyen,email_cc,2026-03-24 13:30:00+00:00
lhaddad,smensah,email,2026-03-24 14:00:00+00:00
lhaddad,yabdul,email,2026-03-24 14:00:00+00:00
lhaddad,jokafor,email,2026-03-24 14:00:00+00:00
lhaddad,mgarcia,email_cc,2026-03-24 14:00:00+00:00
mgarcia,lhaddad,email,2026-03-24 14:30:00+00:00
mgarcia,smensah,email,2026-03-24 14:30:00+00:00
mgarcia,yabdul,email_cc,2026-03-24 14:30:00+00:00
mgarcia,jokafor,email_cc,2026-03-24 14:30:00+00:00
mzhang,akabir,email,2026-03-25 10:00:00+00:00
mzhang,fdubois,email,2026-03-25 10:00:00+00:00
mzhang,jokonkwo_4,email,2026-03-25 10:00:00+00:00
mzhang,jokonkwo,email_cc,2026-03-25 10:00:00+00:00
drossi,cnguyen,email,2026-03-25 10:30:00+00:00
drossi,ktanaka,email,2026-03-25 10:30:00+00:00
drossi,ksingh,email,2026-03-25 10:30:00+00:00
drossi,mzhang,email_cc,2026-03-25 10:30:00+00:00
lhaddad,smensah,email,2026-03-25 11:00:00+00:00
lhaddad,jokafor,email,2026-03-25 11:00:00+00:00
lhaddad,yabdul,email,2026-03-25 11:00:00+00:00
lhaddad,mgarcia,email_cc,2026-03-25 11:00:00+00:00
ktanaka,cnguyen,email,2026-03-25 11:30:00+00:00
ktanaka,ksingh,email,2026-03-25 11:30:00+00:00
ktanaka,mzhang,email_cc,2026-03-25 11:30:00+00:00
drossi,akabir,email,2026-03-25 12:00:00+00:00
drossi,fdubois,email,2026-03-25 12:00:00+00:00
drossi,jokonkwo_4,email,2026-03-25 12:00:00+00:00
drossi,mzhang,email_cc,2026-03-25 12:00:00+00:00
cnguyen,ktanaka,email,2026-03-25 12:30:00+00:00
cnguyen,ksingh,email,2026-03-25 12:30:00+00:00
cnguyen,drossi,email_cc,2026-03-25 12:30:00+00:00
cnguyen,mzhang,email_cc,2026-03-25 12:30:00+00:00
jokonkwo,akabir,email,2026-03-25 13:00:00+00:00
jokonkwo,fdubois,email,2026-03-25 13:00:00+00:00
jokonkwo,jokonkwo_4,email,2026-03-25 13:00:00+00:00
jokonkwo,mzhang,email_cc,2026-03-25 13:00:00+00:00
lhaddad,smensah,email,2026-03-25 13:30:00+00:00
lhaddad,jokafor,email,2026-03-25 13:30:00+00:00
lhaddad,yabdul,email,2026-03-25 13:30:00+00:00
lhaddad,mgarcia,email_cc,2026-03-25 13:30:00+00:00
drossi,cnguyen,email,2026-03-25 14:00:00+00:00
drossi,ktanaka,email,2026-03-25 14:00:00+00:00
drossi,ksingh,email,2026-03-25 14:00:00+00:00
drossi,mzhang,email_cc,2026-03-25 14:00:00+00:00
mgarcia,lhaddad,email,2026-03-25 14:30:00+00:00
mgarcia,smensah,email,2026-03-25 14:30:00+00:00
mgarcia,jokafor,email,2026-03-25 14:30:00+00:00
mgarcia,drossi,email_cc,2026-03-25 14:30:00+00:00
mgarcia,akabir,email,2026-03-26 09:15:00+00:00
mgarcia,fdubois,email,2026-03-26 09:15:00+00:00
mgarcia,jokonkwo_4,email,2026-03-26 09:15:00+00:00
mgarcia,jokonkwo,email_cc,2026-03-26 09:15:00+00:00
smensah,jokafor,email,2026-03-26 09:30:00+00:00
smensah,yabdul,email,2026-03-26 09:30:00+00:00
smensah,lhaddad,email_cc,2026-03-26 09:30:00+00:00
cnguyen,ktanaka,email,2026-03-26 10:00:00+00:00
cnguyen,ksingh,email,2026-03-26 10:00:00+00:00
cnguyen,hmatsuda,email_cc,2026-03-26 10:00:00+00:00
fdubois,akabir,email,2026-03-26 10:15:00+00:00
fdubois,jokonkwo_4,email,2026-03-26 10:15:00+00:00
fdubois,jokonkwo,email_cc,2026-03-26 10:15:00+00:00
mzhang,fdubois,email,2026-03-26 10:30:00+00:00
mzhang,akabir,email,2026-03-26 10:30:00+00:00
mzhang,jokonkwo,email_cc,2026-03-26 10:30:00+00:00
lhaddad,smensah,email,2026-03-26 10:45:00+00:00
lhaddad,yabdul,email,2026-03-26 10:45:00+00:00
lhaddad,jokafor,email_cc,2026-03-26 10:45:00+00:00
mgarcia,jokonkwo,email,2026-03-26 11:00:00+00:00
mgarcia,fdubois,email,2026-03-26 11:00:00+00:00
mgarcia,akabir,email,2026-03-26 11:00:00+00:00
mgarcia,drossi,email_cc,2026-03-26 11:00:00+00:00
ktanaka,cnguyen,email,2026-03-26 11:15:00+00:00
ktanaka,ksingh,email,2026-03-26 11:15:00+00:00
ktanaka,hmatsuda,email_cc,2026-03-26 11:15:00+00:00
fdubois,akabir,email,2026-03-26 11:30:00+00:00
fdubois,jokonkwo_4,email,2026-03-26 11:30:00+00:00
fdubois,jokonkwo,email_cc,2026-03-26 11:30:00+00:00
fdubois,mzhang,email_cc,2026-03-26 11:30:00+00:00
mzhang,fdubois,email,2026-03-26 11:45:00+00:00
mzhang,akabir,email,2026-03-26 11:45:00+00:00
mzhang,jokonkwo,email_cc,2026-03-26 11:45:00+00:00
mzhang,mgarcia,email_cc,2026-03-26 11:45:00+00:00
smensah,lhaddad,email,2026-03-27 09:15:00+00:00
smensah,jokafor,email,2026-03-27 09:15:00+00:00
smensah,yabdul,email,2026-03-27 09:15:00+00:00
cnguyen,ktanaka,email,2026-03-27 09:30:00+00:00
cnguyen,ksingh,email,2026-03-27 09:30:00+00:00
cnguyen,hmatsuda,email_cc,2026-03-27 09:30:00+00:00
akabir,fdubois,email,2026-03-27 09:45:00+00:00
akabir,jokonkwo_4,email,2026-03-27 09:45:00+00:00
akabir,jokonkwo,email_cc,2026-03-27 09:45:00+00:00
smensah,lhaddad,email,2026-03-27 10:00:00+00:00
smensah,mzhang,email_cc,2026-03-27 10:00:00+00:00
smensah,jokafor,email_cc,2026-03-27 10:00:00+00:00
drossi,cnguyen,email,2026-03-27 10:15:00+00:00
drossi,ktanaka,email,2026-03-27 10:15:00+00:00
drossi,mgarcia,email_cc,2026-03-27 10:15:00+00:00
smensah,lhaddad,email,2026-03-27 10:30:00+00:00
smensah,mzhang,email,2026-03-27 10:30:00+00:00
smensah,jokafor,email_cc,2026-03-27 10:30:00+00:00
smensah,yabdul,email_cc,2026-03-27 10:30:00+00:00
cnguyen,ktanaka,email,2026-03-27 10:45:00+00:00
cnguyen,ksingh,email,2026-03-27 10:45:00+00:00
cnguyen,hmatsuda,email_cc,2026-03-27 10:45:00+00:00
fdubois,akabir,email,2026-03-27 11:00:00+00:00
fdubois,lgomez,email,2026-03-27 11:00:00+00:00
fdubois,jokonkwo_4,email_cc,2026-03-27 11:00:00+00:00
lhaddad,smensah,email,2026-03-27 11:15:00+00:00
lhaddad,yabdul,email,2026-03-27 11:15:00+00:00
lhaddad,jokafor,email,2026-03-27 11:15:00+00:00
drossi,mgarcia,email,2026-03-27 11:30:00+00:00
drossi,ktanaka,email,2026-03-27 11:30:00+00:00
drossi,cnguyen,email_cc,2026-03-27 11:30:00+00:00
akabir,jokonkwo_4,email,2026-03-28 10:15:00+00:00
akabir,fdubois,email,2026-03-28 10:15:00+00:00
akabir,jokonkwo,email_cc,2026-03-28 10:15:00+00:00
akabir,mzhang,email_cc,2026-03-28 10:15:00+00:00
yabdul,smensah,email,2026-03-28 10:30:00+00:00
yabdul,jokafor,email,2026-03-28 10:30:00+00:00
yabdul,lhaddad,email_cc,2026-03-28 10:30:00+00:00
cnguyen,ktanaka,email,2026-03-28 11:00:00+00:00
cnguyen,ksingh,email,2026-03-28 11:00:00+00:00
cnguyen,hmatsuda,email_cc,2026-03-28 11:00:00+00:00
drossi,fdubois,email,2026-03-28 11:15:00+00:00
drossi,jokonkwo_4,email,2026-03-28 11:15:00+00:00
drossi,mzhang,email_cc,2026-03-28 11:15:00+00:00
smensah,yabdul,email,2026-03-28 11:30:00+00:00
smensah,jokafor,email,2026-03-28 11:30:00+00:00
smensah,lhaddad,email_cc,2026-03-28 11:30:00+00:00
cnguyen,ktanaka,email,2026-03-28 12:00:00+00:00
cnguyen,ksingh,email,2026-03-28 12:00:00+00:00
cnguyen,hmatsuda,email_cc,2026-03-28 12:00:00+00:00
ysilva,npande,email,2026-03-28 12:15:00+00:00
ysilva,aramirez,email,2026-03-28 12:15:00+00:00
ysilva,ksharma,email_cc,2026-03-28 12:15:00+00:00
lgomez,mgarcia,email,2026-03-28 12:30:00+00:00
lgomez,jokonkwo,email,2026-03-28 12:30:00+00:00
lgomez,lhaddad,email_cc,2026-03-28 12:30:00+00:00
lgomez,mzhang,email_cc,2026-03-28 12:30:00+00:00
lhaddad,smensah,email,2026-03-28 13:00:00+00:00
lhaddad,yabdul,email,2026-03-28 13:00:00+00:00
lhaddad,jokafor,email_cc,2026-03-28 13:00:00+00:00
ktanaka,cnguyen,email,2026-03-28 13:15:00+00:00
ktanaka,ksingh,email,2026-03-28 13:15:00+00:00
ktanaka,hmatsuda,email_cc,2026-03-28 13:15:00+00:00
jokafor,akabir,email,2026-03-29 09:00:00+00:00
jokafor,fdubois,email,2026-03-29 09:00:00+00:00
jokafor,jokonkwo_4,email_cc,2026-03-29 09:00:00+00:00
jokafor,lhaddad,email_cc,2026-03-29 09:00:00+00:00
ktanaka,ksingh,email,2026-03-29 09:15:00+00:00
ktanaka,cnguyen,email_cc,2026-03-29 09:15:00+00:00
jokonkwo,hmatsuda,email,2026-03-29 09:30:00+00:00
jokonkwo,lgomez,email,2026-03-29 09:30:00+00:00
jokonkwo,mzhang,email_cc,2026-03-29 09:30:00+00:00
jokonkwo,fdubois,email_cc,2026-03-29 09:30:00+00:00
drossi,mgarcia,email,2026-03-29 09:45:00+00:00
drossi,lhaddad,email,2026-03-29 09:45:00+00:00
drossi,smensah,email_cc,2026-03-29 09:45:00+00:00
drossi,yabdul,email_cc,2026-03-29 09:45:00+00:00
lgomez,hmatsuda,email,2026-03-29 10:00:00+00:00
lgomez,jokonkwo,email_cc,2026-03-29 10:00:00+00:00
lgomez,fdubois,email_cc,2026-03-29 10:00:00+00:00
akabir,mgarcia,email,2026-03-30 10:30:00+00:00
akabir,jokonkwo,email,2026-03-30 10:30:00+00:00
akabir,fdubois,email,2026-03-30 10:30:00+00:00
akabir,ysilva,email_cc,2026-03-30 10:30:00+00:00
ksingh,ktanaka,email,2026-03-30 11:00:00+00:00
ksingh,cnguyen,email,2026-03-30 11:00:00+00:00
drossi,jokonkwo,email,2026-03-30 11:15:00+00:00
drossi,fdubois,email,2026-03-30 11:15:00+00:00
drossi,akabir,email,2026-03-30 11:15:00+00:00
drossi,mgarcia,email_cc,2026-03-30 11:15:00+00:00
lhaddad,smensah,email,2026-03-30 11:45:00+00:00
lhaddad,jokafor,email,2026-03-30 11:45:00+00:00
lhaddad,yabdul,email,2026-03-30 11:45:00+00:00
cnguyen,ktanaka,email,2026-03-30 12:00:00+00:00
cnguyen,lgomez,email,2026-03-30 12:00:00+00:00
cnguyen,fdubois,email_cc,2026-03-30 12:00:00+00:00
cnguyen,akabir,email_cc,2026-03-30 12:00:00+00:00
ktanaka,cnguyen,email,2026-03-31 10:30:00+00:00
ktanaka,ksingh,email,2026-03-31 10:30:00+00:00
ktanaka,mgarcia,email_cc,2026-03-31 10:30:00+00:00
ktanaka,hmatsuda,email_cc,2026-03-31 10:30:00+00:00
fdubois,akabir,email,2026-03-31 11:00:00+00:00
fdubois,jokonkwo_4,email,2026-03-31 11:00:00+00:00
fdubois,jokonkwo,email_cc,2026-03-31 11:00:00+00:00
fdubois,mzhang,email_cc,2026-03-31 11:00:00+00:00
mzhang,hmatsuda,email,2026-03-31 11:30:00+00:00
mzhang,ktanaka,email,2026-03-31 11:30:00+00:00
mzhang,mgarcia,email_cc,2026-03-31 11:30:00+00:00
mzhang,jokonkwo,email_cc,2026-03-31 11:30:00+00:00
jokonkwo,akabir,email,2026-03-31 12:00:00+00:00
jokonkwo,fdubois,email,2026-03-31 12:00:00+00:00
jokonkwo,smensah,email_cc,2026-03-31 12:00:00+00:00
jokonkwo,lhaddad,email_cc,2026-03-31 12:00:00+00:00
cnguyen,ktanaka,email,2026-03-31 12:30:00+00:00
cnguyen,mzhang,email,2026-03-31 12:30:00+00:00
cnguyen,mgarcia,email_cc,2026-03-31 12:30:00+00:00
cnguyen,lgomez,email_cc,2026-03-31 12:30:00+00:00
ktanaka,cnguyen,email,2026-04-01 09:15:00+00:00
ktanaka,mgarcia,email_cc,2026-04-01 09:15:00+00:00
ktanaka,jokonkwo,email_cc,2026-04-01 09:15:00+00:00
fdubois,jokonkwo,email,2026-04-01 09:30:00+00:00
fdubois,lgomez,email,2026-04-01 09:30:00+00:00
fdubois,akabir,email_cc,2026-04-01 09:30:00+00:00
fdubois,jokonkwo_4,email_cc,2026-04-01 09:30:00+00:00
akabir,jokonkwo,email,2026-04-01 10:00:00+00:00
akabir,fdubois,email_cc,2026-04-01 10:00:00+00:00
akabir,lgomez,email_cc,2026-04-01 10:00:00+00:00
jokonkwo,drossi,email,2026-04-01 10:30:00+00:00
jokonkwo,akabir,email_cc,2026-04-01 10:30:00+00:00
jokonkwo,fdubois,email_cc,2026-04-01 10:30:00+00:00
lhaddad,ysilva,email,2026-04-01 11:00:00+00:00
lhaddad,aramirez,email,2026-04-01 11:00:00+00:00
lhaddad,smensah,email_cc,2026-04-01 11:00:00+00:00
lhaddad,yabdul,email_cc,2026-04-01 11:00:00+00:00
mzhang,hmatsuda,email,2026-04-01 11:30:00+00:00
mzhang,ktanaka,email_cc,2026-04-01 11:30:00+00:00
mzhang,cnguyen,email_cc,2026-04-01 11:30:00+00:00
ktanaka,ksingh,email,2026-04-01 12:00:00+00:00
ktanaka,cnguyen,email,2026-04-01 12:00:00+00:00
ktanaka,hmatsuda,email_cc,2026-04-01 12:00:00+00:00
lhaddad,jokafor,email,2026-04-01 12:30:00+00:00
lhaddad,smensah,email_cc,2026-04-01 12:30:00+00:00
lhaddad,yabdul,email_cc,2026-04-01 12:30:00+00:00
cnguyen,ktanaka,email,2026-04-01 13:00:00+00:00
cnguyen,mgarcia,email_cc,2026-04-01 13:00:00+00:00
cnguyen,jokonkwo,email_cc,2026-04-01 13:00:00+00:00
drossi,mgarcia,email,2026-04-01 15:00:00+00:00
drossi,jokonkwo,email,2026-04-01 15:00:00+00:00
drossi,lhaddad,email_cc,2026-04-01 15:00:00+00:00
drossi,mzhang,email_cc,2026-04-01 15:00:00+00:00
fdubois,jokonkwo,email,2026-04-02 09:15:00+00:00
fdubois,drossi,email,2026-04-02 09:15:00+00:00
fdubois,mgarcia,email_cc,2026-04-02 09:15:00+00:00
fdubois,lgomez,email_cc,2026-04-02 09:15:00+00:00
yabdul,smensah,email,2026-04-02 10:00:00+00:00
yabdul,lhaddad,email,2026-04-02 10:00:00+00:00
yabdul,jokafor,email_cc,2026-04-02 10:00:00+00:00
hmatsuda,ktanaka,email,2026-04-02 10:30:00+00:00
hmatsuda,cnguyen,email,2026-04-02 10:30:00+00:00
hmatsuda,lgomez,email_cc,2026-04-02 10:30:00+00:00
hmatsuda,mzhang,email_cc,2026-04-02 10:30:00+00:00
akabir,jokonkwo,email,2026-04-02 11:00:00+00:00
akabir,fdubois,email,2026-04-02 11:00:00+00:00
akabir,smensah,email_cc,2026-04-02 11:00:00+00:00
akabir,lhaddad,email_cc,2026-04-02 11:00:00+00:00
ksingh,ktanaka,email,2026-04-02 11:45:00+00:00
ksingh,cnguyen,email,2026-04-02 11:45:00+00:00
ksingh,fdubois,email_cc,2026-04-02 11:45:00+00:00
fdubois,mzhang,email,2026-04-03 09:15:00+00:00
fdubois,jokonkwo_4,email,2026-04-03 09:15:00+00:00
fdubois,akabir,email_cc,2026-04-03 09:15:00+00:00
ksingh,hmatsuda,email,2026-04-03 09:30:00+00:00
ksingh,cnguyen,email_cc,2026-04-03 09:30:00+00:00
mzhang,hmatsuda,email,2026-04-03 10:00:00+00:00
mzhang,cnguyen,email,2026-04-03 10:00:00+00:00
mzhang,ksingh,email_cc,2026-04-03 10:00:00+00:00
mzhang,hmatsuda,email,2026-04-03 10:15:00+00:00
mzhang,cnguyen,email,2026-04-03 10:15:00+00:00
mzhang,ksingh,email_cc,2026-04-03 10:15:00+00:00
fdubois,akabir,email,2026-04-03 10:20:00+00:00
fdubois,jokonkwo_4,email,2026-04-03 10:20:00+00:00
fdubois,mzhang,email_cc,2026-04-03 10:20:00+00:00
jokafor,smensah,email,2026-04-03 10:30:00+00:00
jokafor,lhaddad,email,2026-04-03 10:30:00+00:00
jokafor,yabdul,email_cc,2026-04-03 10:30:00+00:00
lhaddad,mzhang,email,2026-04-03 11:00:00+00:00
lhaddad,fdubois,email,2026-04-03 11:00:00+00:00
lhaddad,smensah,email_cc,2026-04-03 11:00:00+00:00
lhaddad,jokafor,email_cc,2026-04-03 11:00:00+00:00
cnguyen,hmatsuda,email,2026-04-03 11:15:00+00:00
cnguyen,ksingh,email,2026-04-03 11:15:00+00:00
jokonkwo_4,fdubois,email,2026-04-03 11:30:00+00:00
jokonkwo_4,mzhang,email,2026-04-03 11:30:00+00:00
jokonkwo_4,akabir,email_cc,2026-04-03 11:30:00+00:00
mzhang,hmatsuda,email,2026-04-03 11:45:00+00:00
mzhang,cnguyen,email,2026-04-03 11:45:00+00:00
mzhang,ksingh,email_cc,2026-04-03 11:45:00+00:00
akabir,fdubois,email,2026-04-04 08:30:00+00:00
akabir,jokonkwo_4,email,2026-04-04 08:30:00+00:00
akabir,mzhang,email_cc,2026-04-04 08:30:00+00:00
cnguyen,ktanaka,email,2026-04-04 09:00:00+00:00
cnguyen,ksingh,email,2026-04-04 09:00:00+00:00
cnguyen,hmatsuda,email_cc,2026-04-04 09:00:00+00:00
smensah,lhaddad,email,2026-04-04 09:15:00+00:00
smensah,jokafor,email,2026-04-04 09:15:00+00:00
smensah,yabdul,email_cc,2026-04-04 09:15:00+00:00
drossi,lgomez,email,2026-04-04 09:45:00+00:00
drossi,mgarcia,email,2026-04-04 09:45:00+00:00
drossi,jokonkwo,email_cc,2026-04-04 09:45:00+00:00
fdubois,akabir,email,2026-04-04 10:00:00+00:00
fdubois,jokonkwo_4,email_cc,2026-04-04 10:00:00+00:00
ktanaka,cnguyen,email,2026-04-04 10:30:00+00:00
ktanaka,ksingh,email,2026-04-04 10:30:00+00:00
ktanaka,hmatsuda,email_cc,2026-04-04 10:30:00+00:00
lhaddad,smensah,email,2026-04-04 11:00:00+00:00
lhaddad,yabdul,email,2026-04-04 11:00:00+00:00
lhaddad,jokafor,email_cc,2026-04-04 11:00:00+00:00
jokonkwo,drossi,email,2026-04-04 11:30:00+00:00
jokonkwo,lgomez,email,2026-04-04 11:30:00+00:00
jokonkwo,mgarcia,email_cc,2026-04-04 11:30:00+00:00
fdubois,akabir,email,2026-04-04 12:00:00+00:00
fdubois,jokonkwo_4,email,2026-04-04 12:00:00+00:00
fdubois,mzhang,email_cc,2026-04-04 12:00:00+00:00
cnguyen,ktanaka,email,2026-04-04 12:30:00+00:00
cnguyen,hmatsuda,email,2026-04-04 12:30:00+00:00
cnguyen,ksingh,email_cc,2026-04-04 12:30:00+00:00
mgarcia,ktanaka,email,2026-04-05 09:00:00+00:00
mgarcia,cnguyen,email,2026-04-05 09:00:00+00:00
mgarcia,jokonkwo,email_cc,2026-04-05 09:00:00+00:00
mgarcia,lgomez,email_cc,2026-04-05 09:00:00+00:00
lhaddad,smensah,email,2026-04-05 10:00:00+00:00
lhaddad,yabdul,email,2026-04-05 10:00:00+00:00
lhaddad,jokafor,email_cc,2026-04-05 10:00:00+00:00
jokonkwo,fdubois,email,2026-04-05 10:30:00+00:00
jokonkwo,akabir,email_cc,2026-04-05 10:30:00+00:00
drossi,mzhang,email,2026-04-05 11:00:00+00:00
drossi,fdubois,email,2026-04-05 11:00:00+00:00
drossi,lgomez,email_cc,2026-04-05 11:00:00+00:00
drossi,akabir,email_cc,2026-04-05 11:00:00+00:00
aramirez,npande,email,2026-04-05 11:30:00+00:00
aramirez,ysilva,email,2026-04-05 11:30:00+00:00
aramirez,ksharma,email_cc,2026-04-05 11:30:00+00:00
ktanaka,ksingh,email,2026-04-05 12:00:00+00:00
ktanaka,cnguyen,email,2026-04-05 12:00:00+00:00
ktanaka,hmatsuda,email_cc,2026-04-05 12:00:00+00:00
akabir,fdubois,email,2026-04-05 12:30:00+00:00
akabir,jokonkwo_4,email,2026-04-05 12:30:00+00:00
akabir,jokonkwo,email_cc,2026-04-05 12:30:00+00:00
lhaddad,smensah,email,2026-04-05 13:00:00+00:00
lhaddad,yabdul,email,2026-04-05 13:00:00+00:00
lhaddad,jokafor,email_cc,2026-04-05 13:00:00+00:00
mzhang,drossi,email,2026-04-05 13:30:00+00:00
mzhang,lgomez,email,2026-04-05 13:30:00+00:00
mzhang,fdubois,email_cc,2026-04-05 13:30:00+00:00
mzhang,akabir,email_cc,2026-04-05 13:30:00+00:00
aramirez,npande,email,2026-04-05 14:00:00+00:00
aramirez,ysilva,email,2026-04-05 14:00:00+00:00
aramirez,ksharma,email_cc,2026-04-05 14:00:00+00:00
cnguyen,ktanaka,email,2026-04-06 09:15:00+00:00
cnguyen,ksingh,email,2026-04-06 09:15:00+00:00
cnguyen,hmatsuda,email_cc,2026-04-06 09:15:00+00:00
akabir,fdubois,email,2026-04-06 09:30:00+00:00
akabir,jokonkwo_4,email,2026-04-06 09:30:00+00:00
smensah,lhaddad,email,2026-04-06 10:00:00+00:00
smensah,drossi,email,2026-04-06 10:00:00+00:00
smensah,jokafor,email_cc,2026-04-06 10:00:00+00:00
cnguyen,ktanaka,email,2026-04-06 10:15:00+00:00
cnguyen,ksingh,email,2026-04-06 10:15:00+00:00
cnguyen,hmatsuda,email_cc,2026-04-06 10:15:00+00:00
akabir,drossi,email,2026-04-06 10:30:00+00:00
akabir,fdubois,email,2026-04-06 10:30:00+00:00
lhaddad,drossi,email,2026-04-06 11:00:00+00:00
lhaddad,smensah,email,2026-04-06 11:00:00+00:00
lhaddad,jokafor,email_cc,2026-04-06 11:00:00+00:00
ktanaka,cnguyen,email,2026-04-06 11:15:00+00:00
ktanaka,ksingh,email,2026-04-06 11:15:00+00:00
ktanaka,hmatsuda,email_cc,2026-04-06 11:15:00+00:00
smensah,lhaddad,email,2026-04-06 11:30:00+00:00
smensah,jokafor,email,2026-04-06 11:30:00+00:00
smensah,drossi,email_cc,2026-04-06 11:30:00+00:00
fdubois,akabir,email,2026-04-06 12:00:00+00:00
fdubois,jokonkwo_4,email,2026-04-06 12:00:00+00:00
cnguyen,ktanaka,email,2026-04-06 12:15:00+00:00
cnguyen,ksingh,email,2026-04-06 12:15:00+00:00
cnguyen,hmatsuda,email_cc,2026-04-06 12:15:00+00:00
kenji_tanaka,ktanaka,chat,2026-03-24 14:32:00+00:00
chi_nguyen,ktanaka,chat,2026-03-24 14:33:12+00:00
kenji_tanaka,ktanaka,chat,2026-03-24 14:34:45+00:00
chi_nguyen,ktanaka,chat,2026-03-24 14:35:30+00:00
kenji_tanaka,ktanaka,chat,2026-03-24 14:36:10+00:00
chi_nguyen,ktanaka,chat,2026-03-24 14:37:18+00:00
kenji_tanaka,ktanaka,chat,2026-03-24 14:37:55+00:00
kenji_tanaka,ktanaka,chat,2026-03-24 14:42:07+00:00
chi_nguyen,ktanaka,chat,2026-03-24 14:42:55+00:00
chi_nguyen,ktanaka,chat,2026-03-24 14:45:21+00:00
kenji_tanaka,ktanaka,chat,2026-03-24 14:45:50+00:00
kenji_tanaka,ktanaka,chat,2026-03-24 14:47:03+00:00
chi_nguyen,ktanaka,chat,2026-03-24 14:47:28+00:00
kenji_tanaka,ktanaka,chat,2026-03-24 14:48:10+00:00
chi_nguyen,ktanaka,chat,2026-03-24 14:48:50+00:00
kenji_tanaka,ktanaka,chat,2026-03-24 14:49:15+00:00
chi_nguyen,ktanaka,chat,2026-03-24 14:49:40+00:00
kenji_tanaka,ktanaka,chat,2026-03-24 14:03:12+00:00
hiroshi_matsuda,ktanaka,chat,2026-03-24 14:03:35+00:00
kenji_tanaka,ktanaka,chat,2026-03-24 14:04:10+00:00
hiroshi_matsuda,ktanaka,chat,2026-03-24 14:04:28+00:00
kenji_tanaka,ktanaka,chat,2026-03-24 14:04:50+00:00
hiroshi_matsuda,ktanaka,chat,2026-03-24 14:05:22+00:00
kenji_tanaka,ktanaka,chat,2026-03-24 14:05:43+00:00
hiroshi_matsuda,ktanaka,chat,2026-03-24 14:06:02+00:00
hiroshi_matsuda,ktanaka,chat,2026-03-24 14:06:45+00:00
kenji_tanaka,ktanaka,chat,2026-03-24 14:07:10+00:00
kenji_tanaka,ktanaka,chat,2026-03-24 14:09:34+00:00
hiroshi_matsuda,ktanaka,chat,2026-03-24 14:09:58+00:00
kenji_tanaka,ktanaka,chat,2026-03-24 14:10:20+00:00
hiroshi_matsuda,ktanaka,chat,2026-03-24 14:10:45+00:00
kenji_tanaka,ktanaka,chat,2026-03-24 14:11:03+00:00
Maria Garcia,mgarcia,chat,2026-03-25 09:12:00+00:00
Chi Nguyen,mgarcia,chat,2026-03-25 09:13:35+00:00
Maria Garcia,mgarcia,chat,2026-03-25 09:14:10+00:00
Maria Garcia,mgarcia,chat,2026-03-25 09:15:02+00:00
Chi Nguyen,mgarcia,chat,2026-03-25 09:15:30+00:00
Chi Nguyen,mgarcia,chat,2026-03-25 09:17:05+00:00
Maria Garcia,mgarcia,chat,2026-03-25 09:18:32+00:00
Chi Nguyen,mgarcia,chat,2026-03-25 09:19:15+00:00
Maria Garcia,mgarcia,chat,2026-03-25 09:20:01+00:00
Chi Nguyen,mgarcia,chat,2026-03-25 09:20:45+00:00
Maria Garcia,mgarcia,chat,2026-03-25 09:21:20+00:00
Chi Nguyen,mgarcia,chat,2026-03-25 09:22:10+00:00
Maria Garcia,mgarcia,chat,2026-03-25 09:22:35+00:00
Chi Nguyen,mgarcia,chat,2026-03-25 09:23:15+00:00
Maria Garcia,mgarcia,chat,2026-03-25 09:24:00+00:00
Chi Nguyen,mgarcia,chat,2026-03-25 09:25:10+00:00
Maria Garcia,mgarcia,chat,2026-03-25 09:25:30+00:00
Maria Garcia,mgarcia,chat,2026-03-25 09:27:45+00:00
Chi Nguyen,mgarcia,chat,2026-03-25 09:28:15+00:00
Layla Haddad,lhaddad,chat,2026-03-26 14:12:03+00:00
Yasmin Abdul,lhaddad,chat,2026-03-26 14:12:35+00:00
Layla Haddad,lhaddad,chat,2026-03-26 14:13:02+00:00
Yasmin Abdul,lhaddad,chat,2026-03-26 14:13:25+00:00
Layla Haddad,lhaddad,chat,2026-03-26 14:13:48+00:00
Yasmin Abdul,lhaddad,chat,2026-03-26 14:14:21+00:00
Layla Haddad,lhaddad,chat,2026-03-26 14:14:40+00:00
Yasmin Abdul,lhaddad,chat,2026-03-26 14:15:08+00:00
Layla Haddad,lhaddad,chat,2026-03-26 14:15:33+00:00
Yasmin Abdul,lhaddad,chat,2026-03-26 14:16:02+00:00
Layla Haddad,lhaddad,chat,2026-03-26 14:16:25+00:00
Yasmin Abdul,lhaddad,chat,2026-03-26 14:17:12+00:00
Layla Haddad,lhaddad,chat,2026-03-26 14:17:39+00:00
Yasmin Abdul,lhaddad,chat,2026-03-26 14:18:00+00:00
Layla Haddad,lhaddad,chat,2026-03-26 14:18:27+00:00
Yasmin Abdul,lhaddad,chat,2026-03-26 14:19:05+00:00
Layla Haddad,lhaddad,chat,2026-03-26 14:19:30+00:00
Yasmin Abdul,lhaddad,chat,2026-03-26 14:19:57+00:00
Layla Haddad,lhaddad,chat,2026-03-26 14:20:15+00:00
Yasmin Abdul,lhaddad,chat,2026-03-26 14:20:36+00:00
Kenji Tanaka,ktanaka,chat,2026-03-26 09:15:00+00:00
Chi Nguyen,ktanaka,chat,2026-03-26 09:16:45+00:00
Kenji Tanaka,ktanaka,chat,2026-03-26 09:17:30+00:00
Chi Nguyen,ktanaka,chat,2026-03-26 09:18:10+00:00
Kenji Tanaka,ktanaka,chat,2026-03-26 09:19:00+00:00
Chi Nguyen,ktanaka,chat,2026-03-26 09:19:45+00:00
Kenji Tanaka,ktanaka,chat,2026-03-26 09:20:30+00:00
Chi Nguyen,ktanaka,chat,2026-03-26 09:21:10+00:00
Chi Nguyen,ktanaka,chat,2026-03-26 09:23:00+00:00
Kenji Tanaka,ktanaka,chat,2026-03-26 09:23:45+00:00
Chi Nguyen,ktanaka,chat,2026-03-26 09:24:15+00:00
Kenji Tanaka,ktanaka,chat,2026-03-26 09:25:00+00:00
Chi Nguyen,ktanaka,chat,2026-03-26 09:25:45+00:00
Kenji Tanaka,ktanaka,chat,2026-03-26 09:26:10+00:00
Chi Nguyen,ktanaka,chat,2026-03-26 09:26:35+00:00
aisha_kabir,fdubois,chat,2026-03-26 09:15:00+00:00
francois_dubois,fdubois,chat,2026-03-26 09:16:12+00:00
aisha_kabir,fdubois,chat,2026-03-26 09:17:03+00:00
francois_dubois,fdubois,chat,2026-03-26 09:18:22+00:00
aisha_kabir,fdubois,chat,2026-03-26 09:19:50+00:00
francois_dubois,fdubois,chat,2026-03-26 09:20:10+00:00
francois_dubois,fdubois,chat,2026-03-26 09:35:45+00:00
aisha_kabir,fdubois,chat,2026-03-26 09:36:30+00:00
francois_dubois,fdubois,chat,2026-03-26 09:37:02+00:00
aisha_kabir,fdubois,chat,2026-03-26 09:45:18+00:00
francois_dubois,fdubois,chat,2026-03-26 09:46:50+00:00
francois_dubois,fdubois,chat,2026-03-26 09:50:20+00:00
aisha_kabir,fdubois,chat,2026-03-26 09:51:05+00:00
francois_dubois,fdubois,chat,2026-03-26 09:52:30+00:00
aisha_kabir,fdubois,chat,2026-03-26 09:53:10+00:00
Hiroshi Matsuda,hmatsuda,chat,2026-03-26 14:02:34+00:00
François Dubois,hmatsuda,chat,2026-03-26 14:03:12+00:00
Hiroshi Matsuda,hmatsuda,chat,2026-03-26 14:04:01+00:00
François Dubois,hmatsuda,chat,2026-03-26 14:04:23+00:00
Hiroshi Matsuda,hmatsuda,chat,2026-03-26 14:05:10+00:00
François Dubois,hmatsuda,chat,2026-03-26 14:05:32+00:00
François Dubois,hmatsuda,chat,2026-03-26 14:07:01+00:00
Hiroshi Matsuda,hmatsuda,chat,2026-03-26 14:07:45+00:00
François Dubois,hmatsuda,chat,2026-03-26 14:08:30+00:00
Hiroshi Matsuda,hmatsuda,chat,2026-03-26 14:09:12+00:00
François Dubois,hmatsuda,chat,2026-03-26 14:09:57+00:00
Hiroshi Matsuda,hmatsuda,chat,2026-03-26 14:10:15+00:00
François Dubois,hmatsuda,chat,2026-03-26 14:11:02+00:00
Hiroshi Matsuda,hmatsuda,chat,2026-03-26 14:11:34+00:00
François Dubois,hmatsuda,chat,2026-03-26 14:12:12+00:00
Hiroshi Matsuda,hmatsuda,chat,2026-03-26 14:13:05+00:00
François Dubois,hmatsuda,chat,2026-03-26 14:13:45+00:00
Samuel Mensah,smensah,chat,2026-03-26 10:15:32+00:00
Joy Okafor,smensah,chat,2026-03-26 10:16:04+00:00
Samuel Mensah,smensah,chat,2026-03-26 10:16:27+00:00
Joy Okafor,smensah,chat,2026-03-26 10:16:45+00:00
Joy Okafor,smensah,chat,2026-03-26 10:17:12+00:00
Samuel Mensah,smensah,chat,2026-03-26 10:17:40+00:00
Joy Okafor,smensah,chat,2026-03-26 10:18:03+00:00
Samuel Mensah,smensah,chat,2026-03-26 10:18:48+00:00
Joy Okafor,smensah,chat,2026-03-26 10:19:15+00:00
Samuel Mensah,smensah,chat,2026-03-26 10:20:02+00:00
Joy Okafor,smensah,chat,2026-03-26 10:20:47+00:00
Samuel Mensah,smensah,chat,2026-03-26 10:21:10+00:00
Joy Okafor,smensah,chat,2026-03-26 10:22:34+00:00
Samuel Mensah,smensah,chat,2026-03-26 10:23:10+00:00
Joy Okafor,smensah,chat,2026-03-26 10:25:42+00:00
Samuel Mensah,smensah,chat,2026-03-26 10:26:30+00:00
Joy Okafor,smensah,chat,2026-03-26 10:27:05+00:00
Samuel Mensah,smensah,chat,2026-03-26 10:27:25+00:00
Daniela Rossi,drossi,chat,2026-03-27 09:15:00+00:00
Layla Haddad,drossi,chat,2026-03-27 09:16:45+00:00
Daniela Rossi,drossi,chat,2026-03-27 09:17:30+00:00
Layla Haddad,drossi,chat,2026-03-27 09:18:10+00:00
Daniela Rossi,drossi,chat,2026-03-27 09:18:25+00:00
Layla Haddad,drossi,chat,2026-03-27 09:25:00+00:00
Daniela Rossi,drossi,chat,2026-03-27 09:25:30+00:00
Daniela Rossi,drossi,chat,2026-03-27 09:28:50+00:00
Layla Haddad,drossi,chat,2026-03-27 09:30:10+00:00
Daniela Rossi,drossi,chat,2026-03-27 09:31:45+00:00
Layla Haddad,drossi,chat,2026-03-27 09:33:00+00:00
Daniela Rossi,drossi,chat,2026-03-27 09:33:45+00:00
Layla Haddad,drossi,chat,2026-03-27 09:34:30+00:00
Daniela Rossi,drossi,chat,2026-03-27 09:35:10+00:00
Layla Haddad,drossi,chat,2026-03-27 09:36:00+00:00
Daniela Rossi,drossi,chat,2026-03-27 09:36:30+00:00
Maria Garcia,mgarcia,chat,2026-03-27 14:02:00+00:00
Daniela Rossi,mgarcia,chat,2026-03-27 14:03:12+00:00
Maria Garcia,mgarcia,chat,2026-03-27 14:03:45+00:00
Daniela Rossi,mgarcia,chat,2026-03-27 14:04:10+00:00
Maria Garcia,mgarcia,chat,2026-03-27 14:04:35+00:00
Daniela Rossi,mgarcia,chat,2026-03-27 14:05:00+00:00
Daniela Rossi,mgarcia,chat,2026-03-27 14:06:15+00:00
Maria Garcia,mgarcia,chat,2026-03-27 14:07:00+00:00
Daniela Rossi,mgarcia,chat,2026-03-27 14:07:30+00:00
Maria Garcia,mgarcia,chat,2026-03-27 14:08:15+00:00
Daniela Rossi,mgarcia,chat,2026-03-27 14:09:00+00:00
Maria Garcia,mgarcia,chat,2026-03-27 14:09:30+00:00
Daniela Rossi,mgarcia,chat,2026-03-27 14:10:00+00:00
Maria Garcia,mgarcia,chat,2026-03-27 14:10:15+00:00
Joy Okafor,jokafor,chat,2026-03-28 09:03:12+00:00
Yolanda Silva,jokafor,chat,2026-03-28 09:04:25+00:00
Joy Okafor,jokafor,chat,2026-03-28 09:05:37+00:00
Yolanda Silva,jokafor,chat,2026-03-28 09:06:03+00:00
Yolanda Silva,jokafor,chat,2026-03-28 09:07:19+00:00
Joy Okafor,jokafor,chat,2026-03-28 09:08:02+00:00
Yolanda Silva,jokafor,chat,2026-03-28 09:08:45+00:00
Joy Okafor,jokafor,chat,2026-03-28 09:09:12+00:00
Yolanda Silva,jokafor,chat,2026-03-28 09:09:47+00:00
Joy Okafor,jokafor,chat,2026-03-28 09:10:28+00:00
Yolanda Silva,jokafor,chat,2026-03-28 09:11:05+00:00
Joy Okafor,jokafor,chat,2026-03-28 09:11:40+00:00
Joy Okafor,jokafor,chat,2026-03-28 09:13:02+00:00
Yolanda Silva,jokafor,chat,2026-03-28 09:13:35+00:00
Yolanda Silva,jokafor,chat,2026-03-28 09:14:15+00:00
Joy Okafor,jokafor,chat,2026-03-28 09:14:40+00:00
Yolanda Silva,jokafor,chat,2026-03-28 09:15:05+00:00
Joy Okonkwo,jokonkwo,chat,2026-03-28 09:15:23+00:00
Layla Haddad,jokonkwo,chat,2026-03-28 09:16:10+00:00
Joy Okonkwo,jokonkwo,chat,2026-03-28 09:16:45+00:00
Layla Haddad,jokonkwo,chat,2026-03-28 09:17:12+00:00
Joy Okonkwo,jokonkwo,chat,2026-03-28 09:17:48+00:00
Layla Haddad,jokonkwo,chat,2026-03-28 09:18:05+00:00
Joy Okonkwo,jokonkwo,chat,2026-03-28 09:18:30+00:00
Layla Haddad,jokonkwo,chat,2026-03-28 09:18:45+00:00
Layla Haddad,jokonkwo,chat,2026-03-28 09:20:10+00:00
Joy Okonkwo,jokonkwo,chat,2026-03-28 09:21:02+00:00
Layla Haddad,jokonkwo,chat,2026-03-28 09:21:30+00:00
Joy Okonkwo,jokonkwo,chat,2026-03-28 09:21:45+00:00
Layla Haddad,jokonkwo,chat,2026-03-28 09:22:00+00:00
Layla Haddad,jokonkwo,chat,2026-03-28 09:31:12+00:00
Joy Okonkwo,jokonkwo,chat,2026-03-28 09:32:00+00:00
Layla Haddad,jokonkwo,chat,2026-03-28 09:32:30+00:00
Joy Okonkwo,jokonkwo,chat,2026-03-28 09:33:12+00:00
Layla Haddad,jokonkwo,chat,2026-03-28 09:33:45+00:00
Joy Okonkwo,jokonkwo,chat,2026-03-28 09:34:10+00:00
Layla Haddad,jokonkwo,chat,2026-03-28 09:34:25+00:00
kenji_tanaka,ktanaka,chat,2026-03-29 09:15:00+00:00
karan_singh,ktanaka,chat,2026-03-29 09:15:35+00:00
kenji_tanaka,ktanaka,chat,2026-03-29 09:16:10+00:00
karan_singh,ktanaka,chat,2026-03-29 09:16:35+00:00
kenji_tanaka,ktanaka,chat,2026-03-29 09:17:00+00:00
kenji_tanaka,ktanaka,chat,2026-03-29 09:18:12+00:00
karan_singh,ktanaka,chat,2026-03-29 09:19:20+00:00
kenji_tanaka,ktanaka,chat,2026-03-29 09:20:05+00:00
karan_singh,ktanaka,chat,2026-03-29 09:20:48+00:00
kenji_tanaka,ktanaka,chat,2026-03-29 09:21:20+00:00
karan_singh,ktanaka,chat,2026-03-29 09:22:10+00:00
kenji_tanaka,ktanaka,chat,2026-03-29 09:22:30+00:00
karan_singh,ktanaka,chat,2026-03-29 09:23:05+00:00
kenji_tanaka,ktanaka,chat,2026-03-29 09:23:30+00:00
karan_singh,ktanaka,chat,2026-03-29 09:24:00+00:00
kenji_tanaka,ktanaka,chat,2026-03-29 09:24:35+00:00
karan_singh,ktanaka,chat,2026-03-29 09:25:00+00:00
kenji_tanaka,ktanaka,chat,2026-03-29 09:25:45+00:00
karan_singh,ktanaka,chat,2026-03-29 09:26:15+00:00
kenji_tanaka,ktanaka,chat,2026-03-29 09:26:50+00:00
karan_singh,ktanaka,chat,2026-03-29 09:27:20+00:00
kenji_tanaka,ktanaka,chat,2026-03-29 09:27:45+00:00
karan_singh,ktanaka,chat,2026-03-29 09:28:10+00:00
kenji_tanaka,ktanaka,chat,2026-03-29 09:28:30+00:00
karan_singh,ktanaka,chat,2026-03-29 09:29:00+00:00
Mei Zhang,mzhang,chat,2026-03-29 10:03:12+00:00
François Dubois,mzhang,chat,2026-03-29 10:04:25+00:00
Mei Zhang,mzhang,chat,2026-03-29 10:05:03+00:00
Mei Zhang,mzhang,chat,2026-03-29 10:07:48+00:00
François Dubois,mzhang,chat,2026-03-29 10:08:12+00:00
François Dubois,mzhang,chat,2026-03-29 10:08:45+00:00
Mei Zhang,mzhang,chat,2026-03-29 10:09:30+00:00
François Dubois,mzhang,chat,2026-03-29 10:12:09+00:00
Mei Zhang,mzhang,chat,2026-03-29 10:12:21+00:00
Mei Zhang,mzhang,chat,2026-03-29 10:15:07+00:00
François Dubois,mzhang,chat,2026-03-29 10:15:45+00:00
Mei Zhang,mzhang,chat,2026-03-29 10:17:03+00:00
François Dubois,mzhang,chat,2026-03-29 10:18:22+00:00
Mei Zhang,mzhang,chat,2026-03-29 10:18:50+00:00
François Dubois,mzhang,chat,2026-03-29 10:19:12+00:00
chi_nguyen,cnguyen,chat,2026-03-29 09:15:00+00:00
daniela_rossi,cnguyen,chat,2026-03-29 09:16:10+00:00
chi_nguyen,cnguyen,chat,2026-03-29 09:16:45+00:00
daniela_rossi,cnguyen,chat,2026-03-29 09:17:30+00:00
chi_nguyen,cnguyen,chat,2026-03-29 09:18:05+00:00
daniela_rossi,cnguyen,chat,2026-03-29 09:18:25+00:00
daniela_rossi,cnguyen,chat,2026-03-29 09:20:00+00:00
chi_nguyen,cnguyen,chat,2026-03-29 09:20:35+00:00
daniela_rossi,cnguyen,chat,2026-03-29 09:21:20+00:00
chi_nguyen,cnguyen,chat,2026-03-29 09:21:45+00:00
chi_nguyen,cnguyen,chat,2026-03-29 09:23:10+00:00
daniela_rossi,cnguyen,chat,2026-03-29 09:24:00+00:00
chi_nguyen,cnguyen,chat,2026-03-29 09:24:35+00:00
daniela_rossi,cnguyen,chat,2026-03-29 09:25:05+00:00
chi_nguyen,cnguyen,chat,2026-03-29 09:25:30+00:00
daniela_rossi,cnguyen,chat,2026-03-29 09:26:00+00:00
kenji_tanaka,ktanaka,chat,2026-03-30 09:12:00+00:00
karan_singh,ktanaka,chat,2026-03-30 09:13:45+00:00
kenji_tanaka,ktanaka,chat,2026-03-30 09:14:12+00:00
kenji_tanaka,ktanaka,chat,2026-03-30 09:15:03+00:00
karan_singh,ktanaka,chat,2026-03-30 09:15:45+00:00
kenji_tanaka,ktanaka,chat,2026-03-30 09:16:20+00:00
karan_singh,ktanaka,chat,2026-03-30 09:17:05+00:00
kenji_tanaka,ktanaka,chat,2026-03-30 09:17:40+00:00
karan_singh,ktanaka,chat,2026-03-30 09:18:20+00:00
kenji_tanaka,ktanaka,chat,2026-03-30 09:18:50+00:00
karan_singh,ktanaka,chat,2026-03-30 09:19:30+00:00
kenji_tanaka,ktanaka,chat,2026-03-30 09:20:10+00:00
karan_singh,ktanaka,chat,2026-03-30 09:20:40+00:00
kenji_tanaka,ktanaka,chat,2026-03-30 09:21:05+00:00
karan_singh,ktanaka,chat,2026-03-30 09:21:30+00:00
kenji_tanaka,ktanaka,chat,2026-03-30 09:22:00+00:00
Maria Garcia,mgarcia,chat,2026-03-30 14:05:12+00:00
Joy Okonkwo,mgarcia,chat,2026-03-30 14:06:08+00:00
Maria Garcia,mgarcia,chat,2026-03-30 14:07:19+00:00
Joy Okonkwo,mgarcia,chat,2026-03-30 14:07:52+00:00
Maria Garcia,mgarcia,chat,2026-03-30 14:08:34+00:00
Joy Okonkwo,mgarcia,chat,2026-03-30 14:09:12+00:00
Maria Garcia,mgarcia,chat,2026-03-30 14:09:58+00:00
Joy Okonkwo,mgarcia,chat,2026-03-30 14:10:47+00:00
Maria Garcia,mgarcia,chat,2026-03-30 14:11:23+00:00
Joy Okonkwo,mgarcia,chat,2026-03-30 14:11:45+00:00
Maria Garcia,mgarcia,chat,2026-03-30 14:13:02+00:00
Joy Okonkwo,mgarcia,chat,2026-03-30 14:13:45+00:00
Maria Garcia,mgarcia,chat,2026-03-30 14:14:22+00:00
Joy Okonkwo,mgarcia,chat,2026-03-30 14:15:01+00:00
Maria Garcia,mgarcia,chat,2026-03-30 14:15:25+00:00
Daniela Rossi,drossi,chat,2026-03-31 13:05:00+00:00
Kenji Tanaka,drossi,chat,2026-03-31 13:06:15+00:00
Daniela Rossi,drossi,chat,2026-03-31 13:07:42+00:00
Kenji Tanaka,drossi,chat,2026-03-31 13:08:30+00:00
Daniela Rossi,drossi,chat,2026-03-31 13:09:12+00:00
Kenji Tanaka,drossi,chat,2026-03-31 13:10:08+00:00
Daniela Rossi,drossi,chat,2026-03-31 13:11:02+00:00
Kenji Tanaka,drossi,chat,2026-03-31 13:12:25+00:00
Daniela Rossi,drossi,chat,2026-03-31 13:13:10+00:00
Kenji Tanaka,drossi,chat,2026-03-31 13:14:35+00:00
Daniela Rossi,drossi,chat,2026-03-31 13:15:20+00:00
Kenji Tanaka,drossi,chat,2026-03-31 13:16:05+00:00
Daniela Rossi,drossi,chat,2026-03-31 13:16:55+00:00
Kenji Tanaka,drossi,chat,2026-03-31 13:17:40+00:00
Daniela Rossi,drossi,chat,2026-03-31 13:18:20+00:00
Kenji Tanaka,drossi,chat,2026-03-31 13:19:05+00:00
Daniela Rossi,drossi,chat,2026-03-31 13:19:30+00:00
Layla Haddad,lhaddad,chat,2026-03-31 15:04:12+00:00
Samuel Mensah,lhaddad,chat,2026-03-31 15:05:09+00:00
Layla Haddad,lhaddad,chat,2026-03-31 15:06:34+00:00
Samuel Mensah,lhaddad,chat,2026-03-31 15:07:02+00:00
Layla Haddad,lhaddad,chat,2026-03-31 15:08:18+00:00
Samuel Mensah,lhaddad,chat,2026-03-31 15:08:43+00:00
Layla Haddad,lhaddad,chat,2026-03-31 15:09:01+00:00
Layla Haddad,lhaddad,chat,2026-03-31 15:10:22+00:00
Samuel Mensah,lhaddad,chat,2026-03-31 15:11:06+00:00
Layla Haddad,lhaddad,chat,2026-03-31 15:11:47+00:00
Layla Haddad,lhaddad,chat,2026-03-31 15:13:02+00:00
Samuel Mensah,lhaddad,chat,2026-03-31 15:13:33+00:00
Layla Haddad,lhaddad,chat,2026-03-31 15:14:02+00:00
Samuel Mensah,lhaddad,chat,2026-03-31 15:14:27+00:00
Layla Haddad,lhaddad,chat,2026-03-31 15:14:39+00:00
mei_zhang,mzhang,chat,2026-03-31 09:15:00+00:00
layla_haddad,mzhang,chat,2026-03-31 09:16:22+00:00
mei_zhang,mzhang,chat,2026-03-31 09:17:10+00:00
layla_haddad,mzhang,chat,2026-03-31 09:17:35+00:00
layla_haddad,mzhang,chat,2026-03-31 09:19:02+00:00
mei_zhang,mzhang,chat,2026-03-31 09:19:29+00:00
layla_haddad,mzhang,chat,2026-03-31 09:20:03+00:00
mei_zhang,mzhang,chat,2026-03-31 09:20:45+00:00
layla_haddad,mzhang,chat,2026-03-31 09:21:10+00:00
mei_zhang,mzhang,chat,2026-03-31 09:21:45+00:00
layla_haddad,mzhang,chat,2026-03-31 09:22:30+00:00
mei_zhang,mzhang,chat,2026-03-31 09:23:15+00:00
layla_haddad,mzhang,chat,2026-03-31 09:24:00+00:00
mei_zhang,mzhang,chat,2026-03-31 09:24:25+00:00
layla_haddad,mzhang,chat,2026-03-31 09:25:00+00:00
mei_zhang,mzhang,chat,2026-03-31 09:25:40+00:00
layla_haddad,mzhang,chat,2026-03-31 09:26:15+00:00
mei_zhang,mzhang,chat,2026-03-31 09:26:40+00:00
kenji_tanaka,ktanaka,chat,2026-03-31 10:02:15+00:00
karan_singh,ktanaka,chat,2026-03-31 10:03:02+00:00
kenji_tanaka,ktanaka,chat,2026-03-31 10:03:35+00:00
karan_singh,ktanaka,chat,2026-03-31 10:04:10+00:00
kenji_tanaka,ktanaka,chat,2026-03-31 10:04:45+00:00
karan_singh,ktanaka,chat,2026-03-31 10:05:12+00:00
kenji_tanaka,ktanaka,chat,2026-03-31 10:05:50+00:00
karan_singh,ktanaka,chat,2026-03-31 10:06:20+00:00
kenji_tanaka,ktanaka,chat,2026-03-31 10:06:45+00:00
karan_singh,ktanaka,chat,2026-03-31 10:07:12+00:00
kenji_tanaka,ktanaka,chat,2026-03-31 10:08:01+00:00
karan_singh,ktanaka,chat,2026-03-31 10:08:43+00:00
kenji_tanaka,ktanaka,chat,2026-03-31 10:09:25+00:00
karan_singh,ktanaka,chat,2026-03-31 10:09:55+00:00
kenji_tanaka,ktanaka,chat,2026-03-31 10:10:30+00:00
karan_singh,ktanaka,chat,2026-03-31 10:11:15+00:00
kenji_tanaka,ktanaka,chat,2026-03-31 10:11:42+00:00
karan_singh,ktanaka,chat,2026-03-31 10:12:05+00:00
kenji_tanaka,ktanaka,chat,2026-03-31 10:12:30+00:00
karan_singh,ktanaka,chat,2026-03-31 10:12:45+00:00
Maria Garcia,mgarcia,chat,2026-03-31 09:00:00+00:00
Daniela Rossi,mgarcia,chat,2026-03-31 09:01:15+00:00
Maria Garcia,mgarcia,chat,2026-03-31 09:02:30+00:00
Daniela Rossi,mgarcia,chat,2026-03-31 09:03:45+00:00
Maria Garcia,mgarcia,chat,2026-03-31 09:05:00+00:00
Daniela Rossi,mgarcia,chat,2026-03-31 09:05:45+00:00
Maria Garcia,mgarcia,chat,2026-03-31 09:06:30+00:00
Daniela Rossi,mgarcia,chat,2026-03-31 09:07:10+00:00
Maria Garcia,mgarcia,chat,2026-03-31 09:08:00+00:00
Daniela Rossi,mgarcia,chat,2026-03-31 09:08:45+00:00
Daniela Rossi,mgarcia,chat,2026-03-31 09:09:10+00:00
Maria Garcia,mgarcia,chat,2026-03-31 09:10:00+00:00
Daniela Rossi,mgarcia,chat,2026-03-31 09:11:15+00:00
Maria Garcia,mgarcia,chat,2026-03-31 09:12:00+00:00
Daniela Rossi,mgarcia,chat,2026-03-31 09:13:20+00:00
Maria Garcia,mgarcia,chat,2026-03-31 09:14:05+00:00
Daniela Rossi,mgarcia,chat,2026-03-31 09:14:45+00:00
Maria Garcia,mgarcia,chat,2026-03-31 09:15:30+00:00
Daniela Rossi,mgarcia,chat,2026-03-31 09:16:00+00:00
kenji_tanaka,ktanaka,chat,2026-04-01 10:23:00+00:00
chi_nguyen,ktanaka,chat,2026-04-01 10:23:45+00:00
kenji_tanaka,ktanaka,chat,2026-04-01 10:24:10+00:00
chi_nguyen,ktanaka,chat,2026-04-01 10:24:45+00:00
kenji_tanaka,ktanaka,chat,2026-04-01 10:25:15+00:00
chi_nguyen,ktanaka,chat,2026-04-01 10:25:30+00:00
chi_nguyen,ktanaka,chat,2026-04-01 10:28:00+00:00
kenji_tanaka,ktanaka,chat,2026-04-01 10:28:30+00:00
chi_nguyen,ktanaka,chat,2026-04-01 10:29:10+00:00
kenji_tanaka,ktanaka,chat,2026-04-01 10:29:45+00:00
chi_nguyen,ktanaka,chat,2026-04-01 10:30:15+00:00
kenji_tanaka,ktanaka,chat,2026-04-01 10:30:30+00:00
kenji_tanaka,ktanaka,chat,2026-04-01 10:32:00+00:00
chi_nguyen,ktanaka,chat,2026-04-01 10:32:30+00:00
kenji_tanaka,ktanaka,chat,2026-04-01 10:33:00+00:00
kenji_tanaka,ktanaka,chat,2026-04-01 10:35:00+00:00
chi_nguyen,ktanaka,chat,2026-04-01 10:35:30+00:00
kenji_tanaka,ktanaka,chat,2026-04-01 10:36:00+00:00
chi_nguyen,ktanaka,chat,2026-04-01 10:36:30+00:00
Mei Zhang,mzhang,chat,2026-04-01 14:02:00+00:00
François Dubois,mzhang,chat,2026-04-01 14:03:15+00:00
Mei Zhang,mzhang,chat,2026-04-01 14:03:45+00:00
François Dubois,mzhang,chat,2026-04-01 14:04:10+00:00
Mei Zhang,mzhang,chat,2026-04-01 14:04:35+00:00
François Dubois,mzhang,chat,2026-04-01 14:05:00+00:00
Mei Zhang,mzhang,chat,2026-04-01 14:05:15+00:00
François Dubois,mzhang,chat,2026-04-01 14:08:30+00:00
Mei Zhang,mzhang,chat,2026-04-01 14:09:10+00:00
François Dubois,mzhang,chat,2026-04-01 14:09:35+00:00
Mei Zhang,mzhang,chat,2026-04-01 14:10:00+00:00
François Dubois,mzhang,chat,2026-04-01 14:10:25+00:00
Mei Zhang,mzhang,chat,2026-04-01 14:11:00+00:00
François Dubois,mzhang,chat,2026-04-01 14:11:45+00:00
Mei Zhang,mzhang,chat,2026-04-01 14:12:10+00:00
François Dubois,mzhang,chat,2026-04-01 14:12:30+00:00
Mei Zhang,mzhang,chat,2026-04-01 09:15:00+00:00
Hiroshi Matsuda,mzhang,chat,2026-04-01 09:16:35+00:00
Mei Zhang,mzhang,chat,2026-04-01 09:17:10+00:00
Hiroshi Matsuda,mzhang,chat,2026-04-01 09:17:45+00:00
Mei Zhang,mzhang,chat,2026-04-01 09:18:20+00:00
Hiroshi Matsuda,mzhang,chat,2026-04-01 09:19:05+00:00
Mei Zhang,mzhang,chat,2026-04-01 09:19:40+00:00
Hiroshi Matsuda,mzhang,chat,2026-04-01 09:25:15+00:00
Mei Zhang,mzhang,chat,2026-04-01 09:26:30+00:00
Hiroshi Matsuda,mzhang,chat,2026-04-01 09:27:15+00:00
Mei Zhang,mzhang,chat,2026-04-01 09:27:50+00:00
Mei Zhang,mzhang,chat,2026-04-01 09:29:10+00:00
Hiroshi Matsuda,mzhang,chat,2026-04-01 09:30:45+00:00
Mei Zhang,mzhang,chat,2026-04-01 09:31:20+00:00
Mei Zhang,mzhang,chat,2026-04-01 09:35:10+00:00
Hiroshi Matsuda,mzhang,chat,2026-04-01 09:36:05+00:00
Mei Zhang,mzhang,chat,2026-04-01 09:36:40+00:00
Hiroshi Matsuda,mzhang,chat,2026-04-01 09:55:30+00:00
Mei Zhang,mzhang,chat,2026-04-01 09:56:10+00:00
Mei Zhang,mzhang,chat,2026-04-01 10:05:00+00:00
Hiroshi Matsuda,mzhang,chat,2026-04-01 10:05:40+00:00
layla_haddad,lhaddad,chat,2026-04-02 10:15:23+00:00
joy_okafor,lhaddad,chat,2026-04-02 10:16:01+00:00
layla_haddad,lhaddad,chat,2026-04-02 10:16:23+00:00
joy_okafor,lhaddad,chat,2026-04-02 10:16:40+00:00
layla_haddad,lhaddad,chat,2026-04-02 10:17:10+00:00
joy_okafor,lhaddad,chat,2026-04-02 10:17:35+00:00
layla_haddad,lhaddad,chat,2026-04-02 10:17:50+00:00
joy_okafor,lhaddad,chat,2026-04-02 10:18:12+00:00
layla_haddad,lhaddad,chat,2026-04-02 10:18:40+00:00
joy_okafor,lhaddad,chat,2026-04-02 10:19:05+00:00
layla_haddad,lhaddad,chat,2026-04-02 10:19:20+00:00
joy_okafor,lhaddad,chat,2026-04-02 10:19:30+00:00
layla_haddad,lhaddad,chat,2026-04-02 10:25:02+00:00
joy_okafor,lhaddad,chat,2026-04-02 10:25:15+00:00
joy_okafor,lhaddad,chat,2026-04-02 10:27:00+00:00
layla_haddad,lhaddad,chat,2026-04-02 10:27:30+00:00
joy_okafor,lhaddad,chat,2026-04-02 10:27:45+00:00
layla_haddad,lhaddad,chat,2026-04-02 10:28:10+00:00
joy_okafor,lhaddad,chat,2026-04-02 10:28:30+00:00
layla_haddad,lhaddad,chat,2026-04-02 10:28:45+00:00
Hiroshi Matsuda,hmatsuda,chat,2026-04-02 09:03:12+00:00
Karan Singh,hmatsuda,chat,2026-04-02 09:04:45+00:00
Hiroshi Matsuda,hmatsuda,chat,2026-04-02 09:05:13+00:00
Hiroshi Matsuda,hmatsuda,chat,2026-04-02 09:06:10+00:00
Karan Singh,hmatsuda,chat,2026-04-02 09:06:45+00:00
Hiroshi Matsuda,hmatsuda,chat,2026-04-02 09:07:12+00:00
Karan Singh,hmatsuda,chat,2026-04-02 09:15:03+00:00
Hiroshi Matsuda,hmatsuda,chat,2026-04-02 09:15:50+00:00
Karan Singh,hmatsuda,chat,2026-04-02 09:17:22+00:00
Hiroshi Matsuda,hmatsuda,chat,2026-04-02 09:18:05+00:00
Karan Singh,hmatsuda,chat,2026-04-02 09:18:47+00:00
Hiroshi Matsuda,hmatsuda,chat,2026-04-02 09:20:11+00:00
Karan Singh,hmatsuda,chat,2026-04-02 09:21:33+00:00
Hiroshi Matsuda,hmatsuda,chat,2026-04-02 09:22:05+00:00
Karan Singh,hmatsuda,chat,2026-04-02 09:22:40+00:00
Hiroshi Matsuda,hmatsuda,chat,2026-04-02 09:24:12+00:00
Karan Singh,hmatsuda,chat,2026-04-02 09:25:03+00:00
Hiroshi Matsuda,hmatsuda,chat,2026-04-02 09:25:37+00:00
Karan Singh,hmatsuda,chat,2026-04-02 09:26:45+00:00
Hiroshi Matsuda,hmatsuda,chat,2026-04-02 09:27:12+00:00
Karan Singh,hmatsuda,chat,2026-04-02 09:28:03+00:00
Hiroshi Matsuda,hmatsuda,chat,2026-04-02 09:28:45+00:00
Karan Singh,hmatsuda,chat,2026-04-02 09:30:12+00:00
Hiroshi Matsuda,hmatsuda,chat,2026-04-02 09:31:03+00:00
Karan Singh,hmatsuda,chat,2026-04-02 09:31:45+00:00
Chi Nguyen,cnguyen,chat,2026-04-02 09:15:00+00:00
Karan Singh,cnguyen,chat,2026-04-02 09:16:45+00:00
Chi Nguyen,cnguyen,chat,2026-04-02 09:17:30+00:00
Karan Singh,cnguyen,chat,2026-04-02 09:18:10+00:00
Chi Nguyen,cnguyen,chat,2026-04-02 09:18:45+00:00
Karan Singh,cnguyen,chat,2026-04-02 09:20:30+00:00
Chi Nguyen,cnguyen,chat,2026-04-02 09:21:10+00:00
Karan Singh,cnguyen,chat,2026-04-02 09:22:00+00:00
Chi Nguyen,cnguyen,chat,2026-04-02 09:22:45+00:00
Karan Singh,cnguyen,chat,2026-04-02 09:23:20+00:00
Chi Nguyen,cnguyen,chat,2026-04-02 09:24:05+00:00
Chi Nguyen,cnguyen,chat,2026-04-02 09:26:30+00:00
Karan Singh,cnguyen,chat,2026-04-02 09:27:15+00:00
Chi Nguyen,cnguyen,chat,2026-04-02 09:28:00+00:00
Karan Singh,cnguyen,chat,2026-04-02 09:28:45+00:00
kenji_tanaka,ktanaka,chat,2026-04-03 09:15:00+00:00
karan_singh,ktanaka,chat,2026-04-03 09:16:12+00:00
kenji_tanaka,ktanaka,chat,2026-04-03 09:17:30+00:00
karan_singh,ktanaka,chat,2026-04-03 09:18:05+00:00
karan_singh,ktanaka,chat,2026-04-03 09:19:20+00:00
kenji_tanaka,ktanaka,chat,2026-04-03 09:20:10+00:00
karan_singh,ktanaka,chat,2026-04-03 09:20:45+00:00
karan_singh,ktanaka,chat,2026-04-03 09:23:10+00:00
kenji_tanaka,ktanaka,chat,2026-04-03 09:24:00+00:00
karan_singh,ktanaka,chat,2026-04-03 09:25:15+00:00
kenji_tanaka,ktanaka,chat,2026-04-03 09:26:00+00:00
karan_singh,ktanaka,chat,2026-04-03 09:26:45+00:00
kenji_tanaka,ktanaka,chat,2026-04-03 09:27:10+00:00
karan_singh,ktanaka,chat,2026-04-03 09:35:00+00:00
kenji_tanaka,ktanaka,chat,2026-04-03 09:36:20+00:00
karan_singh,ktanaka,chat,2026-04-03 09:37:15+00:00
kenji_tanaka,ktanaka,chat,2026-04-03 09:38:00+00:00
karan_singh,ktanaka,chat,2026-04-03 10:10:45+00:00
kenji_tanaka,ktanaka,chat,2026-04-03 10:11:30+00:00
hiroshi_matsuda,hmatsuda,chat,2026-04-03 10:12:45+00:00
mei_zhang,hmatsuda,chat,2026-04-03 10:13:22+00:00
hiroshi_matsuda,hmatsuda,chat,2026-04-03 10:13:48+00:00
mei_zhang,hmatsuda,chat,2026-04-03 10:14:10+00:00
hiroshi_matsuda,hmatsuda,chat,2026-04-03 10:15:02+00:00
mei_zhang,hmatsuda,chat,2026-04-03 10:15:35+00:00
hiroshi_matsuda,hmatsuda,chat,2026-04-03 10:15:50+00:00
hiroshi_matsuda,hmatsuda,chat,2026-04-03 10:16:23+00:00
mei_zhang,hmatsuda,chat,2026-04-03 10:17:05+00:00
hiroshi_matsuda,hmatsuda,chat,2026-04-03 10:17:23+00:00
mei_zhang,hmatsuda,chat,2026-04-03 10:18:10+00:00
hiroshi_matsuda,hmatsuda,chat,2026-04-03 10:18:32+00:00
hiroshi_matsuda,hmatsuda,chat,2026-04-03 10:20:05+00:00
mei_zhang,hmatsuda,chat,2026-04-03 10:20:35+00:00
hiroshi_matsuda,hmatsuda,chat,2026-04-03 10:21:10+00:00
mei_zhang,hmatsuda,chat,2026-04-03 10:22:45+00:00
hiroshi_matsuda,hmatsuda,chat,2026-04-03 10:23:02+00:00
mei_zhang,hmatsuda,chat,2026-04-03 10:23:38+00:00
hiroshi_matsuda,hmatsuda,chat,2026-04-03 10:24:15+00:00
mei_zhang,hmatsuda,chat,2026-04-03 10:24:35+00:00
hiroshi_matsuda,hmatsuda,chat,2026-04-03 10:24:55+00:00
mei_zhang,hmatsuda,chat,2026-04-03 10:25:12+00:00
Samuel Mensah,smensah,chat,2026-04-03 09:15:00+00:00
Yasmin Abdul,smensah,chat,2026-04-03 09:16:10+00:00
Samuel Mensah,smensah,chat,2026-04-03 09:16:30+00:00
Samuel Mensah,smensah,chat,2026-04-03 09:17:05+00:00
Yasmin Abdul,smensah,chat,2026-04-03 09:17:45+00:00
Samuel Mensah,smensah,chat,2026-04-03 09:18:15+00:00
Yasmin Abdul,smensah,chat,2026-04-03 09:18:50+00:00
Samuel Mensah,smensah,chat,2026-04-03 09:19:10+00:00
Yasmin Abdul,smensah,chat,2026-04-03 09:20:00+00:00
Samuel Mensah,smensah,chat,2026-04-03 09:20:35+00:00
Yasmin Abdul,smensah,chat,2026-04-03 09:21:05+00:00
Samuel Mensah,smensah,chat,2026-04-03 09:21:35+00:00
Yasmin Abdul,smensah,chat,2026-04-03 09:22:10+00:00
Samuel Mensah,smensah,chat,2026-04-03 09:22:40+00:00
Yasmin Abdul,smensah,chat,2026-04-03 09:23:00+00:00
layla_haddad,lhaddad,chat,2026-04-03 09:15:00+00:00
samuel_mensah,lhaddad,chat,2026-04-03 09:16:30+00:00
layla_haddad,lhaddad,chat,2026-04-03 09:17:45+00:00
samuel_mensah,lhaddad,chat,2026-04-03 09:18:10+00:00
samuel_mensah,lhaddad,chat,2026-04-03 09:22:00+00:00
layla_haddad,lhaddad,chat,2026-04-03 09:23:15+00:00
layla_haddad,lhaddad,chat,2026-04-03 09:27:30+00:00
samuel_mensah,lhaddad,chat,2026-04-03 09:28:15+00:00
layla_haddad,lhaddad,chat,2026-04-03 09:29:00+00:00
samuel_mensah,lhaddad,chat,2026-04-03 09:31:20+00:00
layla_haddad,lhaddad,chat,2026-04-03 09:33:45+00:00
samuel_mensah,lhaddad,chat,2026-04-03 09:35:10+00:00
layla_haddad,lhaddad,chat,2026-04-03 09:36:50+00:00
samuel_mensah,lhaddad,chat,2026-04-03 09:37:25+00:00
layla_haddad,lhaddad,chat,2026-04-03 09:38:40+00:00
samuel_mensah,lhaddad,chat,2026-04-03 09:40:00+00:00
layla_haddad,lhaddad,chat,2026-04-03 09:41:15+00:00
Maria Garcia,mgarcia,chat,2026-04-04 08:15:00+00:00
Kenji Tanaka,mgarcia,chat,2026-04-04 08:16:12+00:00
Maria Garcia,mgarcia,chat,2026-04-04 08:17:34+00:00
Kenji Tanaka,mgarcia,chat,2026-04-04 08:18:02+00:00
Kenji Tanaka,mgarcia,chat,2026-04-04 08:22:47+00:00
Maria Garcia,mgarcia,chat,2026-04-04 08:23:50+00:00
Kenji Tanaka,mgarcia,chat,2026-04-04 08:24:55+00:00
Maria Garcia,mgarcia,chat,2026-04-04 08:26:12+00:00
Kenji Tanaka,mgarcia,chat,2026-04-04 08:27:30+00:00
Maria Garcia,mgarcia,chat,2026-04-04 08:29:00+00:00
Kenji Tanaka,mgarcia,chat,2026-04-04 08:30:20+00:00
Maria Garcia,mgarcia,chat,2026-04-04 08:31:10+00:00
Kenji Tanaka,mgarcia,chat,2026-04-04 08:31:45+00:00
Maria Garcia,mgarcia,chat,2026-04-04 08:32:20+00:00
Kenji Tanaka,mgarcia,chat,2026-04-04 08:33:02+00:00
Maria Garcia,mgarcia,chat,2026-04-04 08:34:10+00:00
Kenji Tanaka,mgarcia,chat,2026-04-04 08:34:40+00:00
joy_okonkwo,jokonkwo,chat,2026-04-04 09:15:00+00:00
layla_haddad,jokonkwo,chat,2026-04-04 09:16:12+00:00
joy_okonkwo,jokonkwo,chat,2026-04-04 09:17:45+00:00
layla_haddad,jokonkwo,chat,2026-04-04 09:18:10+00:00
layla_haddad,jokonkwo,chat,2026-04-04 09:20:02+00:00
joy_okonkwo,jokonkwo,chat,2026-04-04 09:21:30+00:00
layla_haddad,jokonkwo,chat,2026-04-04 09:22:40+00:00
joy_okonkwo,jokonkwo,chat,2026-04-04 09:23:05+00:00
layla_haddad,jokonkwo,chat,2026-04-04 09:23:53+00:00
joy_okonkwo,jokonkwo,chat,2026-04-04 09:25:10+00:00
layla_haddad,jokonkwo,chat,2026-04-04 09:26:20+00:00
joy_okonkwo,jokonkwo,chat,2026-04-04 09:27:30+00:00
layla_haddad,jokonkwo,chat,2026-04-04 09:28:50+00:00
joy_okonkwo,jokonkwo,chat,2026-04-04 09:29:40+00:00
layla_haddad,jokonkwo,chat,2026-04-04 09:30:15+00:00
joy_okonkwo,jokonkwo,chat,2026-04-04 09:31:00+00:00
francois_dubois,fdubois,chat,2026-04-04 10:15:00+00:00
aisha_kabir,fdubois,chat,2026-04-04 10:15:45+00:00
francois_dubois,fdubois,chat,2026-04-04 10:16:20+00:00
aisha_kabir,fdubois,chat,2026-04-04 10:17:05+00:00
francois_dubois,fdubois,chat,2026-04-04 10:17:50+00:00
aisha_kabir,fdubois,chat,2026-04-04 10:18:10+00:00
francois_dubois,fdubois,chat,2026-04-04 10:18:45+00:00
aisha_kabir,fdubois,chat,2026-04-04 10:25:30+00:00
francois_dubois,fdubois,chat,2026-04-04 10:26:10+00:00
aisha_kabir,fdubois,chat,2026-04-04 10:26:50+00:00
francois_dubois,fdubois,chat,2026-04-04 10:27:15+00:00
aisha_kabir,fdubois,chat,2026-04-04 10:27:40+00:00
francois_dubois,fdubois,chat,2026-04-04 10:28:05+00:00
aisha_kabir,fdubois,chat,2026-04-04 10:28:40+00:00
francois_dubois,fdubois,chat,2026-04-04 10:29:00+00:00
aisha_kabir,fdubois,chat,2026-04-04 10:29:15+00:00
layla_haddad,lhaddad,chat,2026-04-04 10:15:00+00:00
daniela_rossi,lhaddad,chat,2026-04-04 10:16:30+00:00
layla_haddad,lhaddad,chat,2026-04-04 10:17:15+00:00
daniela_rossi,lhaddad,chat,2026-04-04 10:18:00+00:00
layla_haddad,lhaddad,chat,2026-04-04 10:18:45+00:00
daniela_rossi,lhaddad,chat,2026-04-04 10:19:30+00:00
layla_haddad,lhaddad,chat,2026-04-04 10:20:15+00:00
daniela_rossi,lhaddad,chat,2026-04-04 10:21:00+00:00
layla_haddad,lhaddad,chat,2026-04-04 10:21:30+00:00
daniela_rossi,lhaddad,chat,2026-04-04 10:22:00+00:00
layla_haddad,lhaddad,chat,2026-04-04 10:23:00+00:00
daniela_rossi,lhaddad,chat,2026-04-04 10:23:20+00:00
daniela_rossi,lhaddad,chat,2026-04-04 10:24:00+00:00
layla_haddad,lhaddad,chat,2026-04-04 10:24:45+00:00
daniela_rossi,lhaddad,chat,2026-04-04 10:25:30+00:00
layla_haddad,lhaddad,chat,2026-04-04 10:26:00+00:00
daniela_rossi,lhaddad,chat,2026-04-04 10:26:30+00:00
layla_haddad,lhaddad,chat,2026-04-04 10:27:00+00:00
daniela_rossi,lhaddad,chat,2026-04-04 10:27:45+00:00
layla_haddad,lhaddad,chat,2026-04-04 10:28:15+00:00
karan_sharma,ksharma,chat,2026-04-04 10:02:13+00:00
kenji_tanaka,ksharma,chat,2026-04-04 10:03:45+00:00
karan_sharma,ksharma,chat,2026-04-04 10:05:09+00:00
kenji_tanaka,ksharma,chat,2026-04-04 10:06:22+00:00
karan_sharma,ksharma,chat,2026-04-04 10:07:10+00:00
kenji_tanaka,ksharma,chat,2026-04-04 10:08:33+00:00
karan_sharma,ksharma,chat,2026-04-04 10:09:45+00:00
kenji_tanaka,ksharma,chat,2026-04-04 10:10:51+00:00
karan_sharma,ksharma,chat,2026-04-04 10:12:03+00:00
kenji_tanaka,ksharma,chat,2026-04-04 10:13:15+00:00
karan_sharma,ksharma,chat,2026-04-04 10:14:28+00:00
kenji_tanaka,ksharma,chat,2026-04-04 10:15:40+00:00
karan_sharma,ksharma,chat,2026-04-04 10:16:52+00:00
kenji_tanaka,ksharma,chat,2026-04-04 10:17:30+00:00
Kenji Tanaka,ktanaka,chat,2026-04-05 09:15:00+00:00
Karan Singh,ktanaka,chat,2026-04-05 09:16:12+00:00
Kenji Tanaka,ktanaka,chat,2026-04-05 09:17:03+00:00
Karan Singh,ktanaka,chat,2026-04-05 09:18:25+00:00
Kenji Tanaka,ktanaka,chat,2026-04-05 09:19:40+00:00
Karan Singh,ktanaka,chat,2026-04-05 09:22:10+00:00
Kenji Tanaka,ktanaka,chat,2026-04-05 09:23:45+00:00
Karan Singh,ktanaka,chat,2026-04-05 09:24:52+00:00
Kenji Tanaka,ktanaka,chat,2026-04-05 09:26:18+00:00
Karan Singh,ktanaka,chat,2026-04-05 09:27:40+00:00
Kenji Tanaka,ktanaka,chat,2026-04-05 09:29:10+00:00
Karan Singh,ktanaka,chat,2026-04-05 09:31:20+00:00
Kenji Tanaka,ktanaka,chat,2026-04-05 09:33:05+00:00
Karan Singh,ktanaka,chat,2026-04-05 09:34:18+00:00
Karan Singh,ktanaka,chat,2026-04-05 09:36:00+00:00
Kenji Tanaka,ktanaka,chat,2026-04-05 09:37:45+00:00
Karan Singh,ktanaka,chat,2026-04-05 09:39:15+00:00
Kenji Tanaka,ktanaka,chat,2026-04-05 09:40:52+00:00
Karan Singh,ktanaka,chat,2026-04-05 09:42:30+00:00
Kenji Tanaka,ktanaka,chat,2026-04-05 09:44:05+00:00
Karan Singh,ktanaka,chat,2026-04-05 09:45:40+00:00
Kenji Tanaka,ktanaka,chat,2026-04-05 09:46:55+00:00
Kenji Tanaka,ktanaka,chat,2026-04-06 09:03:00+00:00
Chi Nguyen,ktanaka,chat,2026-04-06 09:04:15+00:00
Kenji Tanaka,ktanaka,chat,2026-04-06 09:05:30+00:00
Chi Nguyen,ktanaka,chat,2026-04-06 09:06:45+00:00
Kenji Tanaka,ktanaka,chat,2026-04-06 09:07:20+00:00
Chi Nguyen,ktanaka,chat,2026-04-06 09:08:10+00:00
Kenji Tanaka,ktanaka,chat,2026-04-06 09:08:35+00:00
Kenji Tanaka,ktanaka,chat,2026-04-06 09:09:00+00:00
Alex,ktanaka,chat,2026-04-06 09:10:10+00:00
Chi Nguyen,ktanaka,chat,2026-04-06 09:11:00+00:00
Alex,ktanaka,chat,2026-04-06 09:11:20+00:00
Kenji Tanaka,ktanaka,chat,2026-04-06 09:12:00+00:00
Chi Nguyen,ktanaka,chat,2026-04-06 09:12:45+00:00
Kenji Tanaka,ktanaka,chat,2026-04-06 09:13:10+00:00
Kenji Tanaka,ktanaka,chat,2026-04-06 09:13:45+00:00
Chi Nguyen,ktanaka,chat,2026-04-06 09:20:00+00:00
Kenji Tanaka,ktanaka,chat,2026-04-06 09:21:15+00:00
Alex,ktanaka,chat,2026-04-06 09:22:30+00:00
Chi Nguyen,ktanaka,chat,2026-04-06 09:25:00+00:00
Kenji Tanaka,ktanaka,chat,2026-04-06 09:26:00+00:00
Chi Nguyen,ktanaka,chat,2026-04-06 09:26:15+00:00
Alex,ktanaka,chat,2026-04-06 09:27:00+00:00
Chi Nguyen,ktanaka,chat,2026-04-06 09:27:30+00:00
Kenji Tanaka,ktanaka,chat,2026-04-06 09:28:10+00:00
Chi Nguyen,ktanaka,chat,2026-04-06 09:30:00+00:00
Kenji Tanaka,ktanaka,chat,2026-04-06 09:31:00+00:00
Chi Nguyen,ktanaka,chat,2026-04-06 09:31:30+00:00
Alex,ktanaka,chat,2026-04-06 09:32:15+00:00
francois_dubois,fdubois,chat,2026-04-06 09:15:00+00:00
aisha_kabir,fdubois,chat,2026-04-06 09:16:15+00:00
francois_dubois,fdubois,chat,2026-04-06 09:17:30+00:00
aisha_kabir,fdubois,chat,2026-04-06 09:18:10+00:00
aisha_kabir,fdubois,chat,2026-04-06 09:25:45+00:00
francois_dubois,fdubois,chat,2026-04-06 09:27:00+00:00
aisha_kabir,fdubois,chat,2026-04-06 09:28:30+00:00
francois_dubois,fdubois,chat,2026-04-06 09:30:00+00:00
aisha_kabir,fdubois,chat,2026-04-06 09:31:20+00:00
aisha_kabir,fdubois,chat,2026-04-06 09:40:05+00:00
francois_dubois,fdubois,chat,2026-04-06 09:41:00+00:00
aisha_kabir,fdubois,chat,2026-04-06 09:42:15+00:00
layla_haddad,lhaddad,chat,2026-04-06 09:12:37+00:00
samuel_mensah,lhaddad,chat,2026-04-06 09:14:02+00:00
layla_haddad,lhaddad,chat,2026-04-06 09:14:58+00:00
samuel_mensah,lhaddad,chat,2026-04-06 09:15:37+00:00
layla_haddad,lhaddad,chat,2026-04-06 09:16:12+00:00
samuel_mensah,lhaddad,chat,2026-04-06 09:20:45+00:00
layla_haddad,lhaddad,chat,2026-04-06 09:21:20+00:00
samuel_mensah,lhaddad,chat,2026-04-06 09:22:01+00:00
layla_haddad,lhaddad,chat,2026-04-06 09:23:15+00:00
samuel_mensah,lhaddad,chat,2026-04-06 09:24:03+00:00
layla_haddad,lhaddad,chat,2026-04-06 09:25:47+00:00
samuel_mensah,lhaddad,chat,2026-04-06 09:26:30+00:00
layla_haddad,lhaddad,chat,2026-04-06 09:27:54+00:00
samuel_mensah,lhaddad,chat,2026-04-06 09:28:45+00:00
layla_haddad,lhaddad,chat,2026-04-06 09:29:12+00:00
samuel_mensah,lhaddad,chat,2026-04-06 09:35:08+00:00
layla_haddad,lhaddad,chat,2026-04-06 09:36:47+00:00
samuel_mensah,lhaddad,chat,2026-04-06 09:37:21+00:00
layla_haddad,lhaddad,chat,2026-04-06 09:37:48+00:00
Maria Garcia,mgarcia,group_chat,2026-03-24 14:25:00+00:00
Maria Garcia,lhaddad,group_chat,2026-03-24 14:25:00+00:00
Maria Garcia,smensah,group_chat,2026-03-24 14:25:00+00:00
Maria Garcia,yabdul,group_chat,2026-03-24 14:25:00+00:00
Layla Haddad,mgarcia,group_chat,2026-03-24 14:25:45+00:00
Layla Haddad,lhaddad,group_chat,2026-03-24 14:25:45+00:00
Layla Haddad,smensah,group_chat,2026-03-24 14:25:45+00:00
Layla Haddad,yabdul,group_chat,2026-03-24 14:25:45+00:00
Samuel Mensah,mgarcia,group_chat,2026-03-24 14:26:12+00:00
Samuel Mensah,lhaddad,group_chat,2026-03-24 14:26:12+00:00
Samuel Mensah,smensah,group_chat,2026-03-24 14:26:12+00:00
Samuel Mensah,yabdul,group_chat,2026-03-24 14:26:12+00:00
Yasmin Abdul,mgarcia,group_chat,2026-03-24 14:26:40+00:00
Yasmin Abdul,lhaddad,group_chat,2026-03-24 14:26:40+00:00
Yasmin Abdul,smensah,group_chat,2026-03-24 14:26:40+00:00
Yasmin Abdul,yabdul,group_chat,2026-03-24 14:26:40+00:00
Layla Haddad,mgarcia,group_chat,2026-03-24 14:27:05+00:00
Layla Haddad,lhaddad,group_chat,2026-03-24 14:27:05+00:00
Layla Haddad,smensah,group_chat,2026-03-24 14:27:05+00:00
Layla Haddad,yabdul,group_chat,2026-03-24 14:27:05+00:00
Maria Garcia,mgarcia,group_chat,2026-03-24 14:27:30+00:00
Maria Garcia,lhaddad,group_chat,2026-03-24 14:27:30+00:00
Maria Garcia,smensah,group_chat,2026-03-24 14:27:30+00:00
Maria Garcia,yabdul,group_chat,2026-03-24 14:27:30+00:00
Samuel Mensah,mgarcia,group_chat,2026-03-24 14:28:15+00:00
Samuel Mensah,lhaddad,group_chat,2026-03-24 14:28:15+00:00
Samuel Mensah,smensah,group_chat,2026-03-24 14:28:15+00:00
Samuel Mensah,yabdul,group_chat,2026-03-24 14:28:15+00:00
Yasmin Abdul,mgarcia,group_chat,2026-03-24 14:28:45+00:00
Yasmin Abdul,lhaddad,group_chat,2026-03-24 14:28:45+00:00
Yasmin Abdul,smensah,group_chat,2026-03-24 14:28:45+00:00
Yasmin Abdul,yabdul,group_chat,2026-03-24 14:28:45+00:00
Maria Garcia,mgarcia,group_chat,2026-03-24 14:29:10+00:00
Maria Garcia,lhaddad,group_chat,2026-03-24 14:29:10+00:00
Maria Garcia,smensah,group_chat,2026-03-24 14:29:10+00:00
Maria Garcia,yabdul,group_chat,2026-03-24 14:29:10+00:00
Layla Haddad,mgarcia,group_chat,2026-03-24 14:29:35+00:00
Layla Haddad,lhaddad,group_chat,2026-03-24 14:29:35+00:00
Layla Haddad,smensah,group_chat,2026-03-24 14:29:35+00:00
Layla Haddad,yabdul,group_chat,2026-03-24 14:29:35+00:00
Samuel Mensah,mgarcia,group_chat,2026-03-24 14:30:00+00:00
Samuel Mensah,lhaddad,group_chat,2026-03-24 14:30:00+00:00
Samuel Mensah,smensah,group_chat,2026-03-24 14:30:00+00:00
Samuel Mensah,yabdul,group_chat,2026-03-24 14:30:00+00:00
Maria Garcia,mgarcia,group_chat,2026-03-24 14:30:25+00:00
Maria Garcia,lhaddad,group_chat,2026-03-24 14:30:25+00:00
Maria Garcia,smensah,group_chat,2026-03-24 14:30:25+00:00
Maria Garcia,yabdul,group_chat,2026-03-24 14:30:25+00:00
Yasmin Abdul,mgarcia,group_chat,2026-03-24 14:30:40+00:00
Yasmin Abdul,lhaddad,group_chat,2026-03-24 14:30:40+00:00
Yasmin Abdul,smensah,group_chat,2026-03-24 14:30:40+00:00
Yasmin Abdul,yabdul,group_chat,2026-03-24 14:30:40+00:00
Layla Haddad,mgarcia,group_chat,2026-03-24 14:31:05+00:00
Layla Haddad,lhaddad,group_chat,2026-03-24 14:31:05+00:00
Layla Haddad,smensah,group_chat,2026-03-24 14:31:05+00:00
Layla Haddad,yabdul,group_chat,2026-03-24 14:31:05+00:00
Maria Garcia,mgarcia,group_chat,2026-03-24 14:32:00+00:00
Maria Garcia,lhaddad,group_chat,2026-03-24 14:32:00+00:00
Maria Garcia,smensah,group_chat,2026-03-24 14:32:00+00:00
Maria Garcia,yabdul,group_chat,2026-03-24 14:32:00+00:00
Samuel Mensah,mgarcia,group_chat,2026-03-24 14:32:25+00:00
Samuel Mensah,lhaddad,group_chat,2026-03-24 14:32:25+00:00
Samuel Mensah,smensah,group_chat,2026-03-24 14:32:25+00:00
Samuel Mensah,yabdul,group_chat,2026-03-24 14:32:25+00:00
Yasmin Abdul,mgarcia,group_chat,2026-03-24 14:32:50+00:00
Yasmin Abdul,lhaddad,group_chat,2026-03-24 14:32:50+00:00
Yasmin Abdul,smensah,group_chat,2026-03-24 14:32:50+00:00
Yasmin Abdul,yabdul,group_chat,2026-03-24 14:32:50+00:00
Maria Garcia,mgarcia,group_chat,2026-03-24 14:33:15+00:00
Maria Garcia,lhaddad,group_chat,2026-03-24 14:33:15+00:00
Maria Garcia,smensah,group_chat,2026-03-24 14:33:15+00:00
Maria Garcia,yabdul,group_chat,2026-03-24 14:33:15+00:00
Layla Haddad,mgarcia,group_chat,2026-03-24 14:33:40+00:00
Layla Haddad,lhaddad,group_chat,2026-03-24 14:33:40+00:00
Layla Haddad,smensah,group_chat,2026-03-24 14:33:40+00:00
Layla Haddad,yabdul,group_chat,2026-03-24 14:33:40+00:00
Yasmin Abdul,mgarcia,group_chat,2026-03-24 14:34:00+00:00
Yasmin Abdul,lhaddad,group_chat,2026-03-24 14:34:00+00:00
Yasmin Abdul,smensah,group_chat,2026-03-24 14:34:00+00:00
Yasmin Abdul,yabdul,group_chat,2026-03-24 14:34:00+00:00
Layla Haddad,lhaddad,group_chat,2026-03-24 10:03:15+00:00
Layla Haddad,smensah,group_chat,2026-03-24 10:03:15+00:00
Layla Haddad,jokafor,group_chat,2026-03-24 10:03:15+00:00
Layla Haddad,yabdul,group_chat,2026-03-24 10:03:15+00:00
Samuel Mensah,lhaddad,group_chat,2026-03-24 10:04:02+00:00
Samuel Mensah,smensah,group_chat,2026-03-24 10:04:02+00:00
Samuel Mensah,jokafor,group_chat,2026-03-24 10:04:02+00:00
Samuel Mensah,yabdul,group_chat,2026-03-24 10:04:02+00:00
Joy Okafor,lhaddad,group_chat,2026-03-24 10:05:10+00:00
Joy Okafor,smensah,group_chat,2026-03-24 10:05:10+00:00
Joy Okafor,jokafor,group_chat,2026-03-24 10:05:10+00:00
Joy Okafor,yabdul,group_chat,2026-03-24 10:05:10+00:00
Yasmin Abdul,lhaddad,group_chat,2026-03-24 10:05:45+00:00
Yasmin Abdul,smensah,group_chat,2026-03-24 10:05:45+00:00
Yasmin Abdul,jokafor,group_chat,2026-03-24 10:05:45+00:00
Yasmin Abdul,yabdul,group_chat,2026-03-24 10:05:45+00:00
Layla Haddad,lhaddad,group_chat,2026-03-24 10:06:20+00:00
Layla Haddad,smensah,group_chat,2026-03-24 10:06:20+00:00
Layla Haddad,jokafor,group_chat,2026-03-24 10:06:20+00:00
Layla Haddad,yabdul,group_chat,2026-03-24 10:06:20+00:00
Yasmin Abdul,lhaddad,group_chat,2026-03-24 10:07:50+00:00
Yasmin Abdul,smensah,group_chat,2026-03-24 10:07:50+00:00
Yasmin Abdul,jokafor,group_chat,2026-03-24 10:07:50+00:00
Yasmin Abdul,yabdul,group_chat,2026-03-24 10:07:50+00:00
Samuel Mensah,lhaddad,group_chat,2026-03-24 10:08:10+00:00
Samuel Mensah,smensah,group_chat,2026-03-24 10:08:10+00:00
Samuel Mensah,jokafor,group_chat,2026-03-24 10:08:10+00:00
Samuel Mensah,yabdul,group_chat,2026-03-24 10:08:10+00:00
Yasmin Abdul,lhaddad,group_chat,2026-03-24 10:08:55+00:00
Yasmin Abdul,smensah,group_chat,2026-03-24 10:08:55+00:00
Yasmin Abdul,jokafor,group_chat,2026-03-24 10:08:55+00:00
Yasmin Abdul,yabdul,group_chat,2026-03-24 10:08:55+00:00
Joy Okafor,lhaddad,group_chat,2026-03-24 10:09:30+00:00
Joy Okafor,smensah,group_chat,2026-03-24 10:09:30+00:00
Joy Okafor,jokafor,group_chat,2026-03-24 10:09:30+00:00
Joy Okafor,yabdul,group_chat,2026-03-24 10:09:30+00:00
Layla Haddad,lhaddad,group_chat,2026-03-24 10:09:50+00:00
Layla Haddad,smensah,group_chat,2026-03-24 10:09:50+00:00
Layla Haddad,jokafor,group_chat,2026-03-24 10:09:50+00:00
Layla Haddad,yabdul,group_chat,2026-03-24 10:09:50+00:00
Samuel Mensah,lhaddad,group_chat,2026-03-24 10:10:15+00:00
Samuel Mensah,smensah,group_chat,2026-03-24 10:10:15+00:00
Samuel Mensah,jokafor,group_chat,2026-03-24 10:10:15+00:00
Samuel Mensah,yabdul,group_chat,2026-03-24 10:10:15+00:00
Joy Okafor,lhaddad,group_chat,2026-03-24 10:11:00+00:00
Joy Okafor,smensah,group_chat,2026-03-24 10:11:00+00:00
Joy Okafor,jokafor,group_chat,2026-03-24 10:11:00+00:00
Joy Okafor,yabdul,group_chat,2026-03-24 10:11:00+00:00
Yasmin Abdul,lhaddad,group_chat,2026-03-24 10:11:35+00:00
Yasmin Abdul,smensah,group_chat,2026-03-24 10:11:35+00:00
Yasmin Abdul,jokafor,group_chat,2026-03-24 10:11:35+00:00
Yasmin Abdul,yabdul,group_chat,2026-03-24 10:11:35+00:00
Layla Haddad,lhaddad,group_chat,2026-03-24 10:12:10+00:00
Layla Haddad,smensah,group_chat,2026-03-24 10:12:10+00:00
Layla Haddad,jokafor,group_chat,2026-03-24 10:12:10+00:00
Layla Haddad,yabdul,group_chat,2026-03-24 10:12:10+00:00
Samuel Mensah,lhaddad,group_chat,2026-03-24 10:12:45+00:00
Samuel Mensah,smensah,group_chat,2026-03-24 10:12:45+00:00
Samuel Mensah,jokafor,group_chat,2026-03-24 10:12:45+00:00
Samuel Mensah,yabdul,group_chat,2026-03-24 10:12:45+00:00
Joy Okafor,lhaddad,group_chat,2026-03-24 10:13:15+00:00
Joy Okafor,smensah,group_chat,2026-03-24 10:13:15+00:00
Joy Okafor,jokafor,group_chat,2026-03-24 10:13:15+00:00
Joy Okafor,yabdul,group_chat,2026-03-24 10:13:15+00:00
Yasmin Abdul,lhaddad,group_chat,2026-03-24 10:13:45+00:00
Yasmin Abdul,smensah,group_chat,2026-03-24 10:13:45+00:00
Yasmin Abdul,jokafor,group_chat,2026-03-24 10:13:45+00:00
Yasmin Abdul,yabdul,group_chat,2026-03-24 10:13:45+00:00
Layla Haddad,lhaddad,group_chat,2026-03-24 10:14:05+00:00
Layla Haddad,smensah,group_chat,2026-03-24 10:14:05+00:00
Layla Haddad,jokafor,group_chat,2026-03-24 10:14:05+00:00
Layla Haddad,yabdul,group_chat,2026-03-24 10:14:05+00:00
Maria Garcia,mgarcia,group_chat,2026-03-24 14:02:15+00:00
Maria Garcia,lhaddad,group_chat,2026-03-24 14:02:15+00:00
Maria Garcia,cnguyen,group_chat,2026-03-24 14:02:15+00:00
Chi Nguyen,mgarcia,group_chat,2026-03-24 14:03:01+00:00
Chi Nguyen,lhaddad,group_chat,2026-03-24 14:03:01+00:00
Chi Nguyen,cnguyen,group_chat,2026-03-24 14:03:01+00:00
Layla Haddad,mgarcia,group_chat,2026-03-24 14:03:45+00:00
Layla Haddad,lhaddad,group_chat,2026-03-24 14:03:45+00:00
Layla Haddad,cnguyen,group_chat,2026-03-24 14:03:45+00:00
Chi Nguyen,mgarcia,group_chat,2026-03-24 14:04:12+00:00
Chi Nguyen,lhaddad,group_chat,2026-03-24 14:04:12+00:00
Chi Nguyen,cnguyen,group_chat,2026-03-24 14:04:12+00:00
Maria Garcia,mgarcia,group_chat,2026-03-24 14:04:45+00:00
Maria Garcia,lhaddad,group_chat,2026-03-24 14:04:45+00:00
Maria Garcia,cnguyen,group_chat,2026-03-24 14:04:45+00:00
Layla Haddad,mgarcia,group_chat,2026-03-24 14:05:10+00:00
Layla Haddad,lhaddad,group_chat,2026-03-24 14:05:10+00:00
Layla Haddad,cnguyen,group_chat,2026-03-24 14:05:10+00:00
Maria Garcia,mgarcia,group_chat,2026-03-24 14:06:27+00:00
Maria Garcia,lhaddad,group_chat,2026-03-24 14:06:27+00:00
Maria Garcia,cnguyen,group_chat,2026-03-24 14:06:27+00:00
Chi Nguyen,mgarcia,group_chat,2026-03-24 14:06:54+00:00
Chi Nguyen,lhaddad,group_chat,2026-03-24 14:06:54+00:00
Chi Nguyen,cnguyen,group_chat,2026-03-24 14:06:54+00:00
Layla Haddad,mgarcia,group_chat,2026-03-24 14:07:22+00:00
Layla Haddad,lhaddad,group_chat,2026-03-24 14:07:22+00:00
Layla Haddad,cnguyen,group_chat,2026-03-24 14:07:22+00:00
Maria Garcia,mgarcia,group_chat,2026-03-24 14:08:15+00:00
Maria Garcia,lhaddad,group_chat,2026-03-24 14:08:15+00:00
Maria Garcia,cnguyen,group_chat,2026-03-24 14:08:15+00:00
Chi Nguyen,mgarcia,group_chat,2026-03-24 14:08:45+00:00
Chi Nguyen,lhaddad,group_chat,2026-03-24 14:08:45+00:00
Chi Nguyen,cnguyen,group_chat,2026-03-24 14:08:45+00:00
Layla Haddad,mgarcia,group_chat,2026-03-24 14:09:12+00:00
Layla Haddad,lhaddad,group_chat,2026-03-24 14:09:12+00:00
Layla Haddad,cnguyen,group_chat,2026-03-24 14:09:12+00:00
Maria Garcia,mgarcia,group_chat,2026-03-24 14:09:45+00:00
Maria Garcia,lhaddad,group_chat,2026-03-24 14:09:45+00:00
Maria Garcia,cnguyen,group_chat,2026-03-24 14:09:45+00:00
Chi Nguyen,mgarcia,group_chat,2026-03-24 14:10:30+00:00
Chi Nguyen,lhaddad,group_chat,2026-03-24 14:10:30+00:00
Chi Nguyen,cnguyen,group_chat,2026-03-24 14:10:30+00:00
Layla Haddad,mgarcia,group_chat,2026-03-24 14:11:01+00:00
Layla Haddad,lhaddad,group_chat,2026-03-24 14:11:01+00:00
Layla Haddad,cnguyen,group_chat,2026-03-24 14:11:01+00:00
Maria Garcia,mgarcia,group_chat,2026-03-24 14:11:30+00:00
Maria Garcia,lhaddad,group_chat,2026-03-24 14:11:30+00:00
Maria Garcia,cnguyen,group_chat,2026-03-24 14:11:30+00:00
Layla Haddad,lhaddad,group_chat,2026-03-24 10:02:15+00:00
Layla Haddad,smensah,group_chat,2026-03-24 10:02:15+00:00
Layla Haddad,jokafor,group_chat,2026-03-24 10:02:15+00:00
Samuel Mensah,lhaddad,group_chat,2026-03-24 10:02:30+00:00
Samuel Mensah,smensah,group_chat,2026-03-24 10:02:30+00:00
Samuel Mensah,jokafor,group_chat,2026-03-24 10:02:30+00:00
Joy Okafor,lhaddad,group_chat,2026-03-24 10:02:45+00:00
Joy Okafor,smensah,group_chat,2026-03-24 10:02:45+00:00
Joy Okafor,jokafor,group_chat,2026-03-24 10:02:45+00:00
Layla Haddad,lhaddad,group_chat,2026-03-24 10:03:10+00:00
Layla Haddad,smensah,group_chat,2026-03-24 10:03:10+00:00
Layla Haddad,jokafor,group_chat,2026-03-24 10:03:10+00:00
Samuel Mensah,lhaddad,group_chat,2026-03-24 10:03:25+00:00
Samuel Mensah,smensah,group_chat,2026-03-24 10:03:25+00:00
Samuel Mensah,jokafor,group_chat,2026-03-24 10:03:25+00:00
Joy Okafor,lhaddad,group_chat,2026-03-24 10:04:05+00:00
Joy Okafor,smensah,group_chat,2026-03-24 10:04:05+00:00
Joy Okafor,jokafor,group_chat,2026-03-24 10:04:05+00:00
Layla Haddad,lhaddad,group_chat,2026-03-24 10:04:30+00:00
Layla Haddad,smensah,group_chat,2026-03-24 10:04:30+00:00
Layla Haddad,jokafor,group_chat,2026-03-24 10:04:30+00:00
Samuel Mensah,lhaddad,group_chat,2026-03-24 10:05:00+00:00
Samuel Mensah,smensah,group_chat,2026-03-24 10:05:00+00:00
Samuel Mensah,jokafor,group_chat,2026-03-24 10:05:00+00:00
Joy Okafor,lhaddad,group_chat,2026-03-24 10:05:15+00:00
Joy Okafor,smensah,group_chat,2026-03-24 10:05:15+00:00
Joy Okafor,jokafor,group_chat,2026-03-24 10:05:15+00:00
Samuel Mensah,lhaddad,group_chat,2026-03-24 10:05:30+00:00
Samuel Mensah,smensah,group_chat,2026-03-24 10:05:30+00:00
Samuel Mensah,jokafor,group_chat,2026-03-24 10:05:30+00:00
Layla Haddad,lhaddad,group_chat,2026-03-24 10:06:00+00:00
Layla Haddad,smensah,group_chat,2026-03-24 10:06:00+00:00
Layla Haddad,jokafor,group_chat,2026-03-24 10:06:00+00:00
Samuel Mensah,lhaddad,group_chat,2026-03-24 10:06:35+00:00
Samuel Mensah,smensah,group_chat,2026-03-24 10:06:35+00:00
Samuel Mensah,jokafor,group_chat,2026-03-24 10:06:35+00:00
Joy Okafor,lhaddad,group_chat,2026-03-24 10:07:00+00:00
Joy Okafor,smensah,group_chat,2026-03-24 10:07:00+00:00
Joy Okafor,jokafor,group_chat,2026-03-24 10:07:00+00:00
Layla Haddad,lhaddad,group_chat,2026-03-24 10:07:15+00:00
Layla Haddad,smensah,group_chat,2026-03-24 10:07:15+00:00
Layla Haddad,jokafor,group_chat,2026-03-24 10:07:15+00:00
Samuel Mensah,lhaddad,group_chat,2026-03-24 10:07:30+00:00
Samuel Mensah,smensah,group_chat,2026-03-24 10:07:30+00:00
Samuel Mensah,jokafor,group_chat,2026-03-24 10:07:30+00:00
Joy Okafor,lhaddad,group_chat,2026-03-24 10:08:00+00:00
Joy Okafor,smensah,group_chat,2026-03-24 10:08:00+00:00
Joy Okafor,jokafor,group_chat,2026-03-24 10:08:00+00:00
Layla Haddad,lhaddad,group_chat,2026-03-24 10:08:25+00:00
Layla Haddad,smensah,group_chat,2026-03-24 10:08:25+00:00
Layla Haddad,jokafor,group_chat,2026-03-24 10:08:25+00:00
Samuel Mensah,lhaddad,group_chat,2026-03-24 10:08:40+00:00
Samuel Mensah,smensah,group_chat,2026-03-24 10:08:40+00:00
Samuel Mensah,jokafor,group_chat,2026-03-24 10:08:40+00:00
Joy Okafor,lhaddad,group_chat,2026-03-24 10:09:00+00:00
Joy Okafor,smensah,group_chat,2026-03-24 10:09:00+00:00
Joy Okafor,jokafor,group_chat,2026-03-24 10:09:00+00:00
Layla Haddad,lhaddad,group_chat,2026-03-24 10:09:20+00:00
Layla Haddad,smensah,group_chat,2026-03-24 10:09:20+00:00
Layla Haddad,jokafor,group_chat,2026-03-24 10:09:20+00:00
Joy Okafor,lhaddad,group_chat,2026-03-24 10:09:35+00:00
Joy Okafor,smensah,group_chat,2026-03-24 10:09:35+00:00
Joy Okafor,jokafor,group_chat,2026-03-24 10:09:35+00:00
Chi Nguyen,cnguyen,group_chat,2026-03-24 10:05:12+00:00
Chi Nguyen,ksingh,group_chat,2026-03-24 10:05:12+00:00
Chi Nguyen,hmatsuda,group_chat,2026-03-24 10:05:12+00:00
Hiroshi Matsuda,cnguyen,group_chat,2026-03-24 10:05:25+00:00
Hiroshi Matsuda,ksingh,group_chat,2026-03-24 10:05:25+00:00
Hiroshi Matsuda,hmatsuda,group_chat,2026-03-24 10:05:25+00:00
Karan Singh,cnguyen,group_chat,2026-03-24 10:05:40+00:00
Karan Singh,ksingh,group_chat,2026-03-24 10:05:40+00:00
Karan Singh,hmatsuda,group_chat,2026-03-24 10:05:40+00:00
Chi Nguyen,cnguyen,group_chat,2026-03-24 10:05:50+00:00
Chi Nguyen,ksingh,group_chat,2026-03-24 10:05:50+00:00
Chi Nguyen,hmatsuda,group_chat,2026-03-24 10:05:50+00:00
Hiroshi Matsuda,cnguyen,group_chat,2026-03-24 10:06:10+00:00
Hiroshi Matsuda,ksingh,group_chat,2026-03-24 10:06:10+00:00
Hiroshi Matsuda,hmatsuda,group_chat,2026-03-24 10:06:10+00:00
Chi Nguyen,cnguyen,group_chat,2026-03-24 10:06:22+00:00
Chi Nguyen,ksingh,group_chat,2026-03-24 10:06:22+00:00
Chi Nguyen,hmatsuda,group_chat,2026-03-24 10:06:22+00:00
Karan Singh,cnguyen,group_chat,2026-03-24 10:06:50+00:00
Karan Singh,ksingh,group_chat,2026-03-24 10:06:50+00:00
Karan Singh,hmatsuda,group_chat,2026-03-24 10:06:50+00:00
Hiroshi Matsuda,cnguyen,group_chat,2026-03-24 10:07:05+00:00
Hiroshi Matsuda,ksingh,group_chat,2026-03-24 10:07:05+00:00
Hiroshi Matsuda,hmatsuda,group_chat,2026-03-24 10:07:05+00:00
Chi Nguyen,cnguyen,group_chat,2026-03-24 10:07:30+00:00
Chi Nguyen,ksingh,group_chat,2026-03-24 10:07:30+00:00
Chi Nguyen,hmatsuda,group_chat,2026-03-24 10:07:30+00:00
Karan Singh,cnguyen,group_chat,2026-03-24 10:07:35+00:00
Karan Singh,ksingh,group_chat,2026-03-24 10:07:35+00:00
Karan Singh,hmatsuda,group_chat,2026-03-24 10:07:35+00:00
Hiroshi Matsuda,cnguyen,group_chat,2026-03-24 10:08:10+00:00
Hiroshi Matsuda,ksingh,group_chat,2026-03-24 10:08:10+00:00
Hiroshi Matsuda,hmatsuda,group_chat,2026-03-24 10:08:10+00:00
Chi Nguyen,cnguyen,group_chat,2026-03-24 10:12:15+00:00
Chi Nguyen,ksingh,group_chat,2026-03-24 10:12:15+00:00
Chi Nguyen,hmatsuda,group_chat,2026-03-24 10:12:15+00:00
Karan Singh,cnguyen,group_chat,2026-03-24 10:13:05+00:00
Karan Singh,ksingh,group_chat,2026-03-24 10:13:05+00:00
Karan Singh,hmatsuda,group_chat,2026-03-24 10:13:05+00:00
Hiroshi Matsuda,cnguyen,group_chat,2026-03-24 10:13:30+00:00
Hiroshi Matsuda,ksingh,group_chat,2026-03-24 10:13:30+00:00
Hiroshi Matsuda,hmatsuda,group_chat,2026-03-24 10:13:30+00:00
Karan Singh,cnguyen,group_chat,2026-03-24 10:14:00+00:00
Karan Singh,ksingh,group_chat,2026-03-24 10:14:00+00:00
Karan Singh,hmatsuda,group_chat,2026-03-24 10:14:00+00:00
Chi Nguyen,cnguyen,group_chat,2026-03-24 10:14:40+00:00
Chi Nguyen,ksingh,group_chat,2026-03-24 10:14:40+00:00
Chi Nguyen,hmatsuda,group_chat,2026-03-24 10:14:40+00:00
Daniela Rossi,drossi,group_chat,2026-03-24 14:03:15+00:00
Daniela Rossi,lgomez,group_chat,2026-03-24 14:03:15+00:00
Daniela Rossi,mzhang,group_chat,2026-03-24 14:03:15+00:00
Luis Gomez,drossi,group_chat,2026-03-24 14:03:20+00:00
Luis Gomez,lgomez,group_chat,2026-03-24 14:03:20+00:00
Luis Gomez,mzhang,group_chat,2026-03-24 14:03:20+00:00
Mei Zhang,drossi,group_chat,2026-03-24 14:03:25+00:00
Mei Zhang,lgomez,group_chat,2026-03-24 14:03:25+00:00
Mei Zhang,mzhang,group_chat,2026-03-24 14:03:25+00:00
Luis Gomez,drossi,group_chat,2026-03-24 14:04:10+00:00
Luis Gomez,lgomez,group_chat,2026-03-24 14:04:10+00:00
Luis Gomez,mzhang,group_chat,2026-03-24 14:04:10+00:00
Mei Zhang,drossi,group_chat,2026-03-24 14:05:02+00:00
Mei Zhang,lgomez,group_chat,2026-03-24 14:05:02+00:00
Mei Zhang,mzhang,group_chat,2026-03-24 14:05:02+00:00
Daniela Rossi,drossi,group_chat,2026-03-24 14:05:15+00:00
Daniela Rossi,lgomez,group_chat,2026-03-24 14:05:15+00:00
Daniela Rossi,mzhang,group_chat,2026-03-24 14:05:15+00:00
Luis Gomez,drossi,group_chat,2026-03-24 14:06:00+00:00
Luis Gomez,lgomez,group_chat,2026-03-24 14:06:00+00:00
Luis Gomez,mzhang,group_chat,2026-03-24 14:06:00+00:00
Mei Zhang,drossi,group_chat,2026-03-24 14:07:35+00:00
Mei Zhang,lgomez,group_chat,2026-03-24 14:07:35+00:00
Mei Zhang,mzhang,group_chat,2026-03-24 14:07:35+00:00
Daniela Rossi,drossi,group_chat,2026-03-24 14:07:45+00:00
Daniela Rossi,lgomez,group_chat,2026-03-24 14:07:45+00:00
Daniela Rossi,mzhang,group_chat,2026-03-24 14:07:45+00:00
Luis Gomez,drossi,group_chat,2026-03-24 14:08:20+00:00
Luis Gomez,lgomez,group_chat,2026-03-24 14:08:20+00:00
Luis Gomez,mzhang,group_chat,2026-03-24 14:08:20+00:00
Mei Zhang,drossi,group_chat,2026-03-24 14:08:25+00:00
Mei Zhang,lgomez,group_chat,2026-03-24 14:08:25+00:00
Mei Zhang,mzhang,group_chat,2026-03-24 14:08:25+00:00
Daniela Rossi,drossi,group_chat,2026-03-24 14:08:40+00:00
Daniela Rossi,lgomez,group_chat,2026-03-24 14:08:40+00:00
Daniela Rossi,mzhang,group_chat,2026-03-24 14:08:40+00:00
Luis Gomez,drossi,group_chat,2026-03-24 14:09:10+00:00
Luis Gomez,lgomez,group_chat,2026-03-24 14:09:10+00:00
Luis Gomez,mzhang,group_chat,2026-03-24 14:09:10+00:00
Mei Zhang,drossi,group_chat,2026-03-24 14:09:25+00:00
Mei Zhang,lgomez,group_chat,2026-03-24 14:09:25+00:00
Mei Zhang,mzhang,group_chat,2026-03-24 14:09:25+00:00
Samuel Mensah,smensah,group_chat,2026-03-24 10:02:45+00:00
Samuel Mensah,jokafor,group_chat,2026-03-24 10:02:45+00:00
Samuel Mensah,fdubois,group_chat,2026-03-24 10:02:45+00:00
Joy Okafor,smensah,group_chat,2026-03-24 10:03:12+00:00
Joy Okafor,jokafor,group_chat,2026-03-24 10:03:12+00:00
Joy Okafor,fdubois,group_chat,2026-03-24 10:03:12+00:00
François Dubois,smensah,group_chat,2026-03-24 10:03:45+00:00
François Dubois,jokafor,group_chat,2026-03-24 10:03:45+00:00
François Dubois,fdubois,group_chat,2026-03-24 10:03:45+00:00
Samuel Mensah,smensah,group_chat,2026-03-24 10:04:08+00:00
Samuel Mensah,jokafor,group_chat,2026-03-24 10:04:08+00:00
Samuel Mensah,fdubois,group_chat,2026-03-24 10:04:08+00:00
Joy Okafor,smensah,group_chat,2026-03-24 10:04:15+00:00
Joy Okafor,jokafor,group_chat,2026-03-24 10:04:15+00:00
Joy Okafor,fdubois,group_chat,2026-03-24 10:04:15+00:00
François Dubois,smensah,group_chat,2026-03-24 10:05:32+00:00
François Dubois,jokafor,group_chat,2026-03-24 10:05:32+00:00
François Dubois,fdubois,group_chat,2026-03-24 10:05:32+00:00
Samuel Mensah,smensah,group_chat,2026-03-24 10:05:50+00:00
Samuel Mensah,jokafor,group_chat,2026-03-24 10:05:50+00:00
Samuel Mensah,fdubois,group_chat,2026-03-24 10:05:50+00:00
Joy Okafor,smensah,group_chat,2026-03-24 10:06:10+00:00
Joy Okafor,jokafor,group_chat,2026-03-24 10:06:10+00:00
Joy Okafor,fdubois,group_chat,2026-03-24 10:06:10+00:00
François Dubois,smensah,group_chat,2026-03-24 10:07:25+00:00
François Dubois,jokafor,group_chat,2026-03-24 10:07:25+00:00
François Dubois,fdubois,group_chat,2026-03-24 10:07:25+00:00
Samuel Mensah,smensah,group_chat,2026-03-24 10:07:45+00:00
Samuel Mensah,jokafor,group_chat,2026-03-24 10:07:45+00:00
Samuel Mensah,fdubois,group_chat,2026-03-24 10:07:45+00:00
François Dubois,smensah,group_chat,2026-03-24 10:08:05+00:00
François Dubois,jokafor,group_chat,2026-03-24 10:08:05+00:00
François Dubois,fdubois,group_chat,2026-03-24 10:08:05+00:00
Joy Okafor,smensah,group_chat,2026-03-24 10:08:25+00:00
Joy Okafor,jokafor,group_chat,2026-03-24 10:08:25+00:00
Joy Okafor,fdubois,group_chat,2026-03-24 10:08:25+00:00
Samuel Mensah,smensah,group_chat,2026-03-24 10:08:40+00:00
Samuel Mensah,jokafor,group_chat,2026-03-24 10:08:40+00:00
Samuel Mensah,fdubois,group_chat,2026-03-24 10:08:40+00:00
François Dubois,smensah,group_chat,2026-03-24 10:09:10+00:00
François Dubois,jokafor,group_chat,2026-03-24 10:09:10+00:00
François Dubois,fdubois,group_chat,2026-03-24 10:09:10+00:00
Joy Okafor,smensah,group_chat,2026-03-24 10:09:35+00:00
Joy Okafor,jokafor,group_chat,2026-03-24 10:09:35+00:00
Joy Okafor,fdubois,group_chat,2026-03-24 10:09:35+00:00
Samuel Mensah,smensah,group_chat,2026-03-24 10:10:00+00:00
Samuel Mensah,jokafor,group_chat,2026-03-24 10:10:00+00:00
Samuel Mensah,fdubois,group_chat,2026-03-24 10:10:00+00:00
chi_nguyen,cnguyen,group_chat,2026-03-24 10:03:12+00:00
chi_nguyen,yabdul,group_chat,2026-03-24 10:03:12+00:00
chi_nguyen,fdubois,group_chat,2026-03-24 10:03:12+00:00
yasmin_abdul,cnguyen,group_chat,2026-03-24 10:03:28+00:00
yasmin_abdul,yabdul,group_chat,2026-03-24 10:03:28+00:00
yasmin_abdul,fdubois,group_chat,2026-03-24 10:03:28+00:00
francois_dubois,cnguyen,group_chat,2026-03-24 10:03:45+00:00
francois_dubois,yabdul,group_chat,2026-03-24 10:03:45+00:00
francois_dubois,fdubois,group_chat,2026-03-24 10:03:45+00:00
yasmin_abdul,cnguyen,group_chat,2026-03-24 10:04:21+00:00
yasmin_abdul,yabdul,group_chat,2026-03-24 10:04:21+00:00
yasmin_abdul,fdubois,group_chat,2026-03-24 10:04:21+00:00
chi_nguyen,cnguyen,group_chat,2026-03-24 10:04:36+00:00
chi_nguyen,yabdul,group_chat,2026-03-24 10:04:36+00:00
chi_nguyen,fdubois,group_chat,2026-03-24 10:04:36+00:00
francois_dubois,cnguyen,group_chat,2026-03-24 10:05:10+00:00
francois_dubois,yabdul,group_chat,2026-03-24 10:05:10+00:00
francois_dubois,fdubois,group_chat,2026-03-24 10:05:10+00:00
chi_nguyen,cnguyen,group_chat,2026-03-24 10:05:27+00:00
chi_nguyen,yabdul,group_chat,2026-03-24 10:05:27+00:00
chi_nguyen,fdubois,group_chat,2026-03-24 10:05:27+00:00
yasmin_abdul,cnguyen,group_chat,2026-03-24 10:06:05+00:00
yasmin_abdul,yabdul,group_chat,2026-03-24 10:06:05+00:00
yasmin_abdul,fdubois,group_chat,2026-03-24 10:06:05+00:00
francois_dubois,cnguyen,group_chat,2026-03-24 10:06:22+00:00
francois_dubois,yabdul,group_chat,2026-03-24 10:06:22+00:00
francois_dubois,fdubois,group_chat,2026-03-24 10:06:22+00:00
chi_nguyen,cnguyen,group_chat,2026-03-24 10:07:00+00:00
chi_nguyen,yabdul,group_chat,2026-03-24 10:07:00+00:00
chi_nguyen,fdubois,group_chat,2026-03-24 10:07:00+00:00
yasmin_abdul,cnguyen,group_chat,2026-03-24 10:07:08+00:00
yasmin_abdul,yabdul,group_chat,2026-03-24 10:07:08+00:00
yasmin_abdul,fdubois,group_chat,2026-03-24 10:07:08+00:00
francois_dubois,cnguyen,group_chat,2026-03-24 10:07:12+00:00
francois_dubois,yabdul,group_chat,2026-03-24 10:07:12+00:00
francois_dubois,fdubois,group_chat,2026-03-24 10:07:12+00:00
yasmin_abdul,cnguyen,group_chat,2026-03-24 10:08:03+00:00
yasmin_abdul,yabdul,group_chat,2026-03-24 10:08:03+00:00
yasmin_abdul,fdubois,group_chat,2026-03-24 10:08:03+00:00
francois_dubois,cnguyen,group_chat,2026-03-24 10:08:23+00:00
francois_dubois,yabdul,group_chat,2026-03-24 10:08:23+00:00
francois_dubois,fdubois,group_chat,2026-03-24 10:08:23+00:00
chi_nguyen,cnguyen,group_chat,2026-03-24 10:08:40+00:00
chi_nguyen,yabdul,group_chat,2026-03-24 10:08:40+00:00
chi_nguyen,fdubois,group_chat,2026-03-24 10:08:40+00:00
yasmin_abdul,cnguyen,group_chat,2026-03-24 10:09:01+00:00
yasmin_abdul,yabdul,group_chat,2026-03-24 10:09:01+00:00
yasmin_abdul,fdubois,group_chat,2026-03-24 10:09:01+00:00
francois_dubois,cnguyen,group_chat,2026-03-24 10:09:10+00:00
francois_dubois,yabdul,group_chat,2026-03-24 10:09:10+00:00
francois_dubois,fdubois,group_chat,2026-03-24 10:09:10+00:00
chi_nguyen,cnguyen,group_chat,2026-03-24 10:10:03+00:00
chi_nguyen,yabdul,group_chat,2026-03-24 10:10:03+00:00
chi_nguyen,fdubois,group_chat,2026-03-24 10:10:03+00:00
yasmin_abdul,cnguyen,group_chat,2026-03-24 10:10:20+00:00
yasmin_abdul,yabdul,group_chat,2026-03-24 10:10:20+00:00
yasmin_abdul,fdubois,group_chat,2026-03-24 10:10:20+00:00
francois_dubois,cnguyen,group_chat,2026-03-24 10:10:35+00:00
francois_dubois,yabdul,group_chat,2026-03-24 10:10:35+00:00
francois_dubois,fdubois,group_chat,2026-03-24 10:10:35+00:00
Maria Garcia,mgarcia,group_chat,2026-03-25 09:15:00+00:00
Maria Garcia,jokonkwo,group_chat,2026-03-25 09:15:00+00:00
Maria Garcia,akabir,group_chat,2026-03-25 09:15:00+00:00
Maria Garcia,fdubois,group_chat,2026-03-25 09:15:00+00:00
Joy Okonkwo,mgarcia,group_chat,2026-03-25 09:16:12+00:00
Joy Okonkwo,jokonkwo,group_chat,2026-03-25 09:16:12+00:00
Joy Okonkwo,akabir,group_chat,2026-03-25 09:16:12+00:00
Joy Okonkwo,fdubois,group_chat,2026-03-25 09:16:12+00:00
Aisha Kabir,mgarcia,group_chat,2026-03-25 09:17:04+00:00
Aisha Kabir,jokonkwo,group_chat,2026-03-25 09:17:04+00:00
Aisha Kabir,akabir,group_chat,2026-03-25 09:17:04+00:00
Aisha Kabir,fdubois,group_chat,2026-03-25 09:17:04+00:00
François Dubois,mgarcia,group_chat,2026-03-25 09:17:40+00:00
François Dubois,jokonkwo,group_chat,2026-03-25 09:17:40+00:00
François Dubois,akabir,group_chat,2026-03-25 09:17:40+00:00
François Dubois,fdubois,group_chat,2026-03-25 09:17:40+00:00
Maria Garcia,mgarcia,group_chat,2026-03-25 09:18:15+00:00
Maria Garcia,jokonkwo,group_chat,2026-03-25 09:18:15+00:00
Maria Garcia,akabir,group_chat,2026-03-25 09:18:15+00:00
Maria Garcia,fdubois,group_chat,2026-03-25 09:18:15+00:00
Joy Okonkwo,mgarcia,group_chat,2026-03-25 09:18:48+00:00
Joy Okonkwo,jokonkwo,group_chat,2026-03-25 09:18:48+00:00
Joy Okonkwo,akabir,group_chat,2026-03-25 09:18:48+00:00
Joy Okonkwo,fdubois,group_chat,2026-03-25 09:18:48+00:00
Aisha Kabir,mgarcia,group_chat,2026-03-25 09:19:22+00:00
Aisha Kabir,jokonkwo,group_chat,2026-03-25 09:19:22+00:00
Aisha Kabir,akabir,group_chat,2026-03-25 09:19:22+00:00
Aisha Kabir,fdubois,group_chat,2026-03-25 09:19:22+00:00
François Dubois,mgarcia,group_chat,2026-03-25 09:20:03+00:00
François Dubois,jokonkwo,group_chat,2026-03-25 09:20:03+00:00
François Dubois,akabir,group_chat,2026-03-25 09:20:03+00:00
François Dubois,fdubois,group_chat,2026-03-25 09:20:03+00:00
Joy Okonkwo,mgarcia,group_chat,2026-03-25 09:20:35+00:00
Joy Okonkwo,jokonkwo,group_chat,2026-03-25 09:20:35+00:00
Joy Okonkwo,akabir,group_chat,2026-03-25 09:20:35+00:00
Joy Okonkwo,fdubois,group_chat,2026-03-25 09:20:35+00:00
Maria Garcia,mgarcia,group_chat,2026-03-25 09:21:10+00:00
Maria Garcia,jokonkwo,group_chat,2026-03-25 09:21:10+00:00
Maria Garcia,akabir,group_chat,2026-03-25 09:21:10+00:00
Maria Garcia,fdubois,group_chat,2026-03-25 09:21:10+00:00
Aisha Kabir,mgarcia,group_chat,2026-03-25 09:21:50+00:00
Aisha Kabir,jokonkwo,group_chat,2026-03-25 09:21:50+00:00
Aisha Kabir,akabir,group_chat,2026-03-25 09:21:50+00:00
Aisha Kabir,fdubois,group_chat,2026-03-25 09:21:50+00:00
François Dubois,mgarcia,group_chat,2026-03-25 09:22:15+00:00
François Dubois,jokonkwo,group_chat,2026-03-25 09:22:15+00:00
François Dubois,akabir,group_chat,2026-03-25 09:22:15+00:00
François Dubois,fdubois,group_chat,2026-03-25 09:22:15+00:00
Joy Okonkwo,mgarcia,group_chat,2026-03-25 09:23:00+00:00
Joy Okonkwo,jokonkwo,group_chat,2026-03-25 09:23:00+00:00
Joy Okonkwo,akabir,group_chat,2026-03-25 09:23:00+00:00
Joy Okonkwo,fdubois,group_chat,2026-03-25 09:23:00+00:00
Maria Garcia,mgarcia,group_chat,2026-03-25 09:24:10+00:00
Maria Garcia,jokonkwo,group_chat,2026-03-25 09:24:10+00:00
Maria Garcia,akabir,group_chat,2026-03-25 09:24:10+00:00
Maria Garcia,fdubois,group_chat,2026-03-25 09:24:10+00:00
Aisha Kabir,mgarcia,group_chat,2026-03-25 09:25:00+00:00
Aisha Kabir,jokonkwo,group_chat,2026-03-25 09:25:00+00:00
Aisha Kabir,akabir,group_chat,2026-03-25 09:25:00+00:00
Aisha Kabir,fdubois,group_chat,2026-03-25 09:25:00+00:00
François Dubois,mgarcia,group_chat,2026-03-25 09:25:45+00:00
François Dubois,jokonkwo,group_chat,2026-03-25 09:25:45+00:00
François Dubois,akabir,group_chat,2026-03-25 09:25:45+00:00
François Dubois,fdubois,group_chat,2026-03-25 09:25:45+00:00
Maria Garcia,mgarcia,group_chat,2026-03-25 09:26:20+00:00
Maria Garcia,jokonkwo,group_chat,2026-03-25 09:26:20+00:00
Maria Garcia,akabir,group_chat,2026-03-25 09:26:20+00:00
Maria Garcia,fdubois,group_chat,2026-03-25 09:26:20+00:00
Joy Okonkwo,mgarcia,group_chat,2026-03-25 09:27:00+00:00
Joy Okonkwo,jokonkwo,group_chat,2026-03-25 09:27:00+00:00
Joy Okonkwo,akabir,group_chat,2026-03-25 09:27:00+00:00
Joy Okonkwo,fdubois,group_chat,2026-03-25 09:27:00+00:00
kenji_tanaka,ktanaka,group_chat,2026-03-25 09:12:34+00:00
kenji_tanaka,cnguyen,group_chat,2026-03-25 09:12:34+00:00
kenji_tanaka,ksingh,group_chat,2026-03-25 09:12:34+00:00
chi_nguyen,ktanaka,group_chat,2026-03-25 09:13:07+00:00
chi_nguyen,cnguyen,group_chat,2026-03-25 09:13:07+00:00
chi_nguyen,ksingh,group_chat,2026-03-25 09:13:07+00:00
kenji_tanaka,ktanaka,group_chat,2026-03-25 09:13:45+00:00
kenji_tanaka,cnguyen,group_chat,2026-03-25 09:13:45+00:00
kenji_tanaka,ksingh,group_chat,2026-03-25 09:13:45+00:00
karan_singh,ktanaka,group_chat,2026-03-25 09:14:10+00:00
karan_singh,cnguyen,group_chat,2026-03-25 09:14:10+00:00
karan_singh,ksingh,group_chat,2026-03-25 09:14:10+00:00
chi_nguyen,ktanaka,group_chat,2026-03-25 09:14:33+00:00
chi_nguyen,cnguyen,group_chat,2026-03-25 09:14:33+00:00
chi_nguyen,ksingh,group_chat,2026-03-25 09:14:33+00:00
karan_singh,ktanaka,group_chat,2026-03-25 09:15:02+00:00
karan_singh,cnguyen,group_chat,2026-03-25 09:15:02+00:00
karan_singh,ksingh,group_chat,2026-03-25 09:15:02+00:00
kenji_tanaka,ktanaka,group_chat,2026-03-25 09:15:45+00:00
kenji_tanaka,cnguyen,group_chat,2026-03-25 09:15:45+00:00
kenji_tanaka,ksingh,group_chat,2026-03-25 09:15:45+00:00
chi_nguyen,ktanaka,group_chat,2026-03-25 09:16:01+00:00
chi_nguyen,cnguyen,group_chat,2026-03-25 09:16:01+00:00
chi_nguyen,ksingh,group_chat,2026-03-25 09:16:01+00:00
chi_nguyen,ktanaka,group_chat,2026-03-25 09:17:22+00:00
chi_nguyen,cnguyen,group_chat,2026-03-25 09:17:22+00:00
chi_nguyen,ksingh,group_chat,2026-03-25 09:17:22+00:00
karan_singh,ktanaka,group_chat,2026-03-25 09:17:50+00:00
karan_singh,cnguyen,group_chat,2026-03-25 09:17:50+00:00
karan_singh,ksingh,group_chat,2026-03-25 09:17:50+00:00
kenji_tanaka,ktanaka,group_chat,2026-03-25 09:18:12+00:00
kenji_tanaka,cnguyen,group_chat,2026-03-25 09:18:12+00:00
kenji_tanaka,ksingh,group_chat,2026-03-25 09:18:12+00:00
chi_nguyen,ktanaka,group_chat,2026-03-25 09:18:34+00:00
chi_nguyen,cnguyen,group_chat,2026-03-25 09:18:34+00:00
chi_nguyen,ksingh,group_chat,2026-03-25 09:18:34+00:00
karan_singh,ktanaka,group_chat,2026-03-25 09:19:03+00:00
karan_singh,cnguyen,group_chat,2026-03-25 09:19:03+00:00
karan_singh,ksingh,group_chat,2026-03-25 09:19:03+00:00
chi_nguyen,ktanaka,group_chat,2026-03-25 09:19:21+00:00
chi_nguyen,cnguyen,group_chat,2026-03-25 09:19:21+00:00
chi_nguyen,ksingh,group_chat,2026-03-25 09:19:21+00:00
karan_singh,ktanaka,group_chat,2026-03-25 09:19:40+00:00
karan_singh,cnguyen,group_chat,2026-03-25 09:19:40+00:00
karan_singh,ksingh,group_chat,2026-03-25 09:19:40+00:00
chi_nguyen,ktanaka,group_chat,2026-03-25 09:20:05+00:00
chi_nguyen,cnguyen,group_chat,2026-03-25 09:20:05+00:00
chi_nguyen,ksingh,group_chat,2026-03-25 09:20:05+00:00
kenji_tanaka,ktanaka,group_chat,2026-03-25 09:20:40+00:00
kenji_tanaka,cnguyen,group_chat,2026-03-25 09:20:40+00:00
kenji_tanaka,ksingh,group_chat,2026-03-25 09:20:40+00:00
chi_nguyen,ktanaka,group_chat,2026-03-25 09:21:03+00:00
chi_nguyen,cnguyen,group_chat,2026-03-25 09:21:03+00:00
chi_nguyen,ksingh,group_chat,2026-03-25 09:21:03+00:00
chi_nguyen,ktanaka,group_chat,2026-03-25 09:22:15+00:00
chi_nguyen,cnguyen,group_chat,2026-03-25 09:22:15+00:00
chi_nguyen,ksingh,group_chat,2026-03-25 09:22:15+00:00
kenji_tanaka,ktanaka,group_chat,2026-03-25 09:22:41+00:00
kenji_tanaka,cnguyen,group_chat,2026-03-25 09:22:41+00:00
kenji_tanaka,ksingh,group_chat,2026-03-25 09:22:41+00:00
karan_singh,ktanaka,group_chat,2026-03-25 09:23:02+00:00
karan_singh,cnguyen,group_chat,2026-03-25 09:23:02+00:00
karan_singh,ksingh,group_chat,2026-03-25 09:23:02+00:00
chi_nguyen,ktanaka,group_chat,2026-03-25 09:23:22+00:00
chi_nguyen,cnguyen,group_chat,2026-03-25 09:23:22+00:00
chi_nguyen,ksingh,group_chat,2026-03-25 09:23:22+00:00
kenji_tanaka,ktanaka,group_chat,2026-03-25 09:23:50+00:00
kenji_tanaka,cnguyen,group_chat,2026-03-25 09:23:50+00:00
kenji_tanaka,ksingh,group_chat,2026-03-25 09:23:50+00:00
Layla Haddad,lhaddad,group_chat,2026-03-25 08:15:00+00:00
Layla Haddad,smensah,group_chat,2026-03-25 08:15:00+00:00
Layla Haddad,yabdul,group_chat,2026-03-25 08:15:00+00:00
Layla Haddad,jokafor,group_chat,2026-03-25 08:15:00+00:00
Samuel Mensah,lhaddad,group_chat,2026-03-25 08:16:12+00:00
Samuel Mensah,smensah,group_chat,2026-03-25 08:16:12+00:00
Samuel Mensah,yabdul,group_chat,2026-03-25 08:16:12+00:00
Samuel Mensah,jokafor,group_chat,2026-03-25 08:16:12+00:00
Yasmin Abdul,lhaddad,group_chat,2026-03-25 08:17:05+00:00
Yasmin Abdul,smensah,group_chat,2026-03-25 08:17:05+00:00
Yasmin Abdul,yabdul,group_chat,2026-03-25 08:17:05+00:00
Yasmin Abdul,jokafor,group_chat,2026-03-25 08:17:05+00:00
Joy Okafor,lhaddad,group_chat,2026-03-25 08:18:27+00:00
Joy Okafor,smensah,group_chat,2026-03-25 08:18:27+00:00
Joy Okafor,yabdul,group_chat,2026-03-25 08:18:27+00:00
Joy Okafor,jokafor,group_chat,2026-03-25 08:18:27+00:00
Layla Haddad,lhaddad,group_chat,2026-03-25 08:19:03+00:00
Layla Haddad,smensah,group_chat,2026-03-25 08:19:03+00:00
Layla Haddad,yabdul,group_chat,2026-03-25 08:19:03+00:00
Layla Haddad,jokafor,group_chat,2026-03-25 08:19:03+00:00
Layla Haddad,lhaddad,group_chat,2026-03-25 08:20:15+00:00
Layla Haddad,smensah,group_chat,2026-03-25 08:20:15+00:00
Layla Haddad,yabdul,group_chat,2026-03-25 08:20:15+00:00
Layla Haddad,jokafor,group_chat,2026-03-25 08:20:15+00:00
Samuel Mensah,lhaddad,group_chat,2026-03-25 08:21:02+00:00
Samuel Mensah,smensah,group_chat,2026-03-25 08:21:02+00:00
Samuel Mensah,yabdul,group_chat,2026-03-25 08:21:02+00:00
Samuel Mensah,jokafor,group_chat,2026-03-25 08:21:02+00:00
Yasmin Abdul,lhaddad,group_chat,2026-03-25 08:21:45+00:00
Yasmin Abdul,smensah,group_chat,2026-03-25 08:21:45+00:00
Yasmin Abdul,yabdul,group_chat,2026-03-25 08:21:45+00:00
Yasmin Abdul,jokafor,group_chat,2026-03-25 08:21:45+00:00
Joy Okafor,lhaddad,group_chat,2026-03-25 08:22:30+00:00
Joy Okafor,smensah,group_chat,2026-03-25 08:22:30+00:00
Joy Okafor,yabdul,group_chat,2026-03-25 08:22:30+00:00
Joy Okafor,jokafor,group_chat,2026-03-25 08:22:30+00:00
Samuel Mensah,lhaddad,group_chat,2026-03-25 08:23:12+00:00
Samuel Mensah,smensah,group_chat,2026-03-25 08:23:12+00:00
Samuel Mensah,yabdul,group_chat,2026-03-25 08:23:12+00:00
Samuel Mensah,jokafor,group_chat,2026-03-25 08:23:12+00:00
Layla Haddad,lhaddad,group_chat,2026-03-25 08:24:00+00:00
Layla Haddad,smensah,group_chat,2026-03-25 08:24:00+00:00
Layla Haddad,yabdul,group_chat,2026-03-25 08:24:00+00:00
Layla Haddad,jokafor,group_chat,2026-03-25 08:24:00+00:00
Yasmin Abdul,lhaddad,group_chat,2026-03-25 08:24:35+00:00
Yasmin Abdul,smensah,group_chat,2026-03-25 08:24:35+00:00
Yasmin Abdul,yabdul,group_chat,2026-03-25 08:24:35+00:00
Yasmin Abdul,jokafor,group_chat,2026-03-25 08:24:35+00:00
Joy Okafor,lhaddad,group_chat,2026-03-25 08:25:10+00:00
Joy Okafor,smensah,group_chat,2026-03-25 08:25:10+00:00
Joy Okafor,yabdul,group_chat,2026-03-25 08:25:10+00:00
Joy Okafor,jokafor,group_chat,2026-03-25 08:25:10+00:00
Layla Haddad,lhaddad,group_chat,2026-03-25 08:25:45+00:00
Layla Haddad,smensah,group_chat,2026-03-25 08:25:45+00:00
Layla Haddad,yabdul,group_chat,2026-03-25 08:25:45+00:00
Layla Haddad,jokafor,group_chat,2026-03-25 08:25:45+00:00
Samuel Mensah,lhaddad,group_chat,2026-03-25 08:26:10+00:00
Samuel Mensah,smensah,group_chat,2026-03-25 08:26:10+00:00
Samuel Mensah,yabdul,group_chat,2026-03-25 08:26:10+00:00
Samuel Mensah,jokafor,group_chat,2026-03-25 08:26:10+00:00
Layla Haddad,lhaddad,group_chat,2026-03-25 08:26:45+00:00
Layla Haddad,smensah,group_chat,2026-03-25 08:26:45+00:00
Layla Haddad,yabdul,group_chat,2026-03-25 08:26:45+00:00
Layla Haddad,jokafor,group_chat,2026-03-25 08:26:45+00:00
Yasmin Abdul,lhaddad,group_chat,2026-03-25 08:27:15+00:00
Yasmin Abdul,smensah,group_chat,2026-03-25 08:27:15+00:00
Yasmin Abdul,yabdul,group_chat,2026-03-25 08:27:15+00:00
Yasmin Abdul,jokafor,group_chat,2026-03-25 08:27:15+00:00
Joy Okafor,lhaddad,group_chat,2026-03-25 08:27:45+00:00
Joy Okafor,smensah,group_chat,2026-03-25 08:27:45+00:00
Joy Okafor,yabdul,group_chat,2026-03-25 08:27:45+00:00
Joy Okafor,jokafor,group_chat,2026-03-25 08:27:45+00:00
Joy Okonkwo,jokonkwo,group_chat,2026-03-25 09:32:00+00:00
Joy Okonkwo,akabir,group_chat,2026-03-25 09:32:00+00:00
Joy Okonkwo,fdubois,group_chat,2026-03-25 09:32:00+00:00
Aisha Kabir,jokonkwo,group_chat,2026-03-25 09:33:12+00:00
Aisha Kabir,akabir,group_chat,2026-03-25 09:33:12+00:00
Aisha Kabir,fdubois,group_chat,2026-03-25 09:33:12+00:00
François Dubois,jokonkwo,group_chat,2026-03-25 09:34:47+00:00
François Dubois,akabir,group_chat,2026-03-25 09:34:47+00:00
François Dubois,fdubois,group_chat,2026-03-25 09:34:47+00:00
Joy Okonkwo,jokonkwo,group_chat,2026-03-25 09:35:30+00:00
Joy Okonkwo,akabir,group_chat,2026-03-25 09:35:30+00:00
Joy Okonkwo,fdubois,group_chat,2026-03-25 09:35:30+00:00
Aisha Kabir,jokonkwo,group_chat,2026-03-25 09:36:04+00:00
Aisha Kabir,akabir,group_chat,2026-03-25 09:36:04+00:00
Aisha Kabir,fdubois,group_chat,2026-03-25 09:36:04+00:00
Joy Okonkwo,jokonkwo,group_chat,2026-03-25 09:36:50+00:00
Joy Okonkwo,akabir,group_chat,2026-03-25 09:36:50+00:00
Joy Okonkwo,fdubois,group_chat,2026-03-25 09:36:50+00:00
François Dubois,jokonkwo,group_chat,2026-03-25 09:37:23+00:00
François Dubois,akabir,group_chat,2026-03-25 09:37:23+00:00
François Dubois,fdubois,group_chat,2026-03-25 09:37:23+00:00
Joy Okonkwo,jokonkwo,group_chat,2026-03-25 09:38:05+00:00
Joy Okonkwo,akabir,group_chat,2026-03-25 09:38:05+00:00
Joy Okonkwo,fdubois,group_chat,2026-03-25 09:38:05+00:00
Aisha Kabir,jokonkwo,group_chat,2026-03-25 09:39:10+00:00
Aisha Kabir,akabir,group_chat,2026-03-25 09:39:10+00:00
Aisha Kabir,fdubois,group_chat,2026-03-25 09:39:10+00:00
François Dubois,jokonkwo,group_chat,2026-03-25 09:40:02+00:00
François Dubois,akabir,group_chat,2026-03-25 09:40:02+00:00
François Dubois,fdubois,group_chat,2026-03-25 09:40:02+00:00
Joy Okonkwo,jokonkwo,group_chat,2026-03-25 09:40:45+00:00
Joy Okonkwo,akabir,group_chat,2026-03-25 09:40:45+00:00
Joy Okonkwo,fdubois,group_chat,2026-03-25 09:40:45+00:00
Aisha Kabir,jokonkwo,group_chat,2026-03-25 09:41:20+00:00
Aisha Kabir,akabir,group_chat,2026-03-25 09:41:20+00:00
Aisha Kabir,fdubois,group_chat,2026-03-25 09:41:20+00:00
Joy Okonkwo,jokonkwo,group_chat,2026-03-25 09:42:01+00:00
Joy Okonkwo,akabir,group_chat,2026-03-25 09:42:01+00:00
Joy Okonkwo,fdubois,group_chat,2026-03-25 09:42:01+00:00
François Dubois,jokonkwo,group_chat,2026-03-25 09:42:45+00:00
François Dubois,akabir,group_chat,2026-03-25 09:42:45+00:00
François Dubois,fdubois,group_chat,2026-03-25 09:42:45+00:00
Aisha Kabir,jokonkwo,group_chat,2026-03-25 09:43:12+00:00
Aisha Kabir,akabir,group_chat,2026-03-25 09:43:12+00:00
Aisha Kabir,fdubois,group_chat,2026-03-25 09:43:12+00:00
Joy Okonkwo,jokonkwo,group_chat,2026-03-25 09:02:00+00:00
Joy Okonkwo,lhaddad,group_chat,2026-03-25 09:02:00+00:00
Joy Okonkwo,akabir,group_chat,2026-03-25 09:02:00+00:00
Joy Okonkwo,fdubois,group_chat,2026-03-25 09:02:00+00:00
Layla Haddad,jokonkwo,group_chat,2026-03-25 09:02:15+00:00
Layla Haddad,lhaddad,group_chat,2026-03-25 09:02:15+00:00
Layla Haddad,akabir,group_chat,2026-03-25 09:02:15+00:00
Layla Haddad,fdubois,group_chat,2026-03-25 09:02:15+00:00
Aisha Kabir,jokonkwo,group_chat,2026-03-25 09:02:20+00:00
Aisha Kabir,lhaddad,group_chat,2026-03-25 09:02:20+00:00
Aisha Kabir,akabir,group_chat,2026-03-25 09:02:20+00:00
Aisha Kabir,fdubois,group_chat,2026-03-25 09:02:20+00:00
François Dubois,jokonkwo,group_chat,2026-03-25 09:02:35+00:00
François Dubois,lhaddad,group_chat,2026-03-25 09:02:35+00:00
François Dubois,akabir,group_chat,2026-03-25 09:02:35+00:00
François Dubois,fdubois,group_chat,2026-03-25 09:02:35+00:00
Layla Haddad,jokonkwo,group_chat,2026-03-25 09:05:10+00:00
Layla Haddad,lhaddad,group_chat,2026-03-25 09:05:10+00:00
Layla Haddad,akabir,group_chat,2026-03-25 09:05:10+00:00
Layla Haddad,fdubois,group_chat,2026-03-25 09:05:10+00:00
Joy Okonkwo,jokonkwo,group_chat,2026-03-25 09:06:00+00:00
Joy Okonkwo,lhaddad,group_chat,2026-03-25 09:06:00+00:00
Joy Okonkwo,akabir,group_chat,2026-03-25 09:06:00+00:00
Joy Okonkwo,fdubois,group_chat,2026-03-25 09:06:00+00:00
Aisha Kabir,jokonkwo,group_chat,2026-03-25 09:06:12+00:00
Aisha Kabir,lhaddad,group_chat,2026-03-25 09:06:12+00:00
Aisha Kabir,akabir,group_chat,2026-03-25 09:06:12+00:00
Aisha Kabir,fdubois,group_chat,2026-03-25 09:06:12+00:00
François Dubois,jokonkwo,group_chat,2026-03-25 09:08:40+00:00
François Dubois,lhaddad,group_chat,2026-03-25 09:08:40+00:00
François Dubois,akabir,group_chat,2026-03-25 09:08:40+00:00
François Dubois,fdubois,group_chat,2026-03-25 09:08:40+00:00
Layla Haddad,jokonkwo,group_chat,2026-03-25 09:09:00+00:00
Layla Haddad,lhaddad,group_chat,2026-03-25 09:09:00+00:00
Layla Haddad,akabir,group_chat,2026-03-25 09:09:00+00:00
Layla Haddad,fdubois,group_chat,2026-03-25 09:09:00+00:00
Aisha Kabir,jokonkwo,group_chat,2026-03-25 09:10:15+00:00
Aisha Kabir,lhaddad,group_chat,2026-03-25 09:10:15+00:00
Aisha Kabir,akabir,group_chat,2026-03-25 09:10:15+00:00
Aisha Kabir,fdubois,group_chat,2026-03-25 09:10:15+00:00
Joy Okonkwo,jokonkwo,group_chat,2026-03-25 09:10:30+00:00
Joy Okonkwo,lhaddad,group_chat,2026-03-25 09:10:30+00:00
Joy Okonkwo,akabir,group_chat,2026-03-25 09:10:30+00:00
Joy Okonkwo,fdubois,group_chat,2026-03-25 09:10:30+00:00
Layla Haddad,jokonkwo,group_chat,2026-03-25 09:11:00+00:00
Layla Haddad,lhaddad,group_chat,2026-03-25 09:11:00+00:00
Layla Haddad,akabir,group_chat,2026-03-25 09:11:00+00:00
Layla Haddad,fdubois,group_chat,2026-03-25 09:11:00+00:00
François Dubois,jokonkwo,group_chat,2026-03-25 09:12:45+00:00
François Dubois,lhaddad,group_chat,2026-03-25 09:12:45+00:00
François Dubois,akabir,group_chat,2026-03-25 09:12:45+00:00
François Dubois,fdubois,group_chat,2026-03-25 09:12:45+00:00
Joy Okonkwo,jokonkwo,group_chat,2026-03-25 09:13:10+00:00
Joy Okonkwo,lhaddad,group_chat,2026-03-25 09:13:10+00:00
Joy Okonkwo,akabir,group_chat,2026-03-25 09:13:10+00:00
Joy Okonkwo,fdubois,group_chat,2026-03-25 09:13:10+00:00
Layla Haddad,jokonkwo,group_chat,2026-03-25 09:14:00+00:00
Layla Haddad,lhaddad,group_chat,2026-03-25 09:14:00+00:00
Layla Haddad,akabir,group_chat,2026-03-25 09:14:00+00:00
Layla Haddad,fdubois,group_chat,2026-03-25 09:14:00+00:00
Aisha Kabir,jokonkwo,group_chat,2026-03-25 09:14:20+00:00
Aisha Kabir,lhaddad,group_chat,2026-03-25 09:14:20+00:00
Aisha Kabir,akabir,group_chat,2026-03-25 09:14:20+00:00
Aisha Kabir,fdubois,group_chat,2026-03-25 09:14:20+00:00
Layla Haddad,jokonkwo,group_chat,2026-03-25 09:14:40+00:00
Layla Haddad,lhaddad,group_chat,2026-03-25 09:14:40+00:00
Layla Haddad,akabir,group_chat,2026-03-25 09:14:40+00:00
Layla Haddad,fdubois,group_chat,2026-03-25 09:14:40+00:00
François Dubois,jokonkwo,group_chat,2026-03-25 09:15:25+00:00
François Dubois,lhaddad,group_chat,2026-03-25 09:15:25+00:00
François Dubois,akabir,group_chat,2026-03-25 09:15:25+00:00
François Dubois,fdubois,group_chat,2026-03-25 09:15:25+00:00
Joy Okonkwo,jokonkwo,group_chat,2026-03-25 09:15:50+00:00
Joy Okonkwo,lhaddad,group_chat,2026-03-25 09:15:50+00:00
Joy Okonkwo,akabir,group_chat,2026-03-25 09:15:50+00:00
Joy Okonkwo,fdubois,group_chat,2026-03-25 09:15:50+00:00
François Dubois,jokonkwo,group_chat,2026-03-25 09:16:05+00:00
François Dubois,lhaddad,group_chat,2026-03-25 09:16:05+00:00
François Dubois,akabir,group_chat,2026-03-25 09:16:05+00:00
François Dubois,fdubois,group_chat,2026-03-25 09:16:05+00:00
Kenji Tanaka,ktanaka,group_chat,2026-03-25 09:02:15+00:00
Kenji Tanaka,cnguyen,group_chat,2026-03-25 09:02:15+00:00
Kenji Tanaka,ysilva,group_chat,2026-03-25 09:02:15+00:00
Chi Nguyen,ktanaka,group_chat,2026-03-25 09:02:47+00:00
Chi Nguyen,cnguyen,group_chat,2026-03-25 09:02:47+00:00
Chi Nguyen,ysilva,group_chat,2026-03-25 09:02:47+00:00
Yolanda Silva,ktanaka,group_chat,2026-03-25 09:03:10+00:00
Yolanda Silva,cnguyen,group_chat,2026-03-25 09:03:10+00:00
Yolanda Silva,ysilva,group_chat,2026-03-25 09:03:10+00:00
Kenji Tanaka,ktanaka,group_chat,2026-03-25 09:03:30+00:00
Kenji Tanaka,cnguyen,group_chat,2026-03-25 09:03:30+00:00
Kenji Tanaka,ysilva,group_chat,2026-03-25 09:03:30+00:00
Chi Nguyen,ktanaka,group_chat,2026-03-25 09:04:12+00:00
Chi Nguyen,cnguyen,group_chat,2026-03-25 09:04:12+00:00
Chi Nguyen,ysilva,group_chat,2026-03-25 09:04:12+00:00
Yolanda Silva,ktanaka,group_chat,2026-03-25 09:04:29+00:00
Yolanda Silva,cnguyen,group_chat,2026-03-25 09:04:29+00:00
Yolanda Silva,ysilva,group_chat,2026-03-25 09:04:29+00:00
Kenji Tanaka,ktanaka,group_chat,2026-03-25 09:04:55+00:00
Kenji Tanaka,cnguyen,group_chat,2026-03-25 09:04:55+00:00
Kenji Tanaka,ysilva,group_chat,2026-03-25 09:04:55+00:00
Chi Nguyen,ktanaka,group_chat,2026-03-25 09:05:12+00:00
Chi Nguyen,cnguyen,group_chat,2026-03-25 09:05:12+00:00
Chi Nguyen,ysilva,group_chat,2026-03-25 09:05:12+00:00
Yolanda Silva,ktanaka,group_chat,2026-03-25 09:05:40+00:00
Yolanda Silva,cnguyen,group_chat,2026-03-25 09:05:40+00:00
Yolanda Silva,ysilva,group_chat,2026-03-25 09:05:40+00:00
Kenji Tanaka,ktanaka,group_chat,2026-03-25 09:06:01+00:00
Kenji Tanaka,cnguyen,group_chat,2026-03-25 09:06:01+00:00
Kenji Tanaka,ysilva,group_chat,2026-03-25 09:06:01+00:00
Chi Nguyen,ktanaka,group_chat,2026-03-25 09:07:17+00:00
Chi Nguyen,cnguyen,group_chat,2026-03-25 09:07:17+00:00
Chi Nguyen,ysilva,group_chat,2026-03-25 09:07:17+00:00
Yolanda Silva,ktanaka,group_chat,2026-03-25 09:07:25+00:00
Yolanda Silva,cnguyen,group_chat,2026-03-25 09:07:25+00:00
Yolanda Silva,ysilva,group_chat,2026-03-25 09:07:25+00:00
Kenji Tanaka,ktanaka,group_chat,2026-03-25 09:08:02+00:00
Kenji Tanaka,cnguyen,group_chat,2026-03-25 09:08:02+00:00
Kenji Tanaka,ysilva,group_chat,2026-03-25 09:08:02+00:00
Chi Nguyen,ktanaka,group_chat,2026-03-25 09:08:18+00:00
Chi Nguyen,cnguyen,group_chat,2026-03-25 09:08:18+00:00
Chi Nguyen,ysilva,group_chat,2026-03-25 09:08:18+00:00
Yolanda Silva,ktanaka,group_chat,2026-03-25 09:09:04+00:00
Yolanda Silva,cnguyen,group_chat,2026-03-25 09:09:04+00:00
Yolanda Silva,ysilva,group_chat,2026-03-25 09:09:04+00:00
Kenji Tanaka,ktanaka,group_chat,2026-03-25 09:09:25+00:00
Kenji Tanaka,cnguyen,group_chat,2026-03-25 09:09:25+00:00
Kenji Tanaka,ysilva,group_chat,2026-03-25 09:09:25+00:00
Chi Nguyen,ktanaka,group_chat,2026-03-25 09:09:40+00:00
Chi Nguyen,cnguyen,group_chat,2026-03-25 09:09:40+00:00
Chi Nguyen,ysilva,group_chat,2026-03-25 09:09:40+00:00
Chi Nguyen,cnguyen,group_chat,2026-03-25 09:01:00+00:00
Chi Nguyen,ksingh,group_chat,2026-03-25 09:01:00+00:00
Karan Singh,cnguyen,group_chat,2026-03-25 09:01:15+00:00
Karan Singh,ksingh,group_chat,2026-03-25 09:01:15+00:00
Chi Nguyen,cnguyen,group_chat,2026-03-25 09:02:00+00:00
Chi Nguyen,ksingh,group_chat,2026-03-25 09:02:00+00:00
Karan Singh,cnguyen,group_chat,2026-03-25 09:02:20+00:00
Karan Singh,ksingh,group_chat,2026-03-25 09:02:20+00:00
Chi Nguyen,cnguyen,group_chat,2026-03-25 09:02:35+00:00
Chi Nguyen,ksingh,group_chat,2026-03-25 09:02:35+00:00
Karan Singh,cnguyen,group_chat,2026-03-25 09:03:00+00:00
Karan Singh,ksingh,group_chat,2026-03-25 09:03:00+00:00
Chi Nguyen,cnguyen,group_chat,2026-03-25 09:04:15+00:00
Chi Nguyen,ksingh,group_chat,2026-03-25 09:04:15+00:00
Karan Singh,cnguyen,group_chat,2026-03-25 09:04:30+00:00
Karan Singh,ksingh,group_chat,2026-03-25 09:04:30+00:00
Karan Singh,cnguyen,group_chat,2026-03-25 09:05:10+00:00
Karan Singh,ksingh,group_chat,2026-03-25 09:05:10+00:00
Chi Nguyen,cnguyen,group_chat,2026-03-25 09:05:30+00:00
Chi Nguyen,ksingh,group_chat,2026-03-25 09:05:30+00:00
Karan Singh,cnguyen,group_chat,2026-03-25 09:06:00+00:00
Karan Singh,ksingh,group_chat,2026-03-25 09:06:00+00:00
Chi Nguyen,cnguyen,group_chat,2026-03-25 09:06:15+00:00
Chi Nguyen,ksingh,group_chat,2026-03-25 09:06:15+00:00
Karan Singh,cnguyen,group_chat,2026-03-25 09:08:30+00:00
Karan Singh,ksingh,group_chat,2026-03-25 09:08:30+00:00
Chi Nguyen,cnguyen,group_chat,2026-03-25 09:08:45+00:00
Chi Nguyen,ksingh,group_chat,2026-03-25 09:08:45+00:00
Karan Singh,cnguyen,group_chat,2026-03-25 09:09:20+00:00
Karan Singh,ksingh,group_chat,2026-03-25 09:09:20+00:00
Chi Nguyen,cnguyen,group_chat,2026-03-25 09:09:45+00:00
Chi Nguyen,ksingh,group_chat,2026-03-25 09:09:45+00:00
Karan Singh,cnguyen,group_chat,2026-03-25 09:10:00+00:00
Karan Singh,ksingh,group_chat,2026-03-25 09:10:00+00:00
Chi Nguyen,cnguyen,group_chat,2026-03-25 09:10:30+00:00
Chi Nguyen,ksingh,group_chat,2026-03-25 09:10:30+00:00
Karan Singh,cnguyen,group_chat,2026-03-25 09:10:45+00:00
Karan Singh,ksingh,group_chat,2026-03-25 09:10:45+00:00
Samuel Mensah,smensah,group_chat,2026-03-25 09:02:34+00:00
Samuel Mensah,yabdul,group_chat,2026-03-25 09:02:34+00:00
Samuel Mensah,jokafor,group_chat,2026-03-25 09:02:34+00:00
Yasmin Abdul,smensah,group_chat,2026-03-25 09:03:12+00:00
Yasmin Abdul,yabdul,group_chat,2026-03-25 09:03:12+00:00
Yasmin Abdul,jokafor,group_chat,2026-03-25 09:03:12+00:00
Joy Okafor,smensah,group_chat,2026-03-25 09:03:45+00:00
Joy Okafor,yabdul,group_chat,2026-03-25 09:03:45+00:00
Joy Okafor,jokafor,group_chat,2026-03-25 09:03:45+00:00
Joy Okafor,smensah,group_chat,2026-03-25 09:05:01+00:00
Joy Okafor,yabdul,group_chat,2026-03-25 09:05:01+00:00
Joy Okafor,jokafor,group_chat,2026-03-25 09:05:01+00:00
Yasmin Abdul,smensah,group_chat,2026-03-25 09:05:20+00:00
Yasmin Abdul,yabdul,group_chat,2026-03-25 09:05:20+00:00
Yasmin Abdul,jokafor,group_chat,2026-03-25 09:05:20+00:00
Yasmin Abdul,smensah,group_chat,2026-03-25 09:06:02+00:00
Yasmin Abdul,yabdul,group_chat,2026-03-25 09:06:02+00:00
Yasmin Abdul,jokafor,group_chat,2026-03-25 09:06:02+00:00
Joy Okafor,smensah,group_chat,2026-03-25 09:06:18+00:00
Joy Okafor,yabdul,group_chat,2026-03-25 09:06:18+00:00
Joy Okafor,jokafor,group_chat,2026-03-25 09:06:18+00:00
Samuel Mensah,smensah,group_chat,2026-03-25 09:07:54+00:00
Samuel Mensah,yabdul,group_chat,2026-03-25 09:07:54+00:00
Samuel Mensah,jokafor,group_chat,2026-03-25 09:07:54+00:00
Yasmin Abdul,smensah,group_chat,2026-03-25 09:08:30+00:00
Yasmin Abdul,yabdul,group_chat,2026-03-25 09:08:30+00:00
Yasmin Abdul,jokafor,group_chat,2026-03-25 09:08:30+00:00
Joy Okafor,smensah,group_chat,2026-03-25 09:09:42+00:00
Joy Okafor,yabdul,group_chat,2026-03-25 09:09:42+00:00
Joy Okafor,jokafor,group_chat,2026-03-25 09:09:42+00:00
Samuel Mensah,smensah,group_chat,2026-03-25 09:10:15+00:00
Samuel Mensah,yabdul,group_chat,2026-03-25 09:10:15+00:00
Samuel Mensah,jokafor,group_chat,2026-03-25 09:10:15+00:00
Yasmin Abdul,smensah,group_chat,2026-03-25 09:10:40+00:00
Yasmin Abdul,yabdul,group_chat,2026-03-25 09:10:40+00:00
Yasmin Abdul,jokafor,group_chat,2026-03-25 09:10:40+00:00
Joy Okafor,smensah,group_chat,2026-03-25 09:12:03+00:00
Joy Okafor,yabdul,group_chat,2026-03-25 09:12:03+00:00
Joy Okafor,jokafor,group_chat,2026-03-25 09:12:03+00:00
Samuel Mensah,smensah,group_chat,2026-03-25 09:12:18+00:00
Samuel Mensah,yabdul,group_chat,2026-03-25 09:12:18+00:00
Samuel Mensah,jokafor,group_chat,2026-03-25 09:12:18+00:00
Yasmin Abdul,smensah,group_chat,2026-03-25 09:13:02+00:00
Yasmin Abdul,yabdul,group_chat,2026-03-25 09:13:02+00:00
Yasmin Abdul,jokafor,group_chat,2026-03-25 09:13:02+00:00
Joy Okafor,smensah,group_chat,2026-03-25 09:13:20+00:00
Joy Okafor,yabdul,group_chat,2026-03-25 09:13:20+00:00
Joy Okafor,jokafor,group_chat,2026-03-25 09:13:20+00:00
Samuel Mensah,smensah,group_chat,2026-03-25 09:14:10+00:00
Samuel Mensah,yabdul,group_chat,2026-03-25 09:14:10+00:00
Samuel Mensah,jokafor,group_chat,2026-03-25 09:14:10+00:00
Neha Pande,npande,group_chat,2026-03-25 14:02:15+00:00
Neha Pande,aramirez,group_chat,2026-03-25 14:02:15+00:00
Neha Pande,ysilva,group_chat,2026-03-25 14:02:15+00:00
Ana Ramirez,npande,group_chat,2026-03-25 14:02:45+00:00
Ana Ramirez,aramirez,group_chat,2026-03-25 14:02:45+00:00
Ana Ramirez,ysilva,group_chat,2026-03-25 14:02:45+00:00
Yolanda Silva,npande,group_chat,2026-03-25 14:03:12+00:00
Yolanda Silva,aramirez,group_chat,2026-03-25 14:03:12+00:00
Yolanda Silva,ysilva,group_chat,2026-03-25 14:03:12+00:00
Neha Pande,npande,group_chat,2026-03-25 14:04:30+00:00
Neha Pande,aramirez,group_chat,2026-03-25 14:04:30+00:00
Neha Pande,ysilva,group_chat,2026-03-25 14:04:30+00:00
Ana Ramirez,npande,group_chat,2026-03-25 14:05:10+00:00
Ana Ramirez,aramirez,group_chat,2026-03-25 14:05:10+00:00
Ana Ramirez,ysilva,group_chat,2026-03-25 14:05:10+00:00
Yolanda Silva,npande,group_chat,2026-03-25 14:05:45+00:00
Yolanda Silva,aramirez,group_chat,2026-03-25 14:05:45+00:00
Yolanda Silva,ysilva,group_chat,2026-03-25 14:05:45+00:00
Neha Pande,npande,group_chat,2026-03-25 14:06:32+00:00
Neha Pande,aramirez,group_chat,2026-03-25 14:06:32+00:00
Neha Pande,ysilva,group_chat,2026-03-25 14:06:32+00:00
Ana Ramirez,npande,group_chat,2026-03-25 14:06:50+00:00
Ana Ramirez,aramirez,group_chat,2026-03-25 14:06:50+00:00
Ana Ramirez,ysilva,group_chat,2026-03-25 14:06:50+00:00
Ana Ramirez,npande,group_chat,2026-03-25 14:07:15+00:00
Ana Ramirez,aramirez,group_chat,2026-03-25 14:07:15+00:00
Ana Ramirez,ysilva,group_chat,2026-03-25 14:07:15+00:00
Neha Pande,npande,group_chat,2026-03-25 14:07:42+00:00
Neha Pande,aramirez,group_chat,2026-03-25 14:07:42+00:00
Neha Pande,ysilva,group_chat,2026-03-25 14:07:42+00:00
Yolanda Silva,npande,group_chat,2026-03-25 14:08:10+00:00
Yolanda Silva,aramirez,group_chat,2026-03-25 14:08:10+00:00
Yolanda Silva,ysilva,group_chat,2026-03-25 14:08:10+00:00
Ana Ramirez,npande,group_chat,2026-03-25 14:08:23+00:00
Ana Ramirez,aramirez,group_chat,2026-03-25 14:08:23+00:00
Ana Ramirez,ysilva,group_chat,2026-03-25 14:08:23+00:00
Yolanda Silva,npande,group_chat,2026-03-25 14:08:40+00:00
Yolanda Silva,aramirez,group_chat,2026-03-25 14:08:40+00:00
Yolanda Silva,ysilva,group_chat,2026-03-25 14:08:40+00:00
Neha Pande,npande,group_chat,2026-03-25 14:09:12+00:00
Neha Pande,aramirez,group_chat,2026-03-25 14:09:12+00:00
Neha Pande,ysilva,group_chat,2026-03-25 14:09:12+00:00
Ana Ramirez,npande,group_chat,2026-03-25 14:09:45+00:00
Ana Ramirez,aramirez,group_chat,2026-03-25 14:09:45+00:00
Ana Ramirez,ysilva,group_chat,2026-03-25 14:09:45+00:00
Neha Pande,npande,group_chat,2026-03-25 14:10:10+00:00
Neha Pande,aramirez,group_chat,2026-03-25 14:10:10+00:00
Neha Pande,ysilva,group_chat,2026-03-25 14:10:10+00:00
Yolanda Silva,npande,group_chat,2026-03-25 14:11:02+00:00
Yolanda Silva,aramirez,group_chat,2026-03-25 14:11:02+00:00
Yolanda Silva,ysilva,group_chat,2026-03-25 14:11:02+00:00
Neha Pande,npande,group_chat,2026-03-25 14:11:22+00:00
Neha Pande,aramirez,group_chat,2026-03-25 14:11:22+00:00
Neha Pande,ysilva,group_chat,2026-03-25 14:11:22+00:00
Maria Garcia,mgarcia,group_chat,2026-03-26 09:12:00+00:00
Maria Garcia,jokonkwo,group_chat,2026-03-26 09:12:00+00:00
Maria Garcia,akabir,group_chat,2026-03-26 09:12:00+00:00
Maria Garcia,fdubois,group_chat,2026-03-26 09:12:00+00:00
Joy Okonkwo,mgarcia,group_chat,2026-03-26 09:13:12+00:00
Joy Okonkwo,jokonkwo,group_chat,2026-03-26 09:13:12+00:00
Joy Okonkwo,akabir,group_chat,2026-03-26 09:13:12+00:00
Joy Okonkwo,fdubois,group_chat,2026-03-26 09:13:12+00:00
Aisha Kabir,mgarcia,group_chat,2026-03-26 09:14:05+00:00
Aisha Kabir,jokonkwo,group_chat,2026-03-26 09:14:05+00:00
Aisha Kabir,akabir,group_chat,2026-03-26 09:14:05+00:00
Aisha Kabir,fdubois,group_chat,2026-03-26 09:14:05+00:00
François Dubois,mgarcia,group_chat,2026-03-26 09:14:40+00:00
François Dubois,jokonkwo,group_chat,2026-03-26 09:14:40+00:00
François Dubois,akabir,group_chat,2026-03-26 09:14:40+00:00
François Dubois,fdubois,group_chat,2026-03-26 09:14:40+00:00
Maria Garcia,mgarcia,group_chat,2026-03-26 09:15:10+00:00
Maria Garcia,jokonkwo,group_chat,2026-03-26 09:15:10+00:00
Maria Garcia,akabir,group_chat,2026-03-26 09:15:10+00:00
Maria Garcia,fdubois,group_chat,2026-03-26 09:15:10+00:00
Joy Okonkwo,mgarcia,group_chat,2026-03-26 09:15:35+00:00
Joy Okonkwo,jokonkwo,group_chat,2026-03-26 09:15:35+00:00
Joy Okonkwo,akabir,group_chat,2026-03-26 09:15:35+00:00
Joy Okonkwo,fdubois,group_chat,2026-03-26 09:15:35+00:00
Aisha Kabir,mgarcia,group_chat,2026-03-26 09:16:20+00:00
Aisha Kabir,jokonkwo,group_chat,2026-03-26 09:16:20+00:00
Aisha Kabir,akabir,group_chat,2026-03-26 09:16:20+00:00
Aisha Kabir,fdubois,group_chat,2026-03-26 09:16:20+00:00
Maria Garcia,mgarcia,group_chat,2026-03-26 09:16:40+00:00
Maria Garcia,jokonkwo,group_chat,2026-03-26 09:16:40+00:00
Maria Garcia,akabir,group_chat,2026-03-26 09:16:40+00:00
Maria Garcia,fdubois,group_chat,2026-03-26 09:16:40+00:00
Joy Okonkwo,mgarcia,group_chat,2026-03-26 09:17:50+00:00
Joy Okonkwo,jokonkwo,group_chat,2026-03-26 09:17:50+00:00
Joy Okonkwo,akabir,group_chat,2026-03-26 09:17:50+00:00
Joy Okonkwo,fdubois,group_chat,2026-03-26 09:17:50+00:00
François Dubois,mgarcia,group_chat,2026-03-26 09:18:25+00:00
François Dubois,jokonkwo,group_chat,2026-03-26 09:18:25+00:00
François Dubois,akabir,group_chat,2026-03-26 09:18:25+00:00
François Dubois,fdubois,group_chat,2026-03-26 09:18:25+00:00
Maria Garcia,mgarcia,group_chat,2026-03-26 09:19:00+00:00
Maria Garcia,jokonkwo,group_chat,2026-03-26 09:19:00+00:00
Maria Garcia,akabir,group_chat,2026-03-26 09:19:00+00:00
Maria Garcia,fdubois,group_chat,2026-03-26 09:19:00+00:00
Aisha Kabir,mgarcia,group_chat,2026-03-26 09:19:20+00:00
Aisha Kabir,jokonkwo,group_chat,2026-03-26 09:19:20+00:00
Aisha Kabir,akabir,group_chat,2026-03-26 09:19:20+00:00
Aisha Kabir,fdubois,group_chat,2026-03-26 09:19:20+00:00
Joy Okonkwo,mgarcia,group_chat,2026-03-26 09:19:45+00:00
Joy Okonkwo,jokonkwo,group_chat,2026-03-26 09:19:45+00:00
Joy Okonkwo,akabir,group_chat,2026-03-26 09:19:45+00:00
Joy Okonkwo,fdubois,group_chat,2026-03-26 09:19:45+00:00
Maria Garcia,mgarcia,group_chat,2026-03-26 09:20:10+00:00
Maria Garcia,jokonkwo,group_chat,2026-03-26 09:20:10+00:00
Maria Garcia,akabir,group_chat,2026-03-26 09:20:10+00:00
Maria Garcia,fdubois,group_chat,2026-03-26 09:20:10+00:00
François Dubois,mgarcia,group_chat,2026-03-26 09:20:40+00:00
François Dubois,jokonkwo,group_chat,2026-03-26 09:20:40+00:00
François Dubois,akabir,group_chat,2026-03-26 09:20:40+00:00
François Dubois,fdubois,group_chat,2026-03-26 09:20:40+00:00
Maria Garcia,mgarcia,group_chat,2026-03-26 09:21:05+00:00
Maria Garcia,jokonkwo,group_chat,2026-03-26 09:21:05+00:00
Maria Garcia,akabir,group_chat,2026-03-26 09:21:05+00:00
Maria Garcia,fdubois,group_chat,2026-03-26 09:21:05+00:00
Joy Okonkwo,mgarcia,group_chat,2026-03-26 09:21:30+00:00
Joy Okonkwo,jokonkwo,group_chat,2026-03-26 09:21:30+00:00
Joy Okonkwo,akabir,group_chat,2026-03-26 09:21:30+00:00
Joy Okonkwo,fdubois,group_chat,2026-03-26 09:21:30+00:00
Aisha Kabir,mgarcia,group_chat,2026-03-26 09:23:10+00:00
Aisha Kabir,jokonkwo,group_chat,2026-03-26 09:23:10+00:00
Aisha Kabir,akabir,group_chat,2026-03-26 09:23:10+00:00
Aisha Kabir,fdubois,group_chat,2026-03-26 09:23:10+00:00
Maria Garcia,mgarcia,group_chat,2026-03-26 09:23:40+00:00
Maria Garcia,jokonkwo,group_chat,2026-03-26 09:23:40+00:00
Maria Garcia,akabir,group_chat,2026-03-26 09:23:40+00:00
Maria Garcia,fdubois,group_chat,2026-03-26 09:23:40+00:00
François Dubois,mgarcia,group_chat,2026-03-26 09:24:10+00:00
François Dubois,jokonkwo,group_chat,2026-03-26 09:24:10+00:00
François Dubois,akabir,group_chat,2026-03-26 09:24:10+00:00
François Dubois,fdubois,group_chat,2026-03-26 09:24:10+00:00
Maria Garcia,mgarcia,group_chat,2026-03-26 09:24:30+00:00
Maria Garcia,jokonkwo,group_chat,2026-03-26 09:24:30+00:00
Maria Garcia,akabir,group_chat,2026-03-26 09:24:30+00:00
Maria Garcia,fdubois,group_chat,2026-03-26 09:24:30+00:00
Joy Okonkwo,mgarcia,group_chat,2026-03-26 09:25:15+00:00
Joy Okonkwo,jokonkwo,group_chat,2026-03-26 09:25:15+00:00
Joy Okonkwo,akabir,group_chat,2026-03-26 09:25:15+00:00
Joy Okonkwo,fdubois,group_chat,2026-03-26 09:25:15+00:00
Aisha Kabir,mgarcia,group_chat,2026-03-26 09:25:30+00:00
Aisha Kabir,jokonkwo,group_chat,2026-03-26 09:25:30+00:00
Aisha Kabir,akabir,group_chat,2026-03-26 09:25:30+00:00
Aisha Kabir,fdubois,group_chat,2026-03-26 09:25:30+00:00
François Dubois,mgarcia,group_chat,2026-03-26 09:26:05+00:00
François Dubois,jokonkwo,group_chat,2026-03-26 09:26:05+00:00
François Dubois,akabir,group_chat,2026-03-26 09:26:05+00:00
François Dubois,fdubois,group_chat,2026-03-26 09:26:05+00:00
Maria Garcia,mgarcia,group_chat,2026-03-26 09:26:30+00:00
Maria Garcia,jokonkwo,group_chat,2026-03-26 09:26:30+00:00
Maria Garcia,akabir,group_chat,2026-03-26 09:26:30+00:00
Maria Garcia,fdubois,group_chat,2026-03-26 09:26:30+00:00
Layla Haddad,lhaddad,group_chat,2026-03-26 09:15:00+00:00
Layla Haddad,smensah,group_chat,2026-03-26 09:15:00+00:00
Layla Haddad,yabdul,group_chat,2026-03-26 09:15:00+00:00
Layla Haddad,jokafor,group_chat,2026-03-26 09:15:00+00:00
Samuel Mensah,lhaddad,group_chat,2026-03-26 09:15:45+00:00
Samuel Mensah,smensah,group_chat,2026-03-26 09:15:45+00:00
Samuel Mensah,yabdul,group_chat,2026-03-26 09:15:45+00:00
Samuel Mensah,jokafor,group_chat,2026-03-26 09:15:45+00:00
Joy Okafor,lhaddad,group_chat,2026-03-26 09:16:30+00:00
Joy Okafor,smensah,group_chat,2026-03-26 09:16:30+00:00
Joy Okafor,yabdul,group_chat,2026-03-26 09:16:30+00:00
Joy Okafor,jokafor,group_chat,2026-03-26 09:16:30+00:00
Yasmin Abdul,lhaddad,group_chat,2026-03-26 09:17:10+00:00
Yasmin Abdul,smensah,group_chat,2026-03-26 09:17:10+00:00
Yasmin Abdul,yabdul,group_chat,2026-03-26 09:17:10+00:00
Yasmin Abdul,jokafor,group_chat,2026-03-26 09:17:10+00:00
Layla Haddad,lhaddad,group_chat,2026-03-26 09:17:50+00:00
Layla Haddad,smensah,group_chat,2026-03-26 09:17:50+00:00
Layla Haddad,yabdul,group_chat,2026-03-26 09:17:50+00:00
Layla Haddad,jokafor,group_chat,2026-03-26 09:17:50+00:00
Yasmin Abdul,lhaddad,group_chat,2026-03-26 09:18:05+00:00
Yasmin Abdul,smensah,group_chat,2026-03-26 09:18:05+00:00
Yasmin Abdul,yabdul,group_chat,2026-03-26 09:18:05+00:00
Yasmin Abdul,jokafor,group_chat,2026-03-26 09:18:05+00:00
Samuel Mensah,lhaddad,group_chat,2026-03-26 09:18:40+00:00
Samuel Mensah,smensah,group_chat,2026-03-26 09:18:40+00:00
Samuel Mensah,yabdul,group_chat,2026-03-26 09:18:40+00:00
Samuel Mensah,jokafor,group_chat,2026-03-26 09:18:40+00:00
Joy Okafor,lhaddad,group_chat,2026-03-26 09:19:20+00:00
Joy Okafor,smensah,group_chat,2026-03-26 09:19:20+00:00
Joy Okafor,yabdul,group_chat,2026-03-26 09:19:20+00:00
Joy Okafor,jokafor,group_chat,2026-03-26 09:19:20+00:00
Yasmin Abdul,lhaddad,group_chat,2026-03-26 09:20:00+00:00
Yasmin Abdul,smensah,group_chat,2026-03-26 09:20:00+00:00
Yasmin Abdul,yabdul,group_chat,2026-03-26 09:20:00+00:00
Yasmin Abdul,jokafor,group_chat,2026-03-26 09:20:00+00:00
Layla Haddad,lhaddad,group_chat,2026-03-26 09:20:50+00:00
Layla Haddad,smensah,group_chat,2026-03-26 09:20:50+00:00
Layla Haddad,yabdul,group_chat,2026-03-26 09:20:50+00:00
Layla Haddad,jokafor,group_chat,2026-03-26 09:20:50+00:00
Joy Okafor,lhaddad,group_chat,2026-03-26 09:21:15+00:00
Joy Okafor,smensah,group_chat,2026-03-26 09:21:15+00:00
Joy Okafor,yabdul,group_chat,2026-03-26 09:21:15+00:00
Joy Okafor,jokafor,group_chat,2026-03-26 09:21:15+00:00
Samuel Mensah,lhaddad,group_chat,2026-03-26 09:22:00+00:00
Samuel Mensah,smensah,group_chat,2026-03-26 09:22:00+00:00
Samuel Mensah,yabdul,group_chat,2026-03-26 09:22:00+00:00
Samuel Mensah,jokafor,group_chat,2026-03-26 09:22:00+00:00
Layla Haddad,lhaddad,group_chat,2026-03-26 09:22:45+00:00
Layla Haddad,smensah,group_chat,2026-03-26 09:22:45+00:00
Layla Haddad,yabdul,group_chat,2026-03-26 09:22:45+00:00
Layla Haddad,jokafor,group_chat,2026-03-26 09:22:45+00:00
Yasmin Abdul,lhaddad,group_chat,2026-03-26 09:23:30+00:00
Yasmin Abdul,smensah,group_chat,2026-03-26 09:23:30+00:00
Yasmin Abdul,yabdul,group_chat,2026-03-26 09:23:30+00:00
Yasmin Abdul,jokafor,group_chat,2026-03-26 09:23:30+00:00
Joy Okafor,lhaddad,group_chat,2026-03-26 09:24:10+00:00
Joy Okafor,smensah,group_chat,2026-03-26 09:24:10+00:00
Joy Okafor,yabdul,group_chat,2026-03-26 09:24:10+00:00
Joy Okafor,jokafor,group_chat,2026-03-26 09:24:10+00:00
Samuel Mensah,lhaddad,group_chat,2026-03-26 09:24:50+00:00
Samuel Mensah,smensah,group_chat,2026-03-26 09:24:50+00:00
Samuel Mensah,yabdul,group_chat,2026-03-26 09:24:50+00:00
Samuel Mensah,jokafor,group_chat,2026-03-26 09:24:50+00:00
Layla Haddad,lhaddad,group_chat,2026-03-26 09:25:25+00:00
Layla Haddad,smensah,group_chat,2026-03-26 09:25:25+00:00
Layla Haddad,yabdul,group_chat,2026-03-26 09:25:25+00:00
Layla Haddad,jokafor,group_chat,2026-03-26 09:25:25+00:00
Joy Okafor,lhaddad,group_chat,2026-03-26 09:26:00+00:00
Joy Okafor,smensah,group_chat,2026-03-26 09:26:00+00:00
Joy Okafor,yabdul,group_chat,2026-03-26 09:26:00+00:00
Joy Okafor,jokafor,group_chat,2026-03-26 09:26:00+00:00
Samuel Mensah,lhaddad,group_chat,2026-03-26 09:26:30+00:00
Samuel Mensah,smensah,group_chat,2026-03-26 09:26:30+00:00
Samuel Mensah,yabdul,group_chat,2026-03-26 09:26:30+00:00
Samuel Mensah,jokafor,group_chat,2026-03-26 09:26:30+00:00
Layla Haddad,lhaddad,group_chat,2026-03-26 09:27:00+00:00
Layla Haddad,smensah,group_chat,2026-03-26 09:27:00+00:00
Layla Haddad,yabdul,group_chat,2026-03-26 09:27:00+00:00
Layla Haddad,jokafor,group_chat,2026-03-26 09:27:00+00:00
karan_sharma,ksharma,group_chat,2026-03-26 09:15:00+00:00
karan_sharma,ktanaka,group_chat,2026-03-26 09:15:00+00:00
karan_sharma,cnguyen,group_chat,2026-03-26 09:15:00+00:00
kenji_tanaka,ksharma,group_chat,2026-03-26 09:16:12+00:00
kenji_tanaka,ktanaka,group_chat,2026-03-26 09:16:12+00:00
kenji_tanaka,cnguyen,group_chat,2026-03-26 09:16:12+00:00
chi_nguyen,ksharma,group_chat,2026-03-26 09:16:45+00:00
chi_nguyen,ktanaka,group_chat,2026-03-26 09:16:45+00:00
chi_nguyen,cnguyen,group_chat,2026-03-26 09:16:45+00:00
karan_sharma,ksharma,group_chat,2026-03-26 09:17:30+00:00
karan_sharma,ktanaka,group_chat,2026-03-26 09:17:30+00:00
karan_sharma,cnguyen,group_chat,2026-03-26 09:17:30+00:00
chi_nguyen,ksharma,group_chat,2026-03-26 09:18:02+00:00
chi_nguyen,ktanaka,group_chat,2026-03-26 09:18:02+00:00
chi_nguyen,cnguyen,group_chat,2026-03-26 09:18:02+00:00
kenji_tanaka,ksharma,group_chat,2026-03-26 09:18:30+00:00
kenji_tanaka,ktanaka,group_chat,2026-03-26 09:18:30+00:00
kenji_tanaka,cnguyen,group_chat,2026-03-26 09:18:30+00:00
chi_nguyen,ksharma,group_chat,2026-03-26 09:18:50+00:00
chi_nguyen,ktanaka,group_chat,2026-03-26 09:18:50+00:00
chi_nguyen,cnguyen,group_chat,2026-03-26 09:18:50+00:00
karan_sharma,ksharma,group_chat,2026-03-26 09:19:20+00:00
karan_sharma,ktanaka,group_chat,2026-03-26 09:19:20+00:00
karan_sharma,cnguyen,group_chat,2026-03-26 09:19:20+00:00
kenji_tanaka,ksharma,group_chat,2026-03-26 09:19:45+00:00
kenji_tanaka,ktanaka,group_chat,2026-03-26 09:19:45+00:00
kenji_tanaka,cnguyen,group_chat,2026-03-26 09:19:45+00:00
chi_nguyen,ksharma,group_chat,2026-03-26 09:20:12+00:00
chi_nguyen,ktanaka,group_chat,2026-03-26 09:20:12+00:00
chi_nguyen,cnguyen,group_chat,2026-03-26 09:20:12+00:00
chi_nguyen,ksharma,group_chat,2026-03-26 09:22:05+00:00
chi_nguyen,ktanaka,group_chat,2026-03-26 09:22:05+00:00
chi_nguyen,cnguyen,group_chat,2026-03-26 09:22:05+00:00
karan_sharma,ksharma,group_chat,2026-03-26 09:22:30+00:00
karan_sharma,ktanaka,group_chat,2026-03-26 09:22:30+00:00
karan_sharma,cnguyen,group_chat,2026-03-26 09:22:30+00:00
kenji_tanaka,ksharma,group_chat,2026-03-26 09:23:00+00:00
kenji_tanaka,ktanaka,group_chat,2026-03-26 09:23:00+00:00
kenji_tanaka,cnguyen,group_chat,2026-03-26 09:23:00+00:00
chi_nguyen,ksharma,group_chat,2026-03-26 09:23:20+00:00
chi_nguyen,ktanaka,group_chat,2026-03-26 09:23:20+00:00
chi_nguyen,cnguyen,group_chat,2026-03-26 09:23:20+00:00
karan_sharma,ksharma,group_chat,2026-03-26 09:24:00+00:00
karan_sharma,ktanaka,group_chat,2026-03-26 09:24:00+00:00
karan_sharma,cnguyen,group_chat,2026-03-26 09:24:00+00:00
Joy Okonkwo,jokonkwo,group_chat,2026-03-26 10:12:34+00:00
Joy Okonkwo,fdubois,group_chat,2026-03-26 10:12:34+00:00
Joy Okonkwo,akabir,group_chat,2026-03-26 10:12:34+00:00
Aisha Kabir,jokonkwo,group_chat,2026-03-26 10:13:02+00:00
Aisha Kabir,fdubois,group_chat,2026-03-26 10:13:02+00:00
Aisha Kabir,akabir,group_chat,2026-03-26 10:13:02+00:00
François Dubois,jokonkwo,group_chat,2026-03-26 10:13:18+00:00
François Dubois,fdubois,group_chat,2026-03-26 10:13:18+00:00
François Dubois,akabir,group_chat,2026-03-26 10:13:18+00:00
Joy Okonkwo,jokonkwo,group_chat,2026-03-26 10:14:10+00:00
Joy Okonkwo,fdubois,group_chat,2026-03-26 10:14:10+00:00
Joy Okonkwo,akabir,group_chat,2026-03-26 10:14:10+00:00
Aisha Kabir,jokonkwo,group_chat,2026-03-26 10:14:22+00:00
Aisha Kabir,fdubois,group_chat,2026-03-26 10:14:22+00:00
Aisha Kabir,akabir,group_chat,2026-03-26 10:14:22+00:00
François Dubois,jokonkwo,group_chat,2026-03-26 10:14:30+00:00
François Dubois,fdubois,group_chat,2026-03-26 10:14:30+00:00
François Dubois,akabir,group_chat,2026-03-26 10:14:30+00:00
Aisha Kabir,jokonkwo,group_chat,2026-03-26 10:15:45+00:00
Aisha Kabir,fdubois,group_chat,2026-03-26 10:15:45+00:00
Aisha Kabir,akabir,group_chat,2026-03-26 10:15:45+00:00
François Dubois,jokonkwo,group_chat,2026-03-26 10:16:12+00:00
François Dubois,fdubois,group_chat,2026-03-26 10:16:12+00:00
François Dubois,akabir,group_chat,2026-03-26 10:16:12+00:00
Joy Okonkwo,jokonkwo,group_chat,2026-03-26 10:16:45+00:00
Joy Okonkwo,fdubois,group_chat,2026-03-26 10:16:45+00:00
Joy Okonkwo,akabir,group_chat,2026-03-26 10:16:45+00:00
Aisha Kabir,jokonkwo,group_chat,2026-03-26 10:17:03+00:00
Aisha Kabir,fdubois,group_chat,2026-03-26 10:17:03+00:00
Aisha Kabir,akabir,group_chat,2026-03-26 10:17:03+00:00
Joy Okonkwo,jokonkwo,group_chat,2026-03-26 10:17:38+00:00
Joy Okonkwo,fdubois,group_chat,2026-03-26 10:17:38+00:00
Joy Okonkwo,akabir,group_chat,2026-03-26 10:17:38+00:00
François Dubois,jokonkwo,group_chat,2026-03-26 10:18:10+00:00
François Dubois,fdubois,group_chat,2026-03-26 10:18:10+00:00
François Dubois,akabir,group_chat,2026-03-26 10:18:10+00:00
François Dubois,jokonkwo,group_chat,2026-03-26 10:19:02+00:00
François Dubois,fdubois,group_chat,2026-03-26 10:19:02+00:00
François Dubois,akabir,group_chat,2026-03-26 10:19:02+00:00
Joy Okonkwo,jokonkwo,group_chat,2026-03-26 10:20:45+00:00
Joy Okonkwo,fdubois,group_chat,2026-03-26 10:20:45+00:00
Joy Okonkwo,akabir,group_chat,2026-03-26 10:20:45+00:00
Aisha Kabir,jokonkwo,group_chat,2026-03-26 10:21:12+00:00
Aisha Kabir,fdubois,group_chat,2026-03-26 10:21:12+00:00
Aisha Kabir,akabir,group_chat,2026-03-26 10:21:12+00:00
Joy Okonkwo,jokonkwo,group_chat,2026-03-26 10:21:30+00:00
Joy Okonkwo,fdubois,group_chat,2026-03-26 10:21:30+00:00
Joy Okonkwo,akabir,group_chat,2026-03-26 10:21:30+00:00
François Dubois,jokonkwo,group_chat,2026-03-26 10:22:01+00:00
François Dubois,fdubois,group_chat,2026-03-26 10:22:01+00:00
François Dubois,akabir,group_chat,2026-03-26 10:22:01+00:00
Joy Okonkwo,jokonkwo,group_chat,2026-03-26 10:26:45+00:00
Joy Okonkwo,fdubois,group_chat,2026-03-26 10:26:45+00:00
Joy Okonkwo,akabir,group_chat,2026-03-26 10:26:45+00:00
Aisha Kabir,jokonkwo,group_chat,2026-03-26 10:27:01+00:00
Aisha Kabir,fdubois,group_chat,2026-03-26 10:27:01+00:00
Aisha Kabir,akabir,group_chat,2026-03-26 10:27:01+00:00
François Dubois,jokonkwo,group_chat,2026-03-26 10:27:20+00:00
François Dubois,fdubois,group_chat,2026-03-26 10:27:20+00:00
François Dubois,akabir,group_chat,2026-03-26 10:27:20+00:00
Hiroshi Matsuda,hmatsuda,group_chat,2026-03-26 10:12:43+00:00
Hiroshi Matsuda,fdubois,group_chat,2026-03-26 10:12:43+00:00
Hiroshi Matsuda,lgomez,group_chat,2026-03-26 10:12:43+00:00
Luis Gomez,hmatsuda,group_chat,2026-03-26 10:13:15+00:00
Luis Gomez,fdubois,group_chat,2026-03-26 10:13:15+00:00
Luis Gomez,lgomez,group_chat,2026-03-26 10:13:15+00:00
François Dubois,hmatsuda,group_chat,2026-03-26 10:13:53+00:00
François Dubois,fdubois,group_chat,2026-03-26 10:13:53+00:00
François Dubois,lgomez,group_chat,2026-03-26 10:13:53+00:00
Hiroshi Matsuda,hmatsuda,group_chat,2026-03-26 10:14:30+00:00
Hiroshi Matsuda,fdubois,group_chat,2026-03-26 10:14:30+00:00
Hiroshi Matsuda,lgomez,group_chat,2026-03-26 10:14:30+00:00
Luis Gomez,hmatsuda,group_chat,2026-03-26 10:14:45+00:00
Luis Gomez,fdubois,group_chat,2026-03-26 10:14:45+00:00
Luis Gomez,lgomez,group_chat,2026-03-26 10:14:45+00:00
François Dubois,hmatsuda,group_chat,2026-03-26 10:15:12+00:00
François Dubois,fdubois,group_chat,2026-03-26 10:15:12+00:00
François Dubois,lgomez,group_chat,2026-03-26 10:15:12+00:00
Luis Gomez,hmatsuda,group_chat,2026-03-26 10:16:03+00:00
Luis Gomez,fdubois,group_chat,2026-03-26 10:16:03+00:00
Luis Gomez,lgomez,group_chat,2026-03-26 10:16:03+00:00
Hiroshi Matsuda,hmatsuda,group_chat,2026-03-26 10:16:25+00:00
Hiroshi Matsuda,fdubois,group_chat,2026-03-26 10:16:25+00:00
Hiroshi Matsuda,lgomez,group_chat,2026-03-26 10:16:25+00:00
Luis Gomez,hmatsuda,group_chat,2026-03-26 10:17:01+00:00
Luis Gomez,fdubois,group_chat,2026-03-26 10:17:01+00:00
Luis Gomez,lgomez,group_chat,2026-03-26 10:17:01+00:00
François Dubois,hmatsuda,group_chat,2026-03-26 10:17:29+00:00
François Dubois,fdubois,group_chat,2026-03-26 10:17:29+00:00
François Dubois,lgomez,group_chat,2026-03-26 10:17:29+00:00
Luis Gomez,hmatsuda,group_chat,2026-03-26 10:17:45+00:00
Luis Gomez,fdubois,group_chat,2026-03-26 10:17:45+00:00
Luis Gomez,lgomez,group_chat,2026-03-26 10:17:45+00:00
Hiroshi Matsuda,hmatsuda,group_chat,2026-03-26 10:18:10+00:00
Hiroshi Matsuda,fdubois,group_chat,2026-03-26 10:18:10+00:00
Hiroshi Matsuda,lgomez,group_chat,2026-03-26 10:18:10+00:00
Hiroshi Matsuda,hmatsuda,group_chat,2026-03-26 10:19:03+00:00
Hiroshi Matsuda,fdubois,group_chat,2026-03-26 10:19:03+00:00
Hiroshi Matsuda,lgomez,group_chat,2026-03-26 10:19:03+00:00
François Dubois,hmatsuda,group_chat,2026-03-26 10:19:35+00:00
François Dubois,fdubois,group_chat,2026-03-26 10:19:35+00:00
François Dubois,lgomez,group_chat,2026-03-26 10:19:35+00:00
Luis Gomez,hmatsuda,group_chat,2026-03-26 10:20:01+00:00
Luis Gomez,fdubois,group_chat,2026-03-26 10:20:01+00:00
Luis Gomez,lgomez,group_chat,2026-03-26 10:20:01+00:00
Hiroshi Matsuda,hmatsuda,group_chat,2026-03-26 10:20:32+00:00
Hiroshi Matsuda,fdubois,group_chat,2026-03-26 10:20:32+00:00
Hiroshi Matsuda,lgomez,group_chat,2026-03-26 10:20:32+00:00
François Dubois,hmatsuda,group_chat,2026-03-26 10:21:10+00:00
François Dubois,fdubois,group_chat,2026-03-26 10:21:10+00:00
François Dubois,lgomez,group_chat,2026-03-26 10:21:10+00:00
Luis Gomez,hmatsuda,group_chat,2026-03-26 10:21:25+00:00
Luis Gomez,fdubois,group_chat,2026-03-26 10:21:25+00:00
Luis Gomez,lgomez,group_chat,2026-03-26 10:21:25+00:00
Maria Garcia,mgarcia,group_chat,2026-03-26 09:03:15+00:00
Maria Garcia,jokonkwo,group_chat,2026-03-26 09:03:15+00:00
Maria Garcia,akabir,group_chat,2026-03-26 09:03:15+00:00
Maria Garcia,fdubois,group_chat,2026-03-26 09:03:15+00:00
Joy Okonkwo,mgarcia,group_chat,2026-03-26 09:03:28+00:00
Joy Okonkwo,jokonkwo,group_chat,2026-03-26 09:03:28+00:00
Joy Okonkwo,akabir,group_chat,2026-03-26 09:03:28+00:00
Joy Okonkwo,fdubois,group_chat,2026-03-26 09:03:28+00:00
Aisha Kabir,mgarcia,group_chat,2026-03-26 09:03:42+00:00
Aisha Kabir,jokonkwo,group_chat,2026-03-26 09:03:42+00:00
Aisha Kabir,akabir,group_chat,2026-03-26 09:03:42+00:00
Aisha Kabir,fdubois,group_chat,2026-03-26 09:03:42+00:00
François Dubois,mgarcia,group_chat,2026-03-26 09:04:05+00:00
François Dubois,jokonkwo,group_chat,2026-03-26 09:04:05+00:00
François Dubois,akabir,group_chat,2026-03-26 09:04:05+00:00
François Dubois,fdubois,group_chat,2026-03-26 09:04:05+00:00
Maria Garcia,mgarcia,group_chat,2026-03-26 09:04:18+00:00
Maria Garcia,jokonkwo,group_chat,2026-03-26 09:04:18+00:00
Maria Garcia,akabir,group_chat,2026-03-26 09:04:18+00:00
Maria Garcia,fdubois,group_chat,2026-03-26 09:04:18+00:00
Joy Okonkwo,mgarcia,group_chat,2026-03-26 09:05:02+00:00
Joy Okonkwo,jokonkwo,group_chat,2026-03-26 09:05:02+00:00
Joy Okonkwo,akabir,group_chat,2026-03-26 09:05:02+00:00
Joy Okonkwo,fdubois,group_chat,2026-03-26 09:05:02+00:00
Aisha Kabir,mgarcia,group_chat,2026-03-26 09:05:19+00:00
Aisha Kabir,jokonkwo,group_chat,2026-03-26 09:05:19+00:00
Aisha Kabir,akabir,group_chat,2026-03-26 09:05:19+00:00
Aisha Kabir,fdubois,group_chat,2026-03-26 09:05:19+00:00
Maria Garcia,mgarcia,group_chat,2026-03-26 09:05:35+00:00
Maria Garcia,jokonkwo,group_chat,2026-03-26 09:05:35+00:00
Maria Garcia,akabir,group_chat,2026-03-26 09:05:35+00:00
Maria Garcia,fdubois,group_chat,2026-03-26 09:05:35+00:00
François Dubois,mgarcia,group_chat,2026-03-26 09:06:02+00:00
François Dubois,jokonkwo,group_chat,2026-03-26 09:06:02+00:00
François Dubois,akabir,group_chat,2026-03-26 09:06:02+00:00
François Dubois,fdubois,group_chat,2026-03-26 09:06:02+00:00
Joy Okonkwo,mgarcia,group_chat,2026-03-26 09:06:15+00:00
Joy Okonkwo,jokonkwo,group_chat,2026-03-26 09:06:15+00:00
Joy Okonkwo,akabir,group_chat,2026-03-26 09:06:15+00:00
Joy Okonkwo,fdubois,group_chat,2026-03-26 09:06:15+00:00
Aisha Kabir,mgarcia,group_chat,2026-03-26 09:06:32+00:00
Aisha Kabir,jokonkwo,group_chat,2026-03-26 09:06:32+00:00
Aisha Kabir,akabir,group_chat,2026-03-26 09:06:32+00:00
Aisha Kabir,fdubois,group_chat,2026-03-26 09:06:32+00:00
Maria Garcia,mgarcia,group_chat,2026-03-26 09:07:01+00:00
Maria Garcia,jokonkwo,group_chat,2026-03-26 09:07:01+00:00
Maria Garcia,akabir,group_chat,2026-03-26 09:07:01+00:00
Maria Garcia,fdubois,group_chat,2026-03-26 09:07:01+00:00
Joy Okonkwo,mgarcia,group_chat,2026-03-26 09:07:18+00:00
Joy Okonkwo,jokonkwo,group_chat,2026-03-26 09:07:18+00:00
Joy Okonkwo,akabir,group_chat,2026-03-26 09:07:18+00:00
Joy Okonkwo,fdubois,group_chat,2026-03-26 09:07:18+00:00
François Dubois,mgarcia,group_chat,2026-03-26 09:08:02+00:00
François Dubois,jokonkwo,group_chat,2026-03-26 09:08:02+00:00
François Dubois,akabir,group_chat,2026-03-26 09:08:02+00:00
François Dubois,fdubois,group_chat,2026-03-26 09:08:02+00:00
Maria Garcia,mgarcia,group_chat,2026-03-26 09:08:15+00:00
Maria Garcia,jokonkwo,group_chat,2026-03-26 09:08:15+00:00
Maria Garcia,akabir,group_chat,2026-03-26 09:08:15+00:00
Maria Garcia,fdubois,group_chat,2026-03-26 09:08:15+00:00
Joy Okonkwo,mgarcia,group_chat,2026-03-26 09:08:35+00:00
Joy Okonkwo,jokonkwo,group_chat,2026-03-26 09:08:35+00:00
Joy Okonkwo,akabir,group_chat,2026-03-26 09:08:35+00:00
Joy Okonkwo,fdubois,group_chat,2026-03-26 09:08:35+00:00
François Dubois,mgarcia,group_chat,2026-03-26 09:08:42+00:00
François Dubois,jokonkwo,group_chat,2026-03-26 09:08:42+00:00
François Dubois,akabir,group_chat,2026-03-26 09:08:42+00:00
François Dubois,fdubois,group_chat,2026-03-26 09:08:42+00:00
Maria Garcia,mgarcia,group_chat,2026-03-26 09:09:05+00:00
Maria Garcia,jokonkwo,group_chat,2026-03-26 09:09:05+00:00
Maria Garcia,akabir,group_chat,2026-03-26 09:09:05+00:00
Maria Garcia,fdubois,group_chat,2026-03-26 09:09:05+00:00
Layla Haddad,lhaddad,group_chat,2026-03-26 15:02:15+00:00
Layla Haddad,smensah,group_chat,2026-03-26 15:02:15+00:00
Layla Haddad,yabdul,group_chat,2026-03-26 15:02:15+00:00
Layla Haddad,jokafor,group_chat,2026-03-26 15:02:15+00:00
Samuel Mensah,lhaddad,group_chat,2026-03-26 15:02:30+00:00
Samuel Mensah,smensah,group_chat,2026-03-26 15:02:30+00:00
Samuel Mensah,yabdul,group_chat,2026-03-26 15:02:30+00:00
Samuel Mensah,jokafor,group_chat,2026-03-26 15:02:30+00:00
Yasmin Abdul,lhaddad,group_chat,2026-03-26 15:03:05+00:00
Yasmin Abdul,smensah,group_chat,2026-03-26 15:03:05+00:00
Yasmin Abdul,yabdul,group_chat,2026-03-26 15:03:05+00:00
Yasmin Abdul,jokafor,group_chat,2026-03-26 15:03:05+00:00
Joy Okafor,lhaddad,group_chat,2026-03-26 15:03:30+00:00
Joy Okafor,smensah,group_chat,2026-03-26 15:03:30+00:00
Joy Okafor,yabdul,group_chat,2026-03-26 15:03:30+00:00
Joy Okafor,jokafor,group_chat,2026-03-26 15:03:30+00:00
Layla Haddad,lhaddad,group_chat,2026-03-26 15:04:10+00:00
Layla Haddad,smensah,group_chat,2026-03-26 15:04:10+00:00
Layla Haddad,yabdul,group_chat,2026-03-26 15:04:10+00:00
Layla Haddad,jokafor,group_chat,2026-03-26 15:04:10+00:00
Samuel Mensah,lhaddad,group_chat,2026-03-26 15:04:45+00:00
Samuel Mensah,smensah,group_chat,2026-03-26 15:04:45+00:00
Samuel Mensah,yabdul,group_chat,2026-03-26 15:04:45+00:00
Samuel Mensah,jokafor,group_chat,2026-03-26 15:04:45+00:00
Yasmin Abdul,lhaddad,group_chat,2026-03-26 15:05:20+00:00
Yasmin Abdul,smensah,group_chat,2026-03-26 15:05:20+00:00
Yasmin Abdul,yabdul,group_chat,2026-03-26 15:05:20+00:00
Yasmin Abdul,jokafor,group_chat,2026-03-26 15:05:20+00:00
Joy Okafor,lhaddad,group_chat,2026-03-26 15:05:40+00:00
Joy Okafor,smensah,group_chat,2026-03-26 15:05:40+00:00
Joy Okafor,yabdul,group_chat,2026-03-26 15:05:40+00:00
Joy Okafor,jokafor,group_chat,2026-03-26 15:05:40+00:00
Layla Haddad,lhaddad,group_chat,2026-03-26 15:06:15+00:00
Layla Haddad,smensah,group_chat,2026-03-26 15:06:15+00:00
Layla Haddad,yabdul,group_chat,2026-03-26 15:06:15+00:00
Layla Haddad,jokafor,group_chat,2026-03-26 15:06:15+00:00
Samuel Mensah,lhaddad,group_chat,2026-03-26 15:06:35+00:00
Samuel Mensah,smensah,group_chat,2026-03-26 15:06:35+00:00
Samuel Mensah,yabdul,group_chat,2026-03-26 15:06:35+00:00
Samuel Mensah,jokafor,group_chat,2026-03-26 15:06:35+00:00
Yasmin Abdul,lhaddad,group_chat,2026-03-26 15:07:00+00:00
Yasmin Abdul,smensah,group_chat,2026-03-26 15:07:00+00:00
Yasmin Abdul,yabdul,group_chat,2026-03-26 15:07:00+00:00
Yasmin Abdul,jokafor,group_chat,2026-03-26 15:07:00+00:00
Joy Okafor,lhaddad,group_chat,2026-03-26 15:07:15+00:00
Joy Okafor,smensah,group_chat,2026-03-26 15:07:15+00:00
Joy Okafor,yabdul,group_chat,2026-03-26 15:07:15+00:00
Joy Okafor,jokafor,group_chat,2026-03-26 15:07:15+00:00
Layla Haddad,lhaddad,group_chat,2026-03-26 15:07:30+00:00
Layla Haddad,smensah,group_chat,2026-03-26 15:07:30+00:00
Layla Haddad,yabdul,group_chat,2026-03-26 15:07:30+00:00
Layla Haddad,jokafor,group_chat,2026-03-26 15:07:30+00:00
Samuel Mensah,lhaddad,group_chat,2026-03-26 15:07:45+00:00
Samuel Mensah,smensah,group_chat,2026-03-26 15:07:45+00:00
Samuel Mensah,yabdul,group_chat,2026-03-26 15:07:45+00:00
Samuel Mensah,jokafor,group_chat,2026-03-26 15:07:45+00:00
Yasmin Abdul,lhaddad,group_chat,2026-03-26 15:08:05+00:00
Yasmin Abdul,smensah,group_chat,2026-03-26 15:08:05+00:00
Yasmin Abdul,yabdul,group_chat,2026-03-26 15:08:05+00:00
Yasmin Abdul,jokafor,group_chat,2026-03-26 15:08:05+00:00
aisha_kabir,fdubois,group_chat,2026-03-26 09:02:00+00:00
aisha_kabir,akabir,group_chat,2026-03-26 09:02:00+00:00
francois_dubois,fdubois,group_chat,2026-03-26 09:02:15+00:00
francois_dubois,akabir,group_chat,2026-03-26 09:02:15+00:00
aisha_kabir,fdubois,group_chat,2026-03-26 09:03:00+00:00
aisha_kabir,akabir,group_chat,2026-03-26 09:03:00+00:00
francois_dubois,fdubois,group_chat,2026-03-26 09:03:30+00:00
francois_dubois,akabir,group_chat,2026-03-26 09:03:30+00:00
aisha_kabir,fdubois,group_chat,2026-03-26 09:04:10+00:00
aisha_kabir,akabir,group_chat,2026-03-26 09:04:10+00:00
francois_dubois,fdubois,group_chat,2026-03-26 09:04:40+00:00
francois_dubois,akabir,group_chat,2026-03-26 09:04:40+00:00
aisha_kabir,fdubois,group_chat,2026-03-26 09:05:10+00:00
aisha_kabir,akabir,group_chat,2026-03-26 09:05:10+00:00
francois_dubois,fdubois,group_chat,2026-03-26 09:05:30+00:00
francois_dubois,akabir,group_chat,2026-03-26 09:05:30+00:00
francois_dubois,fdubois,group_chat,2026-03-26 09:06:15+00:00
francois_dubois,akabir,group_chat,2026-03-26 09:06:15+00:00
aisha_kabir,fdubois,group_chat,2026-03-26 09:06:30+00:00
aisha_kabir,akabir,group_chat,2026-03-26 09:06:30+00:00
francois_dubois,fdubois,group_chat,2026-03-26 09:09:00+00:00
francois_dubois,akabir,group_chat,2026-03-26 09:09:00+00:00
aisha_kabir,fdubois,group_chat,2026-03-26 09:09:25+00:00
aisha_kabir,akabir,group_chat,2026-03-26 09:09:25+00:00
francois_dubois,fdubois,group_chat,2026-03-26 09:09:55+00:00
francois_dubois,akabir,group_chat,2026-03-26 09:09:55+00:00
aisha_kabir,fdubois,group_chat,2026-03-26 09:10:15+00:00
aisha_kabir,akabir,group_chat,2026-03-26 09:10:15+00:00
Kenji Tanaka,ktanaka,group_chat,2026-03-26 09:02:10+00:00
Kenji Tanaka,cnguyen,group_chat,2026-03-26 09:02:10+00:00
Kenji Tanaka,hmatsuda,group_chat,2026-03-26 09:02:10+00:00
Chi Nguyen,ktanaka,group_chat,2026-03-26 09:03:25+00:00
Chi Nguyen,cnguyen,group_chat,2026-03-26 09:03:25+00:00
Chi Nguyen,hmatsuda,group_chat,2026-03-26 09:03:25+00:00
Hiroshi Matsuda,ktanaka,group_chat,2026-03-26 09:04:12+00:00
Hiroshi Matsuda,cnguyen,group_chat,2026-03-26 09:04:12+00:00
Hiroshi Matsuda,hmatsuda,group_chat,2026-03-26 09:04:12+00:00
Kenji Tanaka,ktanaka,group_chat,2026-03-26 09:04:38+00:00
Kenji Tanaka,cnguyen,group_chat,2026-03-26 09:04:38+00:00
Kenji Tanaka,hmatsuda,group_chat,2026-03-26 09:04:38+00:00
Chi Nguyen,ktanaka,group_chat,2026-03-26 09:05:15+00:00
Chi Nguyen,cnguyen,group_chat,2026-03-26 09:05:15+00:00
Chi Nguyen,hmatsuda,group_chat,2026-03-26 09:05:15+00:00
Hiroshi Matsuda,ktanaka,group_chat,2026-03-26 09:06:03+00:00
Hiroshi Matsuda,cnguyen,group_chat,2026-03-26 09:06:03+00:00
Hiroshi Matsuda,hmatsuda,group_chat,2026-03-26 09:06:03+00:00
Kenji Tanaka,ktanaka,group_chat,2026-03-26 09:07:45+00:00
Kenji Tanaka,cnguyen,group_chat,2026-03-26 09:07:45+00:00
Kenji Tanaka,hmatsuda,group_chat,2026-03-26 09:07:45+00:00
Chi Nguyen,ktanaka,group_chat,2026-03-26 09:08:10+00:00
Chi Nguyen,cnguyen,group_chat,2026-03-26 09:08:10+00:00
Chi Nguyen,hmatsuda,group_chat,2026-03-26 09:08:10+00:00
Kenji Tanaka,ktanaka,group_chat,2026-03-26 09:08:55+00:00
Kenji Tanaka,cnguyen,group_chat,2026-03-26 09:08:55+00:00
Kenji Tanaka,hmatsuda,group_chat,2026-03-26 09:08:55+00:00
Chi Nguyen,ktanaka,group_chat,2026-03-26 09:09:20+00:00
Chi Nguyen,cnguyen,group_chat,2026-03-26 09:09:20+00:00
Chi Nguyen,hmatsuda,group_chat,2026-03-26 09:09:20+00:00
Hiroshi Matsuda,ktanaka,group_chat,2026-03-26 09:10:05+00:00
Hiroshi Matsuda,cnguyen,group_chat,2026-03-26 09:10:05+00:00
Hiroshi Matsuda,hmatsuda,group_chat,2026-03-26 09:10:05+00:00
Kenji Tanaka,ktanaka,group_chat,2026-03-26 09:10:32+00:00
Kenji Tanaka,cnguyen,group_chat,2026-03-26 09:10:32+00:00
Kenji Tanaka,hmatsuda,group_chat,2026-03-26 09:10:32+00:00
Kenji Tanaka,ktanaka,group_chat,2026-03-26 09:12:10+00:00
Kenji Tanaka,cnguyen,group_chat,2026-03-26 09:12:10+00:00
Kenji Tanaka,hmatsuda,group_chat,2026-03-26 09:12:10+00:00
Hiroshi Matsuda,ktanaka,group_chat,2026-03-26 09:12:45+00:00
Hiroshi Matsuda,cnguyen,group_chat,2026-03-26 09:12:45+00:00
Hiroshi Matsuda,hmatsuda,group_chat,2026-03-26 09:12:45+00:00
Chi Nguyen,ktanaka,group_chat,2026-03-26 09:13:30+00:00
Chi Nguyen,cnguyen,group_chat,2026-03-26 09:13:30+00:00
Chi Nguyen,hmatsuda,group_chat,2026-03-26 09:13:30+00:00
Kenji Tanaka,ktanaka,group_chat,2026-03-26 09:14:00+00:00
Kenji Tanaka,cnguyen,group_chat,2026-03-26 09:14:00+00:00
Kenji Tanaka,hmatsuda,group_chat,2026-03-26 09:14:00+00:00
Chi Nguyen,cnguyen,group_chat,2026-03-26 12:03:45+00:00
Chi Nguyen,lhaddad,group_chat,2026-03-26 12:03:45+00:00
Chi Nguyen,smensah,group_chat,2026-03-26 12:03:45+00:00
Chi Nguyen,jokafor,group_chat,2026-03-26 12:03:45+00:00
Layla Haddad,cnguyen,group_chat,2026-03-26 12:04:10+00:00
Layla Haddad,lhaddad,group_chat,2026-03-26 12:04:10+00:00
Layla Haddad,smensah,group_chat,2026-03-26 12:04:10+00:00
Layla Haddad,jokafor,group_chat,2026-03-26 12:04:10+00:00
Samuel Mensah,cnguyen,group_chat,2026-03-26 12:05:22+00:00
Samuel Mensah,lhaddad,group_chat,2026-03-26 12:05:22+00:00
Samuel Mensah,smensah,group_chat,2026-03-26 12:05:22+00:00
Samuel Mensah,jokafor,group_chat,2026-03-26 12:05:22+00:00
Joy Okafor,cnguyen,group_chat,2026-03-26 12:05:47+00:00
Joy Okafor,lhaddad,group_chat,2026-03-26 12:05:47+00:00
Joy Okafor,smensah,group_chat,2026-03-26 12:05:47+00:00
Joy Okafor,jokafor,group_chat,2026-03-26 12:05:47+00:00
Chi Nguyen,cnguyen,group_chat,2026-03-26 12:06:15+00:00
Chi Nguyen,lhaddad,group_chat,2026-03-26 12:06:15+00:00
Chi Nguyen,smensah,group_chat,2026-03-26 12:06:15+00:00
Chi Nguyen,jokafor,group_chat,2026-03-26 12:06:15+00:00
Layla Haddad,cnguyen,group_chat,2026-03-26 12:06:33+00:00
Layla Haddad,lhaddad,group_chat,2026-03-26 12:06:33+00:00
Layla Haddad,smensah,group_chat,2026-03-26 12:06:33+00:00
Layla Haddad,jokafor,group_chat,2026-03-26 12:06:33+00:00
Samuel Mensah,cnguyen,group_chat,2026-03-26 12:07:12+00:00
Samuel Mensah,lhaddad,group_chat,2026-03-26 12:07:12+00:00
Samuel Mensah,smensah,group_chat,2026-03-26 12:07:12+00:00
Samuel Mensah,jokafor,group_chat,2026-03-26 12:07:12+00:00
Chi Nguyen,cnguyen,group_chat,2026-03-26 12:07:45+00:00
Chi Nguyen,lhaddad,group_chat,2026-03-26 12:07:45+00:00
Chi Nguyen,smensah,group_chat,2026-03-26 12:07:45+00:00
Chi Nguyen,jokafor,group_chat,2026-03-26 12:07:45+00:00
Joy Okafor,cnguyen,group_chat,2026-03-26 12:08:10+00:00
Joy Okafor,lhaddad,group_chat,2026-03-26 12:08:10+00:00
Joy Okafor,smensah,group_chat,2026-03-26 12:08:10+00:00
Joy Okafor,jokafor,group_chat,2026-03-26 12:08:10+00:00
Layla Haddad,cnguyen,group_chat,2026-03-26 12:11:02+00:00
Layla Haddad,lhaddad,group_chat,2026-03-26 12:11:02+00:00
Layla Haddad,smensah,group_chat,2026-03-26 12:11:02+00:00
Layla Haddad,jokafor,group_chat,2026-03-26 12:11:02+00:00
Chi Nguyen,cnguyen,group_chat,2026-03-26 12:11:20+00:00
Chi Nguyen,lhaddad,group_chat,2026-03-26 12:11:20+00:00
Chi Nguyen,smensah,group_chat,2026-03-26 12:11:20+00:00
Chi Nguyen,jokafor,group_chat,2026-03-26 12:11:20+00:00
Samuel Mensah,cnguyen,group_chat,2026-03-26 12:12:05+00:00
Samuel Mensah,lhaddad,group_chat,2026-03-26 12:12:05+00:00
Samuel Mensah,smensah,group_chat,2026-03-26 12:12:05+00:00
Samuel Mensah,jokafor,group_chat,2026-03-26 12:12:05+00:00
Joy Okafor,cnguyen,group_chat,2026-03-26 12:13:30+00:00
Joy Okafor,lhaddad,group_chat,2026-03-26 12:13:30+00:00
Joy Okafor,smensah,group_chat,2026-03-26 12:13:30+00:00
Joy Okafor,jokafor,group_chat,2026-03-26 12:13:30+00:00
Layla Haddad,cnguyen,group_chat,2026-03-26 12:14:02+00:00
Layla Haddad,lhaddad,group_chat,2026-03-26 12:14:02+00:00
Layla Haddad,smensah,group_chat,2026-03-26 12:14:02+00:00
Layla Haddad,jokafor,group_chat,2026-03-26 12:14:02+00:00
Chi Nguyen,cnguyen,group_chat,2026-03-26 12:14:25+00:00
Chi Nguyen,lhaddad,group_chat,2026-03-26 12:14:25+00:00
Chi Nguyen,smensah,group_chat,2026-03-26 12:14:25+00:00
Chi Nguyen,jokafor,group_chat,2026-03-26 12:14:25+00:00
Joy Okonkwo,jokonkwo,group_chat,2026-03-27 14:02:31+00:00
Joy Okonkwo,fdubois,group_chat,2026-03-27 14:02:31+00:00
Joy Okonkwo,akabir,group_chat,2026-03-27 14:02:31+00:00
Aisha Kabir,jokonkwo,group_chat,2026-03-27 14:03:10+00:00
Aisha Kabir,fdubois,group_chat,2026-03-27 14:03:10+00:00
Aisha Kabir,akabir,group_chat,2026-03-27 14:03:10+00:00
François Dubois,jokonkwo,group_chat,2026-03-27 14:03:45+00:00
François Dubois,fdubois,group_chat,2026-03-27 14:03:45+00:00
François Dubois,akabir,group_chat,2026-03-27 14:03:45+00:00
Joy Okonkwo,jokonkwo,group_chat,2026-03-27 14:04:12+00:00
Joy Okonkwo,fdubois,group_chat,2026-03-27 14:04:12+00:00
Joy Okonkwo,akabir,group_chat,2026-03-27 14:04:12+00:00
Aisha Kabir,jokonkwo,group_chat,2026-03-27 14:04:30+00:00
Aisha Kabir,fdubois,group_chat,2026-03-27 14:04:30+00:00
Aisha Kabir,akabir,group_chat,2026-03-27 14:04:30+00:00
François Dubois,jokonkwo,group_chat,2026-03-27 14:05:00+00:00
François Dubois,fdubois,group_chat,2026-03-27 14:05:00+00:00
François Dubois,akabir,group_chat,2026-03-27 14:05:00+00:00
Aisha Kabir,jokonkwo,group_chat,2026-03-27 14:05:14+00:00
Aisha Kabir,fdubois,group_chat,2026-03-27 14:05:14+00:00
Aisha Kabir,akabir,group_chat,2026-03-27 14:05:14+00:00
Joy Okonkwo,jokonkwo,group_chat,2026-03-27 14:05:30+00:00
Joy Okonkwo,fdubois,group_chat,2026-03-27 14:05:30+00:00
Joy Okonkwo,akabir,group_chat,2026-03-27 14:05:30+00:00
Aisha Kabir,jokonkwo,group_chat,2026-03-27 14:10:21+00:00
Aisha Kabir,fdubois,group_chat,2026-03-27 14:10:21+00:00
Aisha Kabir,akabir,group_chat,2026-03-27 14:10:21+00:00
François Dubois,jokonkwo,group_chat,2026-03-27 14:11:04+00:00
François Dubois,fdubois,group_chat,2026-03-27 14:11:04+00:00
François Dubois,akabir,group_chat,2026-03-27 14:11:04+00:00
Joy Okonkwo,jokonkwo,group_chat,2026-03-27 14:11:20+00:00
Joy Okonkwo,fdubois,group_chat,2026-03-27 14:11:20+00:00
Joy Okonkwo,akabir,group_chat,2026-03-27 14:11:20+00:00
Aisha Kabir,jokonkwo,group_chat,2026-03-27 14:11:45+00:00
Aisha Kabir,fdubois,group_chat,2026-03-27 14:11:45+00:00
Aisha Kabir,akabir,group_chat,2026-03-27 14:11:45+00:00
François Dubois,jokonkwo,group_chat,2026-03-27 14:12:15+00:00
François Dubois,fdubois,group_chat,2026-03-27 14:12:15+00:00
François Dubois,akabir,group_chat,2026-03-27 14:12:15+00:00
Aisha Kabir,jokonkwo,group_chat,2026-03-27 14:12:45+00:00
Aisha Kabir,fdubois,group_chat,2026-03-27 14:12:45+00:00
Aisha Kabir,akabir,group_chat,2026-03-27 14:12:45+00:00
Joy Okonkwo,jokonkwo,group_chat,2026-03-27 14:13:10+00:00
Joy Okonkwo,fdubois,group_chat,2026-03-27 14:13:10+00:00
Joy Okonkwo,akabir,group_chat,2026-03-27 14:13:10+00:00
François Dubois,jokonkwo,group_chat,2026-03-27 14:45:30+00:00
François Dubois,fdubois,group_chat,2026-03-27 14:45:30+00:00
François Dubois,akabir,group_chat,2026-03-27 14:45:30+00:00
Aisha Kabir,jokonkwo,group_chat,2026-03-27 14:46:00+00:00
Aisha Kabir,fdubois,group_chat,2026-03-27 14:46:00+00:00
Aisha Kabir,akabir,group_chat,2026-03-27 14:46:00+00:00
Joy Okonkwo,jokonkwo,group_chat,2026-03-27 14:46:25+00:00
Joy Okonkwo,fdubois,group_chat,2026-03-27 14:46:25+00:00
Joy Okonkwo,akabir,group_chat,2026-03-27 14:46:25+00:00
chi_nguyen,cnguyen,group_chat,2026-03-27 10:15:00+00:00
chi_nguyen,ktanaka,group_chat,2026-03-27 10:15:00+00:00
chi_nguyen,smensah,group_chat,2026-03-27 10:15:00+00:00
chi_nguyen,fdubois,group_chat,2026-03-27 10:15:00+00:00
kenji_tanaka,cnguyen,group_chat,2026-03-27 10:15:45+00:00
kenji_tanaka,ktanaka,group_chat,2026-03-27 10:15:45+00:00
kenji_tanaka,smensah,group_chat,2026-03-27 10:15:45+00:00
kenji_tanaka,fdubois,group_chat,2026-03-27 10:15:45+00:00
samuel_mensah,cnguyen,group_chat,2026-03-27 10:16:10+00:00
samuel_mensah,ktanaka,group_chat,2026-03-27 10:16:10+00:00
samuel_mensah,smensah,group_chat,2026-03-27 10:16:10+00:00
samuel_mensah,fdubois,group_chat,2026-03-27 10:16:10+00:00
francois_dubois,cnguyen,group_chat,2026-03-27 10:16:30+00:00
francois_dubois,ktanaka,group_chat,2026-03-27 10:16:30+00:00
francois_dubois,smensah,group_chat,2026-03-27 10:16:30+00:00
francois_dubois,fdubois,group_chat,2026-03-27 10:16:30+00:00
chi_nguyen,cnguyen,group_chat,2026-03-27 10:17:05+00:00
chi_nguyen,ktanaka,group_chat,2026-03-27 10:17:05+00:00
chi_nguyen,smensah,group_chat,2026-03-27 10:17:05+00:00
chi_nguyen,fdubois,group_chat,2026-03-27 10:17:05+00:00
kenji_tanaka,cnguyen,group_chat,2026-03-27 10:17:30+00:00
kenji_tanaka,ktanaka,group_chat,2026-03-27 10:17:30+00:00
kenji_tanaka,smensah,group_chat,2026-03-27 10:17:30+00:00
kenji_tanaka,fdubois,group_chat,2026-03-27 10:17:30+00:00
samuel_mensah,cnguyen,group_chat,2026-03-27 10:18:00+00:00
samuel_mensah,ktanaka,group_chat,2026-03-27 10:18:00+00:00
samuel_mensah,smensah,group_chat,2026-03-27 10:18:00+00:00
samuel_mensah,fdubois,group_chat,2026-03-27 10:18:00+00:00
francois_dubois,cnguyen,group_chat,2026-03-27 10:18:25+00:00
francois_dubois,ktanaka,group_chat,2026-03-27 10:18:25+00:00
francois_dubois,smensah,group_chat,2026-03-27 10:18:25+00:00
francois_dubois,fdubois,group_chat,2026-03-27 10:18:25+00:00
chi_nguyen,cnguyen,group_chat,2026-03-27 10:19:00+00:00
chi_nguyen,ktanaka,group_chat,2026-03-27 10:19:00+00:00
chi_nguyen,smensah,group_chat,2026-03-27 10:19:00+00:00
chi_nguyen,fdubois,group_chat,2026-03-27 10:19:00+00:00
kenji_tanaka,cnguyen,group_chat,2026-03-27 10:19:20+00:00
kenji_tanaka,ktanaka,group_chat,2026-03-27 10:19:20+00:00
kenji_tanaka,smensah,group_chat,2026-03-27 10:19:20+00:00
kenji_tanaka,fdubois,group_chat,2026-03-27 10:19:20+00:00
kenji_tanaka,cnguyen,group_chat,2026-03-27 10:20:05+00:00
kenji_tanaka,ktanaka,group_chat,2026-03-27 10:20:05+00:00
kenji_tanaka,smensah,group_chat,2026-03-27 10:20:05+00:00
kenji_tanaka,fdubois,group_chat,2026-03-27 10:20:05+00:00
samuel_mensah,cnguyen,group_chat,2026-03-27 10:20:30+00:00
samuel_mensah,ktanaka,group_chat,2026-03-27 10:20:30+00:00
samuel_mensah,smensah,group_chat,2026-03-27 10:20:30+00:00
samuel_mensah,fdubois,group_chat,2026-03-27 10:20:30+00:00
francois_dubois,cnguyen,group_chat,2026-03-27 10:21:00+00:00
francois_dubois,ktanaka,group_chat,2026-03-27 10:21:00+00:00
francois_dubois,smensah,group_chat,2026-03-27 10:21:00+00:00
francois_dubois,fdubois,group_chat,2026-03-27 10:21:00+00:00
chi_nguyen,cnguyen,group_chat,2026-03-27 10:21:25+00:00
chi_nguyen,ktanaka,group_chat,2026-03-27 10:21:25+00:00
chi_nguyen,smensah,group_chat,2026-03-27 10:21:25+00:00
chi_nguyen,fdubois,group_chat,2026-03-27 10:21:25+00:00
kenji_tanaka,cnguyen,group_chat,2026-03-27 10:22:00+00:00
kenji_tanaka,ktanaka,group_chat,2026-03-27 10:22:00+00:00
kenji_tanaka,smensah,group_chat,2026-03-27 10:22:00+00:00
kenji_tanaka,fdubois,group_chat,2026-03-27 10:22:00+00:00
samuel_mensah,cnguyen,group_chat,2026-03-27 10:22:20+00:00
samuel_mensah,ktanaka,group_chat,2026-03-27 10:22:20+00:00
samuel_mensah,smensah,group_chat,2026-03-27 10:22:20+00:00
samuel_mensah,fdubois,group_chat,2026-03-27 10:22:20+00:00
francois_dubois,cnguyen,group_chat,2026-03-27 10:22:45+00:00
francois_dubois,ktanaka,group_chat,2026-03-27 10:22:45+00:00
francois_dubois,smensah,group_chat,2026-03-27 10:22:45+00:00
francois_dubois,fdubois,group_chat,2026-03-27 10:22:45+00:00
chi_nguyen,cnguyen,group_chat,2026-03-27 10:23:10+00:00
chi_nguyen,ktanaka,group_chat,2026-03-27 10:23:10+00:00
chi_nguyen,smensah,group_chat,2026-03-27 10:23:10+00:00
chi_nguyen,fdubois,group_chat,2026-03-27 10:23:10+00:00
kenji_tanaka,cnguyen,group_chat,2026-03-27 10:23:40+00:00
kenji_tanaka,ktanaka,group_chat,2026-03-27 10:23:40+00:00
kenji_tanaka,smensah,group_chat,2026-03-27 10:23:40+00:00
kenji_tanaka,fdubois,group_chat,2026-03-27 10:23:40+00:00
samuel_mensah,cnguyen,group_chat,2026-03-27 10:24:00+00:00
samuel_mensah,ktanaka,group_chat,2026-03-27 10:24:00+00:00
samuel_mensah,smensah,group_chat,2026-03-27 10:24:00+00:00
samuel_mensah,fdubois,group_chat,2026-03-27 10:24:00+00:00
Layla Haddad,lhaddad,group_chat,2026-03-27 10:05:00+00:00
Layla Haddad,smensah,group_chat,2026-03-27 10:05:00+00:00
Layla Haddad,jokafor,group_chat,2026-03-27 10:05:00+00:00
Layla Haddad,yabdul,group_chat,2026-03-27 10:05:00+00:00
Samuel Mensah,lhaddad,group_chat,2026-03-27 10:06:15+00:00
Samuel Mensah,smensah,group_chat,2026-03-27 10:06:15+00:00
Samuel Mensah,jokafor,group_chat,2026-03-27 10:06:15+00:00
Samuel Mensah,yabdul,group_chat,2026-03-27 10:06:15+00:00
Joy Okafor,lhaddad,group_chat,2026-03-27 10:07:30+00:00
Joy Okafor,smensah,group_chat,2026-03-27 10:07:30+00:00
Joy Okafor,jokafor,group_chat,2026-03-27 10:07:30+00:00
Joy Okafor,yabdul,group_chat,2026-03-27 10:07:30+00:00
Yasmin Abdul,lhaddad,group_chat,2026-03-27 10:08:45+00:00
Yasmin Abdul,smensah,group_chat,2026-03-27 10:08:45+00:00
Yasmin Abdul,jokafor,group_chat,2026-03-27 10:08:45+00:00
Yasmin Abdul,yabdul,group_chat,2026-03-27 10:08:45+00:00
Layla Haddad,lhaddad,group_chat,2026-03-27 10:09:10+00:00
Layla Haddad,smensah,group_chat,2026-03-27 10:09:10+00:00
Layla Haddad,jokafor,group_chat,2026-03-27 10:09:10+00:00
Layla Haddad,yabdul,group_chat,2026-03-27 10:09:10+00:00
Samuel Mensah,lhaddad,group_chat,2026-03-27 10:10:00+00:00
Samuel Mensah,smensah,group_chat,2026-03-27 10:10:00+00:00
Samuel Mensah,jokafor,group_chat,2026-03-27 10:10:00+00:00
Samuel Mensah,yabdul,group_chat,2026-03-27 10:10:00+00:00
Joy Okafor,lhaddad,group_chat,2026-03-27 10:10:45+00:00
Joy Okafor,smensah,group_chat,2026-03-27 10:10:45+00:00
Joy Okafor,jokafor,group_chat,2026-03-27 10:10:45+00:00
Joy Okafor,yabdul,group_chat,2026-03-27 10:10:45+00:00
Yasmin Abdul,lhaddad,group_chat,2026-03-27 10:11:20+00:00
Yasmin Abdul,smensah,group_chat,2026-03-27 10:11:20+00:00
Yasmin Abdul,jokafor,group_chat,2026-03-27 10:11:20+00:00
Yasmin Abdul,yabdul,group_chat,2026-03-27 10:11:20+00:00
Samuel Mensah,lhaddad,group_chat,2026-03-27 10:12:00+00:00
Samuel Mensah,smensah,group_chat,2026-03-27 10:12:00+00:00
Samuel Mensah,jokafor,group_chat,2026-03-27 10:12:00+00:00
Samuel Mensah,yabdul,group_chat,2026-03-27 10:12:00+00:00
Layla Haddad,lhaddad,group_chat,2026-03-27 10:12:30+00:00
Layla Haddad,smensah,group_chat,2026-03-27 10:12:30+00:00
Layla Haddad,jokafor,group_chat,2026-03-27 10:12:30+00:00
Layla Haddad,yabdul,group_chat,2026-03-27 10:12:30+00:00
Joy Okafor,lhaddad,group_chat,2026-03-27 10:13:15+00:00
Joy Okafor,smensah,group_chat,2026-03-27 10:13:15+00:00
Joy Okafor,jokafor,group_chat,2026-03-27 10:13:15+00:00
Joy Okafor,yabdul,group_chat,2026-03-27 10:13:15+00:00
Yasmin Abdul,lhaddad,group_chat,2026-03-27 10:13:45+00:00
Yasmin Abdul,smensah,group_chat,2026-03-27 10:13:45+00:00
Yasmin Abdul,jokafor,group_chat,2026-03-27 10:13:45+00:00
Yasmin Abdul,yabdul,group_chat,2026-03-27 10:13:45+00:00
Samuel Mensah,lhaddad,group_chat,2026-03-27 10:14:30+00:00
Samuel Mensah,smensah,group_chat,2026-03-27 10:14:30+00:00
Samuel Mensah,jokafor,group_chat,2026-03-27 10:14:30+00:00
Samuel Mensah,yabdul,group_chat,2026-03-27 10:14:30+00:00
Joy Okafor,lhaddad,group_chat,2026-03-27 10:15:10+00:00
Joy Okafor,smensah,group_chat,2026-03-27 10:15:10+00:00
Joy Okafor,jokafor,group_chat,2026-03-27 10:15:10+00:00
Joy Okafor,yabdul,group_chat,2026-03-27 10:15:10+00:00
Yasmin Abdul,lhaddad,group_chat,2026-03-27 10:16:00+00:00
Yasmin Abdul,smensah,group_chat,2026-03-27 10:16:00+00:00
Yasmin Abdul,jokafor,group_chat,2026-03-27 10:16:00+00:00
Yasmin Abdul,yabdul,group_chat,2026-03-27 10:16:00+00:00
Layla Haddad,lhaddad,group_chat,2026-03-27 10:16:30+00:00
Layla Haddad,smensah,group_chat,2026-03-27 10:16:30+00:00
Layla Haddad,jokafor,group_chat,2026-03-27 10:16:30+00:00
Layla Haddad,yabdul,group_chat,2026-03-27 10:16:30+00:00
Samuel Mensah,lhaddad,group_chat,2026-03-27 10:17:10+00:00
Samuel Mensah,smensah,group_chat,2026-03-27 10:17:10+00:00
Samuel Mensah,jokafor,group_chat,2026-03-27 10:17:10+00:00
Samuel Mensah,yabdul,group_chat,2026-03-27 10:17:10+00:00
Joy Okafor,lhaddad,group_chat,2026-03-27 10:17:45+00:00
Joy Okafor,smensah,group_chat,2026-03-27 10:17:45+00:00
Joy Okafor,jokafor,group_chat,2026-03-27 10:17:45+00:00
Joy Okafor,yabdul,group_chat,2026-03-27 10:17:45+00:00
Layla Haddad,lhaddad,group_chat,2026-03-27 10:18:10+00:00
Layla Haddad,smensah,group_chat,2026-03-27 10:18:10+00:00
Layla Haddad,jokafor,group_chat,2026-03-27 10:18:10+00:00
Layla Haddad,yabdul,group_chat,2026-03-27 10:18:10+00:00
Joy Okafor,lhaddad,group_chat,2026-03-27 10:18:30+00:00
Joy Okafor,smensah,group_chat,2026-03-27 10:18:30+00:00
Joy Okafor,jokafor,group_chat,2026-03-27 10:18:30+00:00
Joy Okafor,yabdul,group_chat,2026-03-27 10:18:30+00:00
Maria Garcia,mgarcia,group_chat,2026-03-27 10:02:15+00:00
Maria Garcia,ktanaka,group_chat,2026-03-27 10:02:15+00:00
Maria Garcia,lhaddad,group_chat,2026-03-27 10:02:15+00:00
Maria Garcia,smensah,group_chat,2026-03-27 10:02:15+00:00
Maria Garcia,cnguyen,group_chat,2026-03-27 10:02:15+00:00
Kenji Tanaka,mgarcia,group_chat,2026-03-27 10:02:45+00:00
Kenji Tanaka,ktanaka,group_chat,2026-03-27 10:02:45+00:00
Kenji Tanaka,lhaddad,group_chat,2026-03-27 10:02:45+00:00
Kenji Tanaka,smensah,group_chat,2026-03-27 10:02:45+00:00
Kenji Tanaka,cnguyen,group_chat,2026-03-27 10:02:45+00:00
Layla Haddad,mgarcia,group_chat,2026-03-27 10:03:10+00:00
Layla Haddad,ktanaka,group_chat,2026-03-27 10:03:10+00:00
Layla Haddad,lhaddad,group_chat,2026-03-27 10:03:10+00:00
Layla Haddad,smensah,group_chat,2026-03-27 10:03:10+00:00
Layla Haddad,cnguyen,group_chat,2026-03-27 10:03:10+00:00
Samuel Mensah,mgarcia,group_chat,2026-03-27 10:03:35+00:00
Samuel Mensah,ktanaka,group_chat,2026-03-27 10:03:35+00:00
Samuel Mensah,lhaddad,group_chat,2026-03-27 10:03:35+00:00
Samuel Mensah,smensah,group_chat,2026-03-27 10:03:35+00:00
Samuel Mensah,cnguyen,group_chat,2026-03-27 10:03:35+00:00
Chi Nguyen,mgarcia,group_chat,2026-03-27 10:04:10+00:00
Chi Nguyen,ktanaka,group_chat,2026-03-27 10:04:10+00:00
Chi Nguyen,lhaddad,group_chat,2026-03-27 10:04:10+00:00
Chi Nguyen,smensah,group_chat,2026-03-27 10:04:10+00:00
Chi Nguyen,cnguyen,group_chat,2026-03-27 10:04:10+00:00
Kenji Tanaka,mgarcia,group_chat,2026-03-27 10:04:30+00:00
Kenji Tanaka,ktanaka,group_chat,2026-03-27 10:04:30+00:00
Kenji Tanaka,lhaddad,group_chat,2026-03-27 10:04:30+00:00
Kenji Tanaka,smensah,group_chat,2026-03-27 10:04:30+00:00
Kenji Tanaka,cnguyen,group_chat,2026-03-27 10:04:30+00:00
Maria Garcia,mgarcia,group_chat,2026-03-27 10:05:00+00:00
Maria Garcia,ktanaka,group_chat,2026-03-27 10:05:00+00:00
Maria Garcia,lhaddad,group_chat,2026-03-27 10:05:00+00:00
Maria Garcia,smensah,group_chat,2026-03-27 10:05:00+00:00
Maria Garcia,cnguyen,group_chat,2026-03-27 10:05:00+00:00
Layla Haddad,mgarcia,group_chat,2026-03-27 10:05:15+00:00
Layla Haddad,ktanaka,group_chat,2026-03-27 10:05:15+00:00
Layla Haddad,lhaddad,group_chat,2026-03-27 10:05:15+00:00
Layla Haddad,smensah,group_chat,2026-03-27 10:05:15+00:00
Layla Haddad,cnguyen,group_chat,2026-03-27 10:05:15+00:00
Chi Nguyen,mgarcia,group_chat,2026-03-27 10:06:00+00:00
Chi Nguyen,ktanaka,group_chat,2026-03-27 10:06:00+00:00
Chi Nguyen,lhaddad,group_chat,2026-03-27 10:06:00+00:00
Chi Nguyen,smensah,group_chat,2026-03-27 10:06:00+00:00
Chi Nguyen,cnguyen,group_chat,2026-03-27 10:06:00+00:00
Samuel Mensah,mgarcia,group_chat,2026-03-27 10:06:25+00:00
Samuel Mensah,ktanaka,group_chat,2026-03-27 10:06:25+00:00
Samuel Mensah,lhaddad,group_chat,2026-03-27 10:06:25+00:00
Samuel Mensah,smensah,group_chat,2026-03-27 10:06:25+00:00
Samuel Mensah,cnguyen,group_chat,2026-03-27 10:06:25+00:00
Kenji Tanaka,mgarcia,group_chat,2026-03-27 10:06:50+00:00
Kenji Tanaka,ktanaka,group_chat,2026-03-27 10:06:50+00:00
Kenji Tanaka,lhaddad,group_chat,2026-03-27 10:06:50+00:00
Kenji Tanaka,smensah,group_chat,2026-03-27 10:06:50+00:00
Kenji Tanaka,cnguyen,group_chat,2026-03-27 10:06:50+00:00
Maria Garcia,mgarcia,group_chat,2026-03-27 10:07:30+00:00
Maria Garcia,ktanaka,group_chat,2026-03-27 10:07:30+00:00
Maria Garcia,lhaddad,group_chat,2026-03-27 10:07:30+00:00
Maria Garcia,smensah,group_chat,2026-03-27 10:07:30+00:00
Maria Garcia,cnguyen,group_chat,2026-03-27 10:07:30+00:00
Layla Haddad,mgarcia,group_chat,2026-03-27 10:08:15+00:00
Layla Haddad,ktanaka,group_chat,2026-03-27 10:08:15+00:00
Layla Haddad,lhaddad,group_chat,2026-03-27 10:08:15+00:00
Layla Haddad,smensah,group_chat,2026-03-27 10:08:15+00:00
Layla Haddad,cnguyen,group_chat,2026-03-27 10:08:15+00:00
Chi Nguyen,mgarcia,group_chat,2026-03-27 10:08:45+00:00
Chi Nguyen,ktanaka,group_chat,2026-03-27 10:08:45+00:00
Chi Nguyen,lhaddad,group_chat,2026-03-27 10:08:45+00:00
Chi Nguyen,smensah,group_chat,2026-03-27 10:08:45+00:00
Chi Nguyen,cnguyen,group_chat,2026-03-27 10:08:45+00:00
Samuel Mensah,mgarcia,group_chat,2026-03-27 10:09:10+00:00
Samuel Mensah,ktanaka,group_chat,2026-03-27 10:09:10+00:00
Samuel Mensah,lhaddad,group_chat,2026-03-27 10:09:10+00:00
Samuel Mensah,smensah,group_chat,2026-03-27 10:09:10+00:00
Samuel Mensah,cnguyen,group_chat,2026-03-27 10:09:10+00:00
francois_dubois,fdubois,group_chat,2026-03-27 10:03:12+00:00
francois_dubois,akabir,group_chat,2026-03-27 10:03:12+00:00
francois_dubois,ktanaka,group_chat,2026-03-27 10:03:12+00:00
francois_dubois,lgomez,group_chat,2026-03-27 10:03:12+00:00
aisha_kabir,fdubois,group_chat,2026-03-27 10:03:45+00:00
aisha_kabir,akabir,group_chat,2026-03-27 10:03:45+00:00
aisha_kabir,ktanaka,group_chat,2026-03-27 10:03:45+00:00
aisha_kabir,lgomez,group_chat,2026-03-27 10:03:45+00:00
kenji_tanaka,fdubois,group_chat,2026-03-27 10:04:08+00:00
kenji_tanaka,akabir,group_chat,2026-03-27 10:04:08+00:00
kenji_tanaka,ktanaka,group_chat,2026-03-27 10:04:08+00:00
kenji_tanaka,lgomez,group_chat,2026-03-27 10:04:08+00:00
luis_gomez,fdubois,group_chat,2026-03-27 10:04:37+00:00
luis_gomez,akabir,group_chat,2026-03-27 10:04:37+00:00
luis_gomez,ktanaka,group_chat,2026-03-27 10:04:37+00:00
luis_gomez,lgomez,group_chat,2026-03-27 10:04:37+00:00
aisha_kabir,fdubois,group_chat,2026-03-27 10:05:02+00:00
aisha_kabir,akabir,group_chat,2026-03-27 10:05:02+00:00
aisha_kabir,ktanaka,group_chat,2026-03-27 10:05:02+00:00
aisha_kabir,lgomez,group_chat,2026-03-27 10:05:02+00:00
francois_dubois,fdubois,group_chat,2026-03-27 10:05:29+00:00
francois_dubois,akabir,group_chat,2026-03-27 10:05:29+00:00
francois_dubois,ktanaka,group_chat,2026-03-27 10:05:29+00:00
francois_dubois,lgomez,group_chat,2026-03-27 10:05:29+00:00
aisha_kabir,fdubois,group_chat,2026-03-27 10:05:40+00:00
aisha_kabir,akabir,group_chat,2026-03-27 10:05:40+00:00
aisha_kabir,ktanaka,group_chat,2026-03-27 10:05:40+00:00
aisha_kabir,lgomez,group_chat,2026-03-27 10:05:40+00:00
kenji_tanaka,fdubois,group_chat,2026-03-27 10:06:10+00:00
kenji_tanaka,akabir,group_chat,2026-03-27 10:06:10+00:00
kenji_tanaka,ktanaka,group_chat,2026-03-27 10:06:10+00:00
kenji_tanaka,lgomez,group_chat,2026-03-27 10:06:10+00:00
luis_gomez,fdubois,group_chat,2026-03-27 10:06:37+00:00
luis_gomez,akabir,group_chat,2026-03-27 10:06:37+00:00
luis_gomez,ktanaka,group_chat,2026-03-27 10:06:37+00:00
luis_gomez,lgomez,group_chat,2026-03-27 10:06:37+00:00
francois_dubois,fdubois,group_chat,2026-03-27 10:06:55+00:00
francois_dubois,akabir,group_chat,2026-03-27 10:06:55+00:00
francois_dubois,ktanaka,group_chat,2026-03-27 10:06:55+00:00
francois_dubois,lgomez,group_chat,2026-03-27 10:06:55+00:00
aisha_kabir,fdubois,group_chat,2026-03-27 10:07:12+00:00
aisha_kabir,akabir,group_chat,2026-03-27 10:07:12+00:00
aisha_kabir,ktanaka,group_chat,2026-03-27 10:07:12+00:00
aisha_kabir,lgomez,group_chat,2026-03-27 10:07:12+00:00
kenji_tanaka,fdubois,group_chat,2026-03-27 10:07:35+00:00
kenji_tanaka,akabir,group_chat,2026-03-27 10:07:35+00:00
kenji_tanaka,ktanaka,group_chat,2026-03-27 10:07:35+00:00
kenji_tanaka,lgomez,group_chat,2026-03-27 10:07:35+00:00
luis_gomez,fdubois,group_chat,2026-03-27 10:08:10+00:00
luis_gomez,akabir,group_chat,2026-03-27 10:08:10+00:00
luis_gomez,ktanaka,group_chat,2026-03-27 10:08:10+00:00
luis_gomez,lgomez,group_chat,2026-03-27 10:08:10+00:00
francois_dubois,fdubois,group_chat,2026-03-27 10:08:25+00:00
francois_dubois,akabir,group_chat,2026-03-27 10:08:25+00:00
francois_dubois,ktanaka,group_chat,2026-03-27 10:08:25+00:00
francois_dubois,lgomez,group_chat,2026-03-27 10:08:25+00:00
aisha_kabir,fdubois,group_chat,2026-03-27 10:08:40+00:00
aisha_kabir,akabir,group_chat,2026-03-27 10:08:40+00:00
aisha_kabir,ktanaka,group_chat,2026-03-27 10:08:40+00:00
aisha_kabir,lgomez,group_chat,2026-03-27 10:08:40+00:00
Samuel Mensah,smensah,group_chat,2026-03-27 14:02:10+00:00
Samuel Mensah,lhaddad,group_chat,2026-03-27 14:02:10+00:00
Samuel Mensah,yabdul,group_chat,2026-03-27 14:02:10+00:00
Samuel Mensah,jokafor,group_chat,2026-03-27 14:02:10+00:00
Samuel Mensah,akabir,group_chat,2026-03-27 14:02:10+00:00
Layla Haddad,smensah,group_chat,2026-03-27 14:03:25+00:00
Layla Haddad,lhaddad,group_chat,2026-03-27 14:03:25+00:00
Layla Haddad,yabdul,group_chat,2026-03-27 14:03:25+00:00
Layla Haddad,jokafor,group_chat,2026-03-27 14:03:25+00:00
Layla Haddad,akabir,group_chat,2026-03-27 14:03:25+00:00
Yasmin Abdul,smensah,group_chat,2026-03-27 14:04:10+00:00
Yasmin Abdul,lhaddad,group_chat,2026-03-27 14:04:10+00:00
Yasmin Abdul,yabdul,group_chat,2026-03-27 14:04:10+00:00
Yasmin Abdul,jokafor,group_chat,2026-03-27 14:04:10+00:00
Yasmin Abdul,akabir,group_chat,2026-03-27 14:04:10+00:00
Joy Okafor,smensah,group_chat,2026-03-27 14:05:45+00:00
Joy Okafor,lhaddad,group_chat,2026-03-27 14:05:45+00:00
Joy Okafor,yabdul,group_chat,2026-03-27 14:05:45+00:00
Joy Okafor,jokafor,group_chat,2026-03-27 14:05:45+00:00
Joy Okafor,akabir,group_chat,2026-03-27 14:05:45+00:00
Aisha Kabir,smensah,group_chat,2026-03-27 14:06:20+00:00
Aisha Kabir,lhaddad,group_chat,2026-03-27 14:06:20+00:00
Aisha Kabir,yabdul,group_chat,2026-03-27 14:06:20+00:00
Aisha Kabir,jokafor,group_chat,2026-03-27 14:06:20+00:00
Aisha Kabir,akabir,group_chat,2026-03-27 14:06:20+00:00
Samuel Mensah,smensah,group_chat,2026-03-27 14:07:35+00:00
Samuel Mensah,lhaddad,group_chat,2026-03-27 14:07:35+00:00
Samuel Mensah,yabdul,group_chat,2026-03-27 14:07:35+00:00
Samuel Mensah,jokafor,group_chat,2026-03-27 14:07:35+00:00
Samuel Mensah,akabir,group_chat,2026-03-27 14:07:35+00:00
Layla Haddad,smensah,group_chat,2026-03-27 14:08:10+00:00
Layla Haddad,lhaddad,group_chat,2026-03-27 14:08:10+00:00
Layla Haddad,yabdul,group_chat,2026-03-27 14:08:10+00:00
Layla Haddad,jokafor,group_chat,2026-03-27 14:08:10+00:00
Layla Haddad,akabir,group_chat,2026-03-27 14:08:10+00:00
Yasmin Abdul,smensah,group_chat,2026-03-27 14:09:00+00:00
Yasmin Abdul,lhaddad,group_chat,2026-03-27 14:09:00+00:00
Yasmin Abdul,yabdul,group_chat,2026-03-27 14:09:00+00:00
Yasmin Abdul,jokafor,group_chat,2026-03-27 14:09:00+00:00
Yasmin Abdul,akabir,group_chat,2026-03-27 14:09:00+00:00
Joy Okafor,smensah,group_chat,2026-03-27 14:10:25+00:00
Joy Okafor,lhaddad,group_chat,2026-03-27 14:10:25+00:00
Joy Okafor,yabdul,group_chat,2026-03-27 14:10:25+00:00
Joy Okafor,jokafor,group_chat,2026-03-27 14:10:25+00:00
Joy Okafor,akabir,group_chat,2026-03-27 14:10:25+00:00
Aisha Kabir,smensah,group_chat,2026-03-27 14:11:00+00:00
Aisha Kabir,lhaddad,group_chat,2026-03-27 14:11:00+00:00
Aisha Kabir,yabdul,group_chat,2026-03-27 14:11:00+00:00
Aisha Kabir,jokafor,group_chat,2026-03-27 14:11:00+00:00
Aisha Kabir,akabir,group_chat,2026-03-27 14:11:00+00:00
Samuel Mensah,smensah,group_chat,2026-03-27 14:12:45+00:00
Samuel Mensah,lhaddad,group_chat,2026-03-27 14:12:45+00:00
Samuel Mensah,yabdul,group_chat,2026-03-27 14:12:45+00:00
Samuel Mensah,jokafor,group_chat,2026-03-27 14:12:45+00:00
Samuel Mensah,akabir,group_chat,2026-03-27 14:12:45+00:00
Layla Haddad,smensah,group_chat,2026-03-27 14:13:10+00:00
Layla Haddad,lhaddad,group_chat,2026-03-27 14:13:10+00:00
Layla Haddad,yabdul,group_chat,2026-03-27 14:13:10+00:00
Layla Haddad,jokafor,group_chat,2026-03-27 14:13:10+00:00
Layla Haddad,akabir,group_chat,2026-03-27 14:13:10+00:00
Joy Okafor,smensah,group_chat,2026-03-27 14:14:30+00:00
Joy Okafor,lhaddad,group_chat,2026-03-27 14:14:30+00:00
Joy Okafor,yabdul,group_chat,2026-03-27 14:14:30+00:00
Joy Okafor,jokafor,group_chat,2026-03-27 14:14:30+00:00
Joy Okafor,akabir,group_chat,2026-03-27 14:14:30+00:00
Yasmin Abdul,smensah,group_chat,2026-03-27 14:15:20+00:00
Yasmin Abdul,lhaddad,group_chat,2026-03-27 14:15:20+00:00
Yasmin Abdul,yabdul,group_chat,2026-03-27 14:15:20+00:00
Yasmin Abdul,jokafor,group_chat,2026-03-27 14:15:20+00:00
Yasmin Abdul,akabir,group_chat,2026-03-27 14:15:20+00:00
Aisha Kabir,smensah,group_chat,2026-03-27 14:16:05+00:00
Aisha Kabir,lhaddad,group_chat,2026-03-27 14:16:05+00:00
Aisha Kabir,yabdul,group_chat,2026-03-27 14:16:05+00:00
Aisha Kabir,jokafor,group_chat,2026-03-27 14:16:05+00:00
Aisha Kabir,akabir,group_chat,2026-03-27 14:16:05+00:00
Joy Okafor,smensah,group_chat,2026-03-27 14:16:40+00:00
Joy Okafor,lhaddad,group_chat,2026-03-27 14:16:40+00:00
Joy Okafor,yabdul,group_chat,2026-03-27 14:16:40+00:00
Joy Okafor,jokafor,group_chat,2026-03-27 14:16:40+00:00
Joy Okafor,akabir,group_chat,2026-03-27 14:16:40+00:00
Samuel Mensah,smensah,group_chat,2026-03-27 14:17:15+00:00
Samuel Mensah,lhaddad,group_chat,2026-03-27 14:17:15+00:00
Samuel Mensah,yabdul,group_chat,2026-03-27 14:17:15+00:00
Samuel Mensah,jokafor,group_chat,2026-03-27 14:17:15+00:00
Samuel Mensah,akabir,group_chat,2026-03-27 14:17:15+00:00
Layla Haddad,cnguyen,group_chat,2026-03-27 09:03:12+00:00
Layla Haddad,smensah,group_chat,2026-03-27 09:03:12+00:00
Layla Haddad,lhaddad,group_chat,2026-03-27 09:03:12+00:00
Layla Haddad,ktanaka,group_chat,2026-03-27 09:03:12+00:00
Samuel Mensah,cnguyen,group_chat,2026-03-27 09:05:47+00:00
Samuel Mensah,smensah,group_chat,2026-03-27 09:05:47+00:00
Samuel Mensah,lhaddad,group_chat,2026-03-27 09:05:47+00:00
Samuel Mensah,ktanaka,group_chat,2026-03-27 09:05:47+00:00
Chi Nguyen,cnguyen,group_chat,2026-03-27 09:06:10+00:00
Chi Nguyen,smensah,group_chat,2026-03-27 09:06:10+00:00
Chi Nguyen,lhaddad,group_chat,2026-03-27 09:06:10+00:00
Chi Nguyen,ktanaka,group_chat,2026-03-27 09:06:10+00:00
Kenji Tanaka,cnguyen,group_chat,2026-03-27 09:06:45+00:00
Kenji Tanaka,smensah,group_chat,2026-03-27 09:06:45+00:00
Kenji Tanaka,lhaddad,group_chat,2026-03-27 09:06:45+00:00
Kenji Tanaka,ktanaka,group_chat,2026-03-27 09:06:45+00:00
Layla Haddad,cnguyen,group_chat,2026-03-27 09:07:02+00:00
Layla Haddad,smensah,group_chat,2026-03-27 09:07:02+00:00
Layla Haddad,lhaddad,group_chat,2026-03-27 09:07:02+00:00
Layla Haddad,ktanaka,group_chat,2026-03-27 09:07:02+00:00
Chi Nguyen,cnguyen,group_chat,2026-03-27 09:07:25+00:00
Chi Nguyen,smensah,group_chat,2026-03-27 09:07:25+00:00
Chi Nguyen,lhaddad,group_chat,2026-03-27 09:07:25+00:00
Chi Nguyen,ktanaka,group_chat,2026-03-27 09:07:25+00:00
Samuel Mensah,cnguyen,group_chat,2026-03-27 09:08:13+00:00
Samuel Mensah,smensah,group_chat,2026-03-27 09:08:13+00:00
Samuel Mensah,lhaddad,group_chat,2026-03-27 09:08:13+00:00
Samuel Mensah,ktanaka,group_chat,2026-03-27 09:08:13+00:00
Kenji Tanaka,cnguyen,group_chat,2026-03-27 09:08:45+00:00
Kenji Tanaka,smensah,group_chat,2026-03-27 09:08:45+00:00
Kenji Tanaka,lhaddad,group_chat,2026-03-27 09:08:45+00:00
Kenji Tanaka,ktanaka,group_chat,2026-03-27 09:08:45+00:00
Layla Haddad,cnguyen,group_chat,2026-03-27 09:09:12+00:00
Layla Haddad,smensah,group_chat,2026-03-27 09:09:12+00:00
Layla Haddad,lhaddad,group_chat,2026-03-27 09:09:12+00:00
Layla Haddad,ktanaka,group_chat,2026-03-27 09:09:12+00:00
Chi Nguyen,cnguyen,group_chat,2026-03-27 09:09:35+00:00
Chi Nguyen,smensah,group_chat,2026-03-27 09:09:35+00:00
Chi Nguyen,lhaddad,group_chat,2026-03-27 09:09:35+00:00
Chi Nguyen,ktanaka,group_chat,2026-03-27 09:09:35+00:00
Samuel Mensah,cnguyen,group_chat,2026-03-27 09:10:22+00:00
Samuel Mensah,smensah,group_chat,2026-03-27 09:10:22+00:00
Samuel Mensah,lhaddad,group_chat,2026-03-27 09:10:22+00:00
Samuel Mensah,ktanaka,group_chat,2026-03-27 09:10:22+00:00
Kenji Tanaka,cnguyen,group_chat,2026-03-27 09:11:05+00:00
Kenji Tanaka,smensah,group_chat,2026-03-27 09:11:05+00:00
Kenji Tanaka,lhaddad,group_chat,2026-03-27 09:11:05+00:00
Kenji Tanaka,ktanaka,group_chat,2026-03-27 09:11:05+00:00
Layla Haddad,cnguyen,group_chat,2026-03-27 09:12:18+00:00
Layla Haddad,smensah,group_chat,2026-03-27 09:12:18+00:00
Layla Haddad,lhaddad,group_chat,2026-03-27 09:12:18+00:00
Layla Haddad,ktanaka,group_chat,2026-03-27 09:12:18+00:00
Chi Nguyen,cnguyen,group_chat,2026-03-27 09:12:35+00:00
Chi Nguyen,smensah,group_chat,2026-03-27 09:12:35+00:00
Chi Nguyen,lhaddad,group_chat,2026-03-27 09:12:35+00:00
Chi Nguyen,ktanaka,group_chat,2026-03-27 09:12:35+00:00
Kenji Tanaka,cnguyen,group_chat,2026-03-27 09:13:02+00:00
Kenji Tanaka,smensah,group_chat,2026-03-27 09:13:02+00:00
Kenji Tanaka,lhaddad,group_chat,2026-03-27 09:13:02+00:00
Kenji Tanaka,ktanaka,group_chat,2026-03-27 09:13:02+00:00
Samuel Mensah,cnguyen,group_chat,2026-03-27 09:14:10+00:00
Samuel Mensah,smensah,group_chat,2026-03-27 09:14:10+00:00
Samuel Mensah,lhaddad,group_chat,2026-03-27 09:14:10+00:00
Samuel Mensah,ktanaka,group_chat,2026-03-27 09:14:10+00:00
Chi Nguyen,cnguyen,group_chat,2026-03-27 09:14:33+00:00
Chi Nguyen,smensah,group_chat,2026-03-27 09:14:33+00:00
Chi Nguyen,lhaddad,group_chat,2026-03-27 09:14:33+00:00
Chi Nguyen,ktanaka,group_chat,2026-03-27 09:14:33+00:00
Layla Haddad,cnguyen,group_chat,2026-03-27 09:15:02+00:00
Layla Haddad,smensah,group_chat,2026-03-27 09:15:02+00:00
Layla Haddad,lhaddad,group_chat,2026-03-27 09:15:02+00:00
Layla Haddad,ktanaka,group_chat,2026-03-27 09:15:02+00:00
Kenji Tanaka,cnguyen,group_chat,2026-03-27 09:18:25+00:00
Kenji Tanaka,smensah,group_chat,2026-03-27 09:18:25+00:00
Kenji Tanaka,lhaddad,group_chat,2026-03-27 09:18:25+00:00
Kenji Tanaka,ktanaka,group_chat,2026-03-27 09:18:25+00:00
Chi Nguyen,cnguyen,group_chat,2026-03-27 09:18:45+00:00
Chi Nguyen,smensah,group_chat,2026-03-27 09:18:45+00:00
Chi Nguyen,lhaddad,group_chat,2026-03-27 09:18:45+00:00
Chi Nguyen,ktanaka,group_chat,2026-03-27 09:18:45+00:00
Layla Haddad,lhaddad,group_chat,2026-03-27 14:02:10+00:00
Layla Haddad,smensah,group_chat,2026-03-27 14:02:10+00:00
Layla Haddad,yabdul,group_chat,2026-03-27 14:02:10+00:00
Layla Haddad,jokafor,group_chat,2026-03-27 14:02:10+00:00
Layla Haddad,npande,group_chat,2026-03-27 14:02:10+00:00
Samuel Mensah,lhaddad,group_chat,2026-03-27 14:02:15+00:00
Samuel Mensah,smensah,group_chat,2026-03-27 14:02:15+00:00
Samuel Mensah,yabdul,group_chat,2026-03-27 14:02:15+00:00
Samuel Mensah,jokafor,group_chat,2026-03-27 14:02:15+00:00
Samuel Mensah,npande,group_chat,2026-03-27 14:02:15+00:00
Yasmin Abdul,lhaddad,group_chat,2026-03-27 14:03:05+00:00
Yasmin Abdul,smensah,group_chat,2026-03-27 14:03:05+00:00
Yasmin Abdul,yabdul,group_chat,2026-03-27 14:03:05+00:00
Yasmin Abdul,jokafor,group_chat,2026-03-27 14:03:05+00:00
Yasmin Abdul,npande,group_chat,2026-03-27 14:03:05+00:00
Joy Okafor,lhaddad,group_chat,2026-03-27 14:03:20+00:00
Joy Okafor,smensah,group_chat,2026-03-27 14:03:20+00:00
Joy Okafor,yabdul,group_chat,2026-03-27 14:03:20+00:00
Joy Okafor,jokafor,group_chat,2026-03-27 14:03:20+00:00
Joy Okafor,npande,group_chat,2026-03-27 14:03:20+00:00
Neha Pande,lhaddad,group_chat,2026-03-27 14:04:00+00:00
Neha Pande,smensah,group_chat,2026-03-27 14:04:00+00:00
Neha Pande,yabdul,group_chat,2026-03-27 14:04:00+00:00
Neha Pande,jokafor,group_chat,2026-03-27 14:04:00+00:00
Neha Pande,npande,group_chat,2026-03-27 14:04:00+00:00
Layla Haddad,lhaddad,group_chat,2026-03-27 14:04:15+00:00
Layla Haddad,smensah,group_chat,2026-03-27 14:04:15+00:00
Layla Haddad,yabdul,group_chat,2026-03-27 14:04:15+00:00
Layla Haddad,jokafor,group_chat,2026-03-27 14:04:15+00:00
Layla Haddad,npande,group_chat,2026-03-27 14:04:15+00:00
Samuel Mensah,lhaddad,group_chat,2026-03-27 14:05:30+00:00
Samuel Mensah,smensah,group_chat,2026-03-27 14:05:30+00:00
Samuel Mensah,yabdul,group_chat,2026-03-27 14:05:30+00:00
Samuel Mensah,jokafor,group_chat,2026-03-27 14:05:30+00:00
Samuel Mensah,npande,group_chat,2026-03-27 14:05:30+00:00
Yasmin Abdul,lhaddad,group_chat,2026-03-27 14:05:45+00:00
Yasmin Abdul,smensah,group_chat,2026-03-27 14:05:45+00:00
Yasmin Abdul,yabdul,group_chat,2026-03-27 14:05:45+00:00
Yasmin Abdul,jokafor,group_chat,2026-03-27 14:05:45+00:00
Yasmin Abdul,npande,group_chat,2026-03-27 14:05:45+00:00
Joy Okafor,lhaddad,group_chat,2026-03-27 14:06:10+00:00
Joy Okafor,smensah,group_chat,2026-03-27 14:06:10+00:00
Joy Okafor,yabdul,group_chat,2026-03-27 14:06:10+00:00
Joy Okafor,jokafor,group_chat,2026-03-27 14:06:10+00:00
Joy Okafor,npande,group_chat,2026-03-27 14:06:10+00:00
Neha Pande,lhaddad,group_chat,2026-03-27 14:06:30+00:00
Neha Pande,smensah,group_chat,2026-03-27 14:06:30+00:00
Neha Pande,yabdul,group_chat,2026-03-27 14:06:30+00:00
Neha Pande,jokafor,group_chat,2026-03-27 14:06:30+00:00
Neha Pande,npande,group_chat,2026-03-27 14:06:30+00:00
Layla Haddad,lhaddad,group_chat,2026-03-27 14:07:05+00:00
Layla Haddad,smensah,group_chat,2026-03-27 14:07:05+00:00
Layla Haddad,yabdul,group_chat,2026-03-27 14:07:05+00:00
Layla Haddad,jokafor,group_chat,2026-03-27 14:07:05+00:00
Layla Haddad,npande,group_chat,2026-03-27 14:07:05+00:00
Samuel Mensah,lhaddad,group_chat,2026-03-27 14:07:20+00:00
Samuel Mensah,smensah,group_chat,2026-03-27 14:07:20+00:00
Samuel Mensah,yabdul,group_chat,2026-03-27 14:07:20+00:00
Samuel Mensah,jokafor,group_chat,2026-03-27 14:07:20+00:00
Samuel Mensah,npande,group_chat,2026-03-27 14:07:20+00:00
Neha Pande,lhaddad,group_chat,2026-03-27 14:07:35+00:00
Neha Pande,smensah,group_chat,2026-03-27 14:07:35+00:00
Neha Pande,yabdul,group_chat,2026-03-27 14:07:35+00:00
Neha Pande,jokafor,group_chat,2026-03-27 14:07:35+00:00
Neha Pande,npande,group_chat,2026-03-27 14:07:35+00:00
Yasmin Abdul,lhaddad,group_chat,2026-03-27 14:08:00+00:00
Yasmin Abdul,smensah,group_chat,2026-03-27 14:08:00+00:00
Yasmin Abdul,yabdul,group_chat,2026-03-27 14:08:00+00:00
Yasmin Abdul,jokafor,group_chat,2026-03-27 14:08:00+00:00
Yasmin Abdul,npande,group_chat,2026-03-27 14:08:00+00:00
Joy Okafor,lhaddad,group_chat,2026-03-27 14:08:15+00:00
Joy Okafor,smensah,group_chat,2026-03-27 14:08:15+00:00
Joy Okafor,yabdul,group_chat,2026-03-27 14:08:15+00:00
Joy Okafor,jokafor,group_chat,2026-03-27 14:08:15+00:00
Joy Okafor,npande,group_chat,2026-03-27 14:08:15+00:00
Aisha Kabir,akabir,group_chat,2026-03-28 09:15:00+00:00
Aisha Kabir,fdubois,group_chat,2026-03-28 09:15:00+00:00
Aisha Kabir,jokonkwo_4,group_chat,2026-03-28 09:15:00+00:00
François Dubois,akabir,group_chat,2026-03-28 09:16:12+00:00
François Dubois,fdubois,group_chat,2026-03-28 09:16:12+00:00
François Dubois,jokonkwo_4,group_chat,2026-03-28 09:16:12+00:00
Aisha Kabir,akabir,group_chat,2026-03-28 09:16:45+00:00
Aisha Kabir,fdubois,group_chat,2026-03-28 09:16:45+00:00
Aisha Kabir,jokonkwo_4,group_chat,2026-03-28 09:16:45+00:00
Joseph Okonkwo,akabir,group_chat,2026-03-28 09:17:30+00:00
Joseph Okonkwo,fdubois,group_chat,2026-03-28 09:17:30+00:00
Joseph Okonkwo,jokonkwo_4,group_chat,2026-03-28 09:17:30+00:00
Aisha Kabir,akabir,group_chat,2026-03-28 09:18:05+00:00
Aisha Kabir,fdubois,group_chat,2026-03-28 09:18:05+00:00
Aisha Kabir,jokonkwo_4,group_chat,2026-03-28 09:18:05+00:00
François Dubois,akabir,group_chat,2026-03-28 09:18:30+00:00
François Dubois,fdubois,group_chat,2026-03-28 09:18:30+00:00
François Dubois,jokonkwo_4,group_chat,2026-03-28 09:18:30+00:00
Aisha Kabir,akabir,group_chat,2026-03-28 09:18:55+00:00
Aisha Kabir,fdubois,group_chat,2026-03-28 09:18:55+00:00
Aisha Kabir,jokonkwo_4,group_chat,2026-03-28 09:18:55+00:00
Joseph Okonkwo,akabir,group_chat,2026-03-28 09:19:20+00:00
Joseph Okonkwo,fdubois,group_chat,2026-03-28 09:19:20+00:00
Joseph Okonkwo,jokonkwo_4,group_chat,2026-03-28 09:19:20+00:00
François Dubois,akabir,group_chat,2026-03-28 09:19:40+00:00
François Dubois,fdubois,group_chat,2026-03-28 09:19:40+00:00
François Dubois,jokonkwo_4,group_chat,2026-03-28 09:19:40+00:00
Aisha Kabir,akabir,group_chat,2026-03-28 09:19:55+00:00
Aisha Kabir,fdubois,group_chat,2026-03-28 09:19:55+00:00
Aisha Kabir,jokonkwo_4,group_chat,2026-03-28 09:19:55+00:00
Joseph Okonkwo,akabir,group_chat,2026-03-28 09:20:25+00:00
Joseph Okonkwo,fdubois,group_chat,2026-03-28 09:20:25+00:00
Joseph Okonkwo,jokonkwo_4,group_chat,2026-03-28 09:20:25+00:00
Aisha Kabir,akabir,group_chat,2026-03-28 09:20:50+00:00
Aisha Kabir,fdubois,group_chat,2026-03-28 09:20:50+00:00
Aisha Kabir,jokonkwo_4,group_chat,2026-03-28 09:20:50+00:00
François Dubois,akabir,group_chat,2026-03-28 09:21:20+00:00
François Dubois,fdubois,group_chat,2026-03-28 09:21:20+00:00
François Dubois,jokonkwo_4,group_chat,2026-03-28 09:21:20+00:00
Aisha Kabir,akabir,group_chat,2026-03-28 09:21:50+00:00
Aisha Kabir,fdubois,group_chat,2026-03-28 09:21:50+00:00
Aisha Kabir,jokonkwo_4,group_chat,2026-03-28 09:21:50+00:00
Joseph Okonkwo,akabir,group_chat,2026-03-28 09:22:15+00:00
Joseph Okonkwo,fdubois,group_chat,2026-03-28 09:22:15+00:00
Joseph Okonkwo,jokonkwo_4,group_chat,2026-03-28 09:22:15+00:00
François Dubois,akabir,group_chat,2026-03-28 09:22:30+00:00
François Dubois,fdubois,group_chat,2026-03-28 09:22:30+00:00
François Dubois,jokonkwo_4,group_chat,2026-03-28 09:22:30+00:00
Aisha Kabir,akabir,group_chat,2026-03-28 09:22:50+00:00
Aisha Kabir,fdubois,group_chat,2026-03-28 09:22:50+00:00
Aisha Kabir,jokonkwo_4,group_chat,2026-03-28 09:22:50+00:00
Joseph Okonkwo,akabir,group_chat,2026-03-28 09:23:10+00:00
Joseph Okonkwo,fdubois,group_chat,2026-03-28 09:23:10+00:00
Joseph Okonkwo,jokonkwo_4,group_chat,2026-03-28 09:23:10+00:00
François Dubois,akabir,group_chat,2026-03-28 09:23:30+00:00
François Dubois,fdubois,group_chat,2026-03-28 09:23:30+00:00
François Dubois,jokonkwo_4,group_chat,2026-03-28 09:23:30+00:00
Aisha Kabir,akabir,group_chat,2026-03-28 09:23:45+00:00
Aisha Kabir,fdubois,group_chat,2026-03-28 09:23:45+00:00
Aisha Kabir,jokonkwo_4,group_chat,2026-03-28 09:23:45+00:00
Mei Zhang,mzhang,group_chat,2026-03-28 09:15:00+00:00
Mei Zhang,lgomez,group_chat,2026-03-28 09:15:00+00:00
Mei Zhang,cnguyen,group_chat,2026-03-28 09:15:00+00:00
Luis Gomez,mzhang,group_chat,2026-03-28 09:16:30+00:00
Luis Gomez,lgomez,group_chat,2026-03-28 09:16:30+00:00
Luis Gomez,cnguyen,group_chat,2026-03-28 09:16:30+00:00
Chi Nguyen,mzhang,group_chat,2026-03-28 09:17:10+00:00
Chi Nguyen,lgomez,group_chat,2026-03-28 09:17:10+00:00
Chi Nguyen,cnguyen,group_chat,2026-03-28 09:17:10+00:00
Luis Gomez,mzhang,group_chat,2026-03-28 09:18:00+00:00
Luis Gomez,lgomez,group_chat,2026-03-28 09:18:00+00:00
Luis Gomez,cnguyen,group_chat,2026-03-28 09:18:00+00:00
Mei Zhang,mzhang,group_chat,2026-03-28 09:18:45+00:00
Mei Zhang,lgomez,group_chat,2026-03-28 09:18:45+00:00
Mei Zhang,cnguyen,group_chat,2026-03-28 09:18:45+00:00
Chi Nguyen,mzhang,group_chat,2026-03-28 09:19:20+00:00
Chi Nguyen,lgomez,group_chat,2026-03-28 09:19:20+00:00
Chi Nguyen,cnguyen,group_chat,2026-03-28 09:19:20+00:00
Luis Gomez,mzhang,group_chat,2026-03-28 09:20:10+00:00
Luis Gomez,lgomez,group_chat,2026-03-28 09:20:10+00:00
Luis Gomez,cnguyen,group_chat,2026-03-28 09:20:10+00:00
Mei Zhang,mzhang,group_chat,2026-03-28 09:21:00+00:00
Mei Zhang,lgomez,group_chat,2026-03-28 09:21:00+00:00
Mei Zhang,cnguyen,group_chat,2026-03-28 09:21:00+00:00
Chi Nguyen,mzhang,group_chat,2026-03-28 09:21:30+00:00
Chi Nguyen,lgomez,group_chat,2026-03-28 09:21:30+00:00
Chi Nguyen,cnguyen,group_chat,2026-03-28 09:21:30+00:00
Luis Gomez,mzhang,group_chat,2026-03-28 09:22:00+00:00
Luis Gomez,lgomez,group_chat,2026-03-28 09:22:00+00:00
Luis Gomez,cnguyen,group_chat,2026-03-28 09:22:00+00:00
Luis Gomez,mzhang,group_chat,2026-03-28 09:27:00+00:00
Luis Gomez,lgomez,group_chat,2026-03-28 09:27:00+00:00
Luis Gomez,cnguyen,group_chat,2026-03-28 09:27:00+00:00
Mei Zhang,mzhang,group_chat,2026-03-28 09:27:30+00:00
Mei Zhang,lgomez,group_chat,2026-03-28 09:27:30+00:00
Mei Zhang,cnguyen,group_chat,2026-03-28 09:27:30+00:00
Chi Nguyen,mzhang,group_chat,2026-03-28 09:28:00+00:00
Chi Nguyen,lgomez,group_chat,2026-03-28 09:28:00+00:00
Chi Nguyen,cnguyen,group_chat,2026-03-28 09:28:00+00:00
Mei Zhang,mzhang,group_chat,2026-03-28 09:28:45+00:00
Mei Zhang,lgomez,group_chat,2026-03-28 09:28:45+00:00
Mei Zhang,cnguyen,group_chat,2026-03-28 09:28:45+00:00
Luis Gomez,mzhang,group_chat,2026-03-28 09:29:10+00:00
Luis Gomez,lgomez,group_chat,2026-03-28 09:29:10+00:00
Luis Gomez,cnguyen,group_chat,2026-03-28 09:29:10+00:00
Chi Nguyen,mzhang,group_chat,2026-03-28 09:30:00+00:00
Chi Nguyen,lgomez,group_chat,2026-03-28 09:30:00+00:00
Chi Nguyen,cnguyen,group_chat,2026-03-28 09:30:00+00:00
Mei Zhang,mzhang,group_chat,2026-03-28 09:31:00+00:00
Mei Zhang,lgomez,group_chat,2026-03-28 09:31:00+00:00
Mei Zhang,cnguyen,group_chat,2026-03-28 09:31:00+00:00
Luis Gomez,mzhang,group_chat,2026-03-28 09:31:30+00:00
Luis Gomez,lgomez,group_chat,2026-03-28 09:31:30+00:00
Luis Gomez,cnguyen,group_chat,2026-03-28 09:31:30+00:00
kenji_tanaka,ktanaka,group_chat,2026-03-28 10:02:15+00:00
kenji_tanaka,cnguyen,group_chat,2026-03-28 10:02:15+00:00
kenji_tanaka,ksingh,group_chat,2026-03-28 10:02:15+00:00
chi_nguyen,ktanaka,group_chat,2026-03-28 10:03:22+00:00
chi_nguyen,cnguyen,group_chat,2026-03-28 10:03:22+00:00
chi_nguyen,ksingh,group_chat,2026-03-28 10:03:22+00:00
karan_singh,ktanaka,group_chat,2026-03-28 10:04:10+00:00
karan_singh,cnguyen,group_chat,2026-03-28 10:04:10+00:00
karan_singh,ksingh,group_chat,2026-03-28 10:04:10+00:00
kenji_tanaka,ktanaka,group_chat,2026-03-28 10:04:55+00:00
kenji_tanaka,cnguyen,group_chat,2026-03-28 10:04:55+00:00
kenji_tanaka,ksingh,group_chat,2026-03-28 10:04:55+00:00
chi_nguyen,ktanaka,group_chat,2026-03-28 10:05:34+00:00
chi_nguyen,cnguyen,group_chat,2026-03-28 10:05:34+00:00
chi_nguyen,ksingh,group_chat,2026-03-28 10:05:34+00:00
kenji_tanaka,ktanaka,group_chat,2026-03-28 10:06:12+00:00
kenji_tanaka,cnguyen,group_chat,2026-03-28 10:06:12+00:00
kenji_tanaka,ksingh,group_chat,2026-03-28 10:06:12+00:00
karan_singh,ktanaka,group_chat,2026-03-28 10:07:03+00:00
karan_singh,cnguyen,group_chat,2026-03-28 10:07:03+00:00
karan_singh,ksingh,group_chat,2026-03-28 10:07:03+00:00
chi_nguyen,ktanaka,group_chat,2026-03-28 10:07:32+00:00
chi_nguyen,cnguyen,group_chat,2026-03-28 10:07:32+00:00
chi_nguyen,ksingh,group_chat,2026-03-28 10:07:32+00:00
kenji_tanaka,ktanaka,group_chat,2026-03-28 10:08:01+00:00
kenji_tanaka,cnguyen,group_chat,2026-03-28 10:08:01+00:00
kenji_tanaka,ksingh,group_chat,2026-03-28 10:08:01+00:00
karan_singh,ktanaka,group_chat,2026-03-28 10:08:45+00:00
karan_singh,cnguyen,group_chat,2026-03-28 10:08:45+00:00
karan_singh,ksingh,group_chat,2026-03-28 10:08:45+00:00
chi_nguyen,ktanaka,group_chat,2026-03-28 10:15:12+00:00
chi_nguyen,cnguyen,group_chat,2026-03-28 10:15:12+00:00
chi_nguyen,ksingh,group_chat,2026-03-28 10:15:12+00:00
kenji_tanaka,ktanaka,group_chat,2026-03-28 10:16:30+00:00
kenji_tanaka,cnguyen,group_chat,2026-03-28 10:16:30+00:00
kenji_tanaka,ksingh,group_chat,2026-03-28 10:16:30+00:00
karan_singh,ktanaka,group_chat,2026-03-28 10:17:08+00:00
karan_singh,cnguyen,group_chat,2026-03-28 10:17:08+00:00
karan_singh,ksingh,group_chat,2026-03-28 10:17:08+00:00
chi_nguyen,ktanaka,group_chat,2026-03-28 10:18:47+00:00
chi_nguyen,cnguyen,group_chat,2026-03-28 10:18:47+00:00
chi_nguyen,ksingh,group_chat,2026-03-28 10:18:47+00:00
kenji_tanaka,ktanaka,group_chat,2026-03-28 10:19:22+00:00
kenji_tanaka,cnguyen,group_chat,2026-03-28 10:19:22+00:00
kenji_tanaka,ksingh,group_chat,2026-03-28 10:19:22+00:00
karan_singh,ktanaka,group_chat,2026-03-28 10:20:05+00:00
karan_singh,cnguyen,group_chat,2026-03-28 10:20:05+00:00
karan_singh,ksingh,group_chat,2026-03-28 10:20:05+00:00
chi_nguyen,ktanaka,group_chat,2026-03-28 10:20:32+00:00
chi_nguyen,cnguyen,group_chat,2026-03-28 10:20:32+00:00
chi_nguyen,ksingh,group_chat,2026-03-28 10:20:32+00:00
Luis Gomez,lgomez,group_chat,2026-03-28 14:02:03+00:00
Luis Gomez,fdubois,group_chat,2026-03-28 14:02:03+00:00
Luis Gomez,jokonkwo_4,group_chat,2026-03-28 14:02:03+00:00
François Dubois,lgomez,group_chat,2026-03-28 14:02:45+00:00
François Dubois,fdubois,group_chat,2026-03-28 14:02:45+00:00
François Dubois,jokonkwo_4,group_chat,2026-03-28 14:02:45+00:00
Joseph Okonkwo,lgomez,group_chat,2026-03-28 14:03:12+00:00
Joseph Okonkwo,fdubois,group_chat,2026-03-28 14:03:12+00:00
Joseph Okonkwo,jokonkwo_4,group_chat,2026-03-28 14:03:12+00:00
François Dubois,lgomez,group_chat,2026-03-28 14:03:29+00:00
François Dubois,fdubois,group_chat,2026-03-28 14:03:29+00:00
François Dubois,jokonkwo_4,group_chat,2026-03-28 14:03:29+00:00
Luis Gomez,lgomez,group_chat,2026-03-28 14:04:02+00:00
Luis Gomez,fdubois,group_chat,2026-03-28 14:04:02+00:00
Luis Gomez,jokonkwo_4,group_chat,2026-03-28 14:04:02+00:00
Joseph Okonkwo,lgomez,group_chat,2026-03-28 14:04:10+00:00
Joseph Okonkwo,fdubois,group_chat,2026-03-28 14:04:10+00:00
Joseph Okonkwo,jokonkwo_4,group_chat,2026-03-28 14:04:10+00:00
François Dubois,lgomez,group_chat,2026-03-28 14:04:15+00:00
François Dubois,fdubois,group_chat,2026-03-28 14:04:15+00:00
François Dubois,jokonkwo_4,group_chat,2026-03-28 14:04:15+00:00
Luis Gomez,lgomez,group_chat,2026-03-28 14:05:03+00:00
Luis Gomez,fdubois,group_chat,2026-03-28 14:05:03+00:00
Luis Gomez,jokonkwo_4,group_chat,2026-03-28 14:05:03+00:00
Joseph Okonkwo,lgomez,group_chat,2026-03-28 14:05:20+00:00
Joseph Okonkwo,fdubois,group_chat,2026-03-28 14:05:20+00:00
Joseph Okonkwo,jokonkwo_4,group_chat,2026-03-28 14:05:20+00:00
François Dubois,lgomez,group_chat,2026-03-28 14:05:48+00:00
François Dubois,fdubois,group_chat,2026-03-28 14:05:48+00:00
François Dubois,jokonkwo_4,group_chat,2026-03-28 14:05:48+00:00
Luis Gomez,lgomez,group_chat,2026-03-28 14:06:10+00:00
Luis Gomez,fdubois,group_chat,2026-03-28 14:06:10+00:00
Luis Gomez,jokonkwo_4,group_chat,2026-03-28 14:06:10+00:00
Joseph Okonkwo,lgomez,group_chat,2026-03-28 14:06:45+00:00
Joseph Okonkwo,fdubois,group_chat,2026-03-28 14:06:45+00:00
Joseph Okonkwo,jokonkwo_4,group_chat,2026-03-28 14:06:45+00:00
François Dubois,lgomez,group_chat,2026-03-28 14:06:58+00:00
François Dubois,fdubois,group_chat,2026-03-28 14:06:58+00:00
François Dubois,jokonkwo_4,group_chat,2026-03-28 14:06:58+00:00
Joseph Okonkwo,lgomez,group_chat,2026-03-28 14:07:10+00:00
Joseph Okonkwo,fdubois,group_chat,2026-03-28 14:07:10+00:00
Joseph Okonkwo,jokonkwo_4,group_chat,2026-03-28 14:07:10+00:00
Luis Gomez,lgomez,group_chat,2026-03-28 14:07:30+00:00
Luis Gomez,fdubois,group_chat,2026-03-28 14:07:30+00:00
Luis Gomez,jokonkwo_4,group_chat,2026-03-28 14:07:30+00:00
François Dubois,lgomez,group_chat,2026-03-28 14:08:00+00:00
François Dubois,fdubois,group_chat,2026-03-28 14:08:00+00:00
François Dubois,jokonkwo_4,group_chat,2026-03-28 14:08:00+00:00
Samuel Mensah,smensah,group_chat,2026-03-28 09:02:13+00:00
Samuel Mensah,jokafor,group_chat,2026-03-28 09:02:13+00:00
Samuel Mensah,akabir,group_chat,2026-03-28 09:02:13+00:00
Joy Okafor,smensah,group_chat,2026-03-28 09:02:27+00:00
Joy Okafor,jokafor,group_chat,2026-03-28 09:02:27+00:00
Joy Okafor,akabir,group_chat,2026-03-28 09:02:27+00:00
Aisha Kabir,smensah,group_chat,2026-03-28 09:02:45+00:00
Aisha Kabir,jokafor,group_chat,2026-03-28 09:02:45+00:00
Aisha Kabir,akabir,group_chat,2026-03-28 09:02:45+00:00
Samuel Mensah,smensah,group_chat,2026-03-28 09:03:12+00:00
Samuel Mensah,jokafor,group_chat,2026-03-28 09:03:12+00:00
Samuel Mensah,akabir,group_chat,2026-03-28 09:03:12+00:00
Joy Okafor,smensah,group_chat,2026-03-28 09:03:30+00:00
Joy Okafor,jokafor,group_chat,2026-03-28 09:03:30+00:00
Joy Okafor,akabir,group_chat,2026-03-28 09:03:30+00:00
Aisha Kabir,smensah,group_chat,2026-03-28 09:04:05+00:00
Aisha Kabir,jokafor,group_chat,2026-03-28 09:04:05+00:00
Aisha Kabir,akabir,group_chat,2026-03-28 09:04:05+00:00
Samuel Mensah,smensah,group_chat,2026-03-28 09:04:22+00:00
Samuel Mensah,jokafor,group_chat,2026-03-28 09:04:22+00:00
Samuel Mensah,akabir,group_chat,2026-03-28 09:04:22+00:00
Aisha Kabir,smensah,group_chat,2026-03-28 09:04:38+00:00
Aisha Kabir,jokafor,group_chat,2026-03-28 09:04:38+00:00
Aisha Kabir,akabir,group_chat,2026-03-28 09:04:38+00:00
Joy Okafor,smensah,group_chat,2026-03-28 09:05:10+00:00
Joy Okafor,jokafor,group_chat,2026-03-28 09:05:10+00:00
Joy Okafor,akabir,group_chat,2026-03-28 09:05:10+00:00
Samuel Mensah,smensah,group_chat,2026-03-28 09:05:28+00:00
Samuel Mensah,jokafor,group_chat,2026-03-28 09:05:28+00:00
Samuel Mensah,akabir,group_chat,2026-03-28 09:05:28+00:00
Aisha Kabir,smensah,group_chat,2026-03-28 09:06:02+00:00
Aisha Kabir,jokafor,group_chat,2026-03-28 09:06:02+00:00
Aisha Kabir,akabir,group_chat,2026-03-28 09:06:02+00:00
Joy Okafor,smensah,group_chat,2026-03-28 09:06:18+00:00
Joy Okafor,jokafor,group_chat,2026-03-28 09:06:18+00:00
Joy Okafor,akabir,group_chat,2026-03-28 09:06:18+00:00
Samuel Mensah,smensah,group_chat,2026-03-28 09:06:35+00:00
Samuel Mensah,jokafor,group_chat,2026-03-28 09:06:35+00:00
Samuel Mensah,akabir,group_chat,2026-03-28 09:06:35+00:00
Aisha Kabir,smensah,group_chat,2026-03-28 09:06:48+00:00
Aisha Kabir,jokafor,group_chat,2026-03-28 09:06:48+00:00
Aisha Kabir,akabir,group_chat,2026-03-28 09:06:48+00:00
Joy Okafor,smensah,group_chat,2026-03-28 09:07:00+00:00
Joy Okafor,jokafor,group_chat,2026-03-28 09:07:00+00:00
Joy Okafor,akabir,group_chat,2026-03-28 09:07:00+00:00
Samuel Mensah,smensah,group_chat,2026-03-28 09:07:15+00:00
Samuel Mensah,jokafor,group_chat,2026-03-28 09:07:15+00:00
Samuel Mensah,akabir,group_chat,2026-03-28 09:07:15+00:00
chi_nguyen,cnguyen,group_chat,2026-03-28 10:00:12+00:00
chi_nguyen,ysilva,group_chat,2026-03-28 10:00:12+00:00
chi_nguyen,ktanaka,group_chat,2026-03-28 10:00:12+00:00
yolanda_silva,cnguyen,group_chat,2026-03-28 10:00:30+00:00
yolanda_silva,ysilva,group_chat,2026-03-28 10:00:30+00:00
yolanda_silva,ktanaka,group_chat,2026-03-28 10:00:30+00:00
kenji_tanaka,cnguyen,group_chat,2026-03-28 10:01:05+00:00
kenji_tanaka,ysilva,group_chat,2026-03-28 10:01:05+00:00
kenji_tanaka,ktanaka,group_chat,2026-03-28 10:01:05+00:00
yolanda_silva,cnguyen,group_chat,2026-03-28 10:02:40+00:00
yolanda_silva,ysilva,group_chat,2026-03-28 10:02:40+00:00
yolanda_silva,ktanaka,group_chat,2026-03-28 10:02:40+00:00
chi_nguyen,cnguyen,group_chat,2026-03-28 10:03:10+00:00
chi_nguyen,ysilva,group_chat,2026-03-28 10:03:10+00:00
chi_nguyen,ktanaka,group_chat,2026-03-28 10:03:10+00:00
kenji_tanaka,cnguyen,group_chat,2026-03-28 10:04:01+00:00
kenji_tanaka,ysilva,group_chat,2026-03-28 10:04:01+00:00
kenji_tanaka,ktanaka,group_chat,2026-03-28 10:04:01+00:00
chi_nguyen,cnguyen,group_chat,2026-03-28 10:04:45+00:00
chi_nguyen,ysilva,group_chat,2026-03-28 10:04:45+00:00
chi_nguyen,ktanaka,group_chat,2026-03-28 10:04:45+00:00
kenji_tanaka,cnguyen,group_chat,2026-03-28 10:05:02+00:00
kenji_tanaka,ysilva,group_chat,2026-03-28 10:05:02+00:00
kenji_tanaka,ktanaka,group_chat,2026-03-28 10:05:02+00:00
yolanda_silva,cnguyen,group_chat,2026-03-28 10:05:10+00:00
yolanda_silva,ysilva,group_chat,2026-03-28 10:05:10+00:00
yolanda_silva,ktanaka,group_chat,2026-03-28 10:05:10+00:00
chi_nguyen,cnguyen,group_chat,2026-03-28 10:05:15+00:00
chi_nguyen,ysilva,group_chat,2026-03-28 10:05:15+00:00
chi_nguyen,ktanaka,group_chat,2026-03-28 10:05:15+00:00
yolanda_silva,cnguyen,group_chat,2026-03-28 10:06:25+00:00
yolanda_silva,ysilva,group_chat,2026-03-28 10:06:25+00:00
yolanda_silva,ktanaka,group_chat,2026-03-28 10:06:25+00:00
kenji_tanaka,cnguyen,group_chat,2026-03-28 10:06:50+00:00
kenji_tanaka,ysilva,group_chat,2026-03-28 10:06:50+00:00
kenji_tanaka,ktanaka,group_chat,2026-03-28 10:06:50+00:00
chi_nguyen,cnguyen,group_chat,2026-03-28 10:07:05+00:00
chi_nguyen,ysilva,group_chat,2026-03-28 10:07:05+00:00
chi_nguyen,ktanaka,group_chat,2026-03-28 10:07:05+00:00
yolanda_silva,cnguyen,group_chat,2026-03-28 10:08:15+00:00
yolanda_silva,ysilva,group_chat,2026-03-28 10:08:15+00:00
yolanda_silva,ktanaka,group_chat,2026-03-28 10:08:15+00:00
kenji_tanaka,cnguyen,group_chat,2026-03-28 10:08:45+00:00
kenji_tanaka,ysilva,group_chat,2026-03-28 10:08:45+00:00
kenji_tanaka,ktanaka,group_chat,2026-03-28 10:08:45+00:00
chi_nguyen,cnguyen,group_chat,2026-03-28 10:09:10+00:00
chi_nguyen,ysilva,group_chat,2026-03-28 10:09:10+00:00
chi_nguyen,ktanaka,group_chat,2026-03-28 10:09:10+00:00
yolanda_silva,cnguyen,group_chat,2026-03-28 10:09:25+00:00
yolanda_silva,ysilva,group_chat,2026-03-28 10:09:25+00:00
yolanda_silva,ktanaka,group_chat,2026-03-28 10:09:25+00:00
Daniela Rossi,drossi,group_chat,2026-03-28 14:03:12+00:00
Daniela Rossi,lhaddad,group_chat,2026-03-28 14:03:12+00:00
Daniela Rossi,fdubois,group_chat,2026-03-28 14:03:12+00:00
Layla Haddad,drossi,group_chat,2026-03-28 14:03:45+00:00
Layla Haddad,lhaddad,group_chat,2026-03-28 14:03:45+00:00
Layla Haddad,fdubois,group_chat,2026-03-28 14:03:45+00:00
François Dubois,drossi,group_chat,2026-03-28 14:05:08+00:00
François Dubois,lhaddad,group_chat,2026-03-28 14:05:08+00:00
François Dubois,fdubois,group_chat,2026-03-28 14:05:08+00:00
Layla Haddad,drossi,group_chat,2026-03-28 14:05:25+00:00
Layla Haddad,lhaddad,group_chat,2026-03-28 14:05:25+00:00
Layla Haddad,fdubois,group_chat,2026-03-28 14:05:25+00:00
Daniela Rossi,drossi,group_chat,2026-03-28 14:06:12+00:00
Daniela Rossi,lhaddad,group_chat,2026-03-28 14:06:12+00:00
Daniela Rossi,fdubois,group_chat,2026-03-28 14:06:12+00:00
Layla Haddad,drossi,group_chat,2026-03-28 14:06:30+00:00
Layla Haddad,lhaddad,group_chat,2026-03-28 14:06:30+00:00
Layla Haddad,fdubois,group_chat,2026-03-28 14:06:30+00:00
François Dubois,drossi,group_chat,2026-03-28 14:07:02+00:00
François Dubois,lhaddad,group_chat,2026-03-28 14:07:02+00:00
François Dubois,fdubois,group_chat,2026-03-28 14:07:02+00:00
Daniela Rossi,drossi,group_chat,2026-03-28 14:08:41+00:00
Daniela Rossi,lhaddad,group_chat,2026-03-28 14:08:41+00:00
Daniela Rossi,fdubois,group_chat,2026-03-28 14:08:41+00:00
Layla Haddad,drossi,group_chat,2026-03-28 14:09:12+00:00
Layla Haddad,lhaddad,group_chat,2026-03-28 14:09:12+00:00
Layla Haddad,fdubois,group_chat,2026-03-28 14:09:12+00:00
François Dubois,drossi,group_chat,2026-03-28 14:09:30+00:00
François Dubois,lhaddad,group_chat,2026-03-28 14:09:30+00:00
François Dubois,fdubois,group_chat,2026-03-28 14:09:30+00:00
Daniela Rossi,drossi,group_chat,2026-03-28 14:09:42+00:00
Daniela Rossi,lhaddad,group_chat,2026-03-28 14:09:42+00:00
Daniela Rossi,fdubois,group_chat,2026-03-28 14:09:42+00:00
François Dubois,drossi,group_chat,2026-03-28 14:09:50+00:00
François Dubois,lhaddad,group_chat,2026-03-28 14:09:50+00:00
François Dubois,fdubois,group_chat,2026-03-28 14:09:50+00:00
Layla Haddad,drossi,group_chat,2026-03-28 14:10:15+00:00
Layla Haddad,lhaddad,group_chat,2026-03-28 14:10:15+00:00
Layla Haddad,fdubois,group_chat,2026-03-28 14:10:15+00:00
Daniela Rossi,drossi,group_chat,2026-03-28 14:10:30+00:00
Daniela Rossi,lhaddad,group_chat,2026-03-28 14:10:30+00:00
Daniela Rossi,fdubois,group_chat,2026-03-28 14:10:30+00:00
François Dubois,drossi,group_chat,2026-03-28 14:10:50+00:00
François Dubois,lhaddad,group_chat,2026-03-28 14:10:50+00:00
François Dubois,fdubois,group_chat,2026-03-28 14:10:50+00:00
Daniela Rossi,drossi,group_chat,2026-03-28 14:11:18+00:00
Daniela Rossi,lhaddad,group_chat,2026-03-28 14:11:18+00:00
Daniela Rossi,fdubois,group_chat,2026-03-28 14:11:18+00:00
Layla Haddad,drossi,group_chat,2026-03-28 14:11:25+00:00
Layla Haddad,lhaddad,group_chat,2026-03-28 14:11:25+00:00
Layla Haddad,fdubois,group_chat,2026-03-28 14:11:25+00:00
François Dubois,drossi,group_chat,2026-03-28 14:12:40+00:00
François Dubois,lhaddad,group_chat,2026-03-28 14:12:40+00:00
François Dubois,fdubois,group_chat,2026-03-28 14:12:40+00:00
Daniela Rossi,drossi,group_chat,2026-03-28 14:13:05+00:00
Daniela Rossi,lhaddad,group_chat,2026-03-28 14:13:05+00:00
Daniela Rossi,fdubois,group_chat,2026-03-28 14:13:05+00:00
Layla Haddad,drossi,group_chat,2026-03-28 14:13:20+00:00
Layla Haddad,lhaddad,group_chat,2026-03-28 14:13:20+00:00
Layla Haddad,fdubois,group_chat,2026-03-28 14:13:20+00:00
Kenji Tanaka,ktanaka,group_chat,2026-03-28 09:02:15+00:00
Kenji Tanaka,ksingh,group_chat,2026-03-28 09:02:15+00:00
Kenji Tanaka,yabdul,group_chat,2026-03-28 09:02:15+00:00
Yasmin Abdul,ktanaka,group_chat,2026-03-28 09:03:40+00:00
Yasmin Abdul,ksingh,group_chat,2026-03-28 09:03:40+00:00
Yasmin Abdul,yabdul,group_chat,2026-03-28 09:03:40+00:00
Karan Singh,ktanaka,group_chat,2026-03-28 09:04:10+00:00
Karan Singh,ksingh,group_chat,2026-03-28 09:04:10+00:00
Karan Singh,yabdul,group_chat,2026-03-28 09:04:10+00:00
Kenji Tanaka,ktanaka,group_chat,2026-03-28 09:04:25+00:00
Kenji Tanaka,ksingh,group_chat,2026-03-28 09:04:25+00:00
Kenji Tanaka,yabdul,group_chat,2026-03-28 09:04:25+00:00
Karan Singh,ktanaka,group_chat,2026-03-28 09:04:30+00:00
Karan Singh,ksingh,group_chat,2026-03-28 09:04:30+00:00
Karan Singh,yabdul,group_chat,2026-03-28 09:04:30+00:00
Yasmin Abdul,ktanaka,group_chat,2026-03-28 09:05:10+00:00
Yasmin Abdul,ksingh,group_chat,2026-03-28 09:05:10+00:00
Yasmin Abdul,yabdul,group_chat,2026-03-28 09:05:10+00:00
Kenji Tanaka,ktanaka,group_chat,2026-03-28 09:05:35+00:00
Kenji Tanaka,ksingh,group_chat,2026-03-28 09:05:35+00:00
Kenji Tanaka,yabdul,group_chat,2026-03-28 09:05:35+00:00
Karan Singh,ktanaka,group_chat,2026-03-28 09:06:00+00:00
Karan Singh,ksingh,group_chat,2026-03-28 09:06:00+00:00
Karan Singh,yabdul,group_chat,2026-03-28 09:06:00+00:00
Yasmin Abdul,ktanaka,group_chat,2026-03-28 09:07:12+00:00
Yasmin Abdul,ksingh,group_chat,2026-03-28 09:07:12+00:00
Yasmin Abdul,yabdul,group_chat,2026-03-28 09:07:12+00:00
Kenji Tanaka,ktanaka,group_chat,2026-03-28 09:08:01+00:00
Kenji Tanaka,ksingh,group_chat,2026-03-28 09:08:01+00:00
Kenji Tanaka,yabdul,group_chat,2026-03-28 09:08:01+00:00
Karan Singh,ktanaka,group_chat,2026-03-28 09:09:25+00:00
Karan Singh,ksingh,group_chat,2026-03-28 09:09:25+00:00
Karan Singh,yabdul,group_chat,2026-03-28 09:09:25+00:00
Yasmin Abdul,ktanaka,group_chat,2026-03-28 09:09:40+00:00
Yasmin Abdul,ksingh,group_chat,2026-03-28 09:09:40+00:00
Yasmin Abdul,yabdul,group_chat,2026-03-28 09:09:40+00:00
Kenji Tanaka,ktanaka,group_chat,2026-03-28 09:10:20+00:00
Kenji Tanaka,ksingh,group_chat,2026-03-28 09:10:20+00:00
Kenji Tanaka,yabdul,group_chat,2026-03-28 09:10:20+00:00
Karan Singh,ktanaka,group_chat,2026-03-28 09:10:45+00:00
Karan Singh,ksingh,group_chat,2026-03-28 09:10:45+00:00
Karan Singh,yabdul,group_chat,2026-03-28 09:10:45+00:00
Yasmin Abdul,ktanaka,group_chat,2026-03-28 09:11:00+00:00
Yasmin Abdul,ksingh,group_chat,2026-03-28 09:11:00+00:00
Yasmin Abdul,yabdul,group_chat,2026-03-28 09:11:00+00:00
Kenji Tanaka,ktanaka,group_chat,2026-03-28 09:11:15+00:00
Kenji Tanaka,ksingh,group_chat,2026-03-28 09:11:15+00:00
Kenji Tanaka,yabdul,group_chat,2026-03-28 09:11:15+00:00
Karan Singh,ktanaka,group_chat,2026-03-28 09:12:05+00:00
Karan Singh,ksingh,group_chat,2026-03-28 09:12:05+00:00
Karan Singh,yabdul,group_chat,2026-03-28 09:12:05+00:00
Yasmin Abdul,ktanaka,group_chat,2026-03-28 09:12:30+00:00
Yasmin Abdul,ksingh,group_chat,2026-03-28 09:12:30+00:00
Yasmin Abdul,yabdul,group_chat,2026-03-28 09:12:30+00:00
Karan Singh,ktanaka,group_chat,2026-03-28 09:12:45+00:00
Karan Singh,ksingh,group_chat,2026-03-28 09:12:45+00:00
Karan Singh,yabdul,group_chat,2026-03-28 09:12:45+00:00
Kenji Tanaka,ktanaka,group_chat,2026-03-28 09:13:10+00:00
Kenji Tanaka,ksingh,group_chat,2026-03-28 09:13:10+00:00
Kenji Tanaka,yabdul,group_chat,2026-03-28 09:13:10+00:00
Yasmin Abdul,ktanaka,group_chat,2026-03-28 09:13:30+00:00
Yasmin Abdul,ksingh,group_chat,2026-03-28 09:13:30+00:00
Yasmin Abdul,yabdul,group_chat,2026-03-28 09:13:30+00:00
Karan Singh,ktanaka,group_chat,2026-03-28 09:13:50+00:00
Karan Singh,ksingh,group_chat,2026-03-28 09:13:50+00:00
Karan Singh,yabdul,group_chat,2026-03-28 09:13:50+00:00
francois_dubois,fdubois,group_chat,2026-03-29 10:04:12+00:00
francois_dubois,jokonkwo_4,group_chat,2026-03-29 10:04:12+00:00
francois_dubois,akabir,group_chat,2026-03-29 10:04:12+00:00
aisha_kabir,fdubois,group_chat,2026-03-29 10:05:45+00:00
aisha_kabir,jokonkwo_4,group_chat,2026-03-29 10:05:45+00:00
aisha_kabir,akabir,group_chat,2026-03-29 10:05:45+00:00
francois_dubois,fdubois,group_chat,2026-03-29 10:06:32+00:00
francois_dubois,jokonkwo_4,group_chat,2026-03-29 10:06:32+00:00
francois_dubois,akabir,group_chat,2026-03-29 10:06:32+00:00
joseph_okonkwo,fdubois,group_chat,2026-03-29 10:07:10+00:00
joseph_okonkwo,jokonkwo_4,group_chat,2026-03-29 10:07:10+00:00
joseph_okonkwo,akabir,group_chat,2026-03-29 10:07:10+00:00
francois_dubois,fdubois,group_chat,2026-03-29 10:08:02+00:00
francois_dubois,jokonkwo_4,group_chat,2026-03-29 10:08:02+00:00
francois_dubois,akabir,group_chat,2026-03-29 10:08:02+00:00
aisha_kabir,fdubois,group_chat,2026-03-29 10:08:45+00:00
aisha_kabir,jokonkwo_4,group_chat,2026-03-29 10:08:45+00:00
aisha_kabir,akabir,group_chat,2026-03-29 10:08:45+00:00
joseph_okonkwo,fdubois,group_chat,2026-03-29 10:09:23+00:00
joseph_okonkwo,jokonkwo_4,group_chat,2026-03-29 10:09:23+00:00
joseph_okonkwo,akabir,group_chat,2026-03-29 10:09:23+00:00
aisha_kabir,fdubois,group_chat,2026-03-29 10:10:12+00:00
aisha_kabir,jokonkwo_4,group_chat,2026-03-29 10:10:12+00:00
aisha_kabir,akabir,group_chat,2026-03-29 10:10:12+00:00
francois_dubois,fdubois,group_chat,2026-03-29 10:11:00+00:00
francois_dubois,jokonkwo_4,group_chat,2026-03-29 10:11:00+00:00
francois_dubois,akabir,group_chat,2026-03-29 10:11:00+00:00
aisha_kabir,fdubois,group_chat,2026-03-29 10:11:21+00:00
aisha_kabir,jokonkwo_4,group_chat,2026-03-29 10:11:21+00:00
aisha_kabir,akabir,group_chat,2026-03-29 10:11:21+00:00
joseph_okonkwo,fdubois,group_chat,2026-03-29 10:12:38+00:00
joseph_okonkwo,jokonkwo_4,group_chat,2026-03-29 10:12:38+00:00
joseph_okonkwo,akabir,group_chat,2026-03-29 10:12:38+00:00
francois_dubois,fdubois,group_chat,2026-03-29 10:13:10+00:00
francois_dubois,jokonkwo_4,group_chat,2026-03-29 10:13:10+00:00
francois_dubois,akabir,group_chat,2026-03-29 10:13:10+00:00
aisha_kabir,fdubois,group_chat,2026-03-29 10:14:02+00:00
aisha_kabir,jokonkwo_4,group_chat,2026-03-29 10:14:02+00:00
aisha_kabir,akabir,group_chat,2026-03-29 10:14:02+00:00
joseph_okonkwo,fdubois,group_chat,2026-03-29 10:15:19+00:00
joseph_okonkwo,jokonkwo_4,group_chat,2026-03-29 10:15:19+00:00
joseph_okonkwo,akabir,group_chat,2026-03-29 10:15:19+00:00
aisha_kabir,fdubois,group_chat,2026-03-29 10:16:04+00:00
aisha_kabir,jokonkwo_4,group_chat,2026-03-29 10:16:04+00:00
aisha_kabir,akabir,group_chat,2026-03-29 10:16:04+00:00
francois_dubois,fdubois,group_chat,2026-03-29 10:16:51+00:00
francois_dubois,jokonkwo_4,group_chat,2026-03-29 10:16:51+00:00
francois_dubois,akabir,group_chat,2026-03-29 10:16:51+00:00
joseph_okonkwo,fdubois,group_chat,2026-03-29 10:17:32+00:00
joseph_okonkwo,jokonkwo_4,group_chat,2026-03-29 10:17:32+00:00
joseph_okonkwo,akabir,group_chat,2026-03-29 10:17:32+00:00
aisha_kabir,fdubois,group_chat,2026-03-29 10:18:12+00:00
aisha_kabir,jokonkwo_4,group_chat,2026-03-29 10:18:12+00:00
aisha_kabir,akabir,group_chat,2026-03-29 10:18:12+00:00
aisha_kabir,fdubois,group_chat,2026-03-29 10:20:45+00:00
aisha_kabir,jokonkwo_4,group_chat,2026-03-29 10:20:45+00:00
aisha_kabir,akabir,group_chat,2026-03-29 10:20:45+00:00
francois_dubois,fdubois,group_chat,2026-03-29 10:21:30+00:00
francois_dubois,jokonkwo_4,group_chat,2026-03-29 10:21:30+00:00
francois_dubois,akabir,group_chat,2026-03-29 10:21:30+00:00
joseph_okonkwo,fdubois,group_chat,2026-03-29 10:22:12+00:00
joseph_okonkwo,jokonkwo_4,group_chat,2026-03-29 10:22:12+00:00
joseph_okonkwo,akabir,group_chat,2026-03-29 10:22:12+00:00
aisha_kabir,fdubois,group_chat,2026-03-29 10:22:48+00:00
aisha_kabir,jokonkwo_4,group_chat,2026-03-29 10:22:48+00:00
aisha_kabir,akabir,group_chat,2026-03-29 10:22:48+00:00
francois_dubois,fdubois,group_chat,2026-03-29 10:23:15+00:00
francois_dubois,jokonkwo_4,group_chat,2026-03-29 10:23:15+00:00
francois_dubois,akabir,group_chat,2026-03-29 10:23:15+00:00
Joseph Okonkwo,jokonkwo_4,group_chat,2026-03-29 14:02:15+00:00
Joseph Okonkwo,akabir,group_chat,2026-03-29 14:02:15+00:00
Joseph Okonkwo,fdubois,group_chat,2026-03-29 14:02:15+00:00
Aisha Kabir,jokonkwo_4,group_chat,2026-03-29 14:03:10+00:00
Aisha Kabir,akabir,group_chat,2026-03-29 14:03:10+00:00
Aisha Kabir,fdubois,group_chat,2026-03-29 14:03:10+00:00
Joseph Okonkwo,jokonkwo_4,group_chat,2026-03-29 14:03:50+00:00
Joseph Okonkwo,akabir,group_chat,2026-03-29 14:03:50+00:00
Joseph Okonkwo,fdubois,group_chat,2026-03-29 14:03:50+00:00
François Dubois,jokonkwo_4,group_chat,2026-03-29 14:04:23+00:00
François Dubois,akabir,group_chat,2026-03-29 14:04:23+00:00
François Dubois,fdubois,group_chat,2026-03-29 14:04:23+00:00
Aisha Kabir,jokonkwo_4,group_chat,2026-03-29 14:05:12+00:00
Aisha Kabir,akabir,group_chat,2026-03-29 14:05:12+00:00
Aisha Kabir,fdubois,group_chat,2026-03-29 14:05:12+00:00
Joseph Okonkwo,jokonkwo_4,group_chat,2026-03-29 14:06:05+00:00
Joseph Okonkwo,akabir,group_chat,2026-03-29 14:06:05+00:00
Joseph Okonkwo,fdubois,group_chat,2026-03-29 14:06:05+00:00
François Dubois,jokonkwo_4,group_chat,2026-03-29 14:06:45+00:00
François Dubois,akabir,group_chat,2026-03-29 14:06:45+00:00
François Dubois,fdubois,group_chat,2026-03-29 14:06:45+00:00
Aisha Kabir,jokonkwo_4,group_chat,2026-03-29 14:07:30+00:00
Aisha Kabir,akabir,group_chat,2026-03-29 14:07:30+00:00
Aisha Kabir,fdubois,group_chat,2026-03-29 14:07:30+00:00
Joseph Okonkwo,jokonkwo_4,group_chat,2026-03-29 14:08:12+00:00
Joseph Okonkwo,akabir,group_chat,2026-03-29 14:08:12+00:00
Joseph Okonkwo,fdubois,group_chat,2026-03-29 14:08:12+00:00
Aisha Kabir,jokonkwo_4,group_chat,2026-03-29 14:08:50+00:00
Aisha Kabir,akabir,group_chat,2026-03-29 14:08:50+00:00
Aisha Kabir,fdubois,group_chat,2026-03-29 14:08:50+00:00
Joseph Okonkwo,jokonkwo_4,group_chat,2026-03-29 14:09:22+00:00
Joseph Okonkwo,akabir,group_chat,2026-03-29 14:09:22+00:00
Joseph Okonkwo,fdubois,group_chat,2026-03-29 14:09:22+00:00
François Dubois,jokonkwo_4,group_chat,2026-03-29 14:10:15+00:00
François Dubois,akabir,group_chat,2026-03-29 14:10:15+00:00
François Dubois,fdubois,group_chat,2026-03-29 14:10:15+00:00
Aisha Kabir,jokonkwo_4,group_chat,2026-03-29 14:10:50+00:00
Aisha Kabir,akabir,group_chat,2026-03-29 14:10:50+00:00
Aisha Kabir,fdubois,group_chat,2026-03-29 14:10:50+00:00
Joseph Okonkwo,jokonkwo_4,group_chat,2026-03-29 14:11:25+00:00
Joseph Okonkwo,akabir,group_chat,2026-03-29 14:11:25+00:00
Joseph Okonkwo,fdubois,group_chat,2026-03-29 14:11:25+00:00
François Dubois,jokonkwo_4,group_chat,2026-03-29 14:11:58+00:00
François Dubois,akabir,group_chat,2026-03-29 14:11:58+00:00
François Dubois,fdubois,group_chat,2026-03-29 14:11:58+00:00
Aisha Kabir,jokonkwo_4,group_chat,2026-03-29 14:12:30+00:00
Aisha Kabir,akabir,group_chat,2026-03-29 14:12:30+00:00
Aisha Kabir,fdubois,group_chat,2026-03-29 14:12:30+00:00
Joseph Okonkwo,jokonkwo_4,group_chat,2026-03-29 14:13:05+00:00
Joseph Okonkwo,akabir,group_chat,2026-03-29 14:13:05+00:00
Joseph Okonkwo,fdubois,group_chat,2026-03-29 14:13:05+00:00
François Dubois,jokonkwo_4,group_chat,2026-03-29 14:14:10+00:00
François Dubois,akabir,group_chat,2026-03-29 14:14:10+00:00
François Dubois,fdubois,group_chat,2026-03-29 14:14:10+00:00
Joseph Okonkwo,jokonkwo_4,group_chat,2026-03-29 14:14:25+00:00
Joseph Okonkwo,akabir,group_chat,2026-03-29 14:14:25+00:00
Joseph Okonkwo,fdubois,group_chat,2026-03-29 14:14:25+00:00
Aisha Kabir,jokonkwo_4,group_chat,2026-03-29 14:15:00+00:00
Aisha Kabir,akabir,group_chat,2026-03-29 14:15:00+00:00
Aisha Kabir,fdubois,group_chat,2026-03-29 14:15:00+00:00
François Dubois,jokonkwo_4,group_chat,2026-03-29 14:15:35+00:00
François Dubois,akabir,group_chat,2026-03-29 14:15:35+00:00
François Dubois,fdubois,group_chat,2026-03-29 14:15:35+00:00
Joseph Okonkwo,jokonkwo_4,group_chat,2026-03-29 14:16:12+00:00
Joseph Okonkwo,akabir,group_chat,2026-03-29 14:16:12+00:00
Joseph Okonkwo,fdubois,group_chat,2026-03-29 14:16:12+00:00
Aisha Kabir,jokonkwo_4,group_chat,2026-03-29 14:16:45+00:00
Aisha Kabir,akabir,group_chat,2026-03-29 14:16:45+00:00
Aisha Kabir,fdubois,group_chat,2026-03-29 14:16:45+00:00
Joseph Okonkwo,jokonkwo_4,group_chat,2026-03-29 14:17:00+00:00
Joseph Okonkwo,akabir,group_chat,2026-03-29 14:17:00+00:00
Joseph Okonkwo,fdubois,group_chat,2026-03-29 14:17:00+00:00
francois_dubois,fdubois,group_chat,2026-03-29 14:02:15+00:00
francois_dubois,jokonkwo_4,group_chat,2026-03-29 14:02:15+00:00
francois_dubois,lgomez,group_chat,2026-03-29 14:02:15+00:00
joseph_okonkwo,fdubois,group_chat,2026-03-29 14:03:02+00:00
joseph_okonkwo,jokonkwo_4,group_chat,2026-03-29 14:03:02+00:00
joseph_okonkwo,lgomez,group_chat,2026-03-29 14:03:02+00:00
luis_gomez,fdubois,group_chat,2026-03-29 14:03:18+00:00
luis_gomez,jokonkwo_4,group_chat,2026-03-29 14:03:18+00:00
luis_gomez,lgomez,group_chat,2026-03-29 14:03:18+00:00
francois_dubois,fdubois,group_chat,2026-03-29 14:04:45+00:00
francois_dubois,jokonkwo_4,group_chat,2026-03-29 14:04:45+00:00
francois_dubois,lgomez,group_chat,2026-03-29 14:04:45+00:00
luis_gomez,fdubois,group_chat,2026-03-29 14:05:12+00:00
luis_gomez,jokonkwo_4,group_chat,2026-03-29 14:05:12+00:00
luis_gomez,lgomez,group_chat,2026-03-29 14:05:12+00:00
joseph_okonkwo,fdubois,group_chat,2026-03-29 14:05:30+00:00
joseph_okonkwo,jokonkwo_4,group_chat,2026-03-29 14:05:30+00:00
joseph_okonkwo,lgomez,group_chat,2026-03-29 14:05:30+00:00
luis_gomez,fdubois,group_chat,2026-03-29 14:06:05+00:00
luis_gomez,jokonkwo_4,group_chat,2026-03-29 14:06:05+00:00
luis_gomez,lgomez,group_chat,2026-03-29 14:06:05+00:00
francois_dubois,fdubois,group_chat,2026-03-29 14:06:48+00:00
francois_dubois,jokonkwo_4,group_chat,2026-03-29 14:06:48+00:00
francois_dubois,lgomez,group_chat,2026-03-29 14:06:48+00:00
luis_gomez,fdubois,group_chat,2026-03-29 14:07:10+00:00
luis_gomez,jokonkwo_4,group_chat,2026-03-29 14:07:10+00:00
luis_gomez,lgomez,group_chat,2026-03-29 14:07:10+00:00
joseph_okonkwo,fdubois,group_chat,2026-03-29 14:07:45+00:00
joseph_okonkwo,jokonkwo_4,group_chat,2026-03-29 14:07:45+00:00
joseph_okonkwo,lgomez,group_chat,2026-03-29 14:07:45+00:00
francois_dubois,fdubois,group_chat,2026-03-29 14:08:02+00:00
francois_dubois,jokonkwo_4,group_chat,2026-03-29 14:08:02+00:00
francois_dubois,lgomez,group_chat,2026-03-29 14:08:02+00:00
Chi Nguyen,cnguyen,group_chat,2026-03-29 14:03:15+00:00
Chi Nguyen,ksingh,group_chat,2026-03-29 14:03:15+00:00
Chi Nguyen,hmatsuda,group_chat,2026-03-29 14:03:15+00:00
Karan Singh,cnguyen,group_chat,2026-03-29 14:03:18+00:00
Karan Singh,ksingh,group_chat,2026-03-29 14:03:18+00:00
Karan Singh,hmatsuda,group_chat,2026-03-29 14:03:18+00:00
Hiroshi Matsuda,cnguyen,group_chat,2026-03-29 14:03:22+00:00
Hiroshi Matsuda,ksingh,group_chat,2026-03-29 14:03:22+00:00
Hiroshi Matsuda,hmatsuda,group_chat,2026-03-29 14:03:22+00:00
Karan Singh,cnguyen,group_chat,2026-03-29 14:04:02+00:00
Karan Singh,ksingh,group_chat,2026-03-29 14:04:02+00:00
Karan Singh,hmatsuda,group_chat,2026-03-29 14:04:02+00:00
Chi Nguyen,cnguyen,group_chat,2026-03-29 14:04:45+00:00
Chi Nguyen,ksingh,group_chat,2026-03-29 14:04:45+00:00
Chi Nguyen,hmatsuda,group_chat,2026-03-29 14:04:45+00:00
Hiroshi Matsuda,cnguyen,group_chat,2026-03-29 14:04:48+00:00
Hiroshi Matsuda,ksingh,group_chat,2026-03-29 14:04:48+00:00
Hiroshi Matsuda,hmatsuda,group_chat,2026-03-29 14:04:48+00:00
Karan Singh,cnguyen,group_chat,2026-03-29 14:05:10+00:00
Karan Singh,ksingh,group_chat,2026-03-29 14:05:10+00:00
Karan Singh,hmatsuda,group_chat,2026-03-29 14:05:10+00:00
Hiroshi Matsuda,cnguyen,group_chat,2026-03-29 14:06:35+00:00
Hiroshi Matsuda,ksingh,group_chat,2026-03-29 14:06:35+00:00
Hiroshi Matsuda,hmatsuda,group_chat,2026-03-29 14:06:35+00:00
Chi Nguyen,cnguyen,group_chat,2026-03-29 14:06:50+00:00
Chi Nguyen,ksingh,group_chat,2026-03-29 14:06:50+00:00
Chi Nguyen,hmatsuda,group_chat,2026-03-29 14:06:50+00:00
Karan Singh,cnguyen,group_chat,2026-03-29 14:07:15+00:00
Karan Singh,ksingh,group_chat,2026-03-29 14:07:15+00:00
Karan Singh,hmatsuda,group_chat,2026-03-29 14:07:15+00:00
Chi Nguyen,cnguyen,group_chat,2026-03-29 14:07:30+00:00
Chi Nguyen,ksingh,group_chat,2026-03-29 14:07:30+00:00
Chi Nguyen,hmatsuda,group_chat,2026-03-29 14:07:30+00:00
Hiroshi Matsuda,cnguyen,group_chat,2026-03-29 14:08:05+00:00
Hiroshi Matsuda,ksingh,group_chat,2026-03-29 14:08:05+00:00
Hiroshi Matsuda,hmatsuda,group_chat,2026-03-29 14:08:05+00:00
Karan Singh,cnguyen,group_chat,2026-03-29 14:08:25+00:00
Karan Singh,ksingh,group_chat,2026-03-29 14:08:25+00:00
Karan Singh,hmatsuda,group_chat,2026-03-29 14:08:25+00:00
Hiroshi Matsuda,cnguyen,group_chat,2026-03-29 14:08:40+00:00
Hiroshi Matsuda,ksingh,group_chat,2026-03-29 14:08:40+00:00
Hiroshi Matsuda,hmatsuda,group_chat,2026-03-29 14:08:40+00:00
Chi Nguyen,cnguyen,group_chat,2026-03-29 14:09:10+00:00
Chi Nguyen,ksingh,group_chat,2026-03-29 14:09:10+00:00
Chi Nguyen,hmatsuda,group_chat,2026-03-29 14:09:10+00:00
Karan Singh,cnguyen,group_chat,2026-03-29 14:09:25+00:00
Karan Singh,ksingh,group_chat,2026-03-29 14:09:25+00:00
Karan Singh,hmatsuda,group_chat,2026-03-29 14:09:25+00:00
Hiroshi Matsuda,cnguyen,group_chat,2026-03-29 14:09:30+00:00
Hiroshi Matsuda,ksingh,group_chat,2026-03-29 14:09:30+00:00
Hiroshi Matsuda,hmatsuda,group_chat,2026-03-29 14:09:30+00:00
Chi Nguyen,cnguyen,group_chat,2026-03-29 14:09:40+00:00
Chi Nguyen,ksingh,group_chat,2026-03-29 14:09:40+00:00
Chi Nguyen,hmatsuda,group_chat,2026-03-29 14:09:40+00:00
Karan Singh,cnguyen,group_chat,2026-03-29 14:10:05+00:00
Karan Singh,ksingh,group_chat,2026-03-29 14:10:05+00:00
Karan Singh,hmatsuda,group_chat,2026-03-29 14:10:05+00:00
Hiroshi Matsuda,cnguyen,group_chat,2026-03-29 14:10:15+00:00
Hiroshi Matsuda,ksingh,group_chat,2026-03-29 14:10:15+00:00
Hiroshi Matsuda,hmatsuda,group_chat,2026-03-29 14:10:15+00:00
Luis Gomez,lgomez,group_chat,2026-03-29 14:03:12+00:00
Luis Gomez,hmatsuda,group_chat,2026-03-29 14:03:12+00:00
Luis Gomez,jokonkwo_4,group_chat,2026-03-29 14:03:12+00:00
Joseph Okonkwo,lgomez,group_chat,2026-03-29 14:03:25+00:00
Joseph Okonkwo,hmatsuda,group_chat,2026-03-29 14:03:25+00:00
Joseph Okonkwo,jokonkwo_4,group_chat,2026-03-29 14:03:25+00:00
Luis Gomez,lgomez,group_chat,2026-03-29 14:03:31+00:00
Luis Gomez,hmatsuda,group_chat,2026-03-29 14:03:31+00:00
Luis Gomez,jokonkwo_4,group_chat,2026-03-29 14:03:31+00:00
Hiroshi Matsuda,lgomez,group_chat,2026-03-29 14:04:02+00:00
Hiroshi Matsuda,hmatsuda,group_chat,2026-03-29 14:04:02+00:00
Hiroshi Matsuda,jokonkwo_4,group_chat,2026-03-29 14:04:02+00:00
Luis Gomez,lgomez,group_chat,2026-03-29 14:04:15+00:00
Luis Gomez,hmatsuda,group_chat,2026-03-29 14:04:15+00:00
Luis Gomez,jokonkwo_4,group_chat,2026-03-29 14:04:15+00:00
Joseph Okonkwo,lgomez,group_chat,2026-03-29 14:04:48+00:00
Joseph Okonkwo,hmatsuda,group_chat,2026-03-29 14:04:48+00:00
Joseph Okonkwo,jokonkwo_4,group_chat,2026-03-29 14:04:48+00:00
Hiroshi Matsuda,lgomez,group_chat,2026-03-29 14:05:03+00:00
Hiroshi Matsuda,hmatsuda,group_chat,2026-03-29 14:05:03+00:00
Hiroshi Matsuda,jokonkwo_4,group_chat,2026-03-29 14:05:03+00:00
Luis Gomez,lgomez,group_chat,2026-03-29 14:08:22+00:00
Luis Gomez,hmatsuda,group_chat,2026-03-29 14:08:22+00:00
Luis Gomez,jokonkwo_4,group_chat,2026-03-29 14:08:22+00:00
Joseph Okonkwo,lgomez,group_chat,2026-03-29 14:08:38+00:00
Joseph Okonkwo,hmatsuda,group_chat,2026-03-29 14:08:38+00:00
Joseph Okonkwo,jokonkwo_4,group_chat,2026-03-29 14:08:38+00:00
Hiroshi Matsuda,lgomez,group_chat,2026-03-29 14:09:07+00:00
Hiroshi Matsuda,hmatsuda,group_chat,2026-03-29 14:09:07+00:00
Hiroshi Matsuda,jokonkwo_4,group_chat,2026-03-29 14:09:07+00:00
Luis Gomez,lgomez,group_chat,2026-03-29 14:10:15+00:00
Luis Gomez,hmatsuda,group_chat,2026-03-29 14:10:15+00:00
Luis Gomez,jokonkwo_4,group_chat,2026-03-29 14:10:15+00:00
Joseph Okonkwo,lgomez,group_chat,2026-03-29 14:10:28+00:00
Joseph Okonkwo,hmatsuda,group_chat,2026-03-29 14:10:28+00:00
Joseph Okonkwo,jokonkwo_4,group_chat,2026-03-29 14:10:28+00:00
Hiroshi Matsuda,lgomez,group_chat,2026-03-29 14:12:03+00:00
Hiroshi Matsuda,hmatsuda,group_chat,2026-03-29 14:12:03+00:00
Hiroshi Matsuda,jokonkwo_4,group_chat,2026-03-29 14:12:03+00:00
Luis Gomez,lgomez,group_chat,2026-03-29 14:12:18+00:00
Luis Gomez,hmatsuda,group_chat,2026-03-29 14:12:18+00:00
Luis Gomez,jokonkwo_4,group_chat,2026-03-29 14:12:18+00:00
Hiroshi Matsuda,lgomez,group_chat,2026-03-29 14:12:45+00:00
Hiroshi Matsuda,hmatsuda,group_chat,2026-03-29 14:12:45+00:00
Hiroshi Matsuda,jokonkwo_4,group_chat,2026-03-29 14:12:45+00:00
Joseph Okonkwo,lgomez,group_chat,2026-03-29 14:16:08+00:00
Joseph Okonkwo,hmatsuda,group_chat,2026-03-29 14:16:08+00:00
Joseph Okonkwo,jokonkwo_4,group_chat,2026-03-29 14:16:08+00:00
Luis Gomez,lgomez,group_chat,2026-03-29 14:16:35+00:00
Luis Gomez,hmatsuda,group_chat,2026-03-29 14:16:35+00:00
Luis Gomez,jokonkwo_4,group_chat,2026-03-29 14:16:35+00:00
Hiroshi Matsuda,lgomez,group_chat,2026-03-29 14:17:02+00:00
Hiroshi Matsuda,hmatsuda,group_chat,2026-03-29 14:17:02+00:00
Hiroshi Matsuda,jokonkwo_4,group_chat,2026-03-29 14:17:02+00:00
Joseph Okonkwo,lgomez,group_chat,2026-03-29 14:18:27+00:00
Joseph Okonkwo,hmatsuda,group_chat,2026-03-29 14:18:27+00:00
Joseph Okonkwo,jokonkwo_4,group_chat,2026-03-29 14:18:27+00:00
Luis Gomez,lgomez,group_chat,2026-03-29 14:18:40+00:00
Luis Gomez,hmatsuda,group_chat,2026-03-29 14:18:40+00:00
Luis Gomez,jokonkwo_4,group_chat,2026-03-29 14:18:40+00:00
Joy Okafor,smensah,group_chat,2026-03-29 10:02:45+00:00
Joy Okafor,jokafor,group_chat,2026-03-29 10:02:45+00:00
Joy Okafor,yabdul,group_chat,2026-03-29 10:02:45+00:00
Samuel Mensah,smensah,group_chat,2026-03-29 10:03:30+00:00
Samuel Mensah,jokafor,group_chat,2026-03-29 10:03:30+00:00
Samuel Mensah,yabdul,group_chat,2026-03-29 10:03:30+00:00
Yasmin Abdul,smensah,group_chat,2026-03-29 10:03:45+00:00
Yasmin Abdul,jokafor,group_chat,2026-03-29 10:03:45+00:00
Yasmin Abdul,yabdul,group_chat,2026-03-29 10:03:45+00:00
Joy Okafor,smensah,group_chat,2026-03-29 10:04:10+00:00
Joy Okafor,jokafor,group_chat,2026-03-29 10:04:10+00:00
Joy Okafor,yabdul,group_chat,2026-03-29 10:04:10+00:00
Samuel Mensah,smensah,group_chat,2026-03-29 10:05:20+00:00
Samuel Mensah,jokafor,group_chat,2026-03-29 10:05:20+00:00
Samuel Mensah,yabdul,group_chat,2026-03-29 10:05:20+00:00
Yasmin Abdul,smensah,group_chat,2026-03-29 10:05:45+00:00
Yasmin Abdul,jokafor,group_chat,2026-03-29 10:05:45+00:00
Yasmin Abdul,yabdul,group_chat,2026-03-29 10:05:45+00:00
Joy Okafor,smensah,group_chat,2026-03-29 10:06:10+00:00
Joy Okafor,jokafor,group_chat,2026-03-29 10:06:10+00:00
Joy Okafor,yabdul,group_chat,2026-03-29 10:06:10+00:00
Samuel Mensah,smensah,group_chat,2026-03-29 10:06:35+00:00
Samuel Mensah,jokafor,group_chat,2026-03-29 10:06:35+00:00
Samuel Mensah,yabdul,group_chat,2026-03-29 10:06:35+00:00
Yasmin Abdul,smensah,group_chat,2026-03-29 10:07:00+00:00
Yasmin Abdul,jokafor,group_chat,2026-03-29 10:07:00+00:00
Yasmin Abdul,yabdul,group_chat,2026-03-29 10:07:00+00:00
Joy Okafor,smensah,group_chat,2026-03-29 10:07:30+00:00
Joy Okafor,jokafor,group_chat,2026-03-29 10:07:30+00:00
Joy Okafor,yabdul,group_chat,2026-03-29 10:07:30+00:00
Yasmin Abdul,smensah,group_chat,2026-03-29 10:07:45+00:00
Yasmin Abdul,jokafor,group_chat,2026-03-29 10:07:45+00:00
Yasmin Abdul,yabdul,group_chat,2026-03-29 10:07:45+00:00
Samuel Mensah,smensah,group_chat,2026-03-29 10:08:05+00:00
Samuel Mensah,jokafor,group_chat,2026-03-29 10:08:05+00:00
Samuel Mensah,yabdul,group_chat,2026-03-29 10:08:05+00:00
Joy Okafor,smensah,group_chat,2026-03-29 10:08:20+00:00
Joy Okafor,jokafor,group_chat,2026-03-29 10:08:20+00:00
Joy Okafor,yabdul,group_chat,2026-03-29 10:08:20+00:00
Samuel Mensah,smensah,group_chat,2026-03-29 10:08:40+00:00
Samuel Mensah,jokafor,group_chat,2026-03-29 10:08:40+00:00
Samuel Mensah,yabdul,group_chat,2026-03-29 10:08:40+00:00
Yasmin Abdul,smensah,group_chat,2026-03-29 10:09:00+00:00
Yasmin Abdul,jokafor,group_chat,2026-03-29 10:09:00+00:00
Yasmin Abdul,yabdul,group_chat,2026-03-29 10:09:00+00:00
Joy Okafor,smensah,group_chat,2026-03-29 10:09:25+00:00
Joy Okafor,jokafor,group_chat,2026-03-29 10:09:25+00:00
Joy Okafor,yabdul,group_chat,2026-03-29 10:09:25+00:00
Samuel Mensah,smensah,group_chat,2026-03-29 10:09:45+00:00
Samuel Mensah,jokafor,group_chat,2026-03-29 10:09:45+00:00
Samuel Mensah,yabdul,group_chat,2026-03-29 10:09:45+00:00
Ana Ramirez,aramirez,group_chat,2026-03-29 10:05:12+00:00
Ana Ramirez,fdubois,group_chat,2026-03-29 10:05:12+00:00
Ana Ramirez,jokonkwo_4,group_chat,2026-03-29 10:05:12+00:00
François Dubois,aramirez,group_chat,2026-03-29 10:05:48+00:00
François Dubois,fdubois,group_chat,2026-03-29 10:05:48+00:00
François Dubois,jokonkwo_4,group_chat,2026-03-29 10:05:48+00:00
Joseph Okonkwo,aramirez,group_chat,2026-03-29 10:06:03+00:00
Joseph Okonkwo,fdubois,group_chat,2026-03-29 10:06:03+00:00
Joseph Okonkwo,jokonkwo_4,group_chat,2026-03-29 10:06:03+00:00
Ana Ramirez,aramirez,group_chat,2026-03-29 10:07:25+00:00
Ana Ramirez,fdubois,group_chat,2026-03-29 10:07:25+00:00
Ana Ramirez,jokonkwo_4,group_chat,2026-03-29 10:07:25+00:00
François Dubois,aramirez,group_chat,2026-03-29 10:08:02+00:00
François Dubois,fdubois,group_chat,2026-03-29 10:08:02+00:00
François Dubois,jokonkwo_4,group_chat,2026-03-29 10:08:02+00:00
Joseph Okonkwo,aramirez,group_chat,2026-03-29 10:09:15+00:00
Joseph Okonkwo,fdubois,group_chat,2026-03-29 10:09:15+00:00
Joseph Okonkwo,jokonkwo_4,group_chat,2026-03-29 10:09:15+00:00
Ana Ramirez,aramirez,group_chat,2026-03-29 10:09:47+00:00
Ana Ramirez,fdubois,group_chat,2026-03-29 10:09:47+00:00
Ana Ramirez,jokonkwo_4,group_chat,2026-03-29 10:09:47+00:00
François Dubois,aramirez,group_chat,2026-03-29 10:10:05+00:00
François Dubois,fdubois,group_chat,2026-03-29 10:10:05+00:00
François Dubois,jokonkwo_4,group_chat,2026-03-29 10:10:05+00:00
Ana Ramirez,aramirez,group_chat,2026-03-29 10:10:20+00:00
Ana Ramirez,fdubois,group_chat,2026-03-29 10:10:20+00:00
Ana Ramirez,jokonkwo_4,group_chat,2026-03-29 10:10:20+00:00
Joseph Okonkwo,aramirez,group_chat,2026-03-29 10:11:02+00:00
Joseph Okonkwo,fdubois,group_chat,2026-03-29 10:11:02+00:00
Joseph Okonkwo,jokonkwo_4,group_chat,2026-03-29 10:11:02+00:00
François Dubois,aramirez,group_chat,2026-03-29 10:11:20+00:00
François Dubois,fdubois,group_chat,2026-03-29 10:11:20+00:00
François Dubois,jokonkwo_4,group_chat,2026-03-29 10:11:20+00:00
Ana Ramirez,aramirez,group_chat,2026-03-29 10:12:05+00:00
Ana Ramirez,fdubois,group_chat,2026-03-29 10:12:05+00:00
Ana Ramirez,jokonkwo_4,group_chat,2026-03-29 10:12:05+00:00
Joseph Okonkwo,aramirez,group_chat,2026-03-29 10:12:25+00:00
Joseph Okonkwo,fdubois,group_chat,2026-03-29 10:12:25+00:00
Joseph Okonkwo,jokonkwo_4,group_chat,2026-03-29 10:12:25+00:00
François Dubois,aramirez,group_chat,2026-03-29 10:13:10+00:00
François Dubois,fdubois,group_chat,2026-03-29 10:13:10+00:00
François Dubois,jokonkwo_4,group_chat,2026-03-29 10:13:10+00:00
Ana Ramirez,aramirez,group_chat,2026-03-29 10:13:22+00:00
Ana Ramirez,fdubois,group_chat,2026-03-29 10:13:22+00:00
Ana Ramirez,jokonkwo_4,group_chat,2026-03-29 10:13:22+00:00
Joseph Okonkwo,aramirez,group_chat,2026-03-29 10:14:00+00:00
Joseph Okonkwo,fdubois,group_chat,2026-03-29 10:14:00+00:00
Joseph Okonkwo,jokonkwo_4,group_chat,2026-03-29 10:14:00+00:00
Ana Ramirez,aramirez,group_chat,2026-03-29 10:14:18+00:00
Ana Ramirez,fdubois,group_chat,2026-03-29 10:14:18+00:00
Ana Ramirez,jokonkwo_4,group_chat,2026-03-29 10:14:18+00:00
Daniela Rossi,drossi,group_chat,2026-03-30 10:03:00+00:00
Daniela Rossi,akabir,group_chat,2026-03-30 10:03:00+00:00
Daniela Rossi,fdubois,group_chat,2026-03-30 10:03:00+00:00
Aisha Kabir,drossi,group_chat,2026-03-30 10:04:15+00:00
Aisha Kabir,akabir,group_chat,2026-03-30 10:04:15+00:00
Aisha Kabir,fdubois,group_chat,2026-03-30 10:04:15+00:00
François Dubois,drossi,group_chat,2026-03-30 10:05:00+00:00
François Dubois,akabir,group_chat,2026-03-30 10:05:00+00:00
François Dubois,fdubois,group_chat,2026-03-30 10:05:00+00:00
Daniela Rossi,drossi,group_chat,2026-03-30 10:06:30+00:00
Daniela Rossi,akabir,group_chat,2026-03-30 10:06:30+00:00
Daniela Rossi,fdubois,group_chat,2026-03-30 10:06:30+00:00
Aisha Kabir,drossi,group_chat,2026-03-30 10:07:10+00:00
Aisha Kabir,akabir,group_chat,2026-03-30 10:07:10+00:00
Aisha Kabir,fdubois,group_chat,2026-03-30 10:07:10+00:00
François Dubois,drossi,group_chat,2026-03-30 10:07:45+00:00
François Dubois,akabir,group_chat,2026-03-30 10:07:45+00:00
François Dubois,fdubois,group_chat,2026-03-30 10:07:45+00:00
Aisha Kabir,drossi,group_chat,2026-03-30 10:09:10+00:00
Aisha Kabir,akabir,group_chat,2026-03-30 10:09:10+00:00
Aisha Kabir,fdubois,group_chat,2026-03-30 10:09:10+00:00
Daniela Rossi,drossi,group_chat,2026-03-30 10:09:45+00:00
Daniela Rossi,akabir,group_chat,2026-03-30 10:09:45+00:00
Daniela Rossi,fdubois,group_chat,2026-03-30 10:09:45+00:00
François Dubois,drossi,group_chat,2026-03-30 10:10:30+00:00
François Dubois,akabir,group_chat,2026-03-30 10:10:30+00:00
François Dubois,fdubois,group_chat,2026-03-30 10:10:30+00:00
Daniela Rossi,drossi,group_chat,2026-03-30 10:12:00+00:00
Daniela Rossi,akabir,group_chat,2026-03-30 10:12:00+00:00
Daniela Rossi,fdubois,group_chat,2026-03-30 10:12:00+00:00
Aisha Kabir,drossi,group_chat,2026-03-30 10:12:45+00:00
Aisha Kabir,akabir,group_chat,2026-03-30 10:12:45+00:00
Aisha Kabir,fdubois,group_chat,2026-03-30 10:12:45+00:00
François Dubois,drossi,group_chat,2026-03-30 10:13:30+00:00
François Dubois,akabir,group_chat,2026-03-30 10:13:30+00:00
François Dubois,fdubois,group_chat,2026-03-30 10:13:30+00:00
Daniela Rossi,drossi,group_chat,2026-03-30 10:14:00+00:00
Daniela Rossi,akabir,group_chat,2026-03-30 10:14:00+00:00
Daniela Rossi,fdubois,group_chat,2026-03-30 10:14:00+00:00
Aisha Kabir,drossi,group_chat,2026-03-30 10:15:30+00:00
Aisha Kabir,akabir,group_chat,2026-03-30 10:15:30+00:00
Aisha Kabir,fdubois,group_chat,2026-03-30 10:15:30+00:00
François Dubois,drossi,group_chat,2026-03-30 10:16:00+00:00
François Dubois,akabir,group_chat,2026-03-30 10:16:00+00:00
François Dubois,fdubois,group_chat,2026-03-30 10:16:00+00:00
Daniela Rossi,drossi,group_chat,2026-03-30 10:16:30+00:00
Daniela Rossi,akabir,group_chat,2026-03-30 10:16:30+00:00
Daniela Rossi,fdubois,group_chat,2026-03-30 10:16:30+00:00
Daniela Rossi,drossi,group_chat,2026-03-30 10:17:45+00:00
Daniela Rossi,akabir,group_chat,2026-03-30 10:17:45+00:00
Daniela Rossi,fdubois,group_chat,2026-03-30 10:17:45+00:00
Aisha Kabir,drossi,group_chat,2026-03-30 10:18:30+00:00
Aisha Kabir,akabir,group_chat,2026-03-30 10:18:30+00:00
Aisha Kabir,fdubois,group_chat,2026-03-30 10:18:30+00:00
François Dubois,drossi,group_chat,2026-03-30 10:19:00+00:00
François Dubois,akabir,group_chat,2026-03-30 10:19:00+00:00
François Dubois,fdubois,group_chat,2026-03-30 10:19:00+00:00
François Dubois,drossi,group_chat,2026-03-30 10:20:30+00:00
François Dubois,akabir,group_chat,2026-03-30 10:20:30+00:00
François Dubois,fdubois,group_chat,2026-03-30 10:20:30+00:00
Daniela Rossi,drossi,group_chat,2026-03-30 10:21:15+00:00
Daniela Rossi,akabir,group_chat,2026-03-30 10:21:15+00:00
Daniela Rossi,fdubois,group_chat,2026-03-30 10:21:15+00:00
Aisha Kabir,drossi,group_chat,2026-03-30 10:21:45+00:00
Aisha Kabir,akabir,group_chat,2026-03-30 10:21:45+00:00
Aisha Kabir,fdubois,group_chat,2026-03-30 10:21:45+00:00
François Dubois,drossi,group_chat,2026-03-30 10:22:15+00:00
François Dubois,akabir,group_chat,2026-03-30 10:22:15+00:00
François Dubois,fdubois,group_chat,2026-03-30 10:22:15+00:00
layla_haddad,lhaddad,group_chat,2026-03-30 08:15:00+00:00
layla_haddad,smensah,group_chat,2026-03-30 08:15:00+00:00
layla_haddad,yabdul,group_chat,2026-03-30 08:15:00+00:00
yasmin_abdul,lhaddad,group_chat,2026-03-30 08:16:12+00:00
yasmin_abdul,smensah,group_chat,2026-03-30 08:16:12+00:00
yasmin_abdul,yabdul,group_chat,2026-03-30 08:16:12+00:00
samuel_mensah,lhaddad,group_chat,2026-03-30 08:17:45+00:00
samuel_mensah,smensah,group_chat,2026-03-30 08:17:45+00:00
samuel_mensah,yabdul,group_chat,2026-03-30 08:17:45+00:00
layla_haddad,lhaddad,group_chat,2026-03-30 08:18:03+00:00
layla_haddad,smensah,group_chat,2026-03-30 08:18:03+00:00
layla_haddad,yabdul,group_chat,2026-03-30 08:18:03+00:00
yasmin_abdul,lhaddad,group_chat,2026-03-30 08:19:22+00:00
yasmin_abdul,smensah,group_chat,2026-03-30 08:19:22+00:00
yasmin_abdul,yabdul,group_chat,2026-03-30 08:19:22+00:00
samuel_mensah,lhaddad,group_chat,2026-03-30 08:20:10+00:00
samuel_mensah,smensah,group_chat,2026-03-30 08:20:10+00:00
samuel_mensah,yabdul,group_chat,2026-03-30 08:20:10+00:00
yasmin_abdul,lhaddad,group_chat,2026-03-30 08:20:25+00:00
yasmin_abdul,smensah,group_chat,2026-03-30 08:20:25+00:00
yasmin_abdul,yabdul,group_chat,2026-03-30 08:20:25+00:00
layla_haddad,lhaddad,group_chat,2026-03-30 08:21:38+00:00
layla_haddad,smensah,group_chat,2026-03-30 08:21:38+00:00
layla_haddad,yabdul,group_chat,2026-03-30 08:21:38+00:00
samuel_mensah,lhaddad,group_chat,2026-03-30 08:22:10+00:00
samuel_mensah,smensah,group_chat,2026-03-30 08:22:10+00:00
samuel_mensah,yabdul,group_chat,2026-03-30 08:22:10+00:00
yasmin_abdul,lhaddad,group_chat,2026-03-30 08:22:25+00:00
yasmin_abdul,smensah,group_chat,2026-03-30 08:22:25+00:00
yasmin_abdul,yabdul,group_chat,2026-03-30 08:22:25+00:00
yasmin_abdul,lhaddad,group_chat,2026-03-30 08:23:00+00:00
yasmin_abdul,smensah,group_chat,2026-03-30 08:23:00+00:00
yasmin_abdul,yabdul,group_chat,2026-03-30 08:23:00+00:00
samuel_mensah,lhaddad,group_chat,2026-03-30 08:23:32+00:00
samuel_mensah,smensah,group_chat,2026-03-30 08:23:32+00:00
samuel_mensah,yabdul,group_chat,2026-03-30 08:23:32+00:00
layla_haddad,lhaddad,group_chat,2026-03-30 08:24:15+00:00
layla_haddad,smensah,group_chat,2026-03-30 08:24:15+00:00
layla_haddad,yabdul,group_chat,2026-03-30 08:24:15+00:00
samuel_mensah,lhaddad,group_chat,2026-03-30 08:25:02+00:00
samuel_mensah,smensah,group_chat,2026-03-30 08:25:02+00:00
samuel_mensah,yabdul,group_chat,2026-03-30 08:25:02+00:00
yasmin_abdul,lhaddad,group_chat,2026-03-30 08:25:30+00:00
yasmin_abdul,smensah,group_chat,2026-03-30 08:25:30+00:00
yasmin_abdul,yabdul,group_chat,2026-03-30 08:25:30+00:00
samuel_mensah,lhaddad,group_chat,2026-03-30 08:26:05+00:00
samuel_mensah,smensah,group_chat,2026-03-30 08:26:05+00:00
samuel_mensah,yabdul,group_chat,2026-03-30 08:26:05+00:00
layla_haddad,lhaddad,group_chat,2026-03-30 08:26:40+00:00
layla_haddad,smensah,group_chat,2026-03-30 08:26:40+00:00
layla_haddad,yabdul,group_chat,2026-03-30 08:26:40+00:00
samuel_mensah,lhaddad,group_chat,2026-03-30 08:27:10+00:00
samuel_mensah,smensah,group_chat,2026-03-30 08:27:10+00:00
samuel_mensah,yabdul,group_chat,2026-03-30 08:27:10+00:00
yasmin_abdul,lhaddad,group_chat,2026-03-30 08:28:00+00:00
yasmin_abdul,smensah,group_chat,2026-03-30 08:28:00+00:00
yasmin_abdul,yabdul,group_chat,2026-03-30 08:28:00+00:00
layla_haddad,lhaddad,group_chat,2026-03-30 08:28:45+00:00
layla_haddad,smensah,group_chat,2026-03-30 08:28:45+00:00
layla_haddad,yabdul,group_chat,2026-03-30 08:28:45+00:00
samuel_mensah,lhaddad,group_chat,2026-03-30 08:29:10+00:00
samuel_mensah,smensah,group_chat,2026-03-30 08:29:10+00:00
samuel_mensah,yabdul,group_chat,2026-03-30 08:29:10+00:00
yasmin_abdul,lhaddad,group_chat,2026-03-30 08:29:30+00:00
yasmin_abdul,smensah,group_chat,2026-03-30 08:29:30+00:00
yasmin_abdul,yabdul,group_chat,2026-03-30 08:29:30+00:00
chi_nguyen,cnguyen,group_chat,2026-03-30 10:02:12+00:00
chi_nguyen,fdubois,group_chat,2026-03-30 10:02:12+00:00
chi_nguyen,drossi,group_chat,2026-03-30 10:02:12+00:00
francois_dubois,cnguyen,group_chat,2026-03-30 10:03:45+00:00
francois_dubois,fdubois,group_chat,2026-03-30 10:03:45+00:00
francois_dubois,drossi,group_chat,2026-03-30 10:03:45+00:00
daniela_rossi,cnguyen,group_chat,2026-03-30 10:04:22+00:00
daniela_rossi,fdubois,group_chat,2026-03-30 10:04:22+00:00
daniela_rossi,drossi,group_chat,2026-03-30 10:04:22+00:00
chi_nguyen,cnguyen,group_chat,2026-03-30 10:05:09+00:00
chi_nguyen,fdubois,group_chat,2026-03-30 10:05:09+00:00
chi_nguyen,drossi,group_chat,2026-03-30 10:05:09+00:00
francois_dubois,cnguyen,group_chat,2026-03-30 10:06:01+00:00
francois_dubois,fdubois,group_chat,2026-03-30 10:06:01+00:00
francois_dubois,drossi,group_chat,2026-03-30 10:06:01+00:00
daniela_rossi,cnguyen,group_chat,2026-03-30 10:06:37+00:00
daniela_rossi,fdubois,group_chat,2026-03-30 10:06:37+00:00
daniela_rossi,drossi,group_chat,2026-03-30 10:06:37+00:00
chi_nguyen,cnguyen,group_chat,2026-03-30 10:07:15+00:00
chi_nguyen,fdubois,group_chat,2026-03-30 10:07:15+00:00
chi_nguyen,drossi,group_chat,2026-03-30 10:07:15+00:00
chi_nguyen,cnguyen,group_chat,2026-03-30 10:09:02+00:00
chi_nguyen,fdubois,group_chat,2026-03-30 10:09:02+00:00
chi_nguyen,drossi,group_chat,2026-03-30 10:09:02+00:00
francois_dubois,cnguyen,group_chat,2026-03-30 10:10:30+00:00
francois_dubois,fdubois,group_chat,2026-03-30 10:10:30+00:00
francois_dubois,drossi,group_chat,2026-03-30 10:10:30+00:00
daniela_rossi,cnguyen,group_chat,2026-03-30 10:11:12+00:00
daniela_rossi,fdubois,group_chat,2026-03-30 10:11:12+00:00
daniela_rossi,drossi,group_chat,2026-03-30 10:11:12+00:00
chi_nguyen,cnguyen,group_chat,2026-03-30 10:11:45+00:00
chi_nguyen,fdubois,group_chat,2026-03-30 10:11:45+00:00
chi_nguyen,drossi,group_chat,2026-03-30 10:11:45+00:00
chi_nguyen,cnguyen,group_chat,2026-03-30 10:13:08+00:00
chi_nguyen,fdubois,group_chat,2026-03-30 10:13:08+00:00
chi_nguyen,drossi,group_chat,2026-03-30 10:13:08+00:00
francois_dubois,cnguyen,group_chat,2026-03-30 10:13:37+00:00
francois_dubois,fdubois,group_chat,2026-03-30 10:13:37+00:00
francois_dubois,drossi,group_chat,2026-03-30 10:13:37+00:00
daniela_rossi,cnguyen,group_chat,2026-03-30 10:14:10+00:00
daniela_rossi,fdubois,group_chat,2026-03-30 10:14:10+00:00
daniela_rossi,drossi,group_chat,2026-03-30 10:14:10+00:00
daniela_rossi,cnguyen,group_chat,2026-03-30 10:15:42+00:00
daniela_rossi,fdubois,group_chat,2026-03-30 10:15:42+00:00
daniela_rossi,drossi,group_chat,2026-03-30 10:15:42+00:00
chi_nguyen,cnguyen,group_chat,2026-03-30 10:16:30+00:00
chi_nguyen,fdubois,group_chat,2026-03-30 10:16:30+00:00
chi_nguyen,drossi,group_chat,2026-03-30 10:16:30+00:00
francois_dubois,cnguyen,group_chat,2026-03-30 10:17:02+00:00
francois_dubois,fdubois,group_chat,2026-03-30 10:17:02+00:00
francois_dubois,drossi,group_chat,2026-03-30 10:17:02+00:00
daniela_rossi,cnguyen,group_chat,2026-03-30 10:17:45+00:00
daniela_rossi,fdubois,group_chat,2026-03-30 10:17:45+00:00
daniela_rossi,drossi,group_chat,2026-03-30 10:17:45+00:00
chi_nguyen,cnguyen,group_chat,2026-03-30 10:18:20+00:00
chi_nguyen,fdubois,group_chat,2026-03-30 10:18:20+00:00
chi_nguyen,drossi,group_chat,2026-03-30 10:18:20+00:00
francois_dubois,cnguyen,group_chat,2026-03-30 10:18:57+00:00
francois_dubois,fdubois,group_chat,2026-03-30 10:18:57+00:00
francois_dubois,drossi,group_chat,2026-03-30 10:18:57+00:00
daniela_rossi,cnguyen,group_chat,2026-03-30 10:19:30+00:00
daniela_rossi,fdubois,group_chat,2026-03-30 10:19:30+00:00
daniela_rossi,drossi,group_chat,2026-03-30 10:19:30+00:00
Aisha Kabir,akabir,group_chat,2026-03-30 10:02:15+00:00
Aisha Kabir,fdubois,group_chat,2026-03-30 10:02:15+00:00
François Dubois,akabir,group_chat,2026-03-30 10:02:32+00:00
François Dubois,fdubois,group_chat,2026-03-30 10:02:32+00:00
Aisha Kabir,akabir,group_chat,2026-03-30 10:03:10+00:00
Aisha Kabir,fdubois,group_chat,2026-03-30 10:03:10+00:00
François Dubois,akabir,group_chat,2026-03-30 10:03:58+00:00
François Dubois,fdubois,group_chat,2026-03-30 10:03:58+00:00
Aisha Kabir,akabir,group_chat,2026-03-30 10:04:45+00:00
Aisha Kabir,fdubois,group_chat,2026-03-30 10:04:45+00:00
François Dubois,akabir,group_chat,2026-03-30 10:05:12+00:00
François Dubois,fdubois,group_chat,2026-03-30 10:05:12+00:00
Aisha Kabir,akabir,group_chat,2026-03-30 10:06:05+00:00
Aisha Kabir,fdubois,group_chat,2026-03-30 10:06:05+00:00
François Dubois,akabir,group_chat,2026-03-30 10:06:40+00:00
François Dubois,fdubois,group_chat,2026-03-30 10:06:40+00:00
Aisha Kabir,akabir,group_chat,2026-03-30 10:07:02+00:00
Aisha Kabir,fdubois,group_chat,2026-03-30 10:07:02+00:00
François Dubois,akabir,group_chat,2026-03-30 10:07:20+00:00
François Dubois,fdubois,group_chat,2026-03-30 10:07:20+00:00
Chi Nguyen,cnguyen,group_chat,2026-03-30 10:02:17+00:00
Chi Nguyen,ksingh,group_chat,2026-03-30 10:02:17+00:00
Karan Singh,cnguyen,group_chat,2026-03-30 10:02:45+00:00
Karan Singh,ksingh,group_chat,2026-03-30 10:02:45+00:00
Chi Nguyen,cnguyen,group_chat,2026-03-30 10:03:10+00:00
Chi Nguyen,ksingh,group_chat,2026-03-30 10:03:10+00:00
Karan Singh,cnguyen,group_chat,2026-03-30 10:03:25+00:00
Karan Singh,ksingh,group_chat,2026-03-30 10:03:25+00:00
Chi Nguyen,cnguyen,group_chat,2026-03-30 10:05:03+00:00
Chi Nguyen,ksingh,group_chat,2026-03-30 10:05:03+00:00
Karan Singh,cnguyen,group_chat,2026-03-30 10:06:12+00:00
Karan Singh,ksingh,group_chat,2026-03-30 10:06:12+00:00
Chi Nguyen,cnguyen,group_chat,2026-03-30 10:06:47+00:00
Chi Nguyen,ksingh,group_chat,2026-03-30 10:06:47+00:00
Karan Singh,cnguyen,group_chat,2026-03-30 10:07:20+00:00
Karan Singh,ksingh,group_chat,2026-03-30 10:07:20+00:00
Chi Nguyen,cnguyen,group_chat,2026-03-30 10:08:05+00:00
Chi Nguyen,ksingh,group_chat,2026-03-30 10:08:05+00:00
Karan Singh,cnguyen,group_chat,2026-03-30 10:09:15+00:00
Karan Singh,ksingh,group_chat,2026-03-30 10:09:15+00:00
Chi Nguyen,cnguyen,group_chat,2026-03-30 10:09:39+00:00
Chi Nguyen,ksingh,group_chat,2026-03-30 10:09:39+00:00
Karan Singh,cnguyen,group_chat,2026-03-30 10:10:02+00:00
Karan Singh,ksingh,group_chat,2026-03-30 10:10:02+00:00
Chi Nguyen,cnguyen,group_chat,2026-03-30 10:10:25+00:00
Chi Nguyen,ksingh,group_chat,2026-03-30 10:10:25+00:00
hiroshi_matsuda,hmatsuda,group_chat,2026-03-30 09:02:15+00:00
hiroshi_matsuda,jokonkwo_4,group_chat,2026-03-30 09:02:15+00:00
joseph_okonkwo,hmatsuda,group_chat,2026-03-30 09:02:30+00:00
joseph_okonkwo,jokonkwo_4,group_chat,2026-03-30 09:02:30+00:00
hiroshi_matsuda,hmatsuda,group_chat,2026-03-30 09:05:10+00:00
hiroshi_matsuda,jokonkwo_4,group_chat,2026-03-30 09:05:10+00:00
joseph_okonkwo,hmatsuda,group_chat,2026-03-30 09:05:25+00:00
joseph_okonkwo,jokonkwo_4,group_chat,2026-03-30 09:05:25+00:00
hiroshi_matsuda,hmatsuda,group_chat,2026-03-30 09:07:50+00:00
hiroshi_matsuda,jokonkwo_4,group_chat,2026-03-30 09:07:50+00:00
joseph_okonkwo,hmatsuda,group_chat,2026-03-30 09:10:15+00:00
joseph_okonkwo,jokonkwo_4,group_chat,2026-03-30 09:10:15+00:00
hiroshi_matsuda,hmatsuda,group_chat,2026-03-30 09:12:00+00:00
hiroshi_matsuda,jokonkwo_4,group_chat,2026-03-30 09:12:00+00:00
joseph_okonkwo,hmatsuda,group_chat,2026-03-30 09:13:45+00:00
joseph_okonkwo,jokonkwo_4,group_chat,2026-03-30 09:13:45+00:00
hiroshi_matsuda,hmatsuda,group_chat,2026-03-30 09:14:10+00:00
hiroshi_matsuda,jokonkwo_4,group_chat,2026-03-30 09:14:10+00:00
joseph_okonkwo,hmatsuda,group_chat,2026-03-30 09:16:00+00:00
joseph_okonkwo,jokonkwo_4,group_chat,2026-03-30 09:16:00+00:00
hiroshi_matsuda,hmatsuda,group_chat,2026-03-30 09:16:15+00:00
hiroshi_matsuda,jokonkwo_4,group_chat,2026-03-30 09:16:15+00:00
joseph_okonkwo,hmatsuda,group_chat,2026-03-30 09:18:30+00:00
joseph_okonkwo,jokonkwo_4,group_chat,2026-03-30 09:18:30+00:00
hiroshi_matsuda,hmatsuda,group_chat,2026-03-30 09:18:50+00:00
hiroshi_matsuda,jokonkwo_4,group_chat,2026-03-30 09:18:50+00:00
hiroshi_matsuda,hmatsuda,group_chat,2026-03-30 09:20:15+00:00
hiroshi_matsuda,jokonkwo_4,group_chat,2026-03-30 09:20:15+00:00
joseph_okonkwo,hmatsuda,group_chat,2026-03-30 09:20:30+00:00
joseph_okonkwo,jokonkwo_4,group_chat,2026-03-30 09:20:30+00:00
Samuel Mensah,smensah,group_chat,2026-03-30 09:02:14+00:00
Samuel Mensah,jokafor,group_chat,2026-03-30 09:02:14+00:00
Samuel Mensah,yabdul,group_chat,2026-03-30 09:02:14+00:00
Joy Okafor,smensah,group_chat,2026-03-30 09:03:02+00:00
Joy Okafor,jokafor,group_chat,2026-03-30 09:03:02+00:00
Joy Okafor,yabdul,group_chat,2026-03-30 09:03:02+00:00
Yasmin Abdul,smensah,group_chat,2026-03-30 09:03:45+00:00
Yasmin Abdul,jokafor,group_chat,2026-03-30 09:03:45+00:00
Yasmin Abdul,yabdul,group_chat,2026-03-30 09:03:45+00:00
Samuel Mensah,smensah,group_chat,2026-03-30 09:04:10+00:00
Samuel Mensah,jokafor,group_chat,2026-03-30 09:04:10+00:00
Samuel Mensah,yabdul,group_chat,2026-03-30 09:04:10+00:00
Joy Okafor,smensah,group_chat,2026-03-30 09:04:34+00:00
Joy Okafor,jokafor,group_chat,2026-03-30 09:04:34+00:00
Joy Okafor,yabdul,group_chat,2026-03-30 09:04:34+00:00
Yasmin Abdul,smensah,group_chat,2026-03-30 09:05:12+00:00
Yasmin Abdul,jokafor,group_chat,2026-03-30 09:05:12+00:00
Yasmin Abdul,yabdul,group_chat,2026-03-30 09:05:12+00:00
Samuel Mensah,smensah,group_chat,2026-03-30 09:05:30+00:00
Samuel Mensah,jokafor,group_chat,2026-03-30 09:05:30+00:00
Samuel Mensah,yabdul,group_chat,2026-03-30 09:05:30+00:00
Joy Okafor,smensah,group_chat,2026-03-30 09:06:01+00:00
Joy Okafor,jokafor,group_chat,2026-03-30 09:06:01+00:00
Joy Okafor,yabdul,group_chat,2026-03-30 09:06:01+00:00
Samuel Mensah,smensah,group_chat,2026-03-30 09:06:25+00:00
Samuel Mensah,jokafor,group_chat,2026-03-30 09:06:25+00:00
Samuel Mensah,yabdul,group_chat,2026-03-30 09:06:25+00:00
Yasmin Abdul,smensah,group_chat,2026-03-30 09:07:10+00:00
Yasmin Abdul,jokafor,group_chat,2026-03-30 09:07:10+00:00
Yasmin Abdul,yabdul,group_chat,2026-03-30 09:07:10+00:00
Joy Okafor,smensah,group_chat,2026-03-30 09:07:32+00:00
Joy Okafor,jokafor,group_chat,2026-03-30 09:07:32+00:00
Joy Okafor,yabdul,group_chat,2026-03-30 09:07:32+00:00
Yasmin Abdul,smensah,group_chat,2026-03-30 09:07:45+00:00
Yasmin Abdul,jokafor,group_chat,2026-03-30 09:07:45+00:00
Yasmin Abdul,yabdul,group_chat,2026-03-30 09:07:45+00:00
Samuel Mensah,smensah,group_chat,2026-03-30 09:08:12+00:00
Samuel Mensah,jokafor,group_chat,2026-03-30 09:08:12+00:00
Samuel Mensah,yabdul,group_chat,2026-03-30 09:08:12+00:00
Joy Okafor,smensah,group_chat,2026-03-30 09:08:40+00:00
Joy Okafor,jokafor,group_chat,2026-03-30 09:08:40+00:00
Joy Okafor,yabdul,group_chat,2026-03-30 09:08:40+00:00
Yasmin Abdul,smensah,group_chat,2026-03-30 09:09:18+00:00
Yasmin Abdul,jokafor,group_chat,2026-03-30 09:09:18+00:00
Yasmin Abdul,yabdul,group_chat,2026-03-30 09:09:18+00:00
Samuel Mensah,smensah,group_chat,2026-03-30 09:09:45+00:00
Samuel Mensah,jokafor,group_chat,2026-03-30 09:09:45+00:00
Samuel Mensah,yabdul,group_chat,2026-03-30 09:09:45+00:00
Joy Okafor,smensah,group_chat,2026-03-30 09:10:15+00:00
Joy Okafor,jokafor,group_chat,2026-03-30 09:10:15+00:00
Joy Okafor,yabdul,group_chat,2026-03-30 09:10:15+00:00
Samuel Mensah,smensah,group_chat,2026-03-30 09:10:32+00:00
Samuel Mensah,jokafor,group_chat,2026-03-30 09:10:32+00:00
Samuel Mensah,yabdul,group_chat,2026-03-30 09:10:32+00:00
Yasmin Abdul,smensah,group_chat,2026-03-30 09:11:05+00:00
Yasmin Abdul,jokafor,group_chat,2026-03-30 09:11:05+00:00
Yasmin Abdul,yabdul,group_chat,2026-03-30 09:11:05+00:00
Joy Okafor,smensah,group_chat,2026-03-30 09:11:25+00:00
Joy Okafor,jokafor,group_chat,2026-03-30 09:11:25+00:00
Joy Okafor,yabdul,group_chat,2026-03-30 09:11:25+00:00
Chi Nguyen,cnguyen,group_chat,2026-03-30 09:02:15+00:00
Chi Nguyen,mzhang,group_chat,2026-03-30 09:02:15+00:00
Mei Zhang,cnguyen,group_chat,2026-03-30 09:02:30+00:00
Mei Zhang,mzhang,group_chat,2026-03-30 09:02:30+00:00
Mei Zhang,cnguyen,group_chat,2026-03-30 09:03:10+00:00
Mei Zhang,mzhang,group_chat,2026-03-30 09:03:10+00:00
Chi Nguyen,cnguyen,group_chat,2026-03-30 09:03:25+00:00
Chi Nguyen,mzhang,group_chat,2026-03-30 09:03:25+00:00
Mei Zhang,cnguyen,group_chat,2026-03-30 09:04:00+00:00
Mei Zhang,mzhang,group_chat,2026-03-30 09:04:00+00:00
Chi Nguyen,cnguyen,group_chat,2026-03-30 09:04:15+00:00
Chi Nguyen,mzhang,group_chat,2026-03-30 09:04:15+00:00
Mei Zhang,cnguyen,group_chat,2026-03-30 09:06:45+00:00
Mei Zhang,mzhang,group_chat,2026-03-30 09:06:45+00:00
Chi Nguyen,cnguyen,group_chat,2026-03-30 09:07:05+00:00
Chi Nguyen,mzhang,group_chat,2026-03-30 09:07:05+00:00
Mei Zhang,cnguyen,group_chat,2026-03-30 09:07:30+00:00
Mei Zhang,mzhang,group_chat,2026-03-30 09:07:30+00:00
Chi Nguyen,cnguyen,group_chat,2026-03-30 09:08:00+00:00
Chi Nguyen,mzhang,group_chat,2026-03-30 09:08:00+00:00
Mei Zhang,cnguyen,group_chat,2026-03-30 09:08:45+00:00
Mei Zhang,mzhang,group_chat,2026-03-30 09:08:45+00:00
Chi Nguyen,cnguyen,group_chat,2026-03-30 09:09:10+00:00
Chi Nguyen,mzhang,group_chat,2026-03-30 09:09:10+00:00
Mei Zhang,cnguyen,group_chat,2026-03-30 09:09:30+00:00
Mei Zhang,mzhang,group_chat,2026-03-30 09:09:30+00:00
Chi Nguyen,cnguyen,group_chat,2026-03-30 09:10:00+00:00
Chi Nguyen,mzhang,group_chat,2026-03-30 09:10:00+00:00
kenji_tanaka,ktanaka,group_chat,2026-03-31 09:15:00+00:00
kenji_tanaka,cnguyen,group_chat,2026-03-31 09:15:00+00:00
kenji_tanaka,ksingh,group_chat,2026-03-31 09:15:00+00:00
chi_nguyen,ktanaka,group_chat,2026-03-31 09:16:23+00:00
chi_nguyen,cnguyen,group_chat,2026-03-31 09:16:23+00:00
chi_nguyen,ksingh,group_chat,2026-03-31 09:16:23+00:00
karan_singh,ktanaka,group_chat,2026-03-31 09:17:41+00:00
karan_singh,cnguyen,group_chat,2026-03-31 09:17:41+00:00
karan_singh,ksingh,group_chat,2026-03-31 09:17:41+00:00
kenji_tanaka,ktanaka,group_chat,2026-03-31 09:18:15+00:00
kenji_tanaka,cnguyen,group_chat,2026-03-31 09:18:15+00:00
kenji_tanaka,ksingh,group_chat,2026-03-31 09:18:15+00:00
chi_nguyen,ktanaka,group_chat,2026-03-31 09:19:30+00:00
chi_nguyen,cnguyen,group_chat,2026-03-31 09:19:30+00:00
chi_nguyen,ksingh,group_chat,2026-03-31 09:19:30+00:00
karan_singh,ktanaka,group_chat,2026-03-31 09:20:10+00:00
karan_singh,cnguyen,group_chat,2026-03-31 09:20:10+00:00
karan_singh,ksingh,group_chat,2026-03-31 09:20:10+00:00
chi_nguyen,ktanaka,group_chat,2026-03-31 09:20:45+00:00
chi_nguyen,cnguyen,group_chat,2026-03-31 09:20:45+00:00
chi_nguyen,ksingh,group_chat,2026-03-31 09:20:45+00:00
kenji_tanaka,ktanaka,group_chat,2026-03-31 09:21:12+00:00
kenji_tanaka,cnguyen,group_chat,2026-03-31 09:21:12+00:00
kenji_tanaka,ksingh,group_chat,2026-03-31 09:21:12+00:00
karan_singh,ktanaka,group_chat,2026-03-31 09:22:03+00:00
karan_singh,cnguyen,group_chat,2026-03-31 09:22:03+00:00
karan_singh,ksingh,group_chat,2026-03-31 09:22:03+00:00
chi_nguyen,ktanaka,group_chat,2026-03-31 09:22:30+00:00
chi_nguyen,cnguyen,group_chat,2026-03-31 09:22:30+00:00
chi_nguyen,ksingh,group_chat,2026-03-31 09:22:30+00:00
kenji_tanaka,ktanaka,group_chat,2026-03-31 09:22:45+00:00
kenji_tanaka,cnguyen,group_chat,2026-03-31 09:22:45+00:00
kenji_tanaka,ksingh,group_chat,2026-03-31 09:22:45+00:00
karan_singh,ktanaka,group_chat,2026-03-31 09:24:12+00:00
karan_singh,cnguyen,group_chat,2026-03-31 09:24:12+00:00
karan_singh,ksingh,group_chat,2026-03-31 09:24:12+00:00
chi_nguyen,ktanaka,group_chat,2026-03-31 09:25:08+00:00
chi_nguyen,cnguyen,group_chat,2026-03-31 09:25:08+00:00
chi_nguyen,ksingh,group_chat,2026-03-31 09:25:08+00:00
kenji_tanaka,ktanaka,group_chat,2026-03-31 09:25:45+00:00
kenji_tanaka,cnguyen,group_chat,2026-03-31 09:25:45+00:00
kenji_tanaka,ksingh,group_chat,2026-03-31 09:25:45+00:00
karan_singh,ktanaka,group_chat,2026-03-31 09:26:12+00:00
karan_singh,cnguyen,group_chat,2026-03-31 09:26:12+00:00
karan_singh,ksingh,group_chat,2026-03-31 09:26:12+00:00
chi_nguyen,ktanaka,group_chat,2026-03-31 09:27:00+00:00
chi_nguyen,cnguyen,group_chat,2026-03-31 09:27:00+00:00
chi_nguyen,ksingh,group_chat,2026-03-31 09:27:00+00:00
kenji_tanaka,ktanaka,group_chat,2026-03-31 09:27:30+00:00
kenji_tanaka,cnguyen,group_chat,2026-03-31 09:27:30+00:00
kenji_tanaka,ksingh,group_chat,2026-03-31 09:27:30+00:00
francois_dubois,fdubois,group_chat,2026-03-31 09:15:00+00:00
francois_dubois,akabir,group_chat,2026-03-31 09:15:00+00:00
francois_dubois,jokonkwo_4,group_chat,2026-03-31 09:15:00+00:00
aisha_kabir,fdubois,group_chat,2026-03-31 09:16:12+00:00
aisha_kabir,akabir,group_chat,2026-03-31 09:16:12+00:00
aisha_kabir,jokonkwo_4,group_chat,2026-03-31 09:16:12+00:00
francois_dubois,fdubois,group_chat,2026-03-31 09:16:45+00:00
francois_dubois,akabir,group_chat,2026-03-31 09:16:45+00:00
francois_dubois,jokonkwo_4,group_chat,2026-03-31 09:16:45+00:00
joseph_okonkwo,fdubois,group_chat,2026-03-31 09:17:10+00:00
joseph_okonkwo,akabir,group_chat,2026-03-31 09:17:10+00:00
joseph_okonkwo,jokonkwo_4,group_chat,2026-03-31 09:17:10+00:00
aisha_kabir,fdubois,group_chat,2026-03-31 09:17:45+00:00
aisha_kabir,akabir,group_chat,2026-03-31 09:17:45+00:00
aisha_kabir,jokonkwo_4,group_chat,2026-03-31 09:17:45+00:00
francois_dubois,fdubois,group_chat,2026-03-31 09:18:15+00:00
francois_dubois,akabir,group_chat,2026-03-31 09:18:15+00:00
francois_dubois,jokonkwo_4,group_chat,2026-03-31 09:18:15+00:00
aisha_kabir,fdubois,group_chat,2026-03-31 09:18:35+00:00
aisha_kabir,akabir,group_chat,2026-03-31 09:18:35+00:00
aisha_kabir,jokonkwo_4,group_chat,2026-03-31 09:18:35+00:00
joseph_okonkwo,fdubois,group_chat,2026-03-31 09:19:00+00:00
joseph_okonkwo,akabir,group_chat,2026-03-31 09:19:00+00:00
joseph_okonkwo,jokonkwo_4,group_chat,2026-03-31 09:19:00+00:00
aisha_kabir,fdubois,group_chat,2026-03-31 09:19:15+00:00
aisha_kabir,akabir,group_chat,2026-03-31 09:19:15+00:00
aisha_kabir,jokonkwo_4,group_chat,2026-03-31 09:19:15+00:00
francois_dubois,fdubois,group_chat,2026-03-31 09:20:00+00:00
francois_dubois,akabir,group_chat,2026-03-31 09:20:00+00:00
francois_dubois,jokonkwo_4,group_chat,2026-03-31 09:20:00+00:00
aisha_kabir,fdubois,group_chat,2026-03-31 09:20:30+00:00
aisha_kabir,akabir,group_chat,2026-03-31 09:20:30+00:00
aisha_kabir,jokonkwo_4,group_chat,2026-03-31 09:20:30+00:00
joseph_okonkwo,fdubois,group_chat,2026-03-31 09:21:00+00:00
joseph_okonkwo,akabir,group_chat,2026-03-31 09:21:00+00:00
joseph_okonkwo,jokonkwo_4,group_chat,2026-03-31 09:21:00+00:00
francois_dubois,fdubois,group_chat,2026-03-31 09:21:30+00:00
francois_dubois,akabir,group_chat,2026-03-31 09:21:30+00:00
francois_dubois,jokonkwo_4,group_chat,2026-03-31 09:21:30+00:00
aisha_kabir,fdubois,group_chat,2026-03-31 09:22:00+00:00
aisha_kabir,akabir,group_chat,2026-03-31 09:22:00+00:00
aisha_kabir,jokonkwo_4,group_chat,2026-03-31 09:22:00+00:00
joseph_okonkwo,fdubois,group_chat,2026-03-31 09:22:20+00:00
joseph_okonkwo,akabir,group_chat,2026-03-31 09:22:20+00:00
joseph_okonkwo,jokonkwo_4,group_chat,2026-03-31 09:22:20+00:00
francois_dubois,fdubois,group_chat,2026-03-31 09:23:45+00:00
francois_dubois,akabir,group_chat,2026-03-31 09:23:45+00:00
francois_dubois,jokonkwo_4,group_chat,2026-03-31 09:23:45+00:00
aisha_kabir,fdubois,group_chat,2026-03-31 09:24:10+00:00
aisha_kabir,akabir,group_chat,2026-03-31 09:24:10+00:00
aisha_kabir,jokonkwo_4,group_chat,2026-03-31 09:24:10+00:00
joseph_okonkwo,fdubois,group_chat,2026-03-31 09:24:30+00:00
joseph_okonkwo,akabir,group_chat,2026-03-31 09:24:30+00:00
joseph_okonkwo,jokonkwo_4,group_chat,2026-03-31 09:24:30+00:00
Maria Garcia,mgarcia,group_chat,2026-03-31 10:15:00+00:00
Maria Garcia,jokonkwo,group_chat,2026-03-31 10:15:00+00:00
Maria Garcia,aktanaka,group_chat,2026-03-31 10:15:00+00:00
Joy Okonkwo,mgarcia,group_chat,2026-03-31 10:16:12+00:00
Joy Okonkwo,jokonkwo,group_chat,2026-03-31 10:16:12+00:00
Joy Okonkwo,aktanaka,group_chat,2026-03-31 10:16:12+00:00
Maria Garcia,mgarcia,group_chat,2026-03-31 10:17:08+00:00
Maria Garcia,jokonkwo,group_chat,2026-03-31 10:17:08+00:00
Maria Garcia,aktanaka,group_chat,2026-03-31 10:17:08+00:00
Joy Okonkwo,mgarcia,group_chat,2026-03-31 10:17:35+00:00
Joy Okonkwo,jokonkwo,group_chat,2026-03-31 10:17:35+00:00
Joy Okonkwo,aktanaka,group_chat,2026-03-31 10:17:35+00:00
Maria Garcia,mgarcia,group_chat,2026-03-31 10:18:03+00:00
Maria Garcia,jokonkwo,group_chat,2026-03-31 10:18:03+00:00
Maria Garcia,aktanaka,group_chat,2026-03-31 10:18:03+00:00
Joy Okonkwo,mgarcia,group_chat,2026-03-31 10:18:26+00:00
Joy Okonkwo,jokonkwo,group_chat,2026-03-31 10:18:26+00:00
Joy Okonkwo,aktanaka,group_chat,2026-03-31 10:18:26+00:00
Maria Garcia,mgarcia,group_chat,2026-03-31 10:19:10+00:00
Maria Garcia,jokonkwo,group_chat,2026-03-31 10:19:10+00:00
Maria Garcia,aktanaka,group_chat,2026-03-31 10:19:10+00:00
Joy Okonkwo,mgarcia,group_chat,2026-03-31 10:20:45+00:00
Joy Okonkwo,jokonkwo,group_chat,2026-03-31 10:20:45+00:00
Joy Okonkwo,aktanaka,group_chat,2026-03-31 10:20:45+00:00
Maria Garcia,mgarcia,group_chat,2026-03-31 10:21:30+00:00
Maria Garcia,jokonkwo,group_chat,2026-03-31 10:21:30+00:00
Maria Garcia,aktanaka,group_chat,2026-03-31 10:21:30+00:00
Joy Okonkwo,mgarcia,group_chat,2026-03-31 10:22:00+00:00
Joy Okonkwo,jokonkwo,group_chat,2026-03-31 10:22:00+00:00
Joy Okonkwo,aktanaka,group_chat,2026-03-31 10:22:00+00:00
Maria Garcia,mgarcia,group_chat,2026-03-31 10:22:45+00:00
Maria Garcia,jokonkwo,group_chat,2026-03-31 10:22:45+00:00
Maria Garcia,aktanaka,group_chat,2026-03-31 10:22:45+00:00
Joy Okonkwo,mgarcia,group_chat,2026-03-31 10:23:10+00:00
Joy Okonkwo,jokonkwo,group_chat,2026-03-31 10:23:10+00:00
Joy Okonkwo,aktanaka,group_chat,2026-03-31 10:23:10+00:00
Joy Okonkwo,mgarcia,group_chat,2026-03-31 10:24:05+00:00
Joy Okonkwo,jokonkwo,group_chat,2026-03-31 10:24:05+00:00
Joy Okonkwo,aktanaka,group_chat,2026-03-31 10:24:05+00:00
Maria Garcia,mgarcia,group_chat,2026-03-31 10:24:40+00:00
Maria Garcia,jokonkwo,group_chat,2026-03-31 10:24:40+00:00
Maria Garcia,aktanaka,group_chat,2026-03-31 10:24:40+00:00
Joy Okonkwo,mgarcia,group_chat,2026-03-31 10:25:00+00:00
Joy Okonkwo,jokonkwo,group_chat,2026-03-31 10:25:00+00:00
Joy Okonkwo,aktanaka,group_chat,2026-03-31 10:25:00+00:00
aisha_kabir,akabir,group_chat,2026-03-31 15:02:43+00:00
aisha_kabir,jokonkwo_4,group_chat,2026-03-31 15:02:43+00:00
aisha_kabir,fdubois,group_chat,2026-03-31 15:02:43+00:00
joseph_okonkwo,akabir,group_chat,2026-03-31 15:03:10+00:00
joseph_okonkwo,jokonkwo_4,group_chat,2026-03-31 15:03:10+00:00
joseph_okonkwo,fdubois,group_chat,2026-03-31 15:03:10+00:00
francois_dubois,akabir,group_chat,2026-03-31 15:03:25+00:00
francois_dubois,jokonkwo_4,group_chat,2026-03-31 15:03:25+00:00
francois_dubois,fdubois,group_chat,2026-03-31 15:03:25+00:00
aisha_kabir,akabir,group_chat,2026-03-31 15:03:42+00:00
aisha_kabir,jokonkwo_4,group_chat,2026-03-31 15:03:42+00:00
aisha_kabir,fdubois,group_chat,2026-03-31 15:03:42+00:00
joseph_okonkwo,akabir,group_chat,2026-03-31 15:03:50+00:00
joseph_okonkwo,jokonkwo_4,group_chat,2026-03-31 15:03:50+00:00
joseph_okonkwo,fdubois,group_chat,2026-03-31 15:03:50+00:00
francois_dubois,akabir,group_chat,2026-03-31 15:04:12+00:00
francois_dubois,jokonkwo_4,group_chat,2026-03-31 15:04:12+00:00
francois_dubois,fdubois,group_chat,2026-03-31 15:04:12+00:00
aisha_kabir,akabir,group_chat,2026-03-31 15:04:30+00:00
aisha_kabir,jokonkwo_4,group_chat,2026-03-31 15:04:30+00:00
aisha_kabir,fdubois,group_chat,2026-03-31 15:04:30+00:00
joseph_okonkwo,akabir,group_chat,2026-03-31 15:06:03+00:00
joseph_okonkwo,jokonkwo_4,group_chat,2026-03-31 15:06:03+00:00
joseph_okonkwo,fdubois,group_chat,2026-03-31 15:06:03+00:00
francois_dubois,akabir,group_chat,2026-03-31 15:06:25+00:00
francois_dubois,jokonkwo_4,group_chat,2026-03-31 15:06:25+00:00
francois_dubois,fdubois,group_chat,2026-03-31 15:06:25+00:00
joseph_okonkwo,akabir,group_chat,2026-03-31 15:06:40+00:00
joseph_okonkwo,jokonkwo_4,group_chat,2026-03-31 15:06:40+00:00
joseph_okonkwo,fdubois,group_chat,2026-03-31 15:06:40+00:00
aisha_kabir,akabir,group_chat,2026-03-31 15:07:15+00:00
aisha_kabir,jokonkwo_4,group_chat,2026-03-31 15:07:15+00:00
aisha_kabir,fdubois,group_chat,2026-03-31 15:07:15+00:00
francois_dubois,akabir,group_chat,2026-03-31 15:07:30+00:00
francois_dubois,jokonkwo_4,group_chat,2026-03-31 15:07:30+00:00
francois_dubois,fdubois,group_chat,2026-03-31 15:07:30+00:00
joseph_okonkwo,akabir,group_chat,2026-03-31 15:08:12+00:00
joseph_okonkwo,jokonkwo_4,group_chat,2026-03-31 15:08:12+00:00
joseph_okonkwo,fdubois,group_chat,2026-03-31 15:08:12+00:00
aisha_kabir,akabir,group_chat,2026-03-31 15:08:30+00:00
aisha_kabir,jokonkwo_4,group_chat,2026-03-31 15:08:30+00:00
aisha_kabir,fdubois,group_chat,2026-03-31 15:08:30+00:00
francois_dubois,akabir,group_chat,2026-03-31 15:08:45+00:00
francois_dubois,jokonkwo_4,group_chat,2026-03-31 15:08:45+00:00
francois_dubois,fdubois,group_chat,2026-03-31 15:08:45+00:00
joseph_okonkwo,akabir,group_chat,2026-03-31 15:09:20+00:00
joseph_okonkwo,jokonkwo_4,group_chat,2026-03-31 15:09:20+00:00
joseph_okonkwo,fdubois,group_chat,2026-03-31 15:09:20+00:00
aisha_kabir,akabir,group_chat,2026-03-31 15:09:35+00:00
aisha_kabir,jokonkwo_4,group_chat,2026-03-31 15:09:35+00:00
aisha_kabir,fdubois,group_chat,2026-03-31 15:09:35+00:00
francois_dubois,akabir,group_chat,2026-03-31 15:09:50+00:00
francois_dubois,jokonkwo_4,group_chat,2026-03-31 15:09:50+00:00
francois_dubois,fdubois,group_chat,2026-03-31 15:09:50+00:00
Daniela Rossi,drossi,group_chat,2026-03-31 15:45:00+00:00
Daniela Rossi,fdubois,group_chat,2026-03-31 15:45:00+00:00
Daniela Rossi,akabir,group_chat,2026-03-31 15:45:00+00:00
François Dubois,drossi,group_chat,2026-03-31 15:45:30+00:00
François Dubois,fdubois,group_chat,2026-03-31 15:45:30+00:00
François Dubois,akabir,group_chat,2026-03-31 15:45:30+00:00
Daniela Rossi,drossi,group_chat,2026-03-31 15:45:45+00:00
Daniela Rossi,fdubois,group_chat,2026-03-31 15:45:45+00:00
Daniela Rossi,akabir,group_chat,2026-03-31 15:45:45+00:00
Aisha Kabir,drossi,group_chat,2026-03-31 15:46:10+00:00
Aisha Kabir,fdubois,group_chat,2026-03-31 15:46:10+00:00
Aisha Kabir,akabir,group_chat,2026-03-31 15:46:10+00:00
François Dubois,drossi,group_chat,2026-03-31 15:46:25+00:00
François Dubois,fdubois,group_chat,2026-03-31 15:46:25+00:00
François Dubois,akabir,group_chat,2026-03-31 15:46:25+00:00
Daniela Rossi,drossi,group_chat,2026-03-31 15:46:50+00:00
Daniela Rossi,fdubois,group_chat,2026-03-31 15:46:50+00:00
Daniela Rossi,akabir,group_chat,2026-03-31 15:46:50+00:00
Aisha Kabir,drossi,group_chat,2026-03-31 15:47:15+00:00
Aisha Kabir,fdubois,group_chat,2026-03-31 15:47:15+00:00
Aisha Kabir,akabir,group_chat,2026-03-31 15:47:15+00:00
François Dubois,drossi,group_chat,2026-03-31 15:47:30+00:00
François Dubois,fdubois,group_chat,2026-03-31 15:47:30+00:00
François Dubois,akabir,group_chat,2026-03-31 15:47:30+00:00
Daniela Rossi,drossi,group_chat,2026-03-31 15:47:45+00:00
Daniela Rossi,fdubois,group_chat,2026-03-31 15:47:45+00:00
Daniela Rossi,akabir,group_chat,2026-03-31 15:47:45+00:00
Aisha Kabir,drossi,group_chat,2026-03-31 15:48:00+00:00
Aisha Kabir,fdubois,group_chat,2026-03-31 15:48:00+00:00
Aisha Kabir,akabir,group_chat,2026-03-31 15:48:00+00:00
François Dubois,drossi,group_chat,2026-03-31 15:48:20+00:00
François Dubois,fdubois,group_chat,2026-03-31 15:48:20+00:00
François Dubois,akabir,group_chat,2026-03-31 15:48:20+00:00
Daniela Rossi,drossi,group_chat,2026-03-31 15:48:35+00:00
Daniela Rossi,fdubois,group_chat,2026-03-31 15:48:35+00:00
Daniela Rossi,akabir,group_chat,2026-03-31 15:48:35+00:00
François Dubois,drossi,group_chat,2026-03-31 15:49:00+00:00
François Dubois,fdubois,group_chat,2026-03-31 15:49:00+00:00
François Dubois,akabir,group_chat,2026-03-31 15:49:00+00:00
Aisha Kabir,drossi,group_chat,2026-03-31 15:49:20+00:00
Aisha Kabir,fdubois,group_chat,2026-03-31 15:49:20+00:00
Aisha Kabir,akabir,group_chat,2026-03-31 15:49:20+00:00
Daniela Rossi,drossi,group_chat,2026-03-31 15:49:35+00:00
Daniela Rossi,fdubois,group_chat,2026-03-31 15:49:35+00:00
Daniela Rossi,akabir,group_chat,2026-03-31 15:49:35+00:00
François Dubois,drossi,group_chat,2026-03-31 15:50:00+00:00
François Dubois,fdubois,group_chat,2026-03-31 15:50:00+00:00
François Dubois,akabir,group_chat,2026-03-31 15:50:00+00:00
Aisha Kabir,drossi,group_chat,2026-03-31 15:50:25+00:00
Aisha Kabir,fdubois,group_chat,2026-03-31 15:50:25+00:00
Aisha Kabir,akabir,group_chat,2026-03-31 15:50:25+00:00
Daniela Rossi,drossi,group_chat,2026-03-31 15:50:40+00:00
Daniela Rossi,fdubois,group_chat,2026-03-31 15:50:40+00:00
Daniela Rossi,akabir,group_chat,2026-03-31 15:50:40+00:00
kenji_tanaka,ktanaka,group_chat,2026-03-31 09:02:15+00:00
kenji_tanaka,cnguyen,group_chat,2026-03-31 09:02:15+00:00
kenji_tanaka,ksingh,group_chat,2026-03-31 09:02:15+00:00
chi_nguyen,ktanaka,group_chat,2026-03-31 09:02:20+00:00
chi_nguyen,cnguyen,group_chat,2026-03-31 09:02:20+00:00
chi_nguyen,ksingh,group_chat,2026-03-31 09:02:20+00:00
karan_singh,ktanaka,group_chat,2026-03-31 09:03:05+00:00
karan_singh,cnguyen,group_chat,2026-03-31 09:03:05+00:00
karan_singh,ksingh,group_chat,2026-03-31 09:03:05+00:00
kenji_tanaka,ktanaka,group_chat,2026-03-31 09:03:15+00:00
kenji_tanaka,cnguyen,group_chat,2026-03-31 09:03:15+00:00
kenji_tanaka,ksingh,group_chat,2026-03-31 09:03:15+00:00
chi_nguyen,ktanaka,group_chat,2026-03-31 09:05:30+00:00
chi_nguyen,cnguyen,group_chat,2026-03-31 09:05:30+00:00
chi_nguyen,ksingh,group_chat,2026-03-31 09:05:30+00:00
karan_singh,ktanaka,group_chat,2026-03-31 09:06:10+00:00
karan_singh,cnguyen,group_chat,2026-03-31 09:06:10+00:00
karan_singh,ksingh,group_chat,2026-03-31 09:06:10+00:00
chi_nguyen,ktanaka,group_chat,2026-03-31 09:07:00+00:00
chi_nguyen,cnguyen,group_chat,2026-03-31 09:07:00+00:00
chi_nguyen,ksingh,group_chat,2026-03-31 09:07:00+00:00
kenji_tanaka,ktanaka,group_chat,2026-03-31 09:08:45+00:00
kenji_tanaka,cnguyen,group_chat,2026-03-31 09:08:45+00:00
kenji_tanaka,ksingh,group_chat,2026-03-31 09:08:45+00:00
karan_singh,ktanaka,group_chat,2026-03-31 09:09:00+00:00
karan_singh,cnguyen,group_chat,2026-03-31 09:09:00+00:00
karan_singh,ksingh,group_chat,2026-03-31 09:09:00+00:00
kenji_tanaka,ktanaka,group_chat,2026-03-31 09:10:20+00:00
kenji_tanaka,cnguyen,group_chat,2026-03-31 09:10:20+00:00
kenji_tanaka,ksingh,group_chat,2026-03-31 09:10:20+00:00
chi_nguyen,ktanaka,group_chat,2026-03-31 09:11:00+00:00
chi_nguyen,cnguyen,group_chat,2026-03-31 09:11:00+00:00
chi_nguyen,ksingh,group_chat,2026-03-31 09:11:00+00:00
karan_singh,ktanaka,group_chat,2026-03-31 09:12:40+00:00
karan_singh,cnguyen,group_chat,2026-03-31 09:12:40+00:00
karan_singh,ksingh,group_chat,2026-03-31 09:12:40+00:00
kenji_tanaka,ktanaka,group_chat,2026-03-31 09:13:10+00:00
kenji_tanaka,cnguyen,group_chat,2026-03-31 09:13:10+00:00
kenji_tanaka,ksingh,group_chat,2026-03-31 09:13:10+00:00
chi_nguyen,ktanaka,group_chat,2026-03-31 09:13:35+00:00
chi_nguyen,cnguyen,group_chat,2026-03-31 09:13:35+00:00
chi_nguyen,ksingh,group_chat,2026-03-31 09:13:35+00:00
karan_singh,ktanaka,group_chat,2026-03-31 09:14:00+00:00
karan_singh,cnguyen,group_chat,2026-03-31 09:14:00+00:00
karan_singh,ksingh,group_chat,2026-03-31 09:14:00+00:00
francois_dubois,fdubois,group_chat,2026-03-31 10:02:45+00:00
francois_dubois,akabir,group_chat,2026-03-31 10:02:45+00:00
francois_dubois,jokonkwo_4,group_chat,2026-03-31 10:02:45+00:00
aisha_kabir,fdubois,group_chat,2026-03-31 10:03:10+00:00
aisha_kabir,akabir,group_chat,2026-03-31 10:03:10+00:00
aisha_kabir,jokonkwo_4,group_chat,2026-03-31 10:03:10+00:00
joseph_okonkwo,fdubois,group_chat,2026-03-31 10:03:38+00:00
joseph_okonkwo,akabir,group_chat,2026-03-31 10:03:38+00:00
joseph_okonkwo,jokonkwo_4,group_chat,2026-03-31 10:03:38+00:00
francois_dubois,fdubois,group_chat,2026-03-31 10:04:00+00:00
francois_dubois,akabir,group_chat,2026-03-31 10:04:00+00:00
francois_dubois,jokonkwo_4,group_chat,2026-03-31 10:04:00+00:00
aisha_kabir,fdubois,group_chat,2026-03-31 10:04:22+00:00
aisha_kabir,akabir,group_chat,2026-03-31 10:04:22+00:00
aisha_kabir,jokonkwo_4,group_chat,2026-03-31 10:04:22+00:00
joseph_okonkwo,fdubois,group_chat,2026-03-31 10:04:45+00:00
joseph_okonkwo,akabir,group_chat,2026-03-31 10:04:45+00:00
joseph_okonkwo,jokonkwo_4,group_chat,2026-03-31 10:04:45+00:00
francois_dubois,fdubois,group_chat,2026-03-31 10:05:12+00:00
francois_dubois,akabir,group_chat,2026-03-31 10:05:12+00:00
francois_dubois,jokonkwo_4,group_chat,2026-03-31 10:05:12+00:00
aisha_kabir,fdubois,group_chat,2026-03-31 10:05:30+00:00
aisha_kabir,akabir,group_chat,2026-03-31 10:05:30+00:00
aisha_kabir,jokonkwo_4,group_chat,2026-03-31 10:05:30+00:00
joseph_okonkwo,fdubois,group_chat,2026-03-31 10:06:05+00:00
joseph_okonkwo,akabir,group_chat,2026-03-31 10:06:05+00:00
joseph_okonkwo,jokonkwo_4,group_chat,2026-03-31 10:06:05+00:00
francois_dubois,fdubois,group_chat,2026-03-31 10:06:30+00:00
francois_dubois,akabir,group_chat,2026-03-31 10:06:30+00:00
francois_dubois,jokonkwo_4,group_chat,2026-03-31 10:06:30+00:00
Joy Okonkwo,jokonkwo,group_chat,2026-03-31 14:02:15+00:00
Joy Okonkwo,hmatsuda,group_chat,2026-03-31 14:02:15+00:00
Joy Okonkwo,mzhang,group_chat,2026-03-31 14:02:15+00:00
Hiroshi Matsuda,jokonkwo,group_chat,2026-03-31 14:02:25+00:00
Hiroshi Matsuda,hmatsuda,group_chat,2026-03-31 14:02:25+00:00
Hiroshi Matsuda,mzhang,group_chat,2026-03-31 14:02:25+00:00
Mei Zhang,jokonkwo,group_chat,2026-03-31 14:02:40+00:00
Mei Zhang,hmatsuda,group_chat,2026-03-31 14:02:40+00:00
Mei Zhang,mzhang,group_chat,2026-03-31 14:02:40+00:00
Joy Okonkwo,jokonkwo,group_chat,2026-03-31 14:03:05+00:00
Joy Okonkwo,hmatsuda,group_chat,2026-03-31 14:03:05+00:00
Joy Okonkwo,mzhang,group_chat,2026-03-31 14:03:05+00:00
Mei Zhang,jokonkwo,group_chat,2026-03-31 14:03:20+00:00
Mei Zhang,hmatsuda,group_chat,2026-03-31 14:03:20+00:00
Mei Zhang,mzhang,group_chat,2026-03-31 14:03:20+00:00
Hiroshi Matsuda,jokonkwo,group_chat,2026-03-31 14:04:10+00:00
Hiroshi Matsuda,hmatsuda,group_chat,2026-03-31 14:04:10+00:00
Hiroshi Matsuda,mzhang,group_chat,2026-03-31 14:04:10+00:00
Joy Okonkwo,jokonkwo,group_chat,2026-03-31 14:05:00+00:00
Joy Okonkwo,hmatsuda,group_chat,2026-03-31 14:05:00+00:00
Joy Okonkwo,mzhang,group_chat,2026-03-31 14:05:00+00:00
Mei Zhang,jokonkwo,group_chat,2026-03-31 14:05:15+00:00
Mei Zhang,hmatsuda,group_chat,2026-03-31 14:05:15+00:00
Mei Zhang,mzhang,group_chat,2026-03-31 14:05:15+00:00
Hiroshi Matsuda,jokonkwo,group_chat,2026-03-31 14:06:00+00:00
Hiroshi Matsuda,hmatsuda,group_chat,2026-03-31 14:06:00+00:00
Hiroshi Matsuda,mzhang,group_chat,2026-03-31 14:06:00+00:00
Mei Zhang,jokonkwo,group_chat,2026-03-31 14:06:30+00:00
Mei Zhang,hmatsuda,group_chat,2026-03-31 14:06:30+00:00
Mei Zhang,mzhang,group_chat,2026-03-31 14:06:30+00:00
Joy Okonkwo,jokonkwo,group_chat,2026-03-31 14:06:45+00:00
Joy Okonkwo,hmatsuda,group_chat,2026-03-31 14:06:45+00:00
Joy Okonkwo,mzhang,group_chat,2026-03-31 14:06:45+00:00
Mei Zhang,jokonkwo,group_chat,2026-03-31 14:07:00+00:00
Mei Zhang,hmatsuda,group_chat,2026-03-31 14:07:00+00:00
Mei Zhang,mzhang,group_chat,2026-03-31 14:07:00+00:00
Hiroshi Matsuda,jokonkwo,group_chat,2026-03-31 14:08:15+00:00
Hiroshi Matsuda,hmatsuda,group_chat,2026-03-31 14:08:15+00:00
Hiroshi Matsuda,mzhang,group_chat,2026-03-31 14:08:15+00:00
Joy Okonkwo,jokonkwo,group_chat,2026-03-31 14:08:30+00:00
Joy Okonkwo,hmatsuda,group_chat,2026-03-31 14:08:30+00:00
Joy Okonkwo,mzhang,group_chat,2026-03-31 14:08:30+00:00
Mei Zhang,jokonkwo,group_chat,2026-03-31 14:09:00+00:00
Mei Zhang,hmatsuda,group_chat,2026-03-31 14:09:00+00:00
Mei Zhang,mzhang,group_chat,2026-03-31 14:09:00+00:00
Hiroshi Matsuda,jokonkwo,group_chat,2026-03-31 14:09:15+00:00
Hiroshi Matsuda,hmatsuda,group_chat,2026-03-31 14:09:15+00:00
Hiroshi Matsuda,mzhang,group_chat,2026-03-31 14:09:15+00:00
Aisha Kabir,akabir,group_chat,2026-03-31 14:05:00+00:00
Aisha Kabir,smensah,group_chat,2026-03-31 14:05:00+00:00
Aisha Kabir,yabdul,group_chat,2026-03-31 14:05:00+00:00
Samuel Mensah,akabir,group_chat,2026-03-31 14:06:12+00:00
Samuel Mensah,smensah,group_chat,2026-03-31 14:06:12+00:00
Samuel Mensah,yabdul,group_chat,2026-03-31 14:06:12+00:00
Yasmin Abdul,akabir,group_chat,2026-03-31 14:06:45+00:00
Yasmin Abdul,smensah,group_chat,2026-03-31 14:06:45+00:00
Yasmin Abdul,yabdul,group_chat,2026-03-31 14:06:45+00:00
Samuel Mensah,akabir,group_chat,2026-03-31 14:07:05+00:00
Samuel Mensah,smensah,group_chat,2026-03-31 14:07:05+00:00
Samuel Mensah,yabdul,group_chat,2026-03-31 14:07:05+00:00
Aisha Kabir,akabir,group_chat,2026-03-31 14:08:20+00:00
Aisha Kabir,smensah,group_chat,2026-03-31 14:08:20+00:00
Aisha Kabir,yabdul,group_chat,2026-03-31 14:08:20+00:00
Yasmin Abdul,akabir,group_chat,2026-03-31 14:08:40+00:00
Yasmin Abdul,smensah,group_chat,2026-03-31 14:08:40+00:00
Yasmin Abdul,yabdul,group_chat,2026-03-31 14:08:40+00:00
Samuel Mensah,akabir,group_chat,2026-03-31 14:09:15+00:00
Samuel Mensah,smensah,group_chat,2026-03-31 14:09:15+00:00
Samuel Mensah,yabdul,group_chat,2026-03-31 14:09:15+00:00
Aisha Kabir,akabir,group_chat,2026-03-31 14:09:30+00:00
Aisha Kabir,smensah,group_chat,2026-03-31 14:09:30+00:00
Aisha Kabir,yabdul,group_chat,2026-03-31 14:09:30+00:00
Yasmin Abdul,akabir,group_chat,2026-03-31 14:10:00+00:00
Yasmin Abdul,smensah,group_chat,2026-03-31 14:10:00+00:00
Yasmin Abdul,yabdul,group_chat,2026-03-31 14:10:00+00:00
Aisha Kabir,akabir,group_chat,2026-03-31 14:11:05+00:00
Aisha Kabir,smensah,group_chat,2026-03-31 14:11:05+00:00
Aisha Kabir,yabdul,group_chat,2026-03-31 14:11:05+00:00
Yasmin Abdul,akabir,group_chat,2026-03-31 14:11:25+00:00
Yasmin Abdul,smensah,group_chat,2026-03-31 14:11:25+00:00
Yasmin Abdul,yabdul,group_chat,2026-03-31 14:11:25+00:00
Chi Nguyen,cnguyen,group_chat,2026-03-31 09:03:12+00:00
Chi Nguyen,ktanaka,group_chat,2026-03-31 09:03:12+00:00
Chi Nguyen,ysilva,group_chat,2026-03-31 09:03:12+00:00
Kenji Tanaka,cnguyen,group_chat,2026-03-31 09:03:25+00:00
Kenji Tanaka,ktanaka,group_chat,2026-03-31 09:03:25+00:00
Kenji Tanaka,ysilva,group_chat,2026-03-31 09:03:25+00:00
Yolanda Silva,cnguyen,group_chat,2026-03-31 09:04:02+00:00
Yolanda Silva,ktanaka,group_chat,2026-03-31 09:04:02+00:00
Yolanda Silva,ysilva,group_chat,2026-03-31 09:04:02+00:00
Chi Nguyen,cnguyen,group_chat,2026-03-31 09:04:34+00:00
Chi Nguyen,ktanaka,group_chat,2026-03-31 09:04:34+00:00
Chi Nguyen,ysilva,group_chat,2026-03-31 09:04:34+00:00
Kenji Tanaka,cnguyen,group_chat,2026-03-31 09:05:16+00:00
Kenji Tanaka,ktanaka,group_chat,2026-03-31 09:05:16+00:00
Kenji Tanaka,ysilva,group_chat,2026-03-31 09:05:16+00:00
Chi Nguyen,cnguyen,group_chat,2026-03-31 09:05:49+00:00
Chi Nguyen,ktanaka,group_chat,2026-03-31 09:05:49+00:00
Chi Nguyen,ysilva,group_chat,2026-03-31 09:05:49+00:00
Yolanda Silva,cnguyen,group_chat,2026-03-31 09:06:01+00:00
Yolanda Silva,ktanaka,group_chat,2026-03-31 09:06:01+00:00
Yolanda Silva,ysilva,group_chat,2026-03-31 09:06:01+00:00
Kenji Tanaka,cnguyen,group_chat,2026-03-31 09:06:15+00:00
Kenji Tanaka,ktanaka,group_chat,2026-03-31 09:06:15+00:00
Kenji Tanaka,ysilva,group_chat,2026-03-31 09:06:15+00:00
Chi Nguyen,cnguyen,group_chat,2026-03-31 09:06:30+00:00
Chi Nguyen,ktanaka,group_chat,2026-03-31 09:06:30+00:00
Chi Nguyen,ysilva,group_chat,2026-03-31 09:06:30+00:00
Yolanda Silva,cnguyen,group_chat,2026-03-31 09:07:02+00:00
Yolanda Silva,ktanaka,group_chat,2026-03-31 09:07:02+00:00
Yolanda Silva,ysilva,group_chat,2026-03-31 09:07:02+00:00
Chi Nguyen,cnguyen,group_chat,2026-03-31 09:07:30+00:00
Chi Nguyen,ktanaka,group_chat,2026-03-31 09:07:30+00:00
Chi Nguyen,ysilva,group_chat,2026-03-31 09:07:30+00:00
Kenji Tanaka,cnguyen,group_chat,2026-03-31 09:08:12+00:00
Kenji Tanaka,ktanaka,group_chat,2026-03-31 09:08:12+00:00
Kenji Tanaka,ysilva,group_chat,2026-03-31 09:08:12+00:00
Yolanda Silva,cnguyen,group_chat,2026-03-31 09:08:45+00:00
Yolanda Silva,ktanaka,group_chat,2026-03-31 09:08:45+00:00
Yolanda Silva,ysilva,group_chat,2026-03-31 09:08:45+00:00
Chi Nguyen,cnguyen,group_chat,2026-03-31 09:09:05+00:00
Chi Nguyen,ktanaka,group_chat,2026-03-31 09:09:05+00:00
Chi Nguyen,ysilva,group_chat,2026-03-31 09:09:05+00:00
Kenji Tanaka,cnguyen,group_chat,2026-03-31 09:09:30+00:00
Kenji Tanaka,ktanaka,group_chat,2026-03-31 09:09:30+00:00
Kenji Tanaka,ysilva,group_chat,2026-03-31 09:09:30+00:00
Yolanda Silva,cnguyen,group_chat,2026-03-31 09:09:40+00:00
Yolanda Silva,ktanaka,group_chat,2026-03-31 09:09:40+00:00
Yolanda Silva,ysilva,group_chat,2026-03-31 09:09:40+00:00
Francois_Dubois,fdubois,group_chat,2026-04-01 09:10:00+00:00
Francois_Dubois,jokonkwo_4,group_chat,2026-04-01 09:10:00+00:00
Francois_Dubois,akabir,group_chat,2026-04-01 09:10:00+00:00
Aisha_Kabir,fdubois,group_chat,2026-04-01 09:11:15+00:00
Aisha_Kabir,jokonkwo_4,group_chat,2026-04-01 09:11:15+00:00
Aisha_Kabir,akabir,group_chat,2026-04-01 09:11:15+00:00
Joseph_Okonkwo,fdubois,group_chat,2026-04-01 09:12:30+00:00
Joseph_Okonkwo,jokonkwo_4,group_chat,2026-04-01 09:12:30+00:00
Joseph_Okonkwo,akabir,group_chat,2026-04-01 09:12:30+00:00
Francois_Dubois,fdubois,group_chat,2026-04-01 09:13:45+00:00
Francois_Dubois,jokonkwo_4,group_chat,2026-04-01 09:13:45+00:00
Francois_Dubois,akabir,group_chat,2026-04-01 09:13:45+00:00
Aisha_Kabir,fdubois,group_chat,2026-04-01 09:14:22+00:00
Aisha_Kabir,jokonkwo_4,group_chat,2026-04-01 09:14:22+00:00
Aisha_Kabir,akabir,group_chat,2026-04-01 09:14:22+00:00
Joseph_Okonkwo,fdubois,group_chat,2026-04-01 09:15:10+00:00
Joseph_Okonkwo,jokonkwo_4,group_chat,2026-04-01 09:15:10+00:00
Joseph_Okonkwo,akabir,group_chat,2026-04-01 09:15:10+00:00
Francois_Dubois,fdubois,group_chat,2026-04-01 09:15:45+00:00
Francois_Dubois,jokonkwo_4,group_chat,2026-04-01 09:15:45+00:00
Francois_Dubois,akabir,group_chat,2026-04-01 09:15:45+00:00
Joseph_Okonkwo,fdubois,group_chat,2026-04-01 09:23:00+00:00
Joseph_Okonkwo,jokonkwo_4,group_chat,2026-04-01 09:23:00+00:00
Joseph_Okonkwo,akabir,group_chat,2026-04-01 09:23:00+00:00
Aisha_Kabir,fdubois,group_chat,2026-04-01 09:23:45+00:00
Aisha_Kabir,jokonkwo_4,group_chat,2026-04-01 09:23:45+00:00
Aisha_Kabir,akabir,group_chat,2026-04-01 09:23:45+00:00
Francois_Dubois,fdubois,group_chat,2026-04-01 09:30:00+00:00
Francois_Dubois,jokonkwo_4,group_chat,2026-04-01 09:30:00+00:00
Francois_Dubois,akabir,group_chat,2026-04-01 09:30:00+00:00
Aisha_Kabir,fdubois,group_chat,2026-04-01 09:32:10+00:00
Aisha_Kabir,jokonkwo_4,group_chat,2026-04-01 09:32:10+00:00
Aisha_Kabir,akabir,group_chat,2026-04-01 09:32:10+00:00
Joseph_Okonkwo,fdubois,group_chat,2026-04-01 09:33:45+00:00
Joseph_Okonkwo,jokonkwo_4,group_chat,2026-04-01 09:33:45+00:00
Joseph_Okonkwo,akabir,group_chat,2026-04-01 09:33:45+00:00
Francois_Dubois,fdubois,group_chat,2026-04-01 09:34:30+00:00
Francois_Dubois,jokonkwo_4,group_chat,2026-04-01 09:34:30+00:00
Francois_Dubois,akabir,group_chat,2026-04-01 09:34:30+00:00
Aisha_Kabir,fdubois,group_chat,2026-04-01 09:35:10+00:00
Aisha_Kabir,jokonkwo_4,group_chat,2026-04-01 09:35:10+00:00
Aisha_Kabir,akabir,group_chat,2026-04-01 09:35:10+00:00
Joseph_Okonkwo,fdubois,group_chat,2026-04-01 09:36:00+00:00
Joseph_Okonkwo,jokonkwo_4,group_chat,2026-04-01 09:36:00+00:00
Joseph_Okonkwo,akabir,group_chat,2026-04-01 09:36:00+00:00
Francois_Dubois,fdubois,group_chat,2026-04-01 10:10:00+00:00
Francois_Dubois,jokonkwo_4,group_chat,2026-04-01 10:10:00+00:00
Francois_Dubois,akabir,group_chat,2026-04-01 10:10:00+00:00
Aisha_Kabir,fdubois,group_chat,2026-04-01 10:11:30+00:00
Aisha_Kabir,jokonkwo_4,group_chat,2026-04-01 10:11:30+00:00
Aisha_Kabir,akabir,group_chat,2026-04-01 10:11:30+00:00
Joseph_Okonkwo,fdubois,group_chat,2026-04-01 10:12:15+00:00
Joseph_Okonkwo,jokonkwo_4,group_chat,2026-04-01 10:12:15+00:00
Joseph_Okonkwo,akabir,group_chat,2026-04-01 10:12:15+00:00
Francois_Dubois,fdubois,group_chat,2026-04-01 10:13:00+00:00
Francois_Dubois,jokonkwo_4,group_chat,2026-04-01 10:13:00+00:00
Francois_Dubois,akabir,group_chat,2026-04-01 10:13:00+00:00
Aisha_Kabir,fdubois,group_chat,2026-04-01 10:13:30+00:00
Aisha_Kabir,jokonkwo_4,group_chat,2026-04-01 10:13:30+00:00
Aisha_Kabir,akabir,group_chat,2026-04-01 10:13:30+00:00
kenji_tanaka,ktanaka,group_chat,2026-04-01 10:13:45+00:00
kenji_tanaka,smensah,group_chat,2026-04-01 10:13:45+00:00
kenji_tanaka,yabdul,group_chat,2026-04-01 10:13:45+00:00
yasmin_abdul,ktanaka,group_chat,2026-04-01 10:14:12+00:00
yasmin_abdul,smensah,group_chat,2026-04-01 10:14:12+00:00
yasmin_abdul,yabdul,group_chat,2026-04-01 10:14:12+00:00
kenji_tanaka,ktanaka,group_chat,2026-04-01 10:14:47+00:00
kenji_tanaka,smensah,group_chat,2026-04-01 10:14:47+00:00
kenji_tanaka,yabdul,group_chat,2026-04-01 10:14:47+00:00
samuel_mensah,ktanaka,group_chat,2026-04-01 10:15:08+00:00
samuel_mensah,smensah,group_chat,2026-04-01 10:15:08+00:00
samuel_mensah,yabdul,group_chat,2026-04-01 10:15:08+00:00
kenji_tanaka,ktanaka,group_chat,2026-04-01 10:15:35+00:00
kenji_tanaka,smensah,group_chat,2026-04-01 10:15:35+00:00
kenji_tanaka,yabdul,group_chat,2026-04-01 10:15:35+00:00
yasmin_abdul,ktanaka,group_chat,2026-04-01 10:15:51+00:00
yasmin_abdul,smensah,group_chat,2026-04-01 10:15:51+00:00
yasmin_abdul,yabdul,group_chat,2026-04-01 10:15:51+00:00
samuel_mensah,ktanaka,group_chat,2026-04-01 10:16:09+00:00
samuel_mensah,smensah,group_chat,2026-04-01 10:16:09+00:00
samuel_mensah,yabdul,group_chat,2026-04-01 10:16:09+00:00
kenji_tanaka,ktanaka,group_chat,2026-04-01 10:16:22+00:00
kenji_tanaka,smensah,group_chat,2026-04-01 10:16:22+00:00
kenji_tanaka,yabdul,group_chat,2026-04-01 10:16:22+00:00
yasmin_abdul,ktanaka,group_chat,2026-04-01 10:17:10+00:00
yasmin_abdul,smensah,group_chat,2026-04-01 10:17:10+00:00
yasmin_abdul,yabdul,group_chat,2026-04-01 10:17:10+00:00
samuel_mensah,ktanaka,group_chat,2026-04-01 10:17:30+00:00
samuel_mensah,smensah,group_chat,2026-04-01 10:17:30+00:00
samuel_mensah,yabdul,group_chat,2026-04-01 10:17:30+00:00
yasmin_abdul,ktanaka,group_chat,2026-04-01 10:18:02+00:00
yasmin_abdul,smensah,group_chat,2026-04-01 10:18:02+00:00
yasmin_abdul,yabdul,group_chat,2026-04-01 10:18:02+00:00
kenji_tanaka,ktanaka,group_chat,2026-04-01 10:18:15+00:00
kenji_tanaka,smensah,group_chat,2026-04-01 10:18:15+00:00
kenji_tanaka,yabdul,group_chat,2026-04-01 10:18:15+00:00
yasmin_abdul,ktanaka,group_chat,2026-04-01 10:18:38+00:00
yasmin_abdul,smensah,group_chat,2026-04-01 10:18:38+00:00
yasmin_abdul,yabdul,group_chat,2026-04-01 10:18:38+00:00
samuel_mensah,ktanaka,group_chat,2026-04-01 10:18:50+00:00
samuel_mensah,smensah,group_chat,2026-04-01 10:18:50+00:00
samuel_mensah,yabdul,group_chat,2026-04-01 10:18:50+00:00
yasmin_abdul,ktanaka,group_chat,2026-04-01 10:19:20+00:00
yasmin_abdul,smensah,group_chat,2026-04-01 10:19:20+00:00
yasmin_abdul,yabdul,group_chat,2026-04-01 10:19:20+00:00
kenji_tanaka,ktanaka,group_chat,2026-04-01 10:19:42+00:00
kenji_tanaka,smensah,group_chat,2026-04-01 10:19:42+00:00
kenji_tanaka,yabdul,group_chat,2026-04-01 10:19:42+00:00
yasmin_abdul,ktanaka,group_chat,2026-04-01 10:20:01+00:00
yasmin_abdul,smensah,group_chat,2026-04-01 10:20:01+00:00
yasmin_abdul,yabdul,group_chat,2026-04-01 10:20:01+00:00
samuel_mensah,ktanaka,group_chat,2026-04-01 10:20:25+00:00
samuel_mensah,smensah,group_chat,2026-04-01 10:20:25+00:00
samuel_mensah,yabdul,group_chat,2026-04-01 10:20:25+00:00
kenji_tanaka,ktanaka,group_chat,2026-04-01 10:20:41+00:00
kenji_tanaka,smensah,group_chat,2026-04-01 10:20:41+00:00
kenji_tanaka,yabdul,group_chat,2026-04-01 10:20:41+00:00
yasmin_abdul,ktanaka,group_chat,2026-04-01 10:50:12+00:00
yasmin_abdul,smensah,group_chat,2026-04-01 10:50:12+00:00
yasmin_abdul,yabdul,group_chat,2026-04-01 10:50:12+00:00
samuel_mensah,ktanaka,group_chat,2026-04-01 10:51:30+00:00
samuel_mensah,smensah,group_chat,2026-04-01 10:51:30+00:00
samuel_mensah,yabdul,group_chat,2026-04-01 10:51:30+00:00
kenji_tanaka,ktanaka,group_chat,2026-04-01 10:52:45+00:00
kenji_tanaka,smensah,group_chat,2026-04-01 10:52:45+00:00
kenji_tanaka,yabdul,group_chat,2026-04-01 10:52:45+00:00
yasmin_abdul,ktanaka,group_chat,2026-04-01 10:53:01+00:00
yasmin_abdul,smensah,group_chat,2026-04-01 10:53:01+00:00
yasmin_abdul,yabdul,group_chat,2026-04-01 10:53:01+00:00
samuel_mensah,ktanaka,group_chat,2026-04-01 10:53:20+00:00
samuel_mensah,smensah,group_chat,2026-04-01 10:53:20+00:00
samuel_mensah,yabdul,group_chat,2026-04-01 10:53:20+00:00
kenji_tanaka,ktanaka,group_chat,2026-04-01 14:00:15+00:00
kenji_tanaka,cnguyen,group_chat,2026-04-01 14:00:15+00:00
kenji_tanaka,ksingh,group_chat,2026-04-01 14:00:15+00:00
chi_nguyen,ktanaka,group_chat,2026-04-01 14:00:20+00:00
chi_nguyen,cnguyen,group_chat,2026-04-01 14:00:20+00:00
chi_nguyen,ksingh,group_chat,2026-04-01 14:00:20+00:00
karan_singh,ktanaka,group_chat,2026-04-01 14:00:22+00:00
karan_singh,cnguyen,group_chat,2026-04-01 14:00:22+00:00
karan_singh,ksingh,group_chat,2026-04-01 14:00:22+00:00
kenji_tanaka,ktanaka,group_chat,2026-04-01 14:00:30+00:00
kenji_tanaka,cnguyen,group_chat,2026-04-01 14:00:30+00:00
kenji_tanaka,ksingh,group_chat,2026-04-01 14:00:30+00:00
chi_nguyen,ktanaka,group_chat,2026-04-01 14:01:05+00:00
chi_nguyen,cnguyen,group_chat,2026-04-01 14:01:05+00:00
chi_nguyen,ksingh,group_chat,2026-04-01 14:01:05+00:00
karan_singh,ktanaka,group_chat,2026-04-01 14:01:18+00:00
karan_singh,cnguyen,group_chat,2026-04-01 14:01:18+00:00
karan_singh,ksingh,group_chat,2026-04-01 14:01:18+00:00
kenji_tanaka,ktanaka,group_chat,2026-04-01 14:01:45+00:00
kenji_tanaka,cnguyen,group_chat,2026-04-01 14:01:45+00:00
kenji_tanaka,ksingh,group_chat,2026-04-01 14:01:45+00:00
chi_nguyen,ktanaka,group_chat,2026-04-01 14:01:55+00:00
chi_nguyen,cnguyen,group_chat,2026-04-01 14:01:55+00:00
chi_nguyen,ksingh,group_chat,2026-04-01 14:01:55+00:00
kenji_tanaka,ktanaka,group_chat,2026-04-01 14:02:05+00:00
kenji_tanaka,cnguyen,group_chat,2026-04-01 14:02:05+00:00
kenji_tanaka,ksingh,group_chat,2026-04-01 14:02:05+00:00
karan_singh,ktanaka,group_chat,2026-04-01 14:02:30+00:00
karan_singh,cnguyen,group_chat,2026-04-01 14:02:30+00:00
karan_singh,ksingh,group_chat,2026-04-01 14:02:30+00:00
chi_nguyen,ktanaka,group_chat,2026-04-01 14:02:45+00:00
chi_nguyen,cnguyen,group_chat,2026-04-01 14:02:45+00:00
chi_nguyen,ksingh,group_chat,2026-04-01 14:02:45+00:00
kenji_tanaka,ktanaka,group_chat,2026-04-01 14:02:55+00:00
kenji_tanaka,cnguyen,group_chat,2026-04-01 14:02:55+00:00
kenji_tanaka,ksingh,group_chat,2026-04-01 14:02:55+00:00
karan_singh,ktanaka,group_chat,2026-04-01 14:03:10+00:00
karan_singh,cnguyen,group_chat,2026-04-01 14:03:10+00:00
karan_singh,ksingh,group_chat,2026-04-01 14:03:10+00:00
chi_nguyen,ktanaka,group_chat,2026-04-01 14:03:25+00:00
chi_nguyen,cnguyen,group_chat,2026-04-01 14:03:25+00:00
chi_nguyen,ksingh,group_chat,2026-04-01 14:03:25+00:00
kenji_tanaka,ktanaka,group_chat,2026-04-01 14:03:40+00:00
kenji_tanaka,cnguyen,group_chat,2026-04-01 14:03:40+00:00
kenji_tanaka,ksingh,group_chat,2026-04-01 14:03:40+00:00
karan_singh,ktanaka,group_chat,2026-04-01 14:03:55+00:00
karan_singh,cnguyen,group_chat,2026-04-01 14:03:55+00:00
karan_singh,ksingh,group_chat,2026-04-01 14:03:55+00:00
kenji_tanaka,ktanaka,group_chat,2026-04-01 14:04:10+00:00
kenji_tanaka,cnguyen,group_chat,2026-04-01 14:04:10+00:00
kenji_tanaka,ksingh,group_chat,2026-04-01 14:04:10+00:00
chi_nguyen,ktanaka,group_chat,2026-04-01 14:04:20+00:00
chi_nguyen,cnguyen,group_chat,2026-04-01 14:04:20+00:00
chi_nguyen,ksingh,group_chat,2026-04-01 14:04:20+00:00
karan_singh,ktanaka,group_chat,2026-04-01 14:04:35+00:00
karan_singh,cnguyen,group_chat,2026-04-01 14:04:35+00:00
karan_singh,ksingh,group_chat,2026-04-01 14:04:35+00:00
chi_nguyen,ktanaka,group_chat,2026-04-01 14:04:50+00:00
chi_nguyen,cnguyen,group_chat,2026-04-01 14:04:50+00:00
chi_nguyen,ksingh,group_chat,2026-04-01 14:04:50+00:00
Joy Okonkwo,jokonkwo,group_chat,2026-04-01 10:02:15+00:00
Joy Okonkwo,fdubois,group_chat,2026-04-01 10:02:15+00:00
Joy Okonkwo,akabir,group_chat,2026-04-01 10:02:15+00:00
Aisha Kabir,jokonkwo,group_chat,2026-04-01 10:02:19+00:00
Aisha Kabir,fdubois,group_chat,2026-04-01 10:02:19+00:00
Aisha Kabir,akabir,group_chat,2026-04-01 10:02:19+00:00
François Dubois,jokonkwo,group_chat,2026-04-01 10:02:23+00:00
François Dubois,fdubois,group_chat,2026-04-01 10:02:23+00:00
François Dubois,akabir,group_chat,2026-04-01 10:02:23+00:00
Joy Okonkwo,jokonkwo,group_chat,2026-04-01 10:02:30+00:00
Joy Okonkwo,fdubois,group_chat,2026-04-01 10:02:30+00:00
Joy Okonkwo,akabir,group_chat,2026-04-01 10:02:30+00:00
Aisha Kabir,jokonkwo,group_chat,2026-04-01 10:03:10+00:00
Aisha Kabir,fdubois,group_chat,2026-04-01 10:03:10+00:00
Aisha Kabir,akabir,group_chat,2026-04-01 10:03:10+00:00
François Dubois,jokonkwo,group_chat,2026-04-01 10:03:21+00:00
François Dubois,fdubois,group_chat,2026-04-01 10:03:21+00:00
François Dubois,akabir,group_chat,2026-04-01 10:03:21+00:00
Aisha Kabir,jokonkwo,group_chat,2026-04-01 10:03:26+00:00
Aisha Kabir,fdubois,group_chat,2026-04-01 10:03:26+00:00
Aisha Kabir,akabir,group_chat,2026-04-01 10:03:26+00:00
François Dubois,jokonkwo,group_chat,2026-04-01 10:03:29+00:00
François Dubois,fdubois,group_chat,2026-04-01 10:03:29+00:00
François Dubois,akabir,group_chat,2026-04-01 10:03:29+00:00
Joy Okonkwo,jokonkwo,group_chat,2026-04-01 10:03:45+00:00
Joy Okonkwo,fdubois,group_chat,2026-04-01 10:03:45+00:00
Joy Okonkwo,akabir,group_chat,2026-04-01 10:03:45+00:00
Aisha Kabir,jokonkwo,group_chat,2026-04-01 10:03:55+00:00
Aisha Kabir,fdubois,group_chat,2026-04-01 10:03:55+00:00
Aisha Kabir,akabir,group_chat,2026-04-01 10:03:55+00:00
François Dubois,jokonkwo,group_chat,2026-04-01 10:04:12+00:00
François Dubois,fdubois,group_chat,2026-04-01 10:04:12+00:00
François Dubois,akabir,group_chat,2026-04-01 10:04:12+00:00
Aisha Kabir,jokonkwo,group_chat,2026-04-01 10:04:45+00:00
Aisha Kabir,fdubois,group_chat,2026-04-01 10:04:45+00:00
Aisha Kabir,akabir,group_chat,2026-04-01 10:04:45+00:00
Joy Okonkwo,jokonkwo,group_chat,2026-04-01 10:04:50+00:00
Joy Okonkwo,fdubois,group_chat,2026-04-01 10:04:50+00:00
Joy Okonkwo,akabir,group_chat,2026-04-01 10:04:50+00:00
François Dubois,jokonkwo,group_chat,2026-04-01 10:05:01+00:00
François Dubois,fdubois,group_chat,2026-04-01 10:05:01+00:00
François Dubois,akabir,group_chat,2026-04-01 10:05:01+00:00
Aisha Kabir,jokonkwo,group_chat,2026-04-01 10:05:25+00:00
Aisha Kabir,fdubois,group_chat,2026-04-01 10:05:25+00:00
Aisha Kabir,akabir,group_chat,2026-04-01 10:05:25+00:00
Joy Okonkwo,jokonkwo,group_chat,2026-04-01 10:05:40+00:00
Joy Okonkwo,fdubois,group_chat,2026-04-01 10:05:40+00:00
Joy Okonkwo,akabir,group_chat,2026-04-01 10:05:40+00:00
François Dubois,jokonkwo,group_chat,2026-04-01 10:06:05+00:00
François Dubois,fdubois,group_chat,2026-04-01 10:06:05+00:00
François Dubois,akabir,group_chat,2026-04-01 10:06:05+00:00
François Dubois,jokonkwo,group_chat,2026-04-01 10:06:08+00:00
François Dubois,fdubois,group_chat,2026-04-01 10:06:08+00:00
François Dubois,akabir,group_chat,2026-04-01 10:06:08+00:00
Joy Okonkwo,jokonkwo,group_chat,2026-04-01 10:06:15+00:00
Joy Okonkwo,fdubois,group_chat,2026-04-01 10:06:15+00:00
Joy Okonkwo,akabir,group_chat,2026-04-01 10:06:15+00:00
Mei Zhang,mzhang,group_chat,2026-04-01 10:02:15+00:00
Mei Zhang,jokafor,group_chat,2026-04-01 10:02:15+00:00
Mei Zhang,fdubois,group_chat,2026-04-01 10:02:15+00:00
Joy Okafor,mzhang,group_chat,2026-04-01 10:02:32+00:00
Joy Okafor,jokafor,group_chat,2026-04-01 10:02:32+00:00
Joy Okafor,fdubois,group_chat,2026-04-01 10:02:32+00:00
François Dubois,mzhang,group_chat,2026-04-01 10:03:05+00:00
François Dubois,jokafor,group_chat,2026-04-01 10:03:05+00:00
François Dubois,fdubois,group_chat,2026-04-01 10:03:05+00:00
Mei Zhang,mzhang,group_chat,2026-04-01 10:03:25+00:00
Mei Zhang,jokafor,group_chat,2026-04-01 10:03:25+00:00
Mei Zhang,fdubois,group_chat,2026-04-01 10:03:25+00:00
Joy Okafor,mzhang,group_chat,2026-04-01 10:04:10+00:00
Joy Okafor,jokafor,group_chat,2026-04-01 10:04:10+00:00
Joy Okafor,fdubois,group_chat,2026-04-01 10:04:10+00:00
François Dubois,mzhang,group_chat,2026-04-01 10:04:50+00:00
François Dubois,jokafor,group_chat,2026-04-01 10:04:50+00:00
François Dubois,fdubois,group_chat,2026-04-01 10:04:50+00:00
Mei Zhang,mzhang,group_chat,2026-04-01 10:05:18+00:00
Mei Zhang,jokafor,group_chat,2026-04-01 10:05:18+00:00
Mei Zhang,fdubois,group_chat,2026-04-01 10:05:18+00:00
Joy Okafor,mzhang,group_chat,2026-04-01 10:06:02+00:00
Joy Okafor,jokafor,group_chat,2026-04-01 10:06:02+00:00
Joy Okafor,fdubois,group_chat,2026-04-01 10:06:02+00:00
François Dubois,mzhang,group_chat,2026-04-01 10:06:48+00:00
François Dubois,jokafor,group_chat,2026-04-01 10:06:48+00:00
François Dubois,fdubois,group_chat,2026-04-01 10:06:48+00:00
Mei Zhang,mzhang,group_chat,2026-04-01 10:07:12+00:00
Mei Zhang,jokafor,group_chat,2026-04-01 10:07:12+00:00
Mei Zhang,fdubois,group_chat,2026-04-01 10:07:12+00:00
Joy Okafor,mzhang,group_chat,2026-04-01 10:07:50+00:00
Joy Okafor,jokafor,group_chat,2026-04-01 10:07:50+00:00
Joy Okafor,fdubois,group_chat,2026-04-01 10:07:50+00:00
François Dubois,mzhang,group_chat,2026-04-01 10:08:15+00:00
François Dubois,jokafor,group_chat,2026-04-01 10:08:15+00:00
François Dubois,fdubois,group_chat,2026-04-01 10:08:15+00:00
Mei Zhang,mzhang,group_chat,2026-04-01 10:08:30+00:00
Mei Zhang,jokafor,group_chat,2026-04-01 10:08:30+00:00
Mei Zhang,fdubois,group_chat,2026-04-01 10:08:30+00:00
Hiroshi Matsuda,hmatsuda,group_chat,2026-04-01 09:02:15+00:00
Hiroshi Matsuda,ktanaka,group_chat,2026-04-01 09:02:15+00:00
Hiroshi Matsuda,ksingh,group_chat,2026-04-01 09:02:15+00:00
Kenji Tanaka,hmatsuda,group_chat,2026-04-01 09:02:45+00:00
Kenji Tanaka,ktanaka,group_chat,2026-04-01 09:02:45+00:00
Kenji Tanaka,ksingh,group_chat,2026-04-01 09:02:45+00:00
Karan Singh,hmatsuda,group_chat,2026-04-01 09:03:12+00:00
Karan Singh,ktanaka,group_chat,2026-04-01 09:03:12+00:00
Karan Singh,ksingh,group_chat,2026-04-01 09:03:12+00:00
Kenji Tanaka,hmatsuda,group_chat,2026-04-01 09:04:30+00:00
Kenji Tanaka,ktanaka,group_chat,2026-04-01 09:04:30+00:00
Kenji Tanaka,ksingh,group_chat,2026-04-01 09:04:30+00:00
Hiroshi Matsuda,hmatsuda,group_chat,2026-04-01 09:05:02+00:00
Hiroshi Matsuda,ktanaka,group_chat,2026-04-01 09:05:02+00:00
Hiroshi Matsuda,ksingh,group_chat,2026-04-01 09:05:02+00:00
Karan Singh,hmatsuda,group_chat,2026-04-01 09:05:20+00:00
Karan Singh,ktanaka,group_chat,2026-04-01 09:05:20+00:00
Karan Singh,ksingh,group_chat,2026-04-01 09:05:20+00:00
Kenji Tanaka,hmatsuda,group_chat,2026-04-01 09:06:10+00:00
Kenji Tanaka,ktanaka,group_chat,2026-04-01 09:06:10+00:00
Kenji Tanaka,ksingh,group_chat,2026-04-01 09:06:10+00:00
Hiroshi Matsuda,hmatsuda,group_chat,2026-04-01 09:06:45+00:00
Hiroshi Matsuda,ktanaka,group_chat,2026-04-01 09:06:45+00:00
Hiroshi Matsuda,ksingh,group_chat,2026-04-01 09:06:45+00:00
Karan Singh,hmatsuda,group_chat,2026-04-01 09:08:00+00:00
Karan Singh,ktanaka,group_chat,2026-04-01 09:08:00+00:00
Karan Singh,ksingh,group_chat,2026-04-01 09:08:00+00:00
Kenji Tanaka,hmatsuda,group_chat,2026-04-01 09:08:20+00:00
Kenji Tanaka,ktanaka,group_chat,2026-04-01 09:08:20+00:00
Kenji Tanaka,ksingh,group_chat,2026-04-01 09:08:20+00:00
Karan Singh,hmatsuda,group_chat,2026-04-01 09:09:05+00:00
Karan Singh,ktanaka,group_chat,2026-04-01 09:09:05+00:00
Karan Singh,ksingh,group_chat,2026-04-01 09:09:05+00:00
Hiroshi Matsuda,hmatsuda,group_chat,2026-04-01 09:09:38+00:00
Hiroshi Matsuda,ktanaka,group_chat,2026-04-01 09:09:38+00:00
Hiroshi Matsuda,ksingh,group_chat,2026-04-01 09:09:38+00:00
Kenji Tanaka,hmatsuda,group_chat,2026-04-01 09:10:15+00:00
Kenji Tanaka,ktanaka,group_chat,2026-04-01 09:10:15+00:00
Kenji Tanaka,ksingh,group_chat,2026-04-01 09:10:15+00:00
Hiroshi Matsuda,hmatsuda,group_chat,2026-04-01 09:10:45+00:00
Hiroshi Matsuda,ktanaka,group_chat,2026-04-01 09:10:45+00:00
Hiroshi Matsuda,ksingh,group_chat,2026-04-01 09:10:45+00:00
Kenji Tanaka,hmatsuda,group_chat,2026-04-01 09:11:05+00:00
Kenji Tanaka,ktanaka,group_chat,2026-04-01 09:11:05+00:00
Kenji Tanaka,ksingh,group_chat,2026-04-01 09:11:05+00:00
Karan Singh,hmatsuda,group_chat,2026-04-01 09:11:30+00:00
Karan Singh,ktanaka,group_chat,2026-04-01 09:11:30+00:00
Karan Singh,ksingh,group_chat,2026-04-01 09:11:30+00:00
Hiroshi Matsuda,hmatsuda,group_chat,2026-04-01 09:12:00+00:00
Hiroshi Matsuda,ktanaka,group_chat,2026-04-01 09:12:00+00:00
Hiroshi Matsuda,ksingh,group_chat,2026-04-01 09:12:00+00:00
Daniela Rossi,drossi,group_chat,2026-04-01 14:02:15+00:00
Daniela Rossi,cnguyen,group_chat,2026-04-01 14:02:15+00:00
Daniela Rossi,ysilva,group_chat,2026-04-01 14:02:15+00:00
Daniela Rossi,yabdul,group_chat,2026-04-01 14:02:15+00:00
Chi Nguyen,drossi,group_chat,2026-04-01 14:02:25+00:00
Chi Nguyen,cnguyen,group_chat,2026-04-01 14:02:25+00:00
Chi Nguyen,ysilva,group_chat,2026-04-01 14:02:25+00:00
Chi Nguyen,yabdul,group_chat,2026-04-01 14:02:25+00:00
Yolanda Silva,drossi,group_chat,2026-04-01 14:03:10+00:00
Yolanda Silva,cnguyen,group_chat,2026-04-01 14:03:10+00:00
Yolanda Silva,ysilva,group_chat,2026-04-01 14:03:10+00:00
Yolanda Silva,yabdul,group_chat,2026-04-01 14:03:10+00:00
Daniela Rossi,drossi,group_chat,2026-04-01 14:03:20+00:00
Daniela Rossi,cnguyen,group_chat,2026-04-01 14:03:20+00:00
Daniela Rossi,ysilva,group_chat,2026-04-01 14:03:20+00:00
Daniela Rossi,yabdul,group_chat,2026-04-01 14:03:20+00:00
Yasmin Abdul,drossi,group_chat,2026-04-01 14:04:05+00:00
Yasmin Abdul,cnguyen,group_chat,2026-04-01 14:04:05+00:00
Yasmin Abdul,ysilva,group_chat,2026-04-01 14:04:05+00:00
Yasmin Abdul,yabdul,group_chat,2026-04-01 14:04:05+00:00
Chi Nguyen,drossi,group_chat,2026-04-01 14:04:30+00:00
Chi Nguyen,cnguyen,group_chat,2026-04-01 14:04:30+00:00
Chi Nguyen,ysilva,group_chat,2026-04-01 14:04:30+00:00
Chi Nguyen,yabdul,group_chat,2026-04-01 14:04:30+00:00
Yolanda Silva,drossi,group_chat,2026-04-01 14:05:00+00:00
Yolanda Silva,cnguyen,group_chat,2026-04-01 14:05:00+00:00
Yolanda Silva,ysilva,group_chat,2026-04-01 14:05:00+00:00
Yolanda Silva,yabdul,group_chat,2026-04-01 14:05:00+00:00
Daniela Rossi,drossi,group_chat,2026-04-01 14:05:20+00:00
Daniela Rossi,cnguyen,group_chat,2026-04-01 14:05:20+00:00
Daniela Rossi,ysilva,group_chat,2026-04-01 14:05:20+00:00
Daniela Rossi,yabdul,group_chat,2026-04-01 14:05:20+00:00
Yolanda Silva,drossi,group_chat,2026-04-01 14:05:35+00:00
Yolanda Silva,cnguyen,group_chat,2026-04-01 14:05:35+00:00
Yolanda Silva,ysilva,group_chat,2026-04-01 14:05:35+00:00
Yolanda Silva,yabdul,group_chat,2026-04-01 14:05:35+00:00
Yasmin Abdul,drossi,group_chat,2026-04-01 14:06:10+00:00
Yasmin Abdul,cnguyen,group_chat,2026-04-01 14:06:10+00:00
Yasmin Abdul,ysilva,group_chat,2026-04-01 14:06:10+00:00
Yasmin Abdul,yabdul,group_chat,2026-04-01 14:06:10+00:00
Daniela Rossi,drossi,group_chat,2026-04-01 14:06:20+00:00
Daniela Rossi,cnguyen,group_chat,2026-04-01 14:06:20+00:00
Daniela Rossi,ysilva,group_chat,2026-04-01 14:06:20+00:00
Daniela Rossi,yabdul,group_chat,2026-04-01 14:06:20+00:00
Yolanda Silva,drossi,group_chat,2026-04-01 14:06:25+00:00
Yolanda Silva,cnguyen,group_chat,2026-04-01 14:06:25+00:00
Yolanda Silva,ysilva,group_chat,2026-04-01 14:06:25+00:00
Yolanda Silva,yabdul,group_chat,2026-04-01 14:06:25+00:00
Chi Nguyen,drossi,group_chat,2026-04-01 14:07:00+00:00
Chi Nguyen,cnguyen,group_chat,2026-04-01 14:07:00+00:00
Chi Nguyen,ysilva,group_chat,2026-04-01 14:07:00+00:00
Chi Nguyen,yabdul,group_chat,2026-04-01 14:07:00+00:00
Yasmin Abdul,drossi,group_chat,2026-04-01 14:07:15+00:00
Yasmin Abdul,cnguyen,group_chat,2026-04-01 14:07:15+00:00
Yasmin Abdul,ysilva,group_chat,2026-04-01 14:07:15+00:00
Yasmin Abdul,yabdul,group_chat,2026-04-01 14:07:15+00:00
Yolanda Silva,drossi,group_chat,2026-04-01 14:07:40+00:00
Yolanda Silva,cnguyen,group_chat,2026-04-01 14:07:40+00:00
Yolanda Silva,ysilva,group_chat,2026-04-01 14:07:40+00:00
Yolanda Silva,yabdul,group_chat,2026-04-01 14:07:40+00:00
Daniela Rossi,drossi,group_chat,2026-04-01 14:07:55+00:00
Daniela Rossi,cnguyen,group_chat,2026-04-01 14:07:55+00:00
Daniela Rossi,ysilva,group_chat,2026-04-01 14:07:55+00:00
Daniela Rossi,yabdul,group_chat,2026-04-01 14:07:55+00:00
Chi Nguyen,drossi,group_chat,2026-04-01 14:08:10+00:00
Chi Nguyen,cnguyen,group_chat,2026-04-01 14:08:10+00:00
Chi Nguyen,ysilva,group_chat,2026-04-01 14:08:10+00:00
Chi Nguyen,yabdul,group_chat,2026-04-01 14:08:10+00:00
francois_dubois,fdubois,group_chat,2026-04-02 09:05:00+00:00
francois_dubois,akabir,group_chat,2026-04-02 09:05:00+00:00
francois_dubois,jokonkwo_4,group_chat,2026-04-02 09:05:00+00:00
aisha_kabir,fdubois,group_chat,2026-04-02 09:07:00+00:00
aisha_kabir,akabir,group_chat,2026-04-02 09:07:00+00:00
aisha_kabir,jokonkwo_4,group_chat,2026-04-02 09:07:00+00:00
joseph_okonkwo,fdubois,group_chat,2026-04-02 09:08:30+00:00
joseph_okonkwo,akabir,group_chat,2026-04-02 09:08:30+00:00
joseph_okonkwo,jokonkwo_4,group_chat,2026-04-02 09:08:30+00:00
aisha_kabir,fdubois,group_chat,2026-04-02 09:09:45+00:00
aisha_kabir,akabir,group_chat,2026-04-02 09:09:45+00:00
aisha_kabir,jokonkwo_4,group_chat,2026-04-02 09:09:45+00:00
francois_dubois,fdubois,group_chat,2026-04-02 09:10:30+00:00
francois_dubois,akabir,group_chat,2026-04-02 09:10:30+00:00
francois_dubois,jokonkwo_4,group_chat,2026-04-02 09:10:30+00:00
joseph_okonkwo,fdubois,group_chat,2026-04-02 09:11:15+00:00
joseph_okonkwo,akabir,group_chat,2026-04-02 09:11:15+00:00
joseph_okonkwo,jokonkwo_4,group_chat,2026-04-02 09:11:15+00:00
aisha_kabir,fdubois,group_chat,2026-04-02 09:12:40+00:00
aisha_kabir,akabir,group_chat,2026-04-02 09:12:40+00:00
aisha_kabir,jokonkwo_4,group_chat,2026-04-02 09:12:40+00:00
francois_dubois,fdubois,group_chat,2026-04-02 09:13:25+00:00
francois_dubois,akabir,group_chat,2026-04-02 09:13:25+00:00
francois_dubois,jokonkwo_4,group_chat,2026-04-02 09:13:25+00:00
joseph_okonkwo,fdubois,group_chat,2026-04-02 09:14:50+00:00
joseph_okonkwo,akabir,group_chat,2026-04-02 09:14:50+00:00
joseph_okonkwo,jokonkwo_4,group_chat,2026-04-02 09:14:50+00:00
aisha_kabir,fdubois,group_chat,2026-04-02 09:15:20+00:00
aisha_kabir,akabir,group_chat,2026-04-02 09:15:20+00:00
aisha_kabir,jokonkwo_4,group_chat,2026-04-02 09:15:20+00:00
joseph_okonkwo,fdubois,group_chat,2026-04-02 09:16:05+00:00
joseph_okonkwo,akabir,group_chat,2026-04-02 09:16:05+00:00
joseph_okonkwo,jokonkwo_4,group_chat,2026-04-02 09:16:05+00:00
francois_dubois,fdubois,group_chat,2026-04-02 09:17:00+00:00
francois_dubois,akabir,group_chat,2026-04-02 09:17:00+00:00
francois_dubois,jokonkwo_4,group_chat,2026-04-02 09:17:00+00:00
joseph_okonkwo,fdubois,group_chat,2026-04-02 09:17:30+00:00
joseph_okonkwo,akabir,group_chat,2026-04-02 09:17:30+00:00
joseph_okonkwo,jokonkwo_4,group_chat,2026-04-02 09:17:30+00:00
aisha_kabir,fdubois,group_chat,2026-04-02 09:18:10+00:00
aisha_kabir,akabir,group_chat,2026-04-02 09:18:10+00:00
aisha_kabir,jokonkwo_4,group_chat,2026-04-02 09:18:10+00:00
francois_dubois,fdubois,group_chat,2026-04-02 09:19:00+00:00
francois_dubois,akabir,group_chat,2026-04-02 09:19:00+00:00
francois_dubois,jokonkwo_4,group_chat,2026-04-02 09:19:00+00:00
aisha_kabir,fdubois,group_chat,2026-04-02 09:19:20+00:00
aisha_kabir,akabir,group_chat,2026-04-02 09:19:20+00:00
aisha_kabir,jokonkwo_4,group_chat,2026-04-02 09:19:20+00:00
joseph_okonkwo,fdubois,group_chat,2026-04-02 09:19:45+00:00
joseph_okonkwo,akabir,group_chat,2026-04-02 09:19:45+00:00
joseph_okonkwo,jokonkwo_4,group_chat,2026-04-02 09:19:45+00:00
francois_dubois,fdubois,group_chat,2026-04-02 10:15:00+00:00
francois_dubois,akabir,group_chat,2026-04-02 10:15:00+00:00
francois_dubois,smensah,group_chat,2026-04-02 10:15:00+00:00
francois_dubois,yabdul,group_chat,2026-04-02 10:15:00+00:00
aisha_kabir,fdubois,group_chat,2026-04-02 10:16:25+00:00
aisha_kabir,akabir,group_chat,2026-04-02 10:16:25+00:00
aisha_kabir,smensah,group_chat,2026-04-02 10:16:25+00:00
aisha_kabir,yabdul,group_chat,2026-04-02 10:16:25+00:00
samuel_mensah,fdubois,group_chat,2026-04-02 10:17:10+00:00
samuel_mensah,akabir,group_chat,2026-04-02 10:17:10+00:00
samuel_mensah,smensah,group_chat,2026-04-02 10:17:10+00:00
samuel_mensah,yabdul,group_chat,2026-04-02 10:17:10+00:00
yasmin_abdul,fdubois,group_chat,2026-04-02 10:17:50+00:00
yasmin_abdul,akabir,group_chat,2026-04-02 10:17:50+00:00
yasmin_abdul,smensah,group_chat,2026-04-02 10:17:50+00:00
yasmin_abdul,yabdul,group_chat,2026-04-02 10:17:50+00:00
francois_dubois,fdubois,group_chat,2026-04-02 10:18:15+00:00
francois_dubois,akabir,group_chat,2026-04-02 10:18:15+00:00
francois_dubois,smensah,group_chat,2026-04-02 10:18:15+00:00
francois_dubois,yabdul,group_chat,2026-04-02 10:18:15+00:00
aisha_kabir,fdubois,group_chat,2026-04-02 10:18:45+00:00
aisha_kabir,akabir,group_chat,2026-04-02 10:18:45+00:00
aisha_kabir,smensah,group_chat,2026-04-02 10:18:45+00:00
aisha_kabir,yabdul,group_chat,2026-04-02 10:18:45+00:00
francois_dubois,fdubois,group_chat,2026-04-02 10:19:10+00:00
francois_dubois,akabir,group_chat,2026-04-02 10:19:10+00:00
francois_dubois,smensah,group_chat,2026-04-02 10:19:10+00:00
francois_dubois,yabdul,group_chat,2026-04-02 10:19:10+00:00
samuel_mensah,fdubois,group_chat,2026-04-02 10:20:00+00:00
samuel_mensah,akabir,group_chat,2026-04-02 10:20:00+00:00
samuel_mensah,smensah,group_chat,2026-04-02 10:20:00+00:00
samuel_mensah,yabdul,group_chat,2026-04-02 10:20:00+00:00
yasmin_abdul,fdubois,group_chat,2026-04-02 10:20:25+00:00
yasmin_abdul,akabir,group_chat,2026-04-02 10:20:25+00:00
yasmin_abdul,smensah,group_chat,2026-04-02 10:20:25+00:00
yasmin_abdul,yabdul,group_chat,2026-04-02 10:20:25+00:00
francois_dubois,fdubois,group_chat,2026-04-02 10:21:00+00:00
francois_dubois,akabir,group_chat,2026-04-02 10:21:00+00:00
francois_dubois,smensah,group_chat,2026-04-02 10:21:00+00:00
francois_dubois,yabdul,group_chat,2026-04-02 10:21:00+00:00
samuel_mensah,fdubois,group_chat,2026-04-02 10:21:30+00:00
samuel_mensah,akabir,group_chat,2026-04-02 10:21:30+00:00
samuel_mensah,smensah,group_chat,2026-04-02 10:21:30+00:00
samuel_mensah,yabdul,group_chat,2026-04-02 10:21:30+00:00
francois_dubois,fdubois,group_chat,2026-04-02 10:22:10+00:00
francois_dubois,akabir,group_chat,2026-04-02 10:22:10+00:00
francois_dubois,smensah,group_chat,2026-04-02 10:22:10+00:00
francois_dubois,yabdul,group_chat,2026-04-02 10:22:10+00:00
aisha_kabir,fdubois,group_chat,2026-04-02 10:22:30+00:00
aisha_kabir,akabir,group_chat,2026-04-02 10:22:30+00:00
aisha_kabir,smensah,group_chat,2026-04-02 10:22:30+00:00
aisha_kabir,yabdul,group_chat,2026-04-02 10:22:30+00:00
yasmin_abdul,fdubois,group_chat,2026-04-02 10:23:05+00:00
yasmin_abdul,akabir,group_chat,2026-04-02 10:23:05+00:00
yasmin_abdul,smensah,group_chat,2026-04-02 10:23:05+00:00
yasmin_abdul,yabdul,group_chat,2026-04-02 10:23:05+00:00
francois_dubois,fdubois,group_chat,2026-04-02 10:23:40+00:00
francois_dubois,akabir,group_chat,2026-04-02 10:23:40+00:00
francois_dubois,smensah,group_chat,2026-04-02 10:23:40+00:00
francois_dubois,yabdul,group_chat,2026-04-02 10:23:40+00:00
aisha_kabir,fdubois,group_chat,2026-04-02 10:24:15+00:00
aisha_kabir,akabir,group_chat,2026-04-02 10:24:15+00:00
aisha_kabir,smensah,group_chat,2026-04-02 10:24:15+00:00
aisha_kabir,yabdul,group_chat,2026-04-02 10:24:15+00:00
yasmin_abdul,fdubois,group_chat,2026-04-02 10:24:45+00:00
yasmin_abdul,akabir,group_chat,2026-04-02 10:24:45+00:00
yasmin_abdul,smensah,group_chat,2026-04-02 10:24:45+00:00
yasmin_abdul,yabdul,group_chat,2026-04-02 10:24:45+00:00
samuel_mensah,fdubois,group_chat,2026-04-02 10:25:10+00:00
samuel_mensah,akabir,group_chat,2026-04-02 10:25:10+00:00
samuel_mensah,smensah,group_chat,2026-04-02 10:25:10+00:00
samuel_mensah,yabdul,group_chat,2026-04-02 10:25:10+00:00
yasmin_abdul,fdubois,group_chat,2026-04-02 10:25:40+00:00
yasmin_abdul,akabir,group_chat,2026-04-02 10:25:40+00:00
yasmin_abdul,smensah,group_chat,2026-04-02 10:25:40+00:00
yasmin_abdul,yabdul,group_chat,2026-04-02 10:25:40+00:00
aisha_kabir,fdubois,group_chat,2026-04-02 10:26:15+00:00
aisha_kabir,akabir,group_chat,2026-04-02 10:26:15+00:00
aisha_kabir,smensah,group_chat,2026-04-02 10:26:15+00:00
aisha_kabir,yabdul,group_chat,2026-04-02 10:26:15+00:00
francois_dubois,fdubois,group_chat,2026-04-02 10:26:50+00:00
francois_dubois,akabir,group_chat,2026-04-02 10:26:50+00:00
francois_dubois,smensah,group_chat,2026-04-02 10:26:50+00:00
francois_dubois,yabdul,group_chat,2026-04-02 10:26:50+00:00
yasmin_abdul,fdubois,group_chat,2026-04-02 10:27:30+00:00
yasmin_abdul,akabir,group_chat,2026-04-02 10:27:30+00:00
yasmin_abdul,smensah,group_chat,2026-04-02 10:27:30+00:00
yasmin_abdul,yabdul,group_chat,2026-04-02 10:27:30+00:00
samuel_mensah,fdubois,group_chat,2026-04-02 10:28:00+00:00
samuel_mensah,akabir,group_chat,2026-04-02 10:28:00+00:00
samuel_mensah,smensah,group_chat,2026-04-02 10:28:00+00:00
samuel_mensah,yabdul,group_chat,2026-04-02 10:28:00+00:00
francois_dubois,fdubois,group_chat,2026-04-02 10:28:45+00:00
francois_dubois,akabir,group_chat,2026-04-02 10:28:45+00:00
francois_dubois,smensah,group_chat,2026-04-02 10:28:45+00:00
francois_dubois,yabdul,group_chat,2026-04-02 10:28:45+00:00
aisha_kabir,fdubois,group_chat,2026-04-02 10:29:10+00:00
aisha_kabir,akabir,group_chat,2026-04-02 10:29:10+00:00
aisha_kabir,smensah,group_chat,2026-04-02 10:29:10+00:00
aisha_kabir,yabdul,group_chat,2026-04-02 10:29:10+00:00
yasmin_abdul,fdubois,group_chat,2026-04-02 10:29:35+00:00
yasmin_abdul,akabir,group_chat,2026-04-02 10:29:35+00:00
yasmin_abdul,smensah,group_chat,2026-04-02 10:29:35+00:00
yasmin_abdul,yabdul,group_chat,2026-04-02 10:29:35+00:00
samuel_mensah,fdubois,group_chat,2026-04-02 10:30:00+00:00
samuel_mensah,akabir,group_chat,2026-04-02 10:30:00+00:00
samuel_mensah,smensah,group_chat,2026-04-02 10:30:00+00:00
samuel_mensah,yabdul,group_chat,2026-04-02 10:30:00+00:00
Joseph Okonkwo,jokonkwo_4,group_chat,2026-04-02 09:02:35+00:00
Joseph Okonkwo,akabir,group_chat,2026-04-02 09:02:35+00:00
Aisha Kabir,jokonkwo_4,group_chat,2026-04-02 09:03:12+00:00
Aisha Kabir,akabir,group_chat,2026-04-02 09:03:12+00:00
Joseph Okonkwo,jokonkwo_4,group_chat,2026-04-02 09:05:47+00:00
Joseph Okonkwo,akabir,group_chat,2026-04-02 09:05:47+00:00
Aisha Kabir,jokonkwo_4,group_chat,2026-04-02 09:06:10+00:00
Aisha Kabir,akabir,group_chat,2026-04-02 09:06:10+00:00
Joseph Okonkwo,jokonkwo_4,group_chat,2026-04-02 09:08:03+00:00
Joseph Okonkwo,akabir,group_chat,2026-04-02 09:08:03+00:00
Aisha Kabir,jokonkwo_4,group_chat,2026-04-02 09:09:25+00:00
Aisha Kabir,akabir,group_chat,2026-04-02 09:09:25+00:00
Joseph Okonkwo,jokonkwo_4,group_chat,2026-04-02 09:10:00+00:00
Joseph Okonkwo,akabir,group_chat,2026-04-02 09:10:00+00:00
Joseph Okonkwo,jokonkwo_4,group_chat,2026-04-02 09:10:27+00:00
Joseph Okonkwo,akabir,group_chat,2026-04-02 09:10:27+00:00
Aisha Kabir,jokonkwo_4,group_chat,2026-04-02 09:11:45+00:00
Aisha Kabir,akabir,group_chat,2026-04-02 09:11:45+00:00
Joseph Okonkwo,jokonkwo_4,group_chat,2026-04-02 09:12:15+00:00
Joseph Okonkwo,akabir,group_chat,2026-04-02 09:12:15+00:00
Aisha Kabir,jokonkwo_4,group_chat,2026-04-02 09:13:50+00:00
Aisha Kabir,akabir,group_chat,2026-04-02 09:13:50+00:00
Joseph Okonkwo,jokonkwo_4,group_chat,2026-04-02 09:14:10+00:00
Joseph Okonkwo,akabir,group_chat,2026-04-02 09:14:10+00:00
yasmin_abdul,yabdul,group_chat,2026-04-02 10:02:15+00:00
yasmin_abdul,jokafor,group_chat,2026-04-02 10:02:15+00:00
yasmin_abdul,smensah,group_chat,2026-04-02 10:02:15+00:00
joy_okafor,yabdul,group_chat,2026-04-02 10:02:30+00:00
joy_okafor,jokafor,group_chat,2026-04-02 10:02:30+00:00
joy_okafor,smensah,group_chat,2026-04-02 10:02:30+00:00
samuel_mensah,yabdul,group_chat,2026-04-02 10:02:55+00:00
samuel_mensah,jokafor,group_chat,2026-04-02 10:02:55+00:00
samuel_mensah,smensah,group_chat,2026-04-02 10:02:55+00:00
joy_okafor,yabdul,group_chat,2026-04-02 10:03:10+00:00
joy_okafor,jokafor,group_chat,2026-04-02 10:03:10+00:00
joy_okafor,smensah,group_chat,2026-04-02 10:03:10+00:00
yasmin_abdul,yabdul,group_chat,2026-04-02 10:04:42+00:00
yasmin_abdul,jokafor,group_chat,2026-04-02 10:04:42+00:00
yasmin_abdul,smensah,group_chat,2026-04-02 10:04:42+00:00
samuel_mensah,yabdul,group_chat,2026-04-02 10:05:10+00:00
samuel_mensah,jokafor,group_chat,2026-04-02 10:05:10+00:00
samuel_mensah,smensah,group_chat,2026-04-02 10:05:10+00:00
joy_okafor,yabdul,group_chat,2026-04-02 10:06:01+00:00
joy_okafor,jokafor,group_chat,2026-04-02 10:06:01+00:00
joy_okafor,smensah,group_chat,2026-04-02 10:06:01+00:00
yasmin_abdul,yabdul,group_chat,2026-04-02 10:06:15+00:00
yasmin_abdul,jokafor,group_chat,2026-04-02 10:06:15+00:00
yasmin_abdul,smensah,group_chat,2026-04-02 10:06:15+00:00
samuel_mensah,yabdul,group_chat,2026-04-02 10:07:28+00:00
samuel_mensah,jokafor,group_chat,2026-04-02 10:07:28+00:00
samuel_mensah,smensah,group_chat,2026-04-02 10:07:28+00:00
joy_okafor,yabdul,group_chat,2026-04-02 10:09:05+00:00
joy_okafor,jokafor,group_chat,2026-04-02 10:09:05+00:00
joy_okafor,smensah,group_chat,2026-04-02 10:09:05+00:00
yasmin_abdul,yabdul,group_chat,2026-04-02 10:09:13+00:00
yasmin_abdul,jokafor,group_chat,2026-04-02 10:09:13+00:00
yasmin_abdul,smensah,group_chat,2026-04-02 10:09:13+00:00
samuel_mensah,yabdul,group_chat,2026-04-02 10:11:50+00:00
samuel_mensah,jokafor,group_chat,2026-04-02 10:11:50+00:00
samuel_mensah,smensah,group_chat,2026-04-02 10:11:50+00:00
yasmin_abdul,yabdul,group_chat,2026-04-02 10:12:12+00:00
yasmin_abdul,jokafor,group_chat,2026-04-02 10:12:12+00:00
yasmin_abdul,smensah,group_chat,2026-04-02 10:12:12+00:00
joy_okafor,yabdul,group_chat,2026-04-02 10:14:25+00:00
joy_okafor,jokafor,group_chat,2026-04-02 10:14:25+00:00
joy_okafor,smensah,group_chat,2026-04-02 10:14:25+00:00
yasmin_abdul,yabdul,group_chat,2026-04-02 10:14:42+00:00
yasmin_abdul,jokafor,group_chat,2026-04-02 10:14:42+00:00
yasmin_abdul,smensah,group_chat,2026-04-02 10:14:42+00:00
samuel_mensah,yabdul,group_chat,2026-04-02 10:15:05+00:00
samuel_mensah,jokafor,group_chat,2026-04-02 10:15:05+00:00
samuel_mensah,smensah,group_chat,2026-04-02 10:15:05+00:00
Chi Nguyen,cnguyen,group_chat,2026-04-02 09:02:15+00:00
Chi Nguyen,ksingh,group_chat,2026-04-02 09:02:15+00:00
Karan Singh,cnguyen,group_chat,2026-04-02 09:03:10+00:00
Karan Singh,ksingh,group_chat,2026-04-02 09:03:10+00:00
Chi Nguyen,cnguyen,group_chat,2026-04-02 09:04:30+00:00
Chi Nguyen,ksingh,group_chat,2026-04-02 09:04:30+00:00
Karan Singh,cnguyen,group_chat,2026-04-02 09:04:50+00:00
Karan Singh,ksingh,group_chat,2026-04-02 09:04:50+00:00
Chi Nguyen,cnguyen,group_chat,2026-04-02 09:05:15+00:00
Chi Nguyen,ksingh,group_chat,2026-04-02 09:05:15+00:00
Karan Singh,cnguyen,group_chat,2026-04-02 09:05:20+00:00
Karan Singh,ksingh,group_chat,2026-04-02 09:05:20+00:00
Chi Nguyen,cnguyen,group_chat,2026-04-02 09:07:40+00:00
Chi Nguyen,ksingh,group_chat,2026-04-02 09:07:40+00:00
Karan Singh,cnguyen,group_chat,2026-04-02 09:08:05+00:00
Karan Singh,ksingh,group_chat,2026-04-02 09:08:05+00:00
Chi Nguyen,cnguyen,group_chat,2026-04-02 09:08:20+00:00
Chi Nguyen,ksingh,group_chat,2026-04-02 09:08:20+00:00
Karan Singh,cnguyen,group_chat,2026-04-02 09:09:00+00:00
Karan Singh,ksingh,group_chat,2026-04-02 09:09:00+00:00
Chi Nguyen,cnguyen,group_chat,2026-04-02 09:10:15+00:00
Chi Nguyen,ksingh,group_chat,2026-04-02 09:10:15+00:00
Karan Singh,cnguyen,group_chat,2026-04-02 09:10:30+00:00
Karan Singh,ksingh,group_chat,2026-04-02 09:10:30+00:00
Chi Nguyen,cnguyen,group_chat,2026-04-02 09:11:05+00:00
Chi Nguyen,ksingh,group_chat,2026-04-02 09:11:05+00:00
Karan Singh,cnguyen,group_chat,2026-04-02 09:11:20+00:00
Karan Singh,ksingh,group_chat,2026-04-02 09:11:20+00:00
François Dubois,fdubois,group_chat,2026-04-02 10:07:12+00:00
François Dubois,akabir,group_chat,2026-04-02 10:07:12+00:00
Aisha Kabir,fdubois,group_chat,2026-04-02 10:07:30+00:00
Aisha Kabir,akabir,group_chat,2026-04-02 10:07:30+00:00
François Dubois,fdubois,group_chat,2026-04-02 10:08:14+00:00
François Dubois,akabir,group_chat,2026-04-02 10:08:14+00:00
Aisha Kabir,fdubois,group_chat,2026-04-02 10:08:29+00:00
Aisha Kabir,akabir,group_chat,2026-04-02 10:08:29+00:00
François Dubois,fdubois,group_chat,2026-04-02 10:09:02+00:00
François Dubois,akabir,group_chat,2026-04-02 10:09:02+00:00
Aisha Kabir,fdubois,group_chat,2026-04-02 10:09:15+00:00
Aisha Kabir,akabir,group_chat,2026-04-02 10:09:15+00:00
François Dubois,fdubois,group_chat,2026-04-02 10:09:19+00:00
François Dubois,akabir,group_chat,2026-04-02 10:09:19+00:00
François Dubois,fdubois,group_chat,2026-04-02 10:10:45+00:00
François Dubois,akabir,group_chat,2026-04-02 10:10:45+00:00
Aisha Kabir,fdubois,group_chat,2026-04-02 10:11:02+00:00
Aisha Kabir,akabir,group_chat,2026-04-02 10:11:02+00:00
François Dubois,fdubois,group_chat,2026-04-02 10:11:45+00:00
François Dubois,akabir,group_chat,2026-04-02 10:11:45+00:00
Aisha Kabir,fdubois,group_chat,2026-04-02 10:12:08+00:00
Aisha Kabir,akabir,group_chat,2026-04-02 10:12:08+00:00
François Dubois,fdubois,group_chat,2026-04-02 10:12:25+00:00
François Dubois,akabir,group_chat,2026-04-02 10:12:25+00:00
Chi Nguyen,cnguyen,group_chat,2026-04-02 10:03:12+00:00
Chi Nguyen,ksingh,group_chat,2026-04-02 10:03:12+00:00
Karan Singh,cnguyen,group_chat,2026-04-02 10:03:45+00:00
Karan Singh,ksingh,group_chat,2026-04-02 10:03:45+00:00
Chi Nguyen,cnguyen,group_chat,2026-04-02 10:03:58+00:00
Chi Nguyen,ksingh,group_chat,2026-04-02 10:03:58+00:00
Chi Nguyen,cnguyen,group_chat,2026-04-02 10:04:15+00:00
Chi Nguyen,ksingh,group_chat,2026-04-02 10:04:15+00:00
Karan Singh,cnguyen,group_chat,2026-04-02 10:04:28+00:00
Karan Singh,ksingh,group_chat,2026-04-02 10:04:28+00:00
Karan Singh,cnguyen,group_chat,2026-04-02 10:05:10+00:00
Karan Singh,ksingh,group_chat,2026-04-02 10:05:10+00:00
Chi Nguyen,cnguyen,group_chat,2026-04-02 10:06:02+00:00
Chi Nguyen,ksingh,group_chat,2026-04-02 10:06:02+00:00
Karan Singh,cnguyen,group_chat,2026-04-02 10:06:30+00:00
Karan Singh,ksingh,group_chat,2026-04-02 10:06:30+00:00
Chi Nguyen,cnguyen,group_chat,2026-04-02 10:06:45+00:00
Chi Nguyen,ksingh,group_chat,2026-04-02 10:06:45+00:00
Chi Nguyen,cnguyen,group_chat,2026-04-02 10:07:12+00:00
Chi Nguyen,ksingh,group_chat,2026-04-02 10:07:12+00:00
Karan Singh,cnguyen,group_chat,2026-04-02 10:07:30+00:00
Karan Singh,ksingh,group_chat,2026-04-02 10:07:30+00:00
Chi Nguyen,cnguyen,group_chat,2026-04-02 10:07:45+00:00
Chi Nguyen,ksingh,group_chat,2026-04-02 10:07:45+00:00
Karan Singh,cnguyen,group_chat,2026-04-02 10:08:02+00:00
Karan Singh,ksingh,group_chat,2026-04-02 10:08:02+00:00
francois_dubois,fdubois,group_chat,2026-04-03 09:12:00+00:00
francois_dubois,jokonkwo_4,group_chat,2026-04-03 09:12:00+00:00
francois_dubois,akabir,group_chat,2026-04-03 09:12:00+00:00
aisha_kabir,fdubois,group_chat,2026-04-03 09:12:37+00:00
aisha_kabir,jokonkwo_4,group_chat,2026-04-03 09:12:37+00:00
aisha_kabir,akabir,group_chat,2026-04-03 09:12:37+00:00
francois_dubois,fdubois,group_chat,2026-04-03 09:13:12+00:00
francois_dubois,jokonkwo_4,group_chat,2026-04-03 09:13:12+00:00
francois_dubois,akabir,group_chat,2026-04-03 09:13:12+00:00
joseph_okonkwo,fdubois,group_chat,2026-04-03 09:13:30+00:00
joseph_okonkwo,jokonkwo_4,group_chat,2026-04-03 09:13:30+00:00
joseph_okonkwo,akabir,group_chat,2026-04-03 09:13:30+00:00
aisha_kabir,fdubois,group_chat,2026-04-03 09:14:05+00:00
aisha_kabir,jokonkwo_4,group_chat,2026-04-03 09:14:05+00:00
aisha_kabir,akabir,group_chat,2026-04-03 09:14:05+00:00
francois_dubois,fdubois,group_chat,2026-04-03 09:14:30+00:00
francois_dubois,jokonkwo_4,group_chat,2026-04-03 09:14:30+00:00
francois_dubois,akabir,group_chat,2026-04-03 09:14:30+00:00
joseph_okonkwo,fdubois,group_chat,2026-04-03 09:14:55+00:00
joseph_okonkwo,jokonkwo_4,group_chat,2026-04-03 09:14:55+00:00
joseph_okonkwo,akabir,group_chat,2026-04-03 09:14:55+00:00
francois_dubois,fdubois,group_chat,2026-04-03 09:15:18+00:00
francois_dubois,jokonkwo_4,group_chat,2026-04-03 09:15:18+00:00
francois_dubois,akabir,group_chat,2026-04-03 09:15:18+00:00
aisha_kabir,fdubois,group_chat,2026-04-03 09:15:50+00:00
aisha_kabir,jokonkwo_4,group_chat,2026-04-03 09:15:50+00:00
aisha_kabir,akabir,group_chat,2026-04-03 09:15:50+00:00
joseph_okonkwo,fdubois,group_chat,2026-04-03 09:16:12+00:00
joseph_okonkwo,jokonkwo_4,group_chat,2026-04-03 09:16:12+00:00
joseph_okonkwo,akabir,group_chat,2026-04-03 09:16:12+00:00
francois_dubois,fdubois,group_chat,2026-04-03 09:16:35+00:00
francois_dubois,jokonkwo_4,group_chat,2026-04-03 09:16:35+00:00
francois_dubois,akabir,group_chat,2026-04-03 09:16:35+00:00
joseph_okonkwo,fdubois,group_chat,2026-04-03 09:45:03+00:00
joseph_okonkwo,jokonkwo_4,group_chat,2026-04-03 09:45:03+00:00
joseph_okonkwo,akabir,group_chat,2026-04-03 09:45:03+00:00
aisha_kabir,fdubois,group_chat,2026-04-03 09:45:45+00:00
aisha_kabir,jokonkwo_4,group_chat,2026-04-03 09:45:45+00:00
aisha_kabir,akabir,group_chat,2026-04-03 09:45:45+00:00
francois_dubois,fdubois,group_chat,2026-04-03 09:46:10+00:00
francois_dubois,jokonkwo_4,group_chat,2026-04-03 09:46:10+00:00
francois_dubois,akabir,group_chat,2026-04-03 09:46:10+00:00
joseph_okonkwo,fdubois,group_chat,2026-04-03 09:46:25+00:00
joseph_okonkwo,jokonkwo_4,group_chat,2026-04-03 09:46:25+00:00
joseph_okonkwo,akabir,group_chat,2026-04-03 09:46:25+00:00
aisha_kabir,fdubois,group_chat,2026-04-03 09:46:40+00:00
aisha_kabir,jokonkwo_4,group_chat,2026-04-03 09:46:40+00:00
aisha_kabir,akabir,group_chat,2026-04-03 09:46:40+00:00
francois_dubois,fdubois,group_chat,2026-04-03 09:47:00+00:00
francois_dubois,jokonkwo_4,group_chat,2026-04-03 09:47:00+00:00
francois_dubois,akabir,group_chat,2026-04-03 09:47:00+00:00
Aisha Kabir,akabir,group_chat,2026-04-03 09:15:00+00:00
Aisha Kabir,fdubois,group_chat,2026-04-03 09:15:00+00:00
Aisha Kabir,jokonkwo_4,group_chat,2026-04-03 09:15:00+00:00
François Dubois,akabir,group_chat,2026-04-03 09:16:15+00:00
François Dubois,fdubois,group_chat,2026-04-03 09:16:15+00:00
François Dubois,jokonkwo_4,group_chat,2026-04-03 09:16:15+00:00
Aisha Kabir,akabir,group_chat,2026-04-03 09:17:02+00:00
Aisha Kabir,fdubois,group_chat,2026-04-03 09:17:02+00:00
Aisha Kabir,jokonkwo_4,group_chat,2026-04-03 09:17:02+00:00
Joseph Okonkwo,akabir,group_chat,2026-04-03 09:17:45+00:00
Joseph Okonkwo,fdubois,group_chat,2026-04-03 09:17:45+00:00
Joseph Okonkwo,jokonkwo_4,group_chat,2026-04-03 09:17:45+00:00
François Dubois,akabir,group_chat,2026-04-03 09:18:20+00:00
François Dubois,fdubois,group_chat,2026-04-03 09:18:20+00:00
François Dubois,jokonkwo_4,group_chat,2026-04-03 09:18:20+00:00
Aisha Kabir,akabir,group_chat,2026-04-03 09:19:10+00:00
Aisha Kabir,fdubois,group_chat,2026-04-03 09:19:10+00:00
Aisha Kabir,jokonkwo_4,group_chat,2026-04-03 09:19:10+00:00
François Dubois,akabir,group_chat,2026-04-03 09:19:50+00:00
François Dubois,fdubois,group_chat,2026-04-03 09:19:50+00:00
François Dubois,jokonkwo_4,group_chat,2026-04-03 09:19:50+00:00
Joseph Okonkwo,akabir,group_chat,2026-04-03 09:20:30+00:00
Joseph Okonkwo,fdubois,group_chat,2026-04-03 09:20:30+00:00
Joseph Okonkwo,jokonkwo_4,group_chat,2026-04-03 09:20:30+00:00
Aisha Kabir,akabir,group_chat,2026-04-03 09:21:05+00:00
Aisha Kabir,fdubois,group_chat,2026-04-03 09:21:05+00:00
Aisha Kabir,jokonkwo_4,group_chat,2026-04-03 09:21:05+00:00
François Dubois,akabir,group_chat,2026-04-03 09:21:45+00:00
François Dubois,fdubois,group_chat,2026-04-03 09:21:45+00:00
François Dubois,jokonkwo_4,group_chat,2026-04-03 09:21:45+00:00
Joseph Okonkwo,akabir,group_chat,2026-04-03 09:22:15+00:00
Joseph Okonkwo,fdubois,group_chat,2026-04-03 09:22:15+00:00
Joseph Okonkwo,jokonkwo_4,group_chat,2026-04-03 09:22:15+00:00
François Dubois,akabir,group_chat,2026-04-03 09:22:50+00:00
François Dubois,fdubois,group_chat,2026-04-03 09:22:50+00:00
François Dubois,jokonkwo_4,group_chat,2026-04-03 09:22:50+00:00
Aisha Kabir,akabir,group_chat,2026-04-03 09:23:20+00:00
Aisha Kabir,fdubois,group_chat,2026-04-03 09:23:20+00:00
Aisha Kabir,jokonkwo_4,group_chat,2026-04-03 09:23:20+00:00
Joseph Okonkwo,akabir,group_chat,2026-04-03 09:23:50+00:00
Joseph Okonkwo,fdubois,group_chat,2026-04-03 09:23:50+00:00
Joseph Okonkwo,jokonkwo_4,group_chat,2026-04-03 09:23:50+00:00
François Dubois,akabir,group_chat,2026-04-03 09:24:10+00:00
François Dubois,fdubois,group_chat,2026-04-03 09:24:10+00:00
François Dubois,jokonkwo_4,group_chat,2026-04-03 09:24:10+00:00
Aisha Kabir,akabir,group_chat,2026-04-03 09:24:35+00:00
Aisha Kabir,fdubois,group_chat,2026-04-03 09:24:35+00:00
Aisha Kabir,jokonkwo_4,group_chat,2026-04-03 09:24:35+00:00
kenji_tanaka,ktanaka,group_chat,2026-04-03 10:03:15+00:00
kenji_tanaka,cnguyen,group_chat,2026-04-03 10:03:15+00:00
kenji_tanaka,ksingh,group_chat,2026-04-03 10:03:15+00:00
chi_nguyen,ktanaka,group_chat,2026-04-03 10:04:02+00:00
chi_nguyen,cnguyen,group_chat,2026-04-03 10:04:02+00:00
chi_nguyen,ksingh,group_chat,2026-04-03 10:04:02+00:00
karan_singh,ktanaka,group_chat,2026-04-03 10:04:33+00:00
karan_singh,cnguyen,group_chat,2026-04-03 10:04:33+00:00
karan_singh,ksingh,group_chat,2026-04-03 10:04:33+00:00
kenji_tanaka,ktanaka,group_chat,2026-04-03 10:05:10+00:00
kenji_tanaka,cnguyen,group_chat,2026-04-03 10:05:10+00:00
kenji_tanaka,ksingh,group_chat,2026-04-03 10:05:10+00:00
karan_singh,ktanaka,group_chat,2026-04-03 10:06:22+00:00
karan_singh,cnguyen,group_chat,2026-04-03 10:06:22+00:00
karan_singh,ksingh,group_chat,2026-04-03 10:06:22+00:00
chi_nguyen,ktanaka,group_chat,2026-04-03 10:07:05+00:00
chi_nguyen,cnguyen,group_chat,2026-04-03 10:07:05+00:00
chi_nguyen,ksingh,group_chat,2026-04-03 10:07:05+00:00
karan_singh,ktanaka,group_chat,2026-04-03 10:07:54+00:00
karan_singh,cnguyen,group_chat,2026-04-03 10:07:54+00:00
karan_singh,ksingh,group_chat,2026-04-03 10:07:54+00:00
kenji_tanaka,ktanaka,group_chat,2026-04-03 10:08:33+00:00
kenji_tanaka,cnguyen,group_chat,2026-04-03 10:08:33+00:00
kenji_tanaka,ksingh,group_chat,2026-04-03 10:08:33+00:00
chi_nguyen,ktanaka,group_chat,2026-04-03 10:08:55+00:00
chi_nguyen,cnguyen,group_chat,2026-04-03 10:08:55+00:00
chi_nguyen,ksingh,group_chat,2026-04-03 10:08:55+00:00
chi_nguyen,ktanaka,group_chat,2026-04-03 10:09:27+00:00
chi_nguyen,cnguyen,group_chat,2026-04-03 10:09:27+00:00
chi_nguyen,ksingh,group_chat,2026-04-03 10:09:27+00:00
kenji_tanaka,ktanaka,group_chat,2026-04-03 10:10:10+00:00
kenji_tanaka,cnguyen,group_chat,2026-04-03 10:10:10+00:00
kenji_tanaka,ksingh,group_chat,2026-04-03 10:10:10+00:00
karan_singh,ktanaka,group_chat,2026-04-03 10:11:22+00:00
karan_singh,cnguyen,group_chat,2026-04-03 10:11:22+00:00
karan_singh,ksingh,group_chat,2026-04-03 10:11:22+00:00
chi_nguyen,ktanaka,group_chat,2026-04-03 10:12:01+00:00
chi_nguyen,cnguyen,group_chat,2026-04-03 10:12:01+00:00
chi_nguyen,ksingh,group_chat,2026-04-03 10:12:01+00:00
karan_singh,ktanaka,group_chat,2026-04-03 10:12:44+00:00
karan_singh,cnguyen,group_chat,2026-04-03 10:12:44+00:00
karan_singh,ksingh,group_chat,2026-04-03 10:12:44+00:00
kenji_tanaka,ktanaka,group_chat,2026-04-03 10:13:15+00:00
kenji_tanaka,cnguyen,group_chat,2026-04-03 10:13:15+00:00
kenji_tanaka,ksingh,group_chat,2026-04-03 10:13:15+00:00
chi_nguyen,ktanaka,group_chat,2026-04-03 10:13:59+00:00
chi_nguyen,cnguyen,group_chat,2026-04-03 10:13:59+00:00
chi_nguyen,ksingh,group_chat,2026-04-03 10:13:59+00:00
karan_singh,ktanaka,group_chat,2026-04-03 10:14:40+00:00
karan_singh,cnguyen,group_chat,2026-04-03 10:14:40+00:00
karan_singh,ksingh,group_chat,2026-04-03 10:14:40+00:00
kenji_tanaka,ktanaka,group_chat,2026-04-03 10:15:12+00:00
kenji_tanaka,cnguyen,group_chat,2026-04-03 10:15:12+00:00
kenji_tanaka,ksingh,group_chat,2026-04-03 10:15:12+00:00
chi_nguyen,ktanaka,group_chat,2026-04-03 10:16:03+00:00
chi_nguyen,cnguyen,group_chat,2026-04-03 10:16:03+00:00
chi_nguyen,ksingh,group_chat,2026-04-03 10:16:03+00:00
karan_singh,ktanaka,group_chat,2026-04-03 10:16:41+00:00
karan_singh,cnguyen,group_chat,2026-04-03 10:16:41+00:00
karan_singh,ksingh,group_chat,2026-04-03 10:16:41+00:00
kenji_tanaka,ktanaka,group_chat,2026-04-03 10:17:20+00:00
kenji_tanaka,cnguyen,group_chat,2026-04-03 10:17:20+00:00
kenji_tanaka,ksingh,group_chat,2026-04-03 10:17:20+00:00
hiroshi_matsuda,hmatsuda,group_chat,2026-04-03 14:02:10+00:00
hiroshi_matsuda,mzhang,group_chat,2026-04-03 14:02:10+00:00
hiroshi_matsuda,lgomez,group_chat,2026-04-03 14:02:10+00:00
mei_zhang,hmatsuda,group_chat,2026-04-03 14:03:12+00:00
mei_zhang,mzhang,group_chat,2026-04-03 14:03:12+00:00
mei_zhang,lgomez,group_chat,2026-04-03 14:03:12+00:00
luis_gomez,hmatsuda,group_chat,2026-04-03 14:04:05+00:00
luis_gomez,mzhang,group_chat,2026-04-03 14:04:05+00:00
luis_gomez,lgomez,group_chat,2026-04-03 14:04:05+00:00
hiroshi_matsuda,hmatsuda,group_chat,2026-04-03 14:04:45+00:00
hiroshi_matsuda,mzhang,group_chat,2026-04-03 14:04:45+00:00
hiroshi_matsuda,lgomez,group_chat,2026-04-03 14:04:45+00:00
mei_zhang,hmatsuda,group_chat,2026-04-03 14:05:18+00:00
mei_zhang,mzhang,group_chat,2026-04-03 14:05:18+00:00
mei_zhang,lgomez,group_chat,2026-04-03 14:05:18+00:00
luis_gomez,hmatsuda,group_chat,2026-04-03 14:06:09+00:00
luis_gomez,mzhang,group_chat,2026-04-03 14:06:09+00:00
luis_gomez,lgomez,group_chat,2026-04-03 14:06:09+00:00
mei_zhang,hmatsuda,group_chat,2026-04-03 14:06:42+00:00
mei_zhang,mzhang,group_chat,2026-04-03 14:06:42+00:00
mei_zhang,lgomez,group_chat,2026-04-03 14:06:42+00:00
hiroshi_matsuda,hmatsuda,group_chat,2026-04-03 14:07:10+00:00
hiroshi_matsuda,mzhang,group_chat,2026-04-03 14:07:10+00:00
hiroshi_matsuda,lgomez,group_chat,2026-04-03 14:07:10+00:00
luis_gomez,hmatsuda,group_chat,2026-04-03 14:08:01+00:00
luis_gomez,mzhang,group_chat,2026-04-03 14:08:01+00:00
luis_gomez,lgomez,group_chat,2026-04-03 14:08:01+00:00
hiroshi_matsuda,hmatsuda,group_chat,2026-04-03 14:08:32+00:00
hiroshi_matsuda,mzhang,group_chat,2026-04-03 14:08:32+00:00
hiroshi_matsuda,lgomez,group_chat,2026-04-03 14:08:32+00:00
mei_zhang,hmatsuda,group_chat,2026-04-03 14:09:05+00:00
mei_zhang,mzhang,group_chat,2026-04-03 14:09:05+00:00
mei_zhang,lgomez,group_chat,2026-04-03 14:09:05+00:00
luis_gomez,hmatsuda,group_chat,2026-04-03 14:09:50+00:00
luis_gomez,mzhang,group_chat,2026-04-03 14:09:50+00:00
luis_gomez,lgomez,group_chat,2026-04-03 14:09:50+00:00
mei_zhang,hmatsuda,group_chat,2026-04-03 14:10:15+00:00
mei_zhang,mzhang,group_chat,2026-04-03 14:10:15+00:00
mei_zhang,lgomez,group_chat,2026-04-03 14:10:15+00:00
hiroshi_matsuda,hmatsuda,group_chat,2026-04-03 14:10:38+00:00
hiroshi_matsuda,mzhang,group_chat,2026-04-03 14:10:38+00:00
hiroshi_matsuda,lgomez,group_chat,2026-04-03 14:10:38+00:00
luis_gomez,hmatsuda,group_chat,2026-04-03 14:11:02+00:00
luis_gomez,mzhang,group_chat,2026-04-03 14:11:02+00:00
luis_gomez,lgomez,group_chat,2026-04-03 14:11:02+00:00
mei_zhang,hmatsuda,group_chat,2026-04-03 14:11:29+00:00
mei_zhang,mzhang,group_chat,2026-04-03 14:11:29+00:00
mei_zhang,lgomez,group_chat,2026-04-03 14:11:29+00:00
hiroshi_matsuda,hmatsuda,group_chat,2026-04-03 14:12:03+00:00
hiroshi_matsuda,mzhang,group_chat,2026-04-03 14:12:03+00:00
hiroshi_matsuda,lgomez,group_chat,2026-04-03 14:12:03+00:00
mei_zhang,hmatsuda,group_chat,2026-04-03 14:12:45+00:00
mei_zhang,mzhang,group_chat,2026-04-03 14:12:45+00:00
mei_zhang,lgomez,group_chat,2026-04-03 14:12:45+00:00
hiroshi_matsuda,hmatsuda,group_chat,2026-04-03 14:13:11+00:00
hiroshi_matsuda,mzhang,group_chat,2026-04-03 14:13:11+00:00
hiroshi_matsuda,lgomez,group_chat,2026-04-03 14:13:11+00:00
luis_gomez,hmatsuda,group_chat,2026-04-03 14:13:38+00:00
luis_gomez,mzhang,group_chat,2026-04-03 14:13:38+00:00
luis_gomez,lgomez,group_chat,2026-04-03 14:13:38+00:00
mei_zhang,hmatsuda,group_chat,2026-04-03 14:14:02+00:00
mei_zhang,mzhang,group_chat,2026-04-03 14:14:02+00:00
mei_zhang,lgomez,group_chat,2026-04-03 14:14:02+00:00
hiroshi_matsuda,hmatsuda,group_chat,2026-04-03 14:14:27+00:00
hiroshi_matsuda,mzhang,group_chat,2026-04-03 14:14:27+00:00
hiroshi_matsuda,lgomez,group_chat,2026-04-03 14:14:27+00:00
Joseph Okonkwo,jokonkwo_4,group_chat,2026-04-03 08:15:00+00:00
Joseph Okonkwo,fdubois,group_chat,2026-04-03 08:15:00+00:00
Joseph Okonkwo,akabir,group_chat,2026-04-03 08:15:00+00:00
Aisha Kabir,jokonkwo_4,group_chat,2026-04-03 08:16:30+00:00
Aisha Kabir,fdubois,group_chat,2026-04-03 08:16:30+00:00
Aisha Kabir,akabir,group_chat,2026-04-03 08:16:30+00:00
Joseph Okonkwo,jokonkwo_4,group_chat,2026-04-03 08:17:45+00:00
Joseph Okonkwo,fdubois,group_chat,2026-04-03 08:17:45+00:00
Joseph Okonkwo,akabir,group_chat,2026-04-03 08:17:45+00:00
François Dubois,jokonkwo_4,group_chat,2026-04-03 08:20:10+00:00
François Dubois,fdubois,group_chat,2026-04-03 08:20:10+00:00
François Dubois,akabir,group_chat,2026-04-03 08:20:10+00:00
Aisha Kabir,jokonkwo_4,group_chat,2026-04-03 08:21:05+00:00
Aisha Kabir,fdubois,group_chat,2026-04-03 08:21:05+00:00
Aisha Kabir,akabir,group_chat,2026-04-03 08:21:05+00:00
Joseph Okonkwo,jokonkwo_4,group_chat,2026-04-03 08:23:30+00:00
Joseph Okonkwo,fdubois,group_chat,2026-04-03 08:23:30+00:00
Joseph Okonkwo,akabir,group_chat,2026-04-03 08:23:30+00:00
François Dubois,jokonkwo_4,group_chat,2026-04-03 08:24:10+00:00
François Dubois,fdubois,group_chat,2026-04-03 08:24:10+00:00
François Dubois,akabir,group_chat,2026-04-03 08:24:10+00:00
Joseph Okonkwo,jokonkwo_4,group_chat,2026-04-03 08:25:40+00:00
Joseph Okonkwo,fdubois,group_chat,2026-04-03 08:25:40+00:00
Joseph Okonkwo,akabir,group_chat,2026-04-03 08:25:40+00:00
Aisha Kabir,jokonkwo_4,group_chat,2026-04-03 08:28:15+00:00
Aisha Kabir,fdubois,group_chat,2026-04-03 08:28:15+00:00
Aisha Kabir,akabir,group_chat,2026-04-03 08:28:15+00:00
François Dubois,jokonkwo_4,group_chat,2026-04-03 08:29:00+00:00
François Dubois,fdubois,group_chat,2026-04-03 08:29:00+00:00
François Dubois,akabir,group_chat,2026-04-03 08:29:00+00:00
Joseph Okonkwo,jokonkwo_4,group_chat,2026-04-03 08:30:25+00:00
Joseph Okonkwo,fdubois,group_chat,2026-04-03 08:30:25+00:00
Joseph Okonkwo,akabir,group_chat,2026-04-03 08:30:25+00:00
François Dubois,jokonkwo_4,group_chat,2026-04-03 08:31:40+00:00
François Dubois,fdubois,group_chat,2026-04-03 08:31:40+00:00
François Dubois,akabir,group_chat,2026-04-03 08:31:40+00:00
Aisha Kabir,jokonkwo_4,group_chat,2026-04-03 08:35:10+00:00
Aisha Kabir,fdubois,group_chat,2026-04-03 08:35:10+00:00
Aisha Kabir,akabir,group_chat,2026-04-03 08:35:10+00:00
Joseph Okonkwo,jokonkwo_4,group_chat,2026-04-03 08:36:50+00:00
Joseph Okonkwo,fdubois,group_chat,2026-04-03 08:36:50+00:00
Joseph Okonkwo,akabir,group_chat,2026-04-03 08:36:50+00:00
francois_dubois,fdubois,group_chat,2026-04-03 14:02:30+00:00
francois_dubois,jokonkwo_4,group_chat,2026-04-03 14:02:30+00:00
joseph_okonkwo,fdubois,group_chat,2026-04-03 14:03:00+00:00
joseph_okonkwo,jokonkwo_4,group_chat,2026-04-03 14:03:00+00:00
francois_dubois,fdubois,group_chat,2026-04-03 14:03:20+00:00
francois_dubois,jokonkwo_4,group_chat,2026-04-03 14:03:20+00:00
joseph_okonkwo,fdubois,group_chat,2026-04-03 14:04:10+00:00
joseph_okonkwo,jokonkwo_4,group_chat,2026-04-03 14:04:10+00:00
francois_dubois,fdubois,group_chat,2026-04-03 14:04:30+00:00
francois_dubois,jokonkwo_4,group_chat,2026-04-03 14:04:30+00:00
joseph_okonkwo,fdubois,group_chat,2026-04-03 14:05:00+00:00
joseph_okonkwo,jokonkwo_4,group_chat,2026-04-03 14:05:00+00:00
francois_dubois,fdubois,group_chat,2026-04-03 14:05:25+00:00
francois_dubois,jokonkwo_4,group_chat,2026-04-03 14:05:25+00:00
joseph_okonkwo,fdubois,group_chat,2026-04-03 14:06:00+00:00
joseph_okonkwo,jokonkwo_4,group_chat,2026-04-03 14:06:00+00:00
francois_dubois,fdubois,group_chat,2026-04-03 14:10:45+00:00
francois_dubois,jokonkwo_4,group_chat,2026-04-03 14:10:45+00:00
joseph_okonkwo,fdubois,group_chat,2026-04-03 14:11:00+00:00
joseph_okonkwo,jokonkwo_4,group_chat,2026-04-03 14:11:00+00:00
francois_dubois,fdubois,group_chat,2026-04-03 14:11:30+00:00
francois_dubois,jokonkwo_4,group_chat,2026-04-03 14:11:30+00:00
Chi Nguyen,cnguyen,group_chat,2026-04-03 10:02:45+00:00
Chi Nguyen,ksingh,group_chat,2026-04-03 10:02:45+00:00
Karan Singh,cnguyen,group_chat,2026-04-03 10:03:10+00:00
Karan Singh,ksingh,group_chat,2026-04-03 10:03:10+00:00
Chi Nguyen,cnguyen,group_chat,2026-04-03 10:04:05+00:00
Chi Nguyen,ksingh,group_chat,2026-04-03 10:04:05+00:00
Karan Singh,cnguyen,group_chat,2026-04-03 10:04:30+00:00
Karan Singh,ksingh,group_chat,2026-04-03 10:04:30+00:00
Chi Nguyen,cnguyen,group_chat,2026-04-03 10:05:20+00:00
Chi Nguyen,ksingh,group_chat,2026-04-03 10:05:20+00:00
Karan Singh,cnguyen,group_chat,2026-04-03 10:06:00+00:00
Karan Singh,ksingh,group_chat,2026-04-03 10:06:00+00:00
Chi Nguyen,cnguyen,group_chat,2026-04-03 10:06:30+00:00
Chi Nguyen,ksingh,group_chat,2026-04-03 10:06:30+00:00
Karan Singh,cnguyen,group_chat,2026-04-03 10:07:10+00:00
Karan Singh,ksingh,group_chat,2026-04-03 10:07:10+00:00
Chi Nguyen,cnguyen,group_chat,2026-04-03 10:07:50+00:00
Chi Nguyen,ksingh,group_chat,2026-04-03 10:07:50+00:00
Karan Singh,cnguyen,group_chat,2026-04-03 10:08:10+00:00
Karan Singh,ksingh,group_chat,2026-04-03 10:08:10+00:00
Chi Nguyen,cnguyen,group_chat,2026-04-03 10:13:20+00:00
Chi Nguyen,ksingh,group_chat,2026-04-03 10:13:20+00:00
Karan Singh,cnguyen,group_chat,2026-04-03 10:14:05+00:00
Karan Singh,ksingh,group_chat,2026-04-03 10:14:05+00:00
Chi Nguyen,cnguyen,group_chat,2026-04-03 10:14:40+00:00
Chi Nguyen,ksingh,group_chat,2026-04-03 10:14:40+00:00
Karan Singh,cnguyen,group_chat,2026-04-03 10:15:10+00:00
Karan Singh,ksingh,group_chat,2026-04-03 10:15:10+00:00
Chi Nguyen,cnguyen,group_chat,2026-04-03 10:15:30+00:00
Chi Nguyen,ksingh,group_chat,2026-04-03 10:15:30+00:00
Hiroshi Matsuda,hmatsuda,group_chat,2026-04-03 14:02:15+00:00
Hiroshi Matsuda,mzhang,group_chat,2026-04-03 14:02:15+00:00
Mei Zhang,hmatsuda,group_chat,2026-04-03 14:02:23+00:00
Mei Zhang,mzhang,group_chat,2026-04-03 14:02:23+00:00
Hiroshi Matsuda,hmatsuda,group_chat,2026-04-03 14:02:30+00:00
Hiroshi Matsuda,mzhang,group_chat,2026-04-03 14:02:30+00:00
Mei Zhang,hmatsuda,group_chat,2026-04-03 14:04:12+00:00
Mei Zhang,mzhang,group_chat,2026-04-03 14:04:12+00:00
Hiroshi Matsuda,hmatsuda,group_chat,2026-04-03 14:04:23+00:00
Hiroshi Matsuda,mzhang,group_chat,2026-04-03 14:04:23+00:00
Mei Zhang,hmatsuda,group_chat,2026-04-03 14:05:10+00:00
Mei Zhang,mzhang,group_chat,2026-04-03 14:05:10+00:00
Hiroshi Matsuda,hmatsuda,group_chat,2026-04-03 14:05:25+00:00
Hiroshi Matsuda,mzhang,group_chat,2026-04-03 14:05:25+00:00
Mei Zhang,hmatsuda,group_chat,2026-04-03 14:06:01+00:00
Mei Zhang,mzhang,group_chat,2026-04-03 14:06:01+00:00
Hiroshi Matsuda,hmatsuda,group_chat,2026-04-03 14:07:15+00:00
Hiroshi Matsuda,mzhang,group_chat,2026-04-03 14:07:15+00:00
Mei Zhang,hmatsuda,group_chat,2026-04-03 14:07:45+00:00
Mei Zhang,mzhang,group_chat,2026-04-03 14:07:45+00:00
Hiroshi Matsuda,hmatsuda,group_chat,2026-04-03 14:08:10+00:00
Hiroshi Matsuda,mzhang,group_chat,2026-04-03 14:08:10+00:00
Mei Zhang,hmatsuda,group_chat,2026-04-03 14:08:25+00:00
Mei Zhang,mzhang,group_chat,2026-04-03 14:08:25+00:00
Hiroshi Matsuda,hmatsuda,group_chat,2026-04-03 14:09:00+00:00
Hiroshi Matsuda,mzhang,group_chat,2026-04-03 14:09:00+00:00
Mei Zhang,hmatsuda,group_chat,2026-04-03 14:09:10+00:00
Mei Zhang,mzhang,group_chat,2026-04-03 14:09:10+00:00
Yasmin Abdul,yabdul,group_chat,2026-04-03 14:02:15+00:00
Yasmin Abdul,fdubois,group_chat,2026-04-03 14:02:15+00:00
François Dubois,yabdul,group_chat,2026-04-03 14:02:25+00:00
François Dubois,fdubois,group_chat,2026-04-03 14:02:25+00:00
Yasmin Abdul,yabdul,group_chat,2026-04-03 14:02:40+00:00
Yasmin Abdul,fdubois,group_chat,2026-04-03 14:02:40+00:00
François Dubois,yabdul,group_chat,2026-04-03 14:03:10+00:00
François Dubois,fdubois,group_chat,2026-04-03 14:03:10+00:00
Yasmin Abdul,yabdul,group_chat,2026-04-03 14:04:05+00:00
Yasmin Abdul,fdubois,group_chat,2026-04-03 14:04:05+00:00
François Dubois,yabdul,group_chat,2026-04-03 14:04:25+00:00
François Dubois,fdubois,group_chat,2026-04-03 14:04:25+00:00
Yasmin Abdul,yabdul,group_chat,2026-04-03 14:05:10+00:00
Yasmin Abdul,fdubois,group_chat,2026-04-03 14:05:10+00:00
François Dubois,yabdul,group_chat,2026-04-03 14:05:30+00:00
François Dubois,fdubois,group_chat,2026-04-03 14:05:30+00:00
Yasmin Abdul,yabdul,group_chat,2026-04-03 14:06:00+00:00
Yasmin Abdul,fdubois,group_chat,2026-04-03 14:06:00+00:00
François Dubois,yabdul,group_chat,2026-04-03 14:06:25+00:00
François Dubois,fdubois,group_chat,2026-04-03 14:06:25+00:00
Yasmin Abdul,yabdul,group_chat,2026-04-03 14:06:40+00:00
Yasmin Abdul,fdubois,group_chat,2026-04-03 14:06:40+00:00
Joy Okafor,jokafor,group_chat,2026-04-03 13:02:15+00:00
Joy Okafor,aramirez,group_chat,2026-04-03 13:02:15+00:00
Ana Ramirez,jokafor,group_chat,2026-04-03 13:02:28+00:00
Ana Ramirez,aramirez,group_chat,2026-04-03 13:02:28+00:00
Joy Okafor,jokafor,group_chat,2026-04-03 13:03:10+00:00
Joy Okafor,aramirez,group_chat,2026-04-03 13:03:10+00:00
Ana Ramirez,jokafor,group_chat,2026-04-03 13:03:25+00:00
Ana Ramirez,aramirez,group_chat,2026-04-03 13:03:25+00:00
Joy Okafor,jokafor,group_chat,2026-04-03 13:03:40+00:00
Joy Okafor,aramirez,group_chat,2026-04-03 13:03:40+00:00
Ana Ramirez,jokafor,group_chat,2026-04-03 13:05:12+00:00
Ana Ramirez,aramirez,group_chat,2026-04-03 13:05:12+00:00
Joy Okafor,jokafor,group_chat,2026-04-03 13:05:35+00:00
Joy Okafor,aramirez,group_chat,2026-04-03 13:05:35+00:00
Ana Ramirez,jokafor,group_chat,2026-04-03 13:06:05+00:00
Ana Ramirez,aramirez,group_chat,2026-04-03 13:06:05+00:00
Joy Okafor,jokafor,group_chat,2026-04-03 13:06:25+00:00
Joy Okafor,aramirez,group_chat,2026-04-03 13:06:25+00:00
Ana Ramirez,jokafor,group_chat,2026-04-03 13:06:50+00:00
Ana Ramirez,aramirez,group_chat,2026-04-03 13:06:50+00:00
Joy Okafor,jokafor,group_chat,2026-04-03 13:07:15+00:00
Joy Okafor,aramirez,group_chat,2026-04-03 13:07:15+00:00
Joy Okonkwo,jokonkwo,group_chat,2026-04-04 09:15:00+00:00
Joy Okonkwo,fdubois,group_chat,2026-04-04 09:15:00+00:00
Joy Okonkwo,akabir,group_chat,2026-04-04 09:15:00+00:00
Joy Okonkwo,jokonkwo_4,group_chat,2026-04-04 09:15:00+00:00
François Dubois,jokonkwo,group_chat,2026-04-04 09:15:45+00:00
François Dubois,fdubois,group_chat,2026-04-04 09:15:45+00:00
François Dubois,akabir,group_chat,2026-04-04 09:15:45+00:00
François Dubois,jokonkwo_4,group_chat,2026-04-04 09:15:45+00:00
Joy Okonkwo,jokonkwo,group_chat,2026-04-04 09:16:10+00:00
Joy Okonkwo,fdubois,group_chat,2026-04-04 09:16:10+00:00
Joy Okonkwo,akabir,group_chat,2026-04-04 09:16:10+00:00
Joy Okonkwo,jokonkwo_4,group_chat,2026-04-04 09:16:10+00:00
Aisha Kabir,jokonkwo,group_chat,2026-04-04 09:16:30+00:00
Aisha Kabir,fdubois,group_chat,2026-04-04 09:16:30+00:00
Aisha Kabir,akabir,group_chat,2026-04-04 09:16:30+00:00
Aisha Kabir,jokonkwo_4,group_chat,2026-04-04 09:16:30+00:00
Joseph Okonkwo,jokonkwo,group_chat,2026-04-04 09:17:00+00:00
Joseph Okonkwo,fdubois,group_chat,2026-04-04 09:17:00+00:00
Joseph Okonkwo,akabir,group_chat,2026-04-04 09:17:00+00:00
Joseph Okonkwo,jokonkwo_4,group_chat,2026-04-04 09:17:00+00:00
François Dubois,jokonkwo,group_chat,2026-04-04 09:17:15+00:00
François Dubois,fdubois,group_chat,2026-04-04 09:17:15+00:00
François Dubois,akabir,group_chat,2026-04-04 09:17:15+00:00
François Dubois,jokonkwo_4,group_chat,2026-04-04 09:17:15+00:00
Joy Okonkwo,jokonkwo,group_chat,2026-04-04 09:17:30+00:00
Joy Okonkwo,fdubois,group_chat,2026-04-04 09:17:30+00:00
Joy Okonkwo,akabir,group_chat,2026-04-04 09:17:30+00:00
Joy Okonkwo,jokonkwo_4,group_chat,2026-04-04 09:17:30+00:00
Aisha Kabir,jokonkwo,group_chat,2026-04-04 09:18:00+00:00
Aisha Kabir,fdubois,group_chat,2026-04-04 09:18:00+00:00
Aisha Kabir,akabir,group_chat,2026-04-04 09:18:00+00:00
Aisha Kabir,jokonkwo_4,group_chat,2026-04-04 09:18:00+00:00
Joseph Okonkwo,jokonkwo,group_chat,2026-04-04 09:18:20+00:00
Joseph Okonkwo,fdubois,group_chat,2026-04-04 09:18:20+00:00
Joseph Okonkwo,akabir,group_chat,2026-04-04 09:18:20+00:00
Joseph Okonkwo,jokonkwo_4,group_chat,2026-04-04 09:18:20+00:00
François Dubois,jokonkwo,group_chat,2026-04-04 09:19:00+00:00
François Dubois,fdubois,group_chat,2026-04-04 09:19:00+00:00
François Dubois,akabir,group_chat,2026-04-04 09:19:00+00:00
François Dubois,jokonkwo_4,group_chat,2026-04-04 09:19:00+00:00
Joy Okonkwo,jokonkwo,group_chat,2026-04-04 09:19:30+00:00
Joy Okonkwo,fdubois,group_chat,2026-04-04 09:19:30+00:00
Joy Okonkwo,akabir,group_chat,2026-04-04 09:19:30+00:00
Joy Okonkwo,jokonkwo_4,group_chat,2026-04-04 09:19:30+00:00
Aisha Kabir,jokonkwo,group_chat,2026-04-04 09:20:00+00:00
Aisha Kabir,fdubois,group_chat,2026-04-04 09:20:00+00:00
Aisha Kabir,akabir,group_chat,2026-04-04 09:20:00+00:00
Aisha Kabir,jokonkwo_4,group_chat,2026-04-04 09:20:00+00:00
Joseph Okonkwo,jokonkwo,group_chat,2026-04-04 09:20:20+00:00
Joseph Okonkwo,fdubois,group_chat,2026-04-04 09:20:20+00:00
Joseph Okonkwo,akabir,group_chat,2026-04-04 09:20:20+00:00
Joseph Okonkwo,jokonkwo_4,group_chat,2026-04-04 09:20:20+00:00
François Dubois,jokonkwo,group_chat,2026-04-04 09:20:45+00:00
François Dubois,fdubois,group_chat,2026-04-04 09:20:45+00:00
François Dubois,akabir,group_chat,2026-04-04 09:20:45+00:00
François Dubois,jokonkwo_4,group_chat,2026-04-04 09:20:45+00:00
Joy Okonkwo,jokonkwo,group_chat,2026-04-04 09:21:10+00:00
Joy Okonkwo,fdubois,group_chat,2026-04-04 09:21:10+00:00
Joy Okonkwo,akabir,group_chat,2026-04-04 09:21:10+00:00
Joy Okonkwo,jokonkwo_4,group_chat,2026-04-04 09:21:10+00:00
François Dubois,jokonkwo,group_chat,2026-04-04 09:21:30+00:00
François Dubois,fdubois,group_chat,2026-04-04 09:21:30+00:00
François Dubois,akabir,group_chat,2026-04-04 09:21:30+00:00
François Dubois,jokonkwo_4,group_chat,2026-04-04 09:21:30+00:00
Aisha Kabir,jokonkwo,group_chat,2026-04-04 09:22:00+00:00
Aisha Kabir,fdubois,group_chat,2026-04-04 09:22:00+00:00
Aisha Kabir,akabir,group_chat,2026-04-04 09:22:00+00:00
Aisha Kabir,jokonkwo_4,group_chat,2026-04-04 09:22:00+00:00
Joseph Okonkwo,jokonkwo,group_chat,2026-04-04 09:22:30+00:00
Joseph Okonkwo,fdubois,group_chat,2026-04-04 09:22:30+00:00
Joseph Okonkwo,akabir,group_chat,2026-04-04 09:22:30+00:00
Joseph Okonkwo,jokonkwo_4,group_chat,2026-04-04 09:22:30+00:00
Joy Okonkwo,jokonkwo,group_chat,2026-04-04 09:23:00+00:00
Joy Okonkwo,fdubois,group_chat,2026-04-04 09:23:00+00:00
Joy Okonkwo,akabir,group_chat,2026-04-04 09:23:00+00:00
Joy Okonkwo,jokonkwo_4,group_chat,2026-04-04 09:23:00+00:00
François Dubois,jokonkwo,group_chat,2026-04-04 09:23:15+00:00
François Dubois,fdubois,group_chat,2026-04-04 09:23:15+00:00
François Dubois,akabir,group_chat,2026-04-04 09:23:15+00:00
François Dubois,jokonkwo_4,group_chat,2026-04-04 09:23:15+00:00
Kenji Tanaka,ktanaka,group_chat,2026-04-04 09:12:00+00:00
Kenji Tanaka,cnguyen,group_chat,2026-04-04 09:12:00+00:00
Kenji Tanaka,ksingh,group_chat,2026-04-04 09:12:00+00:00
Kenji Tanaka,hmatsuda,group_chat,2026-04-04 09:12:00+00:00
Chi Nguyen,ktanaka,group_chat,2026-04-04 09:13:20+00:00
Chi Nguyen,cnguyen,group_chat,2026-04-04 09:13:20+00:00
Chi Nguyen,ksingh,group_chat,2026-04-04 09:13:20+00:00
Chi Nguyen,hmatsuda,group_chat,2026-04-04 09:13:20+00:00
Karan Singh,ktanaka,group_chat,2026-04-04 09:14:02+00:00
Karan Singh,cnguyen,group_chat,2026-04-04 09:14:02+00:00
Karan Singh,ksingh,group_chat,2026-04-04 09:14:02+00:00
Karan Singh,hmatsuda,group_chat,2026-04-04 09:14:02+00:00
Hiroshi Matsuda,ktanaka,group_chat,2026-04-04 09:14:45+00:00
Hiroshi Matsuda,cnguyen,group_chat,2026-04-04 09:14:45+00:00
Hiroshi Matsuda,ksingh,group_chat,2026-04-04 09:14:45+00:00
Hiroshi Matsuda,hmatsuda,group_chat,2026-04-04 09:14:45+00:00
Kenji Tanaka,ktanaka,group_chat,2026-04-04 09:15:30+00:00
Kenji Tanaka,cnguyen,group_chat,2026-04-04 09:15:30+00:00
Kenji Tanaka,ksingh,group_chat,2026-04-04 09:15:30+00:00
Kenji Tanaka,hmatsuda,group_chat,2026-04-04 09:15:30+00:00
Chi Nguyen,ktanaka,group_chat,2026-04-04 09:16:10+00:00
Chi Nguyen,cnguyen,group_chat,2026-04-04 09:16:10+00:00
Chi Nguyen,ksingh,group_chat,2026-04-04 09:16:10+00:00
Chi Nguyen,hmatsuda,group_chat,2026-04-04 09:16:10+00:00
Karan Singh,ktanaka,group_chat,2026-04-04 09:16:35+00:00
Karan Singh,cnguyen,group_chat,2026-04-04 09:16:35+00:00
Karan Singh,ksingh,group_chat,2026-04-04 09:16:35+00:00
Karan Singh,hmatsuda,group_chat,2026-04-04 09:16:35+00:00
Kenji Tanaka,ktanaka,group_chat,2026-04-04 09:17:05+00:00
Kenji Tanaka,cnguyen,group_chat,2026-04-04 09:17:05+00:00
Kenji Tanaka,ksingh,group_chat,2026-04-04 09:17:05+00:00
Kenji Tanaka,hmatsuda,group_chat,2026-04-04 09:17:05+00:00
Hiroshi Matsuda,ktanaka,group_chat,2026-04-04 09:18:40+00:00
Hiroshi Matsuda,cnguyen,group_chat,2026-04-04 09:18:40+00:00
Hiroshi Matsuda,ksingh,group_chat,2026-04-04 09:18:40+00:00
Hiroshi Matsuda,hmatsuda,group_chat,2026-04-04 09:18:40+00:00
Chi Nguyen,ktanaka,group_chat,2026-04-04 09:19:15+00:00
Chi Nguyen,cnguyen,group_chat,2026-04-04 09:19:15+00:00
Chi Nguyen,ksingh,group_chat,2026-04-04 09:19:15+00:00
Chi Nguyen,hmatsuda,group_chat,2026-04-04 09:19:15+00:00
Karan Singh,ktanaka,group_chat,2026-04-04 09:20:30+00:00
Karan Singh,cnguyen,group_chat,2026-04-04 09:20:30+00:00
Karan Singh,ksingh,group_chat,2026-04-04 09:20:30+00:00
Karan Singh,hmatsuda,group_chat,2026-04-04 09:20:30+00:00
Kenji Tanaka,ktanaka,group_chat,2026-04-04 09:21:05+00:00
Kenji Tanaka,cnguyen,group_chat,2026-04-04 09:21:05+00:00
Kenji Tanaka,ksingh,group_chat,2026-04-04 09:21:05+00:00
Kenji Tanaka,hmatsuda,group_chat,2026-04-04 09:21:05+00:00
Hiroshi Matsuda,ktanaka,group_chat,2026-04-04 09:22:10+00:00
Hiroshi Matsuda,cnguyen,group_chat,2026-04-04 09:22:10+00:00
Hiroshi Matsuda,ksingh,group_chat,2026-04-04 09:22:10+00:00
Hiroshi Matsuda,hmatsuda,group_chat,2026-04-04 09:22:10+00:00
Kenji Tanaka,ktanaka,group_chat,2026-04-04 09:23:50+00:00
Kenji Tanaka,cnguyen,group_chat,2026-04-04 09:23:50+00:00
Kenji Tanaka,ksingh,group_chat,2026-04-04 09:23:50+00:00
Kenji Tanaka,hmatsuda,group_chat,2026-04-04 09:23:50+00:00
Chi Nguyen,ktanaka,group_chat,2026-04-04 09:24:25+00:00
Chi Nguyen,cnguyen,group_chat,2026-04-04 09:24:25+00:00
Chi Nguyen,ksingh,group_chat,2026-04-04 09:24:25+00:00
Chi Nguyen,hmatsuda,group_chat,2026-04-04 09:24:25+00:00
Karan Singh,ktanaka,group_chat,2026-04-04 09:25:40+00:00
Karan Singh,cnguyen,group_chat,2026-04-04 09:25:40+00:00
Karan Singh,ksingh,group_chat,2026-04-04 09:25:40+00:00
Karan Singh,hmatsuda,group_chat,2026-04-04 09:25:40+00:00
Kenji Tanaka,ktanaka,group_chat,2026-04-04 09:26:15+00:00
Kenji Tanaka,cnguyen,group_chat,2026-04-04 09:26:15+00:00
Kenji Tanaka,ksingh,group_chat,2026-04-04 09:26:15+00:00
Kenji Tanaka,hmatsuda,group_chat,2026-04-04 09:26:15+00:00
Hiroshi Matsuda,ktanaka,group_chat,2026-04-04 09:27:30+00:00
Hiroshi Matsuda,cnguyen,group_chat,2026-04-04 09:27:30+00:00
Hiroshi Matsuda,ksingh,group_chat,2026-04-04 09:27:30+00:00
Hiroshi Matsuda,hmatsuda,group_chat,2026-04-04 09:27:30+00:00
Chi Nguyen,ktanaka,group_chat,2026-04-04 09:28:05+00:00
Chi Nguyen,cnguyen,group_chat,2026-04-04 09:28:05+00:00
Chi Nguyen,ksingh,group_chat,2026-04-04 09:28:05+00:00
Chi Nguyen,hmatsuda,group_chat,2026-04-04 09:28:05+00:00
Karan Singh,ktanaka,group_chat,2026-04-04 09:28:45+00:00
Karan Singh,cnguyen,group_chat,2026-04-04 09:28:45+00:00
Karan Singh,ksingh,group_chat,2026-04-04 09:28:45+00:00
Karan Singh,hmatsuda,group_chat,2026-04-04 09:28:45+00:00
Kenji Tanaka,ktanaka,group_chat,2026-04-04 09:30:00+00:00
Kenji Tanaka,cnguyen,group_chat,2026-04-04 09:30:00+00:00
Kenji Tanaka,ksingh,group_chat,2026-04-04 09:30:00+00:00
Kenji Tanaka,hmatsuda,group_chat,2026-04-04 09:30:00+00:00
Hiroshi Matsuda,ktanaka,group_chat,2026-04-04 09:31:20+00:00
Hiroshi Matsuda,cnguyen,group_chat,2026-04-04 09:31:20+00:00
Hiroshi Matsuda,ksingh,group_chat,2026-04-04 09:31:20+00:00
Hiroshi Matsuda,hmatsuda,group_chat,2026-04-04 09:31:20+00:00
Chi Nguyen,ktanaka,group_chat,2026-04-04 09:32:00+00:00
Chi Nguyen,cnguyen,group_chat,2026-04-04 09:32:00+00:00
Chi Nguyen,ksingh,group_chat,2026-04-04 09:32:00+00:00
Chi Nguyen,hmatsuda,group_chat,2026-04-04 09:32:00+00:00
maria_garcia,mgarcia,group_chat,2026-04-04 09:12:34+00:00
maria_garcia,lhaddad,group_chat,2026-04-04 09:12:34+00:00
maria_garcia,drossi,group_chat,2026-04-04 09:12:34+00:00
maria_garcia,smensah,group_chat,2026-04-04 09:12:34+00:00
layla_haddad,mgarcia,group_chat,2026-04-04 09:13:02+00:00
layla_haddad,lhaddad,group_chat,2026-04-04 09:13:02+00:00
layla_haddad,drossi,group_chat,2026-04-04 09:13:02+00:00
layla_haddad,smensah,group_chat,2026-04-04 09:13:02+00:00
daniela_rossi,mgarcia,group_chat,2026-04-04 09:13:29+00:00
daniela_rossi,lhaddad,group_chat,2026-04-04 09:13:29+00:00
daniela_rossi,drossi,group_chat,2026-04-04 09:13:29+00:00
daniela_rossi,smensah,group_chat,2026-04-04 09:13:29+00:00
maria_garcia,mgarcia,group_chat,2026-04-04 09:14:10+00:00
maria_garcia,lhaddad,group_chat,2026-04-04 09:14:10+00:00
maria_garcia,drossi,group_chat,2026-04-04 09:14:10+00:00
maria_garcia,smensah,group_chat,2026-04-04 09:14:10+00:00
layla_haddad,mgarcia,group_chat,2026-04-04 09:15:21+00:00
layla_haddad,lhaddad,group_chat,2026-04-04 09:15:21+00:00
layla_haddad,drossi,group_chat,2026-04-04 09:15:21+00:00
layla_haddad,smensah,group_chat,2026-04-04 09:15:21+00:00
samuel_mensah,mgarcia,group_chat,2026-04-04 09:16:03+00:00
samuel_mensah,lhaddad,group_chat,2026-04-04 09:16:03+00:00
samuel_mensah,drossi,group_chat,2026-04-04 09:16:03+00:00
samuel_mensah,smensah,group_chat,2026-04-04 09:16:03+00:00
daniela_rossi,mgarcia,group_chat,2026-04-04 09:16:47+00:00
daniela_rossi,lhaddad,group_chat,2026-04-04 09:16:47+00:00
daniela_rossi,drossi,group_chat,2026-04-04 09:16:47+00:00
daniela_rossi,smensah,group_chat,2026-04-04 09:16:47+00:00
maria_garcia,mgarcia,group_chat,2026-04-04 09:17:15+00:00
maria_garcia,lhaddad,group_chat,2026-04-04 09:17:15+00:00
maria_garcia,drossi,group_chat,2026-04-04 09:17:15+00:00
maria_garcia,smensah,group_chat,2026-04-04 09:17:15+00:00
samuel_mensah,mgarcia,group_chat,2026-04-04 09:18:22+00:00
samuel_mensah,lhaddad,group_chat,2026-04-04 09:18:22+00:00
samuel_mensah,drossi,group_chat,2026-04-04 09:18:22+00:00
samuel_mensah,smensah,group_chat,2026-04-04 09:18:22+00:00
layla_haddad,mgarcia,group_chat,2026-04-04 09:19:11+00:00
layla_haddad,lhaddad,group_chat,2026-04-04 09:19:11+00:00
layla_haddad,drossi,group_chat,2026-04-04 09:19:11+00:00
layla_haddad,smensah,group_chat,2026-04-04 09:19:11+00:00
maria_garcia,mgarcia,group_chat,2026-04-04 09:19:45+00:00
maria_garcia,lhaddad,group_chat,2026-04-04 09:19:45+00:00
maria_garcia,drossi,group_chat,2026-04-04 09:19:45+00:00
maria_garcia,smensah,group_chat,2026-04-04 09:19:45+00:00
daniela_rossi,mgarcia,group_chat,2026-04-04 09:20:12+00:00
daniela_rossi,lhaddad,group_chat,2026-04-04 09:20:12+00:00
daniela_rossi,drossi,group_chat,2026-04-04 09:20:12+00:00
daniela_rossi,smensah,group_chat,2026-04-04 09:20:12+00:00
samuel_mensah,mgarcia,group_chat,2026-04-04 09:20:55+00:00
samuel_mensah,lhaddad,group_chat,2026-04-04 09:20:55+00:00
samuel_mensah,drossi,group_chat,2026-04-04 09:20:55+00:00
samuel_mensah,smensah,group_chat,2026-04-04 09:20:55+00:00
maria_garcia,mgarcia,group_chat,2026-04-04 09:21:40+00:00
maria_garcia,lhaddad,group_chat,2026-04-04 09:21:40+00:00
maria_garcia,drossi,group_chat,2026-04-04 09:21:40+00:00
maria_garcia,smensah,group_chat,2026-04-04 09:21:40+00:00
layla_haddad,mgarcia,group_chat,2026-04-04 09:22:15+00:00
layla_haddad,lhaddad,group_chat,2026-04-04 09:22:15+00:00
layla_haddad,drossi,group_chat,2026-04-04 09:22:15+00:00
layla_haddad,smensah,group_chat,2026-04-04 09:22:15+00:00
daniela_rossi,mgarcia,group_chat,2026-04-04 09:22:47+00:00
daniela_rossi,lhaddad,group_chat,2026-04-04 09:22:47+00:00
daniela_rossi,drossi,group_chat,2026-04-04 09:22:47+00:00
daniela_rossi,smensah,group_chat,2026-04-04 09:22:47+00:00
samuel_mensah,mgarcia,group_chat,2026-04-04 09:23:12+00:00
samuel_mensah,lhaddad,group_chat,2026-04-04 09:23:12+00:00
samuel_mensah,drossi,group_chat,2026-04-04 09:23:12+00:00
samuel_mensah,smensah,group_chat,2026-04-04 09:23:12+00:00
maria_garcia,mgarcia,group_chat,2026-04-04 09:23:45+00:00
maria_garcia,lhaddad,group_chat,2026-04-04 09:23:45+00:00
maria_garcia,drossi,group_chat,2026-04-04 09:23:45+00:00
maria_garcia,smensah,group_chat,2026-04-04 09:23:45+00:00
daniela_rossi,mgarcia,group_chat,2026-04-04 09:24:09+00:00
daniela_rossi,lhaddad,group_chat,2026-04-04 09:24:09+00:00
daniela_rossi,drossi,group_chat,2026-04-04 09:24:09+00:00
daniela_rossi,smensah,group_chat,2026-04-04 09:24:09+00:00
layla_haddad,mgarcia,group_chat,2026-04-04 09:24:37+00:00
layla_haddad,lhaddad,group_chat,2026-04-04 09:24:37+00:00
layla_haddad,drossi,group_chat,2026-04-04 09:24:37+00:00
layla_haddad,smensah,group_chat,2026-04-04 09:24:37+00:00
maria_garcia,mgarcia,group_chat,2026-04-04 09:25:10+00:00
maria_garcia,lhaddad,group_chat,2026-04-04 09:25:10+00:00
maria_garcia,drossi,group_chat,2026-04-04 09:25:10+00:00
maria_garcia,smensah,group_chat,2026-04-04 09:25:10+00:00
samuel_mensah,mgarcia,group_chat,2026-04-04 09:25:42+00:00
samuel_mensah,lhaddad,group_chat,2026-04-04 09:25:42+00:00
samuel_mensah,drossi,group_chat,2026-04-04 09:25:42+00:00
samuel_mensah,smensah,group_chat,2026-04-04 09:25:42+00:00
maria_garcia,mgarcia,group_chat,2026-04-04 09:26:10+00:00
maria_garcia,lhaddad,group_chat,2026-04-04 09:26:10+00:00
maria_garcia,drossi,group_chat,2026-04-04 09:26:10+00:00
maria_garcia,smensah,group_chat,2026-04-04 09:26:10+00:00
Layla Haddad,lhaddad,group_chat,2026-04-04 09:05:00+00:00
Layla Haddad,smensah,group_chat,2026-04-04 09:05:00+00:00
Layla Haddad,jokafor,group_chat,2026-04-04 09:05:00+00:00
Layla Haddad,yabdul,group_chat,2026-04-04 09:05:00+00:00
Samuel Mensah,lhaddad,group_chat,2026-04-04 09:06:15+00:00
Samuel Mensah,smensah,group_chat,2026-04-04 09:06:15+00:00
Samuel Mensah,jokafor,group_chat,2026-04-04 09:06:15+00:00
Samuel Mensah,yabdul,group_chat,2026-04-04 09:06:15+00:00
Joy Okafor,lhaddad,group_chat,2026-04-04 09:07:02+00:00
Joy Okafor,smensah,group_chat,2026-04-04 09:07:02+00:00
Joy Okafor,jokafor,group_chat,2026-04-04 09:07:02+00:00
Joy Okafor,yabdul,group_chat,2026-04-04 09:07:02+00:00
Layla Haddad,lhaddad,group_chat,2026-04-04 09:07:15+00:00
Layla Haddad,smensah,group_chat,2026-04-04 09:07:15+00:00
Layla Haddad,jokafor,group_chat,2026-04-04 09:07:15+00:00
Layla Haddad,yabdul,group_chat,2026-04-04 09:07:15+00:00
Yasmin Abdul,lhaddad,group_chat,2026-04-04 09:08:10+00:00
Yasmin Abdul,smensah,group_chat,2026-04-04 09:08:10+00:00
Yasmin Abdul,jokafor,group_chat,2026-04-04 09:08:10+00:00
Yasmin Abdul,yabdul,group_chat,2026-04-04 09:08:10+00:00
Samuel Mensah,lhaddad,group_chat,2026-04-04 09:08:35+00:00
Samuel Mensah,smensah,group_chat,2026-04-04 09:08:35+00:00
Samuel Mensah,jokafor,group_chat,2026-04-04 09:08:35+00:00
Samuel Mensah,yabdul,group_chat,2026-04-04 09:08:35+00:00
Layla Haddad,lhaddad,group_chat,2026-04-04 09:09:20+00:00
Layla Haddad,smensah,group_chat,2026-04-04 09:09:20+00:00
Layla Haddad,jokafor,group_chat,2026-04-04 09:09:20+00:00
Layla Haddad,yabdul,group_chat,2026-04-04 09:09:20+00:00
Joy Okafor,lhaddad,group_chat,2026-04-04 09:10:10+00:00
Joy Okafor,smensah,group_chat,2026-04-04 09:10:10+00:00
Joy Okafor,jokafor,group_chat,2026-04-04 09:10:10+00:00
Joy Okafor,yabdul,group_chat,2026-04-04 09:10:10+00:00
Yasmin Abdul,lhaddad,group_chat,2026-04-04 09:11:00+00:00
Yasmin Abdul,smensah,group_chat,2026-04-04 09:11:00+00:00
Yasmin Abdul,jokafor,group_chat,2026-04-04 09:11:00+00:00
Yasmin Abdul,yabdul,group_chat,2026-04-04 09:11:00+00:00
Samuel Mensah,lhaddad,group_chat,2026-04-04 09:12:20+00:00
Samuel Mensah,smensah,group_chat,2026-04-04 09:12:20+00:00
Samuel Mensah,jokafor,group_chat,2026-04-04 09:12:20+00:00
Samuel Mensah,yabdul,group_chat,2026-04-04 09:12:20+00:00
Layla Haddad,lhaddad,group_chat,2026-04-04 09:13:05+00:00
Layla Haddad,smensah,group_chat,2026-04-04 09:13:05+00:00
Layla Haddad,jokafor,group_chat,2026-04-04 09:13:05+00:00
Layla Haddad,yabdul,group_chat,2026-04-04 09:13:05+00:00
Joy Okafor,lhaddad,group_chat,2026-04-04 09:13:40+00:00
Joy Okafor,smensah,group_chat,2026-04-04 09:13:40+00:00
Joy Okafor,jokafor,group_chat,2026-04-04 09:13:40+00:00
Joy Okafor,yabdul,group_chat,2026-04-04 09:13:40+00:00
Yasmin Abdul,lhaddad,group_chat,2026-04-04 09:14:10+00:00
Yasmin Abdul,smensah,group_chat,2026-04-04 09:14:10+00:00
Yasmin Abdul,jokafor,group_chat,2026-04-04 09:14:10+00:00
Yasmin Abdul,yabdul,group_chat,2026-04-04 09:14:10+00:00
Samuel Mensah,lhaddad,group_chat,2026-04-04 09:14:50+00:00
Samuel Mensah,smensah,group_chat,2026-04-04 09:14:50+00:00
Samuel Mensah,jokafor,group_chat,2026-04-04 09:14:50+00:00
Samuel Mensah,yabdul,group_chat,2026-04-04 09:14:50+00:00
Layla Haddad,lhaddad,group_chat,2026-04-04 09:15:20+00:00
Layla Haddad,smensah,group_chat,2026-04-04 09:15:20+00:00
Layla Haddad,jokafor,group_chat,2026-04-04 09:15:20+00:00
Layla Haddad,yabdul,group_chat,2026-04-04 09:15:20+00:00
Joy Okafor,lhaddad,group_chat,2026-04-04 09:16:05+00:00
Joy Okafor,smensah,group_chat,2026-04-04 09:16:05+00:00
Joy Okafor,jokafor,group_chat,2026-04-04 09:16:05+00:00
Joy Okafor,yabdul,group_chat,2026-04-04 09:16:05+00:00
Yasmin Abdul,lhaddad,group_chat,2026-04-04 09:17:10+00:00
Yasmin Abdul,smensah,group_chat,2026-04-04 09:17:10+00:00
Yasmin Abdul,jokafor,group_chat,2026-04-04 09:17:10+00:00
Yasmin Abdul,yabdul,group_chat,2026-04-04 09:17:10+00:00
Samuel Mensah,lhaddad,group_chat,2026-04-04 09:18:30+00:00
Samuel Mensah,smensah,group_chat,2026-04-04 09:18:30+00:00
Samuel Mensah,jokafor,group_chat,2026-04-04 09:18:30+00:00
Samuel Mensah,yabdul,group_chat,2026-04-04 09:18:30+00:00
Layla Haddad,lhaddad,group_chat,2026-04-04 09:19:15+00:00
Layla Haddad,smensah,group_chat,2026-04-04 09:19:15+00:00
Layla Haddad,jokafor,group_chat,2026-04-04 09:19:15+00:00
Layla Haddad,yabdul,group_chat,2026-04-04 09:19:15+00:00
Joy Okafor,lhaddad,group_chat,2026-04-04 09:20:00+00:00
Joy Okafor,smensah,group_chat,2026-04-04 09:20:00+00:00
Joy Okafor,jokafor,group_chat,2026-04-04 09:20:00+00:00
Joy Okafor,yabdul,group_chat,2026-04-04 09:20:00+00:00
francois_dubois,fdubois,group_chat,2026-04-04 10:02:15+00:00
francois_dubois,akabir,group_chat,2026-04-04 10:02:15+00:00
francois_dubois,jokonkwo_4,group_chat,2026-04-04 10:02:15+00:00
aisha_kabir,fdubois,group_chat,2026-04-04 10:03:22+00:00
aisha_kabir,akabir,group_chat,2026-04-04 10:03:22+00:00
aisha_kabir,jokonkwo_4,group_chat,2026-04-04 10:03:22+00:00
joseph_okonkwo,fdubois,group_chat,2026-04-04 10:03:55+00:00
joseph_okonkwo,akabir,group_chat,2026-04-04 10:03:55+00:00
joseph_okonkwo,jokonkwo_4,group_chat,2026-04-04 10:03:55+00:00
aisha_kabir,fdubois,group_chat,2026-04-04 10:04:10+00:00
aisha_kabir,akabir,group_chat,2026-04-04 10:04:10+00:00
aisha_kabir,jokonkwo_4,group_chat,2026-04-04 10:04:10+00:00
francois_dubois,fdubois,group_chat,2026-04-04 10:05:43+00:00
francois_dubois,akabir,group_chat,2026-04-04 10:05:43+00:00
francois_dubois,jokonkwo_4,group_chat,2026-04-04 10:05:43+00:00
aisha_kabir,fdubois,group_chat,2026-04-04 10:06:12+00:00
aisha_kabir,akabir,group_chat,2026-04-04 10:06:12+00:00
aisha_kabir,jokonkwo_4,group_chat,2026-04-04 10:06:12+00:00
joseph_okonkwo,fdubois,group_chat,2026-04-04 10:08:27+00:00
joseph_okonkwo,akabir,group_chat,2026-04-04 10:08:27+00:00
joseph_okonkwo,jokonkwo_4,group_chat,2026-04-04 10:08:27+00:00
aisha_kabir,fdubois,group_chat,2026-04-04 10:09:01+00:00
aisha_kabir,akabir,group_chat,2026-04-04 10:09:01+00:00
aisha_kabir,jokonkwo_4,group_chat,2026-04-04 10:09:01+00:00
francois_dubois,fdubois,group_chat,2026-04-04 10:10:18+00:00
francois_dubois,akabir,group_chat,2026-04-04 10:10:18+00:00
francois_dubois,jokonkwo_4,group_chat,2026-04-04 10:10:18+00:00
aisha_kabir,fdubois,group_chat,2026-04-04 10:11:02+00:00
aisha_kabir,akabir,group_chat,2026-04-04 10:11:02+00:00
aisha_kabir,jokonkwo_4,group_chat,2026-04-04 10:11:02+00:00
francois_dubois,fdubois,group_chat,2026-04-04 10:11:25+00:00
francois_dubois,akabir,group_chat,2026-04-04 10:11:25+00:00
francois_dubois,jokonkwo_4,group_chat,2026-04-04 10:11:25+00:00
aisha_kabir,fdubois,group_chat,2026-04-04 10:11:40+00:00
aisha_kabir,akabir,group_chat,2026-04-04 10:11:40+00:00
aisha_kabir,jokonkwo_4,group_chat,2026-04-04 10:11:40+00:00
joseph_okonkwo,fdubois,group_chat,2026-04-04 10:12:15+00:00
joseph_okonkwo,akabir,group_chat,2026-04-04 10:12:15+00:00
joseph_okonkwo,jokonkwo_4,group_chat,2026-04-04 10:12:15+00:00
aisha_kabir,fdubois,group_chat,2026-04-04 10:12:50+00:00
aisha_kabir,akabir,group_chat,2026-04-04 10:12:50+00:00
aisha_kabir,jokonkwo_4,group_chat,2026-04-04 10:12:50+00:00
aisha_kabir,fdubois,group_chat,2026-04-04 10:15:03+00:00
aisha_kabir,akabir,group_chat,2026-04-04 10:15:03+00:00
aisha_kabir,jokonkwo_4,group_chat,2026-04-04 10:15:03+00:00
joseph_okonkwo,fdubois,group_chat,2026-04-04 10:15:20+00:00
joseph_okonkwo,akabir,group_chat,2026-04-04 10:15:20+00:00
joseph_okonkwo,jokonkwo_4,group_chat,2026-04-04 10:15:20+00:00
francois_dubois,fdubois,group_chat,2026-04-04 10:16:05+00:00
francois_dubois,akabir,group_chat,2026-04-04 10:16:05+00:00
francois_dubois,jokonkwo_4,group_chat,2026-04-04 10:16:05+00:00
aisha_kabir,fdubois,group_chat,2026-04-04 10:16:40+00:00
aisha_kabir,akabir,group_chat,2026-04-04 10:16:40+00:00
aisha_kabir,jokonkwo_4,group_chat,2026-04-04 10:16:40+00:00
aisha_kabir,fdubois,group_chat,2026-04-04 10:18:12+00:00
aisha_kabir,akabir,group_chat,2026-04-04 10:18:12+00:00
aisha_kabir,jokonkwo_4,group_chat,2026-04-04 10:18:12+00:00
joseph_okonkwo,fdubois,group_chat,2026-04-04 10:18:30+00:00
joseph_okonkwo,akabir,group_chat,2026-04-04 10:18:30+00:00
joseph_okonkwo,jokonkwo_4,group_chat,2026-04-04 10:18:30+00:00
francois_dubois,fdubois,group_chat,2026-04-04 10:19:05+00:00
francois_dubois,akabir,group_chat,2026-04-04 10:19:05+00:00
francois_dubois,jokonkwo_4,group_chat,2026-04-04 10:19:05+00:00
aisha_kabir,fdubois,group_chat,2026-04-04 10:19:23+00:00
aisha_kabir,akabir,group_chat,2026-04-04 10:19:23+00:00
aisha_kabir,jokonkwo_4,group_chat,2026-04-04 10:19:23+00:00
joseph_okonkwo,fdubois,group_chat,2026-04-04 10:19:50+00:00
joseph_okonkwo,akabir,group_chat,2026-04-04 10:19:50+00:00
joseph_okonkwo,jokonkwo_4,group_chat,2026-04-04 10:19:50+00:00
Joseph Okonkwo,jokonkwo_4,group_chat,2026-04-04 14:02:15+00:00
Joseph Okonkwo,akabir,group_chat,2026-04-04 14:02:15+00:00
Aisha Kabir,jokonkwo_4,group_chat,2026-04-04 14:02:23+00:00
Aisha Kabir,akabir,group_chat,2026-04-04 14:02:23+00:00
Joseph Okonkwo,jokonkwo_4,group_chat,2026-04-04 14:03:10+00:00
Joseph Okonkwo,akabir,group_chat,2026-04-04 14:03:10+00:00
Aisha Kabir,jokonkwo_4,group_chat,2026-04-04 14:03:22+00:00
Aisha Kabir,akabir,group_chat,2026-04-04 14:03:22+00:00
Aisha Kabir,jokonkwo_4,group_chat,2026-04-04 14:04:10+00:00
Aisha Kabir,akabir,group_chat,2026-04-04 14:04:10+00:00
Joseph Okonkwo,jokonkwo_4,group_chat,2026-04-04 14:04:23+00:00
Joseph Okonkwo,akabir,group_chat,2026-04-04 14:04:23+00:00
Aisha Kabir,jokonkwo_4,group_chat,2026-04-04 14:05:10+00:00
Aisha Kabir,akabir,group_chat,2026-04-04 14:05:10+00:00
Joseph Okonkwo,jokonkwo_4,group_chat,2026-04-04 14:05:25+00:00
Joseph Okonkwo,akabir,group_chat,2026-04-04 14:05:25+00:00
Aisha Kabir,jokonkwo_4,group_chat,2026-04-04 14:06:00+00:00
Aisha Kabir,akabir,group_chat,2026-04-04 14:06:00+00:00
Joseph Okonkwo,jokonkwo_4,group_chat,2026-04-04 14:06:12+00:00
Joseph Okonkwo,akabir,group_chat,2026-04-04 14:06:12+00:00
Aisha Kabir,jokonkwo_4,group_chat,2026-04-04 14:07:30+00:00
Aisha Kabir,akabir,group_chat,2026-04-04 14:07:30+00:00
Joseph Okonkwo,jokonkwo_4,group_chat,2026-04-04 14:07:45+00:00
Joseph Okonkwo,akabir,group_chat,2026-04-04 14:07:45+00:00
Aisha Kabir,jokonkwo_4,group_chat,2026-04-04 14:08:10+00:00
Aisha Kabir,akabir,group_chat,2026-04-04 14:08:10+00:00
Joseph Okonkwo,jokonkwo_4,group_chat,2026-04-04 14:08:25+00:00
Joseph Okonkwo,akabir,group_chat,2026-04-04 14:08:25+00:00
Chi Nguyen,cnguyen,group_chat,2026-04-04 10:02:15+00:00
Chi Nguyen,ksingh,group_chat,2026-04-04 10:02:15+00:00
Karan Singh,cnguyen,group_chat,2026-04-04 10:02:34+00:00
Karan Singh,ksingh,group_chat,2026-04-04 10:02:34+00:00
Chi Nguyen,cnguyen,group_chat,2026-04-04 10:02:46+00:00
Chi Nguyen,ksingh,group_chat,2026-04-04 10:02:46+00:00
Karan Singh,cnguyen,group_chat,2026-04-04 10:03:12+00:00
Karan Singh,ksingh,group_chat,2026-04-04 10:03:12+00:00
Chi Nguyen,cnguyen,group_chat,2026-04-04 10:03:25+00:00
Chi Nguyen,ksingh,group_chat,2026-04-04 10:03:25+00:00
Chi Nguyen,cnguyen,group_chat,2026-04-04 10:04:10+00:00
Chi Nguyen,ksingh,group_chat,2026-04-04 10:04:10+00:00
Karan Singh,cnguyen,group_chat,2026-04-04 10:05:01+00:00
Karan Singh,ksingh,group_chat,2026-04-04 10:05:01+00:00
Chi Nguyen,cnguyen,group_chat,2026-04-04 10:05:30+00:00
Chi Nguyen,ksingh,group_chat,2026-04-04 10:05:30+00:00
Karan Singh,cnguyen,group_chat,2026-04-04 10:05:44+00:00
Karan Singh,ksingh,group_chat,2026-04-04 10:05:44+00:00
Chi Nguyen,cnguyen,group_chat,2026-04-04 10:06:08+00:00
Chi Nguyen,ksingh,group_chat,2026-04-04 10:06:08+00:00
Karan Singh,cnguyen,group_chat,2026-04-04 10:06:24+00:00
Karan Singh,ksingh,group_chat,2026-04-04 10:06:24+00:00
Chi Nguyen,cnguyen,group_chat,2026-04-04 10:07:03+00:00
Chi Nguyen,ksingh,group_chat,2026-04-04 10:07:03+00:00
Karan Singh,cnguyen,group_chat,2026-04-04 10:07:45+00:00
Karan Singh,ksingh,group_chat,2026-04-04 10:07:45+00:00
Chi Nguyen,cnguyen,group_chat,2026-04-04 10:08:12+00:00
Chi Nguyen,ksingh,group_chat,2026-04-04 10:08:12+00:00
Samuel Mensah,smensah,group_chat,2026-04-04 09:01:12+00:00
Samuel Mensah,jokafor,group_chat,2026-04-04 09:01:12+00:00
Samuel Mensah,yabdul,group_chat,2026-04-04 09:01:12+00:00
Joy Okafor,smensah,group_chat,2026-04-04 09:01:20+00:00
Joy Okafor,jokafor,group_chat,2026-04-04 09:01:20+00:00
Joy Okafor,yabdul,group_chat,2026-04-04 09:01:20+00:00
Yasmin Abdul,smensah,group_chat,2026-04-04 09:01:25+00:00
Yasmin Abdul,jokafor,group_chat,2026-04-04 09:01:25+00:00
Yasmin Abdul,yabdul,group_chat,2026-04-04 09:01:25+00:00
Joy Okafor,smensah,group_chat,2026-04-04 09:02:33+00:00
Joy Okafor,jokafor,group_chat,2026-04-04 09:02:33+00:00
Joy Okafor,yabdul,group_chat,2026-04-04 09:02:33+00:00
Samuel Mensah,smensah,group_chat,2026-04-04 09:02:45+00:00
Samuel Mensah,jokafor,group_chat,2026-04-04 09:02:45+00:00
Samuel Mensah,yabdul,group_chat,2026-04-04 09:02:45+00:00
Samuel Mensah,smensah,group_chat,2026-04-04 09:03:10+00:00
Samuel Mensah,jokafor,group_chat,2026-04-04 09:03:10+00:00
Samuel Mensah,yabdul,group_chat,2026-04-04 09:03:10+00:00
Yasmin Abdul,smensah,group_chat,2026-04-04 09:03:15+00:00
Yasmin Abdul,jokafor,group_chat,2026-04-04 09:03:15+00:00
Yasmin Abdul,yabdul,group_chat,2026-04-04 09:03:15+00:00
Joy Okafor,smensah,group_chat,2026-04-04 09:03:50+00:00
Joy Okafor,jokafor,group_chat,2026-04-04 09:03:50+00:00
Joy Okafor,yabdul,group_chat,2026-04-04 09:03:50+00:00
Samuel Mensah,smensah,group_chat,2026-04-04 09:04:01+00:00
Samuel Mensah,jokafor,group_chat,2026-04-04 09:04:01+00:00
Samuel Mensah,yabdul,group_chat,2026-04-04 09:04:01+00:00
Yasmin Abdul,smensah,group_chat,2026-04-04 09:05:20+00:00
Yasmin Abdul,jokafor,group_chat,2026-04-04 09:05:20+00:00
Yasmin Abdul,yabdul,group_chat,2026-04-04 09:05:20+00:00
Samuel Mensah,smensah,group_chat,2026-04-04 09:05:35+00:00
Samuel Mensah,jokafor,group_chat,2026-04-04 09:05:35+00:00
Samuel Mensah,yabdul,group_chat,2026-04-04 09:05:35+00:00
Yasmin Abdul,smensah,group_chat,2026-04-04 09:06:02+00:00
Yasmin Abdul,jokafor,group_chat,2026-04-04 09:06:02+00:00
Yasmin Abdul,yabdul,group_chat,2026-04-04 09:06:02+00:00
Yasmin Abdul,smensah,group_chat,2026-04-04 09:06:10+00:00
Yasmin Abdul,jokafor,group_chat,2026-04-04 09:06:10+00:00
Yasmin Abdul,yabdul,group_chat,2026-04-04 09:06:10+00:00
Samuel Mensah,smensah,group_chat,2026-04-04 09:06:25+00:00
Samuel Mensah,jokafor,group_chat,2026-04-04 09:06:25+00:00
Samuel Mensah,yabdul,group_chat,2026-04-04 09:06:25+00:00
Joy Okafor,smensah,group_chat,2026-04-04 09:07:30+00:00
Joy Okafor,jokafor,group_chat,2026-04-04 09:07:30+00:00
Joy Okafor,yabdul,group_chat,2026-04-04 09:07:30+00:00
Yasmin Abdul,smensah,group_chat,2026-04-04 09:07:45+00:00
Yasmin Abdul,jokafor,group_chat,2026-04-04 09:07:45+00:00
Yasmin Abdul,yabdul,group_chat,2026-04-04 09:07:45+00:00
Joy Okafor,smensah,group_chat,2026-04-04 09:08:00+00:00
Joy Okafor,jokafor,group_chat,2026-04-04 09:08:00+00:00
Joy Okafor,yabdul,group_chat,2026-04-04 09:08:00+00:00
Samuel Mensah,smensah,group_chat,2026-04-04 09:08:30+00:00
Samuel Mensah,jokafor,group_chat,2026-04-04 09:08:30+00:00
Samuel Mensah,yabdul,group_chat,2026-04-04 09:08:30+00:00
Yasmin Abdul,smensah,group_chat,2026-04-04 09:08:45+00:00
Yasmin Abdul,jokafor,group_chat,2026-04-04 09:08:45+00:00
Yasmin Abdul,yabdul,group_chat,2026-04-04 09:08:45+00:00
Joy Okafor,smensah,group_chat,2026-04-04 09:09:00+00:00
Joy Okafor,jokafor,group_chat,2026-04-04 09:09:00+00:00
Joy Okafor,yabdul,group_chat,2026-04-04 09:09:00+00:00
Samuel Mensah,smensah,group_chat,2026-04-04 09:09:15+00:00
Samuel Mensah,jokafor,group_chat,2026-04-04 09:09:15+00:00
Samuel Mensah,yabdul,group_chat,2026-04-04 09:09:15+00:00
Samuel Mensah,smensah,group_chat,2026-04-04 14:02:13+00:00
Samuel Mensah,jokafor,group_chat,2026-04-04 14:02:13+00:00
Samuel Mensah,aramirez,group_chat,2026-04-04 14:02:13+00:00
Ana Ramirez,smensah,group_chat,2026-04-04 14:02:35+00:00
Ana Ramirez,jokafor,group_chat,2026-04-04 14:02:35+00:00
Ana Ramirez,aramirez,group_chat,2026-04-04 14:02:35+00:00
Joy Okafor,smensah,group_chat,2026-04-04 14:03:02+00:00
Joy Okafor,jokafor,group_chat,2026-04-04 14:03:02+00:00
Joy Okafor,aramirez,group_chat,2026-04-04 14:03:02+00:00
Samuel Mensah,smensah,group_chat,2026-04-04 14:03:15+00:00
Samuel Mensah,jokafor,group_chat,2026-04-04 14:03:15+00:00
Samuel Mensah,aramirez,group_chat,2026-04-04 14:03:15+00:00
Ana Ramirez,smensah,group_chat,2026-04-04 14:04:11+00:00
Ana Ramirez,jokafor,group_chat,2026-04-04 14:04:11+00:00
Ana Ramirez,aramirez,group_chat,2026-04-04 14:04:11+00:00
Joy Okafor,smensah,group_chat,2026-04-04 14:04:25+00:00
Joy Okafor,jokafor,group_chat,2026-04-04 14:04:25+00:00
Joy Okafor,aramirez,group_chat,2026-04-04 14:04:25+00:00
Samuel Mensah,smensah,group_chat,2026-04-04 14:05:10+00:00
Samuel Mensah,jokafor,group_chat,2026-04-04 14:05:10+00:00
Samuel Mensah,aramirez,group_chat,2026-04-04 14:05:10+00:00
Ana Ramirez,smensah,group_chat,2026-04-04 14:06:03+00:00
Ana Ramirez,jokafor,group_chat,2026-04-04 14:06:03+00:00
Ana Ramirez,aramirez,group_chat,2026-04-04 14:06:03+00:00
Ana Ramirez,smensah,group_chat,2026-04-04 14:06:20+00:00
Ana Ramirez,jokafor,group_chat,2026-04-04 14:06:20+00:00
Ana Ramirez,aramirez,group_chat,2026-04-04 14:06:20+00:00
Joy Okafor,smensah,group_chat,2026-04-04 14:06:48+00:00
Joy Okafor,jokafor,group_chat,2026-04-04 14:06:48+00:00
Joy Okafor,aramirez,group_chat,2026-04-04 14:06:48+00:00
Samuel Mensah,smensah,group_chat,2026-04-04 14:07:10+00:00
Samuel Mensah,jokafor,group_chat,2026-04-04 14:07:10+00:00
Samuel Mensah,aramirez,group_chat,2026-04-04 14:07:10+00:00
Ana Ramirez,smensah,group_chat,2026-04-04 14:07:30+00:00
Ana Ramirez,jokafor,group_chat,2026-04-04 14:07:30+00:00
Ana Ramirez,aramirez,group_chat,2026-04-04 14:07:30+00:00
Joy Okafor,smensah,group_chat,2026-04-04 14:07:45+00:00
Joy Okafor,jokafor,group_chat,2026-04-04 14:07:45+00:00
Joy Okafor,aramirez,group_chat,2026-04-04 14:07:45+00:00
Samuel Mensah,smensah,group_chat,2026-04-04 14:08:10+00:00
Samuel Mensah,jokafor,group_chat,2026-04-04 14:08:10+00:00
Samuel Mensah,aramirez,group_chat,2026-04-04 14:08:10+00:00
Ana Ramirez,smensah,group_chat,2026-04-04 14:08:25+00:00
Ana Ramirez,jokafor,group_chat,2026-04-04 14:08:25+00:00
Ana Ramirez,aramirez,group_chat,2026-04-04 14:08:25+00:00
Joy Okafor,smensah,group_chat,2026-04-04 14:09:00+00:00
Joy Okafor,jokafor,group_chat,2026-04-04 14:09:00+00:00
Joy Okafor,aramirez,group_chat,2026-04-04 14:09:00+00:00
Samuel Mensah,smensah,group_chat,2026-04-04 14:09:10+00:00
Samuel Mensah,jokafor,group_chat,2026-04-04 14:09:10+00:00
Samuel Mensah,aramirez,group_chat,2026-04-04 14:09:10+00:00
Ana Ramirez,smensah,group_chat,2026-04-04 14:10:05+00:00
Ana Ramirez,jokafor,group_chat,2026-04-04 14:10:05+00:00
Ana Ramirez,aramirez,group_chat,2026-04-04 14:10:05+00:00
Samuel Mensah,smensah,group_chat,2026-04-04 14:10:25+00:00
Samuel Mensah,jokafor,group_chat,2026-04-04 14:10:25+00:00
Samuel Mensah,aramirez,group_chat,2026-04-04 14:10:25+00:00
Aisha Kabir,akabir,group_chat,2026-04-04 14:01:05+00:00
Aisha Kabir,fdubois,group_chat,2026-04-04 14:01:05+00:00
François Dubois,akabir,group_chat,2026-04-04 14:01:10+00:00
François Dubois,fdubois,group_chat,2026-04-04 14:01:10+00:00
Aisha Kabir,akabir,group_chat,2026-04-04 14:02:45+00:00
Aisha Kabir,fdubois,group_chat,2026-04-04 14:02:45+00:00
François Dubois,akabir,group_chat,2026-04-04 14:02:50+00:00
François Dubois,fdubois,group_chat,2026-04-04 14:02:50+00:00
Aisha Kabir,akabir,group_chat,2026-04-04 14:03:15+00:00
Aisha Kabir,fdubois,group_chat,2026-04-04 14:03:15+00:00
François Dubois,akabir,group_chat,2026-04-04 14:04:20+00:00
François Dubois,fdubois,group_chat,2026-04-04 14:04:20+00:00
Aisha Kabir,akabir,group_chat,2026-04-04 14:05:00+00:00
Aisha Kabir,fdubois,group_chat,2026-04-04 14:05:00+00:00
François Dubois,akabir,group_chat,2026-04-04 14:06:30+00:00
François Dubois,fdubois,group_chat,2026-04-04 14:06:30+00:00
Aisha Kabir,akabir,group_chat,2026-04-04 14:06:50+00:00
Aisha Kabir,fdubois,group_chat,2026-04-04 14:06:50+00:00
François Dubois,akabir,group_chat,2026-04-04 14:07:15+00:00
François Dubois,fdubois,group_chat,2026-04-04 14:07:15+00:00
Aisha Kabir,akabir,group_chat,2026-04-04 14:08:40+00:00
Aisha Kabir,fdubois,group_chat,2026-04-04 14:08:40+00:00
François Dubois,akabir,group_chat,2026-04-04 14:09:00+00:00
François Dubois,fdubois,group_chat,2026-04-04 14:09:00+00:00
Maria Garcia,mgarcia,group_chat,2026-04-05 09:15:00+00:00
Maria Garcia,lhaddad,group_chat,2026-04-05 09:15:00+00:00
Maria Garcia,smensah,group_chat,2026-04-05 09:15:00+00:00
Maria Garcia,cnguyen,group_chat,2026-04-05 09:15:00+00:00
Layla Haddad,mgarcia,group_chat,2026-04-05 09:16:12+00:00
Layla Haddad,lhaddad,group_chat,2026-04-05 09:16:12+00:00
Layla Haddad,smensah,group_chat,2026-04-05 09:16:12+00:00
Layla Haddad,cnguyen,group_chat,2026-04-05 09:16:12+00:00
Samuel Mensah,mgarcia,group_chat,2026-04-05 09:16:45+00:00
Samuel Mensah,lhaddad,group_chat,2026-04-05 09:16:45+00:00
Samuel Mensah,smensah,group_chat,2026-04-05 09:16:45+00:00
Samuel Mensah,cnguyen,group_chat,2026-04-05 09:16:45+00:00
Chi Nguyen,mgarcia,group_chat,2026-04-05 09:17:20+00:00
Chi Nguyen,lhaddad,group_chat,2026-04-05 09:17:20+00:00
Chi Nguyen,smensah,group_chat,2026-04-05 09:17:20+00:00
Chi Nguyen,cnguyen,group_chat,2026-04-05 09:17:20+00:00
Maria Garcia,mgarcia,group_chat,2026-04-05 09:18:05+00:00
Maria Garcia,lhaddad,group_chat,2026-04-05 09:18:05+00:00
Maria Garcia,smensah,group_chat,2026-04-05 09:18:05+00:00
Maria Garcia,cnguyen,group_chat,2026-04-05 09:18:05+00:00
Layla Haddad,mgarcia,group_chat,2026-04-05 09:18:30+00:00
Layla Haddad,lhaddad,group_chat,2026-04-05 09:18:30+00:00
Layla Haddad,smensah,group_chat,2026-04-05 09:18:30+00:00
Layla Haddad,cnguyen,group_chat,2026-04-05 09:18:30+00:00
Samuel Mensah,mgarcia,group_chat,2026-04-05 09:19:10+00:00
Samuel Mensah,lhaddad,group_chat,2026-04-05 09:19:10+00:00
Samuel Mensah,smensah,group_chat,2026-04-05 09:19:10+00:00
Samuel Mensah,cnguyen,group_chat,2026-04-05 09:19:10+00:00
Chi Nguyen,mgarcia,group_chat,2026-04-05 09:20:00+00:00
Chi Nguyen,lhaddad,group_chat,2026-04-05 09:20:00+00:00
Chi Nguyen,smensah,group_chat,2026-04-05 09:20:00+00:00
Chi Nguyen,cnguyen,group_chat,2026-04-05 09:20:00+00:00
Layla Haddad,mgarcia,group_chat,2026-04-05 09:21:45+00:00
Layla Haddad,lhaddad,group_chat,2026-04-05 09:21:45+00:00
Layla Haddad,smensah,group_chat,2026-04-05 09:21:45+00:00
Layla Haddad,cnguyen,group_chat,2026-04-05 09:21:45+00:00
Maria Garcia,mgarcia,group_chat,2026-04-05 09:22:30+00:00
Maria Garcia,lhaddad,group_chat,2026-04-05 09:22:30+00:00
Maria Garcia,smensah,group_chat,2026-04-05 09:22:30+00:00
Maria Garcia,cnguyen,group_chat,2026-04-05 09:22:30+00:00
Layla Haddad,mgarcia,group_chat,2026-04-05 09:23:10+00:00
Layla Haddad,lhaddad,group_chat,2026-04-05 09:23:10+00:00
Layla Haddad,smensah,group_chat,2026-04-05 09:23:10+00:00
Layla Haddad,cnguyen,group_chat,2026-04-05 09:23:10+00:00
Samuel Mensah,mgarcia,group_chat,2026-04-05 09:24:00+00:00
Samuel Mensah,lhaddad,group_chat,2026-04-05 09:24:00+00:00
Samuel Mensah,smensah,group_chat,2026-04-05 09:24:00+00:00
Samuel Mensah,cnguyen,group_chat,2026-04-05 09:24:00+00:00
Chi Nguyen,mgarcia,group_chat,2026-04-05 09:24:40+00:00
Chi Nguyen,lhaddad,group_chat,2026-04-05 09:24:40+00:00
Chi Nguyen,smensah,group_chat,2026-04-05 09:24:40+00:00
Chi Nguyen,cnguyen,group_chat,2026-04-05 09:24:40+00:00
Layla Haddad,mgarcia,group_chat,2026-04-05 09:25:15+00:00
Layla Haddad,lhaddad,group_chat,2026-04-05 09:25:15+00:00
Layla Haddad,smensah,group_chat,2026-04-05 09:25:15+00:00
Layla Haddad,cnguyen,group_chat,2026-04-05 09:25:15+00:00
Maria Garcia,mgarcia,group_chat,2026-04-05 09:26:00+00:00
Maria Garcia,lhaddad,group_chat,2026-04-05 09:26:00+00:00
Maria Garcia,smensah,group_chat,2026-04-05 09:26:00+00:00
Maria Garcia,cnguyen,group_chat,2026-04-05 09:26:00+00:00
Samuel Mensah,mgarcia,group_chat,2026-04-05 09:26:40+00:00
Samuel Mensah,lhaddad,group_chat,2026-04-05 09:26:40+00:00
Samuel Mensah,smensah,group_chat,2026-04-05 09:26:40+00:00
Samuel Mensah,cnguyen,group_chat,2026-04-05 09:26:40+00:00
Chi Nguyen,mgarcia,group_chat,2026-04-05 09:27:20+00:00
Chi Nguyen,lhaddad,group_chat,2026-04-05 09:27:20+00:00
Chi Nguyen,smensah,group_chat,2026-04-05 09:27:20+00:00
Chi Nguyen,cnguyen,group_chat,2026-04-05 09:27:20+00:00
Layla Haddad,mgarcia,group_chat,2026-04-05 09:28:05+00:00
Layla Haddad,lhaddad,group_chat,2026-04-05 09:28:05+00:00
Layla Haddad,smensah,group_chat,2026-04-05 09:28:05+00:00
Layla Haddad,cnguyen,group_chat,2026-04-05 09:28:05+00:00
Maria Garcia,mgarcia,group_chat,2026-04-05 09:28:50+00:00
Maria Garcia,lhaddad,group_chat,2026-04-05 09:28:50+00:00
Maria Garcia,smensah,group_chat,2026-04-05 09:28:50+00:00
Maria Garcia,cnguyen,group_chat,2026-04-05 09:28:50+00:00
Joy Okonkwo,jokonkwo,group_chat,2026-04-05 09:12:00+00:00
Joy Okonkwo,fdubois,group_chat,2026-04-05 09:12:00+00:00
Joy Okonkwo,jokonkwo_4,group_chat,2026-04-05 09:12:00+00:00
Joy Okonkwo,mzhang,group_chat,2026-04-05 09:12:00+00:00
François Dubois,jokonkwo,group_chat,2026-04-05 09:13:15+00:00
François Dubois,fdubois,group_chat,2026-04-05 09:13:15+00:00
François Dubois,jokonkwo_4,group_chat,2026-04-05 09:13:15+00:00
François Dubois,mzhang,group_chat,2026-04-05 09:13:15+00:00
Joy Okonkwo,jokonkwo,group_chat,2026-04-05 09:14:42+00:00
Joy Okonkwo,fdubois,group_chat,2026-04-05 09:14:42+00:00
Joy Okonkwo,jokonkwo_4,group_chat,2026-04-05 09:14:42+00:00
Joy Okonkwo,mzhang,group_chat,2026-04-05 09:14:42+00:00
Mei Zhang,jokonkwo,group_chat,2026-04-05 09:15:08+00:00
Mei Zhang,fdubois,group_chat,2026-04-05 09:15:08+00:00
Mei Zhang,jokonkwo_4,group_chat,2026-04-05 09:15:08+00:00
Mei Zhang,mzhang,group_chat,2026-04-05 09:15:08+00:00
Joseph Okonkwo,jokonkwo,group_chat,2026-04-05 09:16:33+00:00
Joseph Okonkwo,fdubois,group_chat,2026-04-05 09:16:33+00:00
Joseph Okonkwo,jokonkwo_4,group_chat,2026-04-05 09:16:33+00:00
Joseph Okonkwo,mzhang,group_chat,2026-04-05 09:16:33+00:00
Joy Okonkwo,jokonkwo,group_chat,2026-04-05 09:17:10+00:00
Joy Okonkwo,fdubois,group_chat,2026-04-05 09:17:10+00:00
Joy Okonkwo,jokonkwo_4,group_chat,2026-04-05 09:17:10+00:00
Joy Okonkwo,mzhang,group_chat,2026-04-05 09:17:10+00:00
François Dubois,jokonkwo,group_chat,2026-04-05 09:17:35+00:00
François Dubois,fdubois,group_chat,2026-04-05 09:17:35+00:00
François Dubois,jokonkwo_4,group_chat,2026-04-05 09:17:35+00:00
François Dubois,mzhang,group_chat,2026-04-05 09:17:35+00:00
Mei Zhang,jokonkwo,group_chat,2026-04-05 09:20:05+00:00
Mei Zhang,fdubois,group_chat,2026-04-05 09:20:05+00:00
Mei Zhang,jokonkwo_4,group_chat,2026-04-05 09:20:05+00:00
Mei Zhang,mzhang,group_chat,2026-04-05 09:20:05+00:00
Joy Okonkwo,jokonkwo,group_chat,2026-04-05 09:20:35+00:00
Joy Okonkwo,fdubois,group_chat,2026-04-05 09:20:35+00:00
Joy Okonkwo,jokonkwo_4,group_chat,2026-04-05 09:20:35+00:00
Joy Okonkwo,mzhang,group_chat,2026-04-05 09:20:35+00:00
Mei Zhang,jokonkwo,group_chat,2026-04-05 09:21:12+00:00
Mei Zhang,fdubois,group_chat,2026-04-05 09:21:12+00:00
Mei Zhang,jokonkwo_4,group_chat,2026-04-05 09:21:12+00:00
Mei Zhang,mzhang,group_chat,2026-04-05 09:21:12+00:00
François Dubois,jokonkwo,group_chat,2026-04-05 09:22:50+00:00
François Dubois,fdubois,group_chat,2026-04-05 09:22:50+00:00
François Dubois,jokonkwo_4,group_chat,2026-04-05 09:22:50+00:00
François Dubois,mzhang,group_chat,2026-04-05 09:22:50+00:00
Joseph Okonkwo,jokonkwo,group_chat,2026-04-05 09:23:10+00:00
Joseph Okonkwo,fdubois,group_chat,2026-04-05 09:23:10+00:00
Joseph Okonkwo,jokonkwo_4,group_chat,2026-04-05 09:23:10+00:00
Joseph Okonkwo,mzhang,group_chat,2026-04-05 09:23:10+00:00
Mei Zhang,jokonkwo,group_chat,2026-04-05 09:30:45+00:00
Mei Zhang,fdubois,group_chat,2026-04-05 09:30:45+00:00
Mei Zhang,jokonkwo_4,group_chat,2026-04-05 09:30:45+00:00
Mei Zhang,mzhang,group_chat,2026-04-05 09:30:45+00:00
Joy Okonkwo,jokonkwo,group_chat,2026-04-05 09:31:20+00:00
Joy Okonkwo,fdubois,group_chat,2026-04-05 09:31:20+00:00
Joy Okonkwo,jokonkwo_4,group_chat,2026-04-05 09:31:20+00:00
Joy Okonkwo,mzhang,group_chat,2026-04-05 09:31:20+00:00
Mei Zhang,jokonkwo,group_chat,2026-04-05 09:42:05+00:00
Mei Zhang,fdubois,group_chat,2026-04-05 09:42:05+00:00
Mei Zhang,jokonkwo_4,group_chat,2026-04-05 09:42:05+00:00
Mei Zhang,mzhang,group_chat,2026-04-05 09:42:05+00:00
Joseph Okonkwo,jokonkwo,group_chat,2026-04-05 09:42:40+00:00
Joseph Okonkwo,fdubois,group_chat,2026-04-05 09:42:40+00:00
Joseph Okonkwo,jokonkwo_4,group_chat,2026-04-05 09:42:40+00:00
Joseph Okonkwo,mzhang,group_chat,2026-04-05 09:42:40+00:00
François Dubois,jokonkwo,group_chat,2026-04-05 09:43:15+00:00
François Dubois,fdubois,group_chat,2026-04-05 09:43:15+00:00
François Dubois,jokonkwo_4,group_chat,2026-04-05 09:43:15+00:00
François Dubois,mzhang,group_chat,2026-04-05 09:43:15+00:00
Mei Zhang,jokonkwo,group_chat,2026-04-05 09:55:30+00:00
Mei Zhang,fdubois,group_chat,2026-04-05 09:55:30+00:00
Mei Zhang,jokonkwo_4,group_chat,2026-04-05 09:55:30+00:00
Mei Zhang,mzhang,group_chat,2026-04-05 09:55:30+00:00
Joy Okonkwo,jokonkwo,group_chat,2026-04-05 09:56:10+00:00
Joy Okonkwo,fdubois,group_chat,2026-04-05 09:56:10+00:00
Joy Okonkwo,jokonkwo_4,group_chat,2026-04-05 09:56:10+00:00
Joy Okonkwo,mzhang,group_chat,2026-04-05 09:56:10+00:00
François Dubois,jokonkwo,group_chat,2026-04-05 09:56:45+00:00
François Dubois,fdubois,group_chat,2026-04-05 09:56:45+00:00
François Dubois,jokonkwo_4,group_chat,2026-04-05 09:56:45+00:00
François Dubois,mzhang,group_chat,2026-04-05 09:56:45+00:00
Joseph Okonkwo,jokonkwo,group_chat,2026-04-05 09:57:10+00:00
Joseph Okonkwo,fdubois,group_chat,2026-04-05 09:57:10+00:00
Joseph Okonkwo,jokonkwo_4,group_chat,2026-04-05 09:57:10+00:00
Joseph Okonkwo,mzhang,group_chat,2026-04-05 09:57:10+00:00
Maria Garcia,mgarcia,group_chat,2026-04-05 09:12:45+00:00
Maria Garcia,jokonkwo,group_chat,2026-04-05 09:12:45+00:00
Maria Garcia,mzhang,group_chat,2026-04-05 09:12:45+00:00
Joy Okonkwo,mgarcia,group_chat,2026-04-05 09:13:20+00:00
Joy Okonkwo,jokonkwo,group_chat,2026-04-05 09:13:20+00:00
Joy Okonkwo,mzhang,group_chat,2026-04-05 09:13:20+00:00
Mei Zhang,mgarcia,group_chat,2026-04-05 09:14:05+00:00
Mei Zhang,jokonkwo,group_chat,2026-04-05 09:14:05+00:00
Mei Zhang,mzhang,group_chat,2026-04-05 09:14:05+00:00
Maria Garcia,mgarcia,group_chat,2026-04-05 09:14:30+00:00
Maria Garcia,jokonkwo,group_chat,2026-04-05 09:14:30+00:00
Maria Garcia,mzhang,group_chat,2026-04-05 09:14:30+00:00
Joy Okonkwo,mgarcia,group_chat,2026-04-05 09:14:45+00:00
Joy Okonkwo,jokonkwo,group_chat,2026-04-05 09:14:45+00:00
Joy Okonkwo,mzhang,group_chat,2026-04-05 09:14:45+00:00
Mei Zhang,mgarcia,group_chat,2026-04-05 09:15:10+00:00
Mei Zhang,jokonkwo,group_chat,2026-04-05 09:15:10+00:00
Mei Zhang,mzhang,group_chat,2026-04-05 09:15:10+00:00
Maria Garcia,mgarcia,group_chat,2026-04-05 09:16:00+00:00
Maria Garcia,jokonkwo,group_chat,2026-04-05 09:16:00+00:00
Maria Garcia,mzhang,group_chat,2026-04-05 09:16:00+00:00
Joy Okonkwo,mgarcia,group_chat,2026-04-05 09:16:20+00:00
Joy Okonkwo,jokonkwo,group_chat,2026-04-05 09:16:20+00:00
Joy Okonkwo,mzhang,group_chat,2026-04-05 09:16:20+00:00
Mei Zhang,mgarcia,group_chat,2026-04-05 09:16:45+00:00
Mei Zhang,jokonkwo,group_chat,2026-04-05 09:16:45+00:00
Mei Zhang,mzhang,group_chat,2026-04-05 09:16:45+00:00
Maria Garcia,mgarcia,group_chat,2026-04-05 09:17:10+00:00
Maria Garcia,jokonkwo,group_chat,2026-04-05 09:17:10+00:00
Maria Garcia,mzhang,group_chat,2026-04-05 09:17:10+00:00
Joy Okonkwo,mgarcia,group_chat,2026-04-05 09:17:25+00:00
Joy Okonkwo,jokonkwo,group_chat,2026-04-05 09:17:25+00:00
Joy Okonkwo,mzhang,group_chat,2026-04-05 09:17:25+00:00
Mei Zhang,mgarcia,group_chat,2026-04-05 09:18:00+00:00
Mei Zhang,jokonkwo,group_chat,2026-04-05 09:18:00+00:00
Mei Zhang,mzhang,group_chat,2026-04-05 09:18:00+00:00
Maria Garcia,mgarcia,group_chat,2026-04-05 09:18:25+00:00
Maria Garcia,jokonkwo,group_chat,2026-04-05 09:18:25+00:00
Maria Garcia,mzhang,group_chat,2026-04-05 09:18:25+00:00
Joy Okonkwo,mgarcia,group_chat,2026-04-05 09:18:40+00:00
Joy Okonkwo,jokonkwo,group_chat,2026-04-05 09:18:40+00:00
Joy Okonkwo,mzhang,group_chat,2026-04-05 09:18:40+00:00
Mei Zhang,mgarcia,group_chat,2026-04-05 09:19:05+00:00
Mei Zhang,jokonkwo,group_chat,2026-04-05 09:19:05+00:00
Mei Zhang,mzhang,group_chat,2026-04-05 09:19:05+00:00
Maria Garcia,mgarcia,group_chat,2026-04-05 09:19:30+00:00
Maria Garcia,jokonkwo,group_chat,2026-04-05 09:19:30+00:00
Maria Garcia,mzhang,group_chat,2026-04-05 09:19:30+00:00
Joy Okonkwo,mgarcia,group_chat,2026-04-05 09:19:45+00:00
Joy Okonkwo,jokonkwo,group_chat,2026-04-05 09:19:45+00:00
Joy Okonkwo,mzhang,group_chat,2026-04-05 09:19:45+00:00
Mei Zhang,mgarcia,group_chat,2026-04-05 09:20:00+00:00
Mei Zhang,jokonkwo,group_chat,2026-04-05 09:20:00+00:00
Mei Zhang,mzhang,group_chat,2026-04-05 09:20:00+00:00
joy_okonkwo,jokonkwo,group_chat,2026-04-05 10:12:00+00:00
joy_okonkwo,fdubois,group_chat,2026-04-05 10:12:00+00:00
joy_okonkwo,yabdul,group_chat,2026-04-05 10:12:00+00:00
francois_dubois,jokonkwo,group_chat,2026-04-05 10:12:45+00:00
francois_dubois,fdubois,group_chat,2026-04-05 10:12:45+00:00
francois_dubois,yabdul,group_chat,2026-04-05 10:12:45+00:00
yasmin_abdul,jokonkwo,group_chat,2026-04-05 10:13:10+00:00
yasmin_abdul,fdubois,group_chat,2026-04-05 10:13:10+00:00
yasmin_abdul,yabdul,group_chat,2026-04-05 10:13:10+00:00
joy_okonkwo,jokonkwo,group_chat,2026-04-05 10:14:05+00:00
joy_okonkwo,fdubois,group_chat,2026-04-05 10:14:05+00:00
joy_okonkwo,yabdul,group_chat,2026-04-05 10:14:05+00:00
francois_dubois,jokonkwo,group_chat,2026-04-05 10:14:30+00:00
francois_dubois,fdubois,group_chat,2026-04-05 10:14:30+00:00
francois_dubois,yabdul,group_chat,2026-04-05 10:14:30+00:00
yasmin_abdul,jokonkwo,group_chat,2026-04-05 10:15:02+00:00
yasmin_abdul,fdubois,group_chat,2026-04-05 10:15:02+00:00
yasmin_abdul,yabdul,group_chat,2026-04-05 10:15:02+00:00
joy_okonkwo,jokonkwo,group_chat,2026-04-05 10:15:30+00:00
joy_okonkwo,fdubois,group_chat,2026-04-05 10:15:30+00:00
joy_okonkwo,yabdul,group_chat,2026-04-05 10:15:30+00:00
francois_dubois,jokonkwo,group_chat,2026-04-05 10:15:55+00:00
francois_dubois,fdubois,group_chat,2026-04-05 10:15:55+00:00
francois_dubois,yabdul,group_chat,2026-04-05 10:15:55+00:00
yasmin_abdul,jokonkwo,group_chat,2026-04-05 10:16:12+00:00
yasmin_abdul,fdubois,group_chat,2026-04-05 10:16:12+00:00
yasmin_abdul,yabdul,group_chat,2026-04-05 10:16:12+00:00
joy_okonkwo,jokonkwo,group_chat,2026-04-05 10:17:00+00:00
joy_okonkwo,fdubois,group_chat,2026-04-05 10:17:00+00:00
joy_okonkwo,yabdul,group_chat,2026-04-05 10:17:00+00:00
francois_dubois,jokonkwo,group_chat,2026-04-05 10:17:25+00:00
francois_dubois,fdubois,group_chat,2026-04-05 10:17:25+00:00
francois_dubois,yabdul,group_chat,2026-04-05 10:17:25+00:00
yasmin_abdul,jokonkwo,group_chat,2026-04-05 10:31:40+00:00
yasmin_abdul,fdubois,group_chat,2026-04-05 10:31:40+00:00
yasmin_abdul,yabdul,group_chat,2026-04-05 10:31:40+00:00
joy_okonkwo,jokonkwo,group_chat,2026-04-05 10:32:00+00:00
joy_okonkwo,fdubois,group_chat,2026-04-05 10:32:00+00:00
joy_okonkwo,yabdul,group_chat,2026-04-05 10:32:00+00:00
francois_dubois,jokonkwo,group_chat,2026-04-05 10:33:15+00:00
francois_dubois,fdubois,group_chat,2026-04-05 10:33:15+00:00
francois_dubois,yabdul,group_chat,2026-04-05 10:33:15+00:00
yasmin_abdul,jokonkwo,group_chat,2026-04-05 10:34:00+00:00
yasmin_abdul,fdubois,group_chat,2026-04-05 10:34:00+00:00
yasmin_abdul,yabdul,group_chat,2026-04-05 10:34:00+00:00
joy_okonkwo,jokonkwo,group_chat,2026-04-05 10:34:45+00:00
joy_okonkwo,fdubois,group_chat,2026-04-05 10:34:45+00:00
joy_okonkwo,yabdul,group_chat,2026-04-05 10:34:45+00:00
francois_dubois,jokonkwo,group_chat,2026-04-05 10:35:15+00:00
francois_dubois,fdubois,group_chat,2026-04-05 10:35:15+00:00
francois_dubois,yabdul,group_chat,2026-04-05 10:35:15+00:00
Maria Garcia,mgarcia,group_chat,2026-04-05 09:02:15+00:00
Maria Garcia,lhaddad,group_chat,2026-04-05 09:02:15+00:00
Maria Garcia,cnguyen,group_chat,2026-04-05 09:02:15+00:00
Layla Haddad,mgarcia,group_chat,2026-04-05 09:02:45+00:00
Layla Haddad,lhaddad,group_chat,2026-04-05 09:02:45+00:00
Layla Haddad,cnguyen,group_chat,2026-04-05 09:02:45+00:00
Chi Nguyen,mgarcia,group_chat,2026-04-05 09:03:12+00:00
Chi Nguyen,lhaddad,group_chat,2026-04-05 09:03:12+00:00
Chi Nguyen,cnguyen,group_chat,2026-04-05 09:03:12+00:00
Layla Haddad,mgarcia,group_chat,2026-04-05 09:03:50+00:00
Layla Haddad,lhaddad,group_chat,2026-04-05 09:03:50+00:00
Layla Haddad,cnguyen,group_chat,2026-04-05 09:03:50+00:00
Maria Garcia,mgarcia,group_chat,2026-04-05 09:04:22+00:00
Maria Garcia,lhaddad,group_chat,2026-04-05 09:04:22+00:00
Maria Garcia,cnguyen,group_chat,2026-04-05 09:04:22+00:00
Chi Nguyen,mgarcia,group_chat,2026-04-05 09:05:01+00:00
Chi Nguyen,lhaddad,group_chat,2026-04-05 09:05:01+00:00
Chi Nguyen,cnguyen,group_chat,2026-04-05 09:05:01+00:00
Maria Garcia,mgarcia,group_chat,2026-04-05 09:05:25+00:00
Maria Garcia,lhaddad,group_chat,2026-04-05 09:05:25+00:00
Maria Garcia,cnguyen,group_chat,2026-04-05 09:05:25+00:00
Chi Nguyen,mgarcia,group_chat,2026-04-05 09:05:40+00:00
Chi Nguyen,lhaddad,group_chat,2026-04-05 09:05:40+00:00
Chi Nguyen,cnguyen,group_chat,2026-04-05 09:05:40+00:00
Layla Haddad,mgarcia,group_chat,2026-04-05 09:06:10+00:00
Layla Haddad,lhaddad,group_chat,2026-04-05 09:06:10+00:00
Layla Haddad,cnguyen,group_chat,2026-04-05 09:06:10+00:00
Maria Garcia,mgarcia,group_chat,2026-04-05 09:06:23+00:00
Maria Garcia,lhaddad,group_chat,2026-04-05 09:06:23+00:00
Maria Garcia,cnguyen,group_chat,2026-04-05 09:06:23+00:00
Chi Nguyen,mgarcia,group_chat,2026-04-05 09:07:05+00:00
Chi Nguyen,lhaddad,group_chat,2026-04-05 09:07:05+00:00
Chi Nguyen,cnguyen,group_chat,2026-04-05 09:07:05+00:00
Layla Haddad,mgarcia,group_chat,2026-04-05 09:07:40+00:00
Layla Haddad,lhaddad,group_chat,2026-04-05 09:07:40+00:00
Layla Haddad,cnguyen,group_chat,2026-04-05 09:07:40+00:00
Maria Garcia,mgarcia,group_chat,2026-04-05 09:08:05+00:00
Maria Garcia,lhaddad,group_chat,2026-04-05 09:08:05+00:00
Maria Garcia,cnguyen,group_chat,2026-04-05 09:08:05+00:00
Chi Nguyen,mgarcia,group_chat,2026-04-05 09:09:15+00:00
Chi Nguyen,lhaddad,group_chat,2026-04-05 09:09:15+00:00
Chi Nguyen,cnguyen,group_chat,2026-04-05 09:09:15+00:00
Maria Garcia,mgarcia,group_chat,2026-04-05 09:09:50+00:00
Maria Garcia,lhaddad,group_chat,2026-04-05 09:09:50+00:00
Maria Garcia,cnguyen,group_chat,2026-04-05 09:09:50+00:00
Layla Haddad,mgarcia,group_chat,2026-04-05 09:10:10+00:00
Layla Haddad,lhaddad,group_chat,2026-04-05 09:10:10+00:00
Layla Haddad,cnguyen,group_chat,2026-04-05 09:10:10+00:00
Chi Nguyen,mgarcia,group_chat,2026-04-05 09:10:35+00:00
Chi Nguyen,lhaddad,group_chat,2026-04-05 09:10:35+00:00
Chi Nguyen,cnguyen,group_chat,2026-04-05 09:10:35+00:00
Maria Garcia,mgarcia,group_chat,2026-04-05 09:11:00+00:00
Maria Garcia,lhaddad,group_chat,2026-04-05 09:11:00+00:00
Maria Garcia,cnguyen,group_chat,2026-04-05 09:11:00+00:00
Layla Haddad,mgarcia,group_chat,2026-04-05 09:11:30+00:00
Layla Haddad,lhaddad,group_chat,2026-04-05 09:11:30+00:00
Layla Haddad,cnguyen,group_chat,2026-04-05 09:11:30+00:00
Chi Nguyen,mgarcia,group_chat,2026-04-05 09:11:45+00:00
Chi Nguyen,lhaddad,group_chat,2026-04-05 09:11:45+00:00
Chi Nguyen,cnguyen,group_chat,2026-04-05 09:11:45+00:00
Aisha Kabir,akabir,group_chat,2026-04-05 14:03:45+00:00
Aisha Kabir,jokonkwo_4,group_chat,2026-04-05 14:03:45+00:00
Aisha Kabir,fdubois,group_chat,2026-04-05 14:03:45+00:00
Joseph Okonkwo,akabir,group_chat,2026-04-05 14:04:02+00:00
Joseph Okonkwo,jokonkwo_4,group_chat,2026-04-05 14:04:02+00:00
Joseph Okonkwo,fdubois,group_chat,2026-04-05 14:04:02+00:00
François Dubois,akabir,group_chat,2026-04-05 14:04:29+00:00
François Dubois,jokonkwo_4,group_chat,2026-04-05 14:04:29+00:00
François Dubois,fdubois,group_chat,2026-04-05 14:04:29+00:00
Joseph Okonkwo,akabir,group_chat,2026-04-05 14:05:15+00:00
Joseph Okonkwo,jokonkwo_4,group_chat,2026-04-05 14:05:15+00:00
Joseph Okonkwo,fdubois,group_chat,2026-04-05 14:05:15+00:00
Aisha Kabir,akabir,group_chat,2026-04-05 14:06:04+00:00
Aisha Kabir,jokonkwo_4,group_chat,2026-04-05 14:06:04+00:00
Aisha Kabir,fdubois,group_chat,2026-04-05 14:06:04+00:00
François Dubois,akabir,group_chat,2026-04-05 14:06:22+00:00
François Dubois,jokonkwo_4,group_chat,2026-04-05 14:06:22+00:00
François Dubois,fdubois,group_chat,2026-04-05 14:06:22+00:00
Joseph Okonkwo,akabir,group_chat,2026-04-05 14:06:45+00:00
Joseph Okonkwo,jokonkwo_4,group_chat,2026-04-05 14:06:45+00:00
Joseph Okonkwo,fdubois,group_chat,2026-04-05 14:06:45+00:00
Aisha Kabir,akabir,group_chat,2026-04-05 14:07:05+00:00
Aisha Kabir,jokonkwo_4,group_chat,2026-04-05 14:07:05+00:00
Aisha Kabir,fdubois,group_chat,2026-04-05 14:07:05+00:00
François Dubois,akabir,group_chat,2026-04-05 14:07:42+00:00
François Dubois,jokonkwo_4,group_chat,2026-04-05 14:07:42+00:00
François Dubois,fdubois,group_chat,2026-04-05 14:07:42+00:00
Joseph Okonkwo,akabir,group_chat,2026-04-05 14:08:10+00:00
Joseph Okonkwo,jokonkwo_4,group_chat,2026-04-05 14:08:10+00:00
Joseph Okonkwo,fdubois,group_chat,2026-04-05 14:08:10+00:00
Aisha Kabir,akabir,group_chat,2026-04-05 14:08:34+00:00
Aisha Kabir,jokonkwo_4,group_chat,2026-04-05 14:08:34+00:00
Aisha Kabir,fdubois,group_chat,2026-04-05 14:08:34+00:00
François Dubois,akabir,group_chat,2026-04-05 14:08:58+00:00
François Dubois,jokonkwo_4,group_chat,2026-04-05 14:08:58+00:00
François Dubois,fdubois,group_chat,2026-04-05 14:08:58+00:00
Joseph Okonkwo,akabir,group_chat,2026-04-05 14:09:20+00:00
Joseph Okonkwo,jokonkwo_4,group_chat,2026-04-05 14:09:20+00:00
Joseph Okonkwo,fdubois,group_chat,2026-04-05 14:09:20+00:00
Aisha Kabir,akabir,group_chat,2026-04-05 14:09:35+00:00
Aisha Kabir,jokonkwo_4,group_chat,2026-04-05 14:09:35+00:00
Aisha Kabir,fdubois,group_chat,2026-04-05 14:09:35+00:00
kenji_tanaka,ktanaka,group_chat,2026-04-05 14:02:15+00:00
kenji_tanaka,cnguyen,group_chat,2026-04-05 14:02:15+00:00
kenji_tanaka,ksingh,group_chat,2026-04-05 14:02:15+00:00
chi_nguyen,ktanaka,group_chat,2026-04-05 14:02:42+00:00
chi_nguyen,cnguyen,group_chat,2026-04-05 14:02:42+00:00
chi_nguyen,ksingh,group_chat,2026-04-05 14:02:42+00:00
karan_singh,ktanaka,group_chat,2026-04-05 14:03:10+00:00
karan_singh,cnguyen,group_chat,2026-04-05 14:03:10+00:00
karan_singh,ksingh,group_chat,2026-04-05 14:03:10+00:00
kenji_tanaka,ktanaka,group_chat,2026-04-05 14:03:25+00:00
kenji_tanaka,cnguyen,group_chat,2026-04-05 14:03:25+00:00
kenji_tanaka,ksingh,group_chat,2026-04-05 14:03:25+00:00
chi_nguyen,ktanaka,group_chat,2026-04-05 14:03:50+00:00
chi_nguyen,cnguyen,group_chat,2026-04-05 14:03:50+00:00
chi_nguyen,ksingh,group_chat,2026-04-05 14:03:50+00:00
karan_singh,ktanaka,group_chat,2026-04-05 14:04:02+00:00
karan_singh,cnguyen,group_chat,2026-04-05 14:04:02+00:00
karan_singh,ksingh,group_chat,2026-04-05 14:04:02+00:00
kenji_tanaka,ktanaka,group_chat,2026-04-05 14:04:15+00:00
kenji_tanaka,cnguyen,group_chat,2026-04-05 14:04:15+00:00
kenji_tanaka,ksingh,group_chat,2026-04-05 14:04:15+00:00
chi_nguyen,ktanaka,group_chat,2026-04-05 14:04:25+00:00
chi_nguyen,cnguyen,group_chat,2026-04-05 14:04:25+00:00
chi_nguyen,ksingh,group_chat,2026-04-05 14:04:25+00:00
karan_singh,ktanaka,group_chat,2026-04-05 14:04:30+00:00
karan_singh,cnguyen,group_chat,2026-04-05 14:04:30+00:00
karan_singh,ksingh,group_chat,2026-04-05 14:04:30+00:00
kenji_tanaka,ktanaka,group_chat,2026-04-05 14:05:00+00:00
kenji_tanaka,cnguyen,group_chat,2026-04-05 14:05:00+00:00
kenji_tanaka,ksingh,group_chat,2026-04-05 14:05:00+00:00
chi_nguyen,ktanaka,group_chat,2026-04-05 14:05:15+00:00
chi_nguyen,cnguyen,group_chat,2026-04-05 14:05:15+00:00
chi_nguyen,ksingh,group_chat,2026-04-05 14:05:15+00:00
karan_singh,ktanaka,group_chat,2026-04-05 14:05:30+00:00
karan_singh,cnguyen,group_chat,2026-04-05 14:05:30+00:00
karan_singh,ksingh,group_chat,2026-04-05 14:05:30+00:00
kenji_tanaka,ktanaka,group_chat,2026-04-05 14:05:45+00:00
kenji_tanaka,cnguyen,group_chat,2026-04-05 14:05:45+00:00
kenji_tanaka,ksingh,group_chat,2026-04-05 14:05:45+00:00
chi_nguyen,ktanaka,group_chat,2026-04-05 14:10:20+00:00
chi_nguyen,cnguyen,group_chat,2026-04-05 14:10:20+00:00
chi_nguyen,ksingh,group_chat,2026-04-05 14:10:20+00:00
karan_singh,ktanaka,group_chat,2026-04-05 14:10:35+00:00
karan_singh,cnguyen,group_chat,2026-04-05 14:10:35+00:00
karan_singh,ksingh,group_chat,2026-04-05 14:10:35+00:00
kenji_tanaka,ktanaka,group_chat,2026-04-05 14:10:50+00:00
kenji_tanaka,cnguyen,group_chat,2026-04-05 14:10:50+00:00
kenji_tanaka,ksingh,group_chat,2026-04-05 14:10:50+00:00
chi_nguyen,ktanaka,group_chat,2026-04-05 14:11:05+00:00
chi_nguyen,cnguyen,group_chat,2026-04-05 14:11:05+00:00
chi_nguyen,ksingh,group_chat,2026-04-05 14:11:05+00:00
karan_singh,ktanaka,group_chat,2026-04-05 14:11:30+00:00
karan_singh,cnguyen,group_chat,2026-04-05 14:11:30+00:00
karan_singh,ksingh,group_chat,2026-04-05 14:11:30+00:00
kenji_tanaka,ktanaka,group_chat,2026-04-05 14:11:45+00:00
kenji_tanaka,cnguyen,group_chat,2026-04-05 14:11:45+00:00
kenji_tanaka,ksingh,group_chat,2026-04-05 14:11:45+00:00
Joy Okonkwo,jokonkwo,group_chat,2026-04-05 14:02:15+00:00
Joy Okonkwo,mzhang,group_chat,2026-04-05 14:02:15+00:00
Joy Okonkwo,fdubois,group_chat,2026-04-05 14:02:15+00:00
Mei Zhang,jokonkwo,group_chat,2026-04-05 14:02:30+00:00
Mei Zhang,mzhang,group_chat,2026-04-05 14:02:30+00:00
Mei Zhang,fdubois,group_chat,2026-04-05 14:02:30+00:00
François Dubois,jokonkwo,group_chat,2026-04-05 14:03:02+00:00
François Dubois,mzhang,group_chat,2026-04-05 14:03:02+00:00
François Dubois,fdubois,group_chat,2026-04-05 14:03:02+00:00
Joy Okonkwo,jokonkwo,group_chat,2026-04-05 14:03:25+00:00
Joy Okonkwo,mzhang,group_chat,2026-04-05 14:03:25+00:00
Joy Okonkwo,fdubois,group_chat,2026-04-05 14:03:25+00:00
Mei Zhang,jokonkwo,group_chat,2026-04-05 14:04:10+00:00
Mei Zhang,mzhang,group_chat,2026-04-05 14:04:10+00:00
Mei Zhang,fdubois,group_chat,2026-04-05 14:04:10+00:00
François Dubois,jokonkwo,group_chat,2026-04-05 14:04:35+00:00
François Dubois,mzhang,group_chat,2026-04-05 14:04:35+00:00
François Dubois,fdubois,group_chat,2026-04-05 14:04:35+00:00
Joy Okonkwo,jokonkwo,group_chat,2026-04-05 14:05:12+00:00
Joy Okonkwo,mzhang,group_chat,2026-04-05 14:05:12+00:00
Joy Okonkwo,fdubois,group_chat,2026-04-05 14:05:12+00:00
François Dubois,jokonkwo,group_chat,2026-04-05 14:05:45+00:00
François Dubois,mzhang,group_chat,2026-04-05 14:05:45+00:00
François Dubois,fdubois,group_chat,2026-04-05 14:05:45+00:00
Mei Zhang,jokonkwo,group_chat,2026-04-05 14:06:02+00:00
Mei Zhang,mzhang,group_chat,2026-04-05 14:06:02+00:00
Mei Zhang,fdubois,group_chat,2026-04-05 14:06:02+00:00
Joy Okonkwo,jokonkwo,group_chat,2026-04-05 14:06:20+00:00
Joy Okonkwo,mzhang,group_chat,2026-04-05 14:06:20+00:00
Joy Okonkwo,fdubois,group_chat,2026-04-05 14:06:20+00:00
Mei Zhang,jokonkwo,group_chat,2026-04-05 14:06:42+00:00
Mei Zhang,mzhang,group_chat,2026-04-05 14:06:42+00:00
Mei Zhang,fdubois,group_chat,2026-04-05 14:06:42+00:00
François Dubois,jokonkwo,group_chat,2026-04-05 14:07:10+00:00
François Dubois,mzhang,group_chat,2026-04-05 14:07:10+00:00
François Dubois,fdubois,group_chat,2026-04-05 14:07:10+00:00
Joy Okonkwo,jokonkwo,group_chat,2026-04-05 14:07:35+00:00
Joy Okonkwo,mzhang,group_chat,2026-04-05 14:07:35+00:00
Joy Okonkwo,fdubois,group_chat,2026-04-05 14:07:35+00:00
Mei Zhang,jokonkwo,group_chat,2026-04-05 14:08:10+00:00
Mei Zhang,mzhang,group_chat,2026-04-05 14:08:10+00:00
Mei Zhang,fdubois,group_chat,2026-04-05 14:08:10+00:00
Joy Okonkwo,jokonkwo,group_chat,2026-04-05 14:08:25+00:00
Joy Okonkwo,mzhang,group_chat,2026-04-05 14:08:25+00:00
Joy Okonkwo,fdubois,group_chat,2026-04-05 14:08:25+00:00
François Dubois,jokonkwo,group_chat,2026-04-05 14:09:00+00:00
François Dubois,mzhang,group_chat,2026-04-05 14:09:00+00:00
François Dubois,fdubois,group_chat,2026-04-05 14:09:00+00:00
Mei Zhang,jokonkwo,group_chat,2026-04-05 14:09:20+00:00
Mei Zhang,mzhang,group_chat,2026-04-05 14:09:20+00:00
Mei Zhang,fdubois,group_chat,2026-04-05 14:09:20+00:00
Joy Okonkwo,jokonkwo,group_chat,2026-04-05 14:09:35+00:00
Joy Okonkwo,mzhang,group_chat,2026-04-05 14:09:35+00:00
Joy Okonkwo,fdubois,group_chat,2026-04-05 14:09:35+00:00
François Dubois,jokonkwo,group_chat,2026-04-05 14:09:50+00:00
François Dubois,mzhang,group_chat,2026-04-05 14:09:50+00:00
François Dubois,fdubois,group_chat,2026-04-05 14:09:50+00:00
Mei Zhang,jokonkwo,group_chat,2026-04-05 14:10:05+00:00
Mei Zhang,mzhang,group_chat,2026-04-05 14:10:05+00:00
Mei Zhang,fdubois,group_chat,2026-04-05 14:10:05+00:00
daniela_rossi,drossi,group_chat,2026-04-05 10:03:15+00:00
daniela_rossi,fdubois,group_chat,2026-04-05 10:03:15+00:00
daniela_rossi,yabdul,group_chat,2026-04-05 10:03:15+00:00
francois_dubois,drossi,group_chat,2026-04-05 10:03:25+00:00
francois_dubois,fdubois,group_chat,2026-04-05 10:03:25+00:00
francois_dubois,yabdul,group_chat,2026-04-05 10:03:25+00:00
yasmin_abdul,drossi,group_chat,2026-04-05 10:04:10+00:00
yasmin_abdul,fdubois,group_chat,2026-04-05 10:04:10+00:00
yasmin_abdul,yabdul,group_chat,2026-04-05 10:04:10+00:00
daniela_rossi,drossi,group_chat,2026-04-05 10:04:30+00:00
daniela_rossi,fdubois,group_chat,2026-04-05 10:04:30+00:00
daniela_rossi,yabdul,group_chat,2026-04-05 10:04:30+00:00
yasmin_abdul,drossi,group_chat,2026-04-05 10:04:42+00:00
yasmin_abdul,fdubois,group_chat,2026-04-05 10:04:42+00:00
yasmin_abdul,yabdul,group_chat,2026-04-05 10:04:42+00:00
francois_dubois,drossi,group_chat,2026-04-05 10:05:10+00:00
francois_dubois,fdubois,group_chat,2026-04-05 10:05:10+00:00
francois_dubois,yabdul,group_chat,2026-04-05 10:05:10+00:00
daniela_rossi,drossi,group_chat,2026-04-05 10:05:22+00:00
daniela_rossi,fdubois,group_chat,2026-04-05 10:05:22+00:00
daniela_rossi,yabdul,group_chat,2026-04-05 10:05:22+00:00
yasmin_abdul,drossi,group_chat,2026-04-05 10:06:00+00:00
yasmin_abdul,fdubois,group_chat,2026-04-05 10:06:00+00:00
yasmin_abdul,yabdul,group_chat,2026-04-05 10:06:00+00:00
francois_dubois,drossi,group_chat,2026-04-05 10:06:15+00:00
francois_dubois,fdubois,group_chat,2026-04-05 10:06:15+00:00
francois_dubois,yabdul,group_chat,2026-04-05 10:06:15+00:00
daniela_rossi,drossi,group_chat,2026-04-05 10:07:01+00:00
daniela_rossi,fdubois,group_chat,2026-04-05 10:07:01+00:00
daniela_rossi,yabdul,group_chat,2026-04-05 10:07:01+00:00
yasmin_abdul,drossi,group_chat,2026-04-05 10:07:12+00:00
yasmin_abdul,fdubois,group_chat,2026-04-05 10:07:12+00:00
yasmin_abdul,yabdul,group_chat,2026-04-05 10:07:12+00:00
francois_dubois,drossi,group_chat,2026-04-05 10:08:20+00:00
francois_dubois,fdubois,group_chat,2026-04-05 10:08:20+00:00
francois_dubois,yabdul,group_chat,2026-04-05 10:08:20+00:00
daniela_rossi,drossi,group_chat,2026-04-05 10:08:35+00:00
daniela_rossi,fdubois,group_chat,2026-04-05 10:08:35+00:00
daniela_rossi,yabdul,group_chat,2026-04-05 10:08:35+00:00
yasmin_abdul,drossi,group_chat,2026-04-05 10:09:15+00:00
yasmin_abdul,fdubois,group_chat,2026-04-05 10:09:15+00:00
yasmin_abdul,yabdul,group_chat,2026-04-05 10:09:15+00:00
daniela_rossi,drossi,group_chat,2026-04-05 10:09:25+00:00
daniela_rossi,fdubois,group_chat,2026-04-05 10:09:25+00:00
daniela_rossi,yabdul,group_chat,2026-04-05 10:09:25+00:00
francois_dubois,drossi,group_chat,2026-04-05 10:09:38+00:00
francois_dubois,fdubois,group_chat,2026-04-05 10:09:38+00:00
francois_dubois,yabdul,group_chat,2026-04-05 10:09:38+00:00
Chi Nguyen,cnguyen,group_chat,2026-04-06 09:12:00+00:00
Chi Nguyen,ktanaka,group_chat,2026-04-06 09:12:00+00:00
Chi Nguyen,mgarcia,group_chat,2026-04-06 09:12:00+00:00
Chi Nguyen,jokonkwo,group_chat,2026-04-06 09:12:00+00:00
Kenji Tanaka,cnguyen,group_chat,2026-04-06 09:13:15+00:00
Kenji Tanaka,ktanaka,group_chat,2026-04-06 09:13:15+00:00
Kenji Tanaka,mgarcia,group_chat,2026-04-06 09:13:15+00:00
Kenji Tanaka,jokonkwo,group_chat,2026-04-06 09:13:15+00:00
Maria Garcia,cnguyen,group_chat,2026-04-06 09:14:03+00:00
Maria Garcia,ktanaka,group_chat,2026-04-06 09:14:03+00:00
Maria Garcia,mgarcia,group_chat,2026-04-06 09:14:03+00:00
Maria Garcia,jokonkwo,group_chat,2026-04-06 09:14:03+00:00
Chi Nguyen,cnguyen,group_chat,2026-04-06 09:14:45+00:00
Chi Nguyen,ktanaka,group_chat,2026-04-06 09:14:45+00:00
Chi Nguyen,mgarcia,group_chat,2026-04-06 09:14:45+00:00
Chi Nguyen,jokonkwo,group_chat,2026-04-06 09:14:45+00:00
Joy Okonkwo,cnguyen,group_chat,2026-04-06 09:15:20+00:00
Joy Okonkwo,ktanaka,group_chat,2026-04-06 09:15:20+00:00
Joy Okonkwo,mgarcia,group_chat,2026-04-06 09:15:20+00:00
Joy Okonkwo,jokonkwo,group_chat,2026-04-06 09:15:20+00:00
Kenji Tanaka,cnguyen,group_chat,2026-04-06 09:15:55+00:00
Kenji Tanaka,ktanaka,group_chat,2026-04-06 09:15:55+00:00
Kenji Tanaka,mgarcia,group_chat,2026-04-06 09:15:55+00:00
Kenji Tanaka,jokonkwo,group_chat,2026-04-06 09:15:55+00:00
Kenji Tanaka,cnguyen,group_chat,2026-04-06 09:16:22+00:00
Kenji Tanaka,ktanaka,group_chat,2026-04-06 09:16:22+00:00
Kenji Tanaka,mgarcia,group_chat,2026-04-06 09:16:22+00:00
Kenji Tanaka,jokonkwo,group_chat,2026-04-06 09:16:22+00:00
Maria Garcia,cnguyen,group_chat,2026-04-06 09:17:10+00:00
Maria Garcia,ktanaka,group_chat,2026-04-06 09:17:10+00:00
Maria Garcia,mgarcia,group_chat,2026-04-06 09:17:10+00:00
Maria Garcia,jokonkwo,group_chat,2026-04-06 09:17:10+00:00
Joy Okonkwo,cnguyen,group_chat,2026-04-06 09:17:45+00:00
Joy Okonkwo,ktanaka,group_chat,2026-04-06 09:17:45+00:00
Joy Okonkwo,mgarcia,group_chat,2026-04-06 09:17:45+00:00
Joy Okonkwo,jokonkwo,group_chat,2026-04-06 09:17:45+00:00
Chi Nguyen,cnguyen,group_chat,2026-04-06 09:18:15+00:00
Chi Nguyen,ktanaka,group_chat,2026-04-06 09:18:15+00:00
Chi Nguyen,mgarcia,group_chat,2026-04-06 09:18:15+00:00
Chi Nguyen,jokonkwo,group_chat,2026-04-06 09:18:15+00:00
Kenji Tanaka,cnguyen,group_chat,2026-04-06 09:18:50+00:00
Kenji Tanaka,ktanaka,group_chat,2026-04-06 09:18:50+00:00
Kenji Tanaka,mgarcia,group_chat,2026-04-06 09:18:50+00:00
Kenji Tanaka,jokonkwo,group_chat,2026-04-06 09:18:50+00:00
Maria Garcia,cnguyen,group_chat,2026-04-06 09:19:30+00:00
Maria Garcia,ktanaka,group_chat,2026-04-06 09:19:30+00:00
Maria Garcia,mgarcia,group_chat,2026-04-06 09:19:30+00:00
Maria Garcia,jokonkwo,group_chat,2026-04-06 09:19:30+00:00
Joy Okonkwo,cnguyen,group_chat,2026-04-06 09:20:05+00:00
Joy Okonkwo,ktanaka,group_chat,2026-04-06 09:20:05+00:00
Joy Okonkwo,mgarcia,group_chat,2026-04-06 09:20:05+00:00
Joy Okonkwo,jokonkwo,group_chat,2026-04-06 09:20:05+00:00
Chi Nguyen,cnguyen,group_chat,2026-04-06 09:20:30+00:00
Chi Nguyen,ktanaka,group_chat,2026-04-06 09:20:30+00:00
Chi Nguyen,mgarcia,group_chat,2026-04-06 09:20:30+00:00
Chi Nguyen,jokonkwo,group_chat,2026-04-06 09:20:30+00:00
Kenji Tanaka,cnguyen,group_chat,2026-04-06 09:22:10+00:00
Kenji Tanaka,ktanaka,group_chat,2026-04-06 09:22:10+00:00
Kenji Tanaka,mgarcia,group_chat,2026-04-06 09:22:10+00:00
Kenji Tanaka,jokonkwo,group_chat,2026-04-06 09:22:10+00:00
Maria Garcia,cnguyen,group_chat,2026-04-06 09:23:05+00:00
Maria Garcia,ktanaka,group_chat,2026-04-06 09:23:05+00:00
Maria Garcia,mgarcia,group_chat,2026-04-06 09:23:05+00:00
Maria Garcia,jokonkwo,group_chat,2026-04-06 09:23:05+00:00
Joy Okonkwo,cnguyen,group_chat,2026-04-06 09:23:40+00:00
Joy Okonkwo,ktanaka,group_chat,2026-04-06 09:23:40+00:00
Joy Okonkwo,mgarcia,group_chat,2026-04-06 09:23:40+00:00
Joy Okonkwo,jokonkwo,group_chat,2026-04-06 09:23:40+00:00
Chi Nguyen,cnguyen,group_chat,2026-04-06 09:24:25+00:00
Chi Nguyen,ktanaka,group_chat,2026-04-06 09:24:25+00:00
Chi Nguyen,mgarcia,group_chat,2026-04-06 09:24:25+00:00
Chi Nguyen,jokonkwo,group_chat,2026-04-06 09:24:25+00:00
Kenji Tanaka,cnguyen,group_chat,2026-04-06 09:24:50+00:00
Kenji Tanaka,ktanaka,group_chat,2026-04-06 09:24:50+00:00
Kenji Tanaka,mgarcia,group_chat,2026-04-06 09:24:50+00:00
Kenji Tanaka,jokonkwo,group_chat,2026-04-06 09:24:50+00:00
Joy Okonkwo,cnguyen,group_chat,2026-04-06 09:25:20+00:00
Joy Okonkwo,ktanaka,group_chat,2026-04-06 09:25:20+00:00
Joy Okonkwo,mgarcia,group_chat,2026-04-06 09:25:20+00:00
Joy Okonkwo,jokonkwo,group_chat,2026-04-06 09:25:20+00:00
Maria Garcia,cnguyen,group_chat,2026-04-06 09:25:50+00:00
Maria Garcia,ktanaka,group_chat,2026-04-06 09:25:50+00:00
Maria Garcia,mgarcia,group_chat,2026-04-06 09:25:50+00:00
Maria Garcia,jokonkwo,group_chat,2026-04-06 09:25:50+00:00
Joy Okonkwo,cnguyen,group_chat,2026-04-06 09:27:15+00:00
Joy Okonkwo,ktanaka,group_chat,2026-04-06 09:27:15+00:00
Joy Okonkwo,mgarcia,group_chat,2026-04-06 09:27:15+00:00
Joy Okonkwo,jokonkwo,group_chat,2026-04-06 09:27:15+00:00
Maria Garcia,cnguyen,group_chat,2026-04-06 09:28:00+00:00
Maria Garcia,ktanaka,group_chat,2026-04-06 09:28:00+00:00
Maria Garcia,mgarcia,group_chat,2026-04-06 09:28:00+00:00
Maria Garcia,jokonkwo,group_chat,2026-04-06 09:28:00+00:00
Joy Okonkwo,cnguyen,group_chat,2026-04-06 09:28:40+00:00
Joy Okonkwo,ktanaka,group_chat,2026-04-06 09:28:40+00:00
Joy Okonkwo,mgarcia,group_chat,2026-04-06 09:28:40+00:00
Joy Okonkwo,jokonkwo,group_chat,2026-04-06 09:28:40+00:00
Chi Nguyen,cnguyen,group_chat,2026-04-06 09:29:15+00:00
Chi Nguyen,ktanaka,group_chat,2026-04-06 09:29:15+00:00
Chi Nguyen,mgarcia,group_chat,2026-04-06 09:29:15+00:00
Chi Nguyen,jokonkwo,group_chat,2026-04-06 09:29:15+00:00
Kenji Tanaka,cnguyen,group_chat,2026-04-06 09:29:45+00:00
Kenji Tanaka,ktanaka,group_chat,2026-04-06 09:29:45+00:00
Kenji Tanaka,mgarcia,group_chat,2026-04-06 09:29:45+00:00
Kenji Tanaka,jokonkwo,group_chat,2026-04-06 09:29:45+00:00
Joy Okonkwo,jokonkwo,group_chat,2026-04-06 08:15:00+00:00
Joy Okonkwo,fdubois,group_chat,2026-04-06 08:15:00+00:00
Joy Okonkwo,jokonkwo_4,group_chat,2026-04-06 08:15:00+00:00
Joy Okonkwo,mzhang,group_chat,2026-04-06 08:15:00+00:00
François Dubois,jokonkwo,group_chat,2026-04-06 08:16:00+00:00
François Dubois,fdubois,group_chat,2026-04-06 08:16:00+00:00
François Dubois,jokonkwo_4,group_chat,2026-04-06 08:16:00+00:00
François Dubois,mzhang,group_chat,2026-04-06 08:16:00+00:00
Mei Zhang,jokonkwo,group_chat,2026-04-06 08:16:45+00:00
Mei Zhang,fdubois,group_chat,2026-04-06 08:16:45+00:00
Mei Zhang,jokonkwo_4,group_chat,2026-04-06 08:16:45+00:00
Mei Zhang,mzhang,group_chat,2026-04-06 08:16:45+00:00
Joseph Okonkwo,jokonkwo,group_chat,2026-04-06 08:17:30+00:00
Joseph Okonkwo,fdubois,group_chat,2026-04-06 08:17:30+00:00
Joseph Okonkwo,jokonkwo_4,group_chat,2026-04-06 08:17:30+00:00
Joseph Okonkwo,mzhang,group_chat,2026-04-06 08:17:30+00:00
Joy Okonkwo,jokonkwo,group_chat,2026-04-06 08:18:15+00:00
Joy Okonkwo,fdubois,group_chat,2026-04-06 08:18:15+00:00
Joy Okonkwo,jokonkwo_4,group_chat,2026-04-06 08:18:15+00:00
Joy Okonkwo,mzhang,group_chat,2026-04-06 08:18:15+00:00
François Dubois,jokonkwo,group_chat,2026-04-06 08:18:45+00:00
François Dubois,fdubois,group_chat,2026-04-06 08:18:45+00:00
François Dubois,jokonkwo_4,group_chat,2026-04-06 08:18:45+00:00
François Dubois,mzhang,group_chat,2026-04-06 08:18:45+00:00
Mei Zhang,jokonkwo,group_chat,2026-04-06 08:19:10+00:00
Mei Zhang,fdubois,group_chat,2026-04-06 08:19:10+00:00
Mei Zhang,jokonkwo_4,group_chat,2026-04-06 08:19:10+00:00
Mei Zhang,mzhang,group_chat,2026-04-06 08:19:10+00:00
Joseph Okonkwo,jokonkwo,group_chat,2026-04-06 08:19:45+00:00
Joseph Okonkwo,fdubois,group_chat,2026-04-06 08:19:45+00:00
Joseph Okonkwo,jokonkwo_4,group_chat,2026-04-06 08:19:45+00:00
Joseph Okonkwo,mzhang,group_chat,2026-04-06 08:19:45+00:00
Joy Okonkwo,jokonkwo,group_chat,2026-04-06 08:20:10+00:00
Joy Okonkwo,fdubois,group_chat,2026-04-06 08:20:10+00:00
Joy Okonkwo,jokonkwo_4,group_chat,2026-04-06 08:20:10+00:00
Joy Okonkwo,mzhang,group_chat,2026-04-06 08:20:10+00:00
Mei Zhang,jokonkwo,group_chat,2026-04-06 08:20:40+00:00
Mei Zhang,fdubois,group_chat,2026-04-06 08:20:40+00:00
Mei Zhang,jokonkwo_4,group_chat,2026-04-06 08:20:40+00:00
Mei Zhang,mzhang,group_chat,2026-04-06 08:20:40+00:00
François Dubois,jokonkwo,group_chat,2026-04-06 08:21:15+00:00
François Dubois,fdubois,group_chat,2026-04-06 08:21:15+00:00
François Dubois,jokonkwo_4,group_chat,2026-04-06 08:21:15+00:00
François Dubois,mzhang,group_chat,2026-04-06 08:21:15+00:00
Joy Okonkwo,jokonkwo,group_chat,2026-04-06 08:22:00+00:00
Joy Okonkwo,fdubois,group_chat,2026-04-06 08:22:00+00:00
Joy Okonkwo,jokonkwo_4,group_chat,2026-04-06 08:22:00+00:00
Joy Okonkwo,mzhang,group_chat,2026-04-06 08:22:00+00:00
Joseph Okonkwo,jokonkwo,group_chat,2026-04-06 08:22:30+00:00
Joseph Okonkwo,fdubois,group_chat,2026-04-06 08:22:30+00:00
Joseph Okonkwo,jokonkwo_4,group_chat,2026-04-06 08:22:30+00:00
Joseph Okonkwo,mzhang,group_chat,2026-04-06 08:22:30+00:00
Mei Zhang,jokonkwo,group_chat,2026-04-06 08:23:00+00:00
Mei Zhang,fdubois,group_chat,2026-04-06 08:23:00+00:00
Mei Zhang,jokonkwo_4,group_chat,2026-04-06 08:23:00+00:00
Mei Zhang,mzhang,group_chat,2026-04-06 08:23:00+00:00
François Dubois,jokonkwo,group_chat,2026-04-06 08:23:30+00:00
François Dubois,fdubois,group_chat,2026-04-06 08:23:30+00:00
François Dubois,jokonkwo_4,group_chat,2026-04-06 08:23:30+00:00
François Dubois,mzhang,group_chat,2026-04-06 08:23:30+00:00
Joy Okonkwo,jokonkwo,group_chat,2026-04-06 08:24:15+00:00
Joy Okonkwo,fdubois,group_chat,2026-04-06 08:24:15+00:00
Joy Okonkwo,jokonkwo_4,group_chat,2026-04-06 08:24:15+00:00
Joy Okonkwo,mzhang,group_chat,2026-04-06 08:24:15+00:00
Joseph Okonkwo,jokonkwo,group_chat,2026-04-06 08:24:45+00:00
Joseph Okonkwo,fdubois,group_chat,2026-04-06 08:24:45+00:00
Joseph Okonkwo,jokonkwo_4,group_chat,2026-04-06 08:24:45+00:00
Joseph Okonkwo,mzhang,group_chat,2026-04-06 08:24:45+00:00
François Dubois,jokonkwo,group_chat,2026-04-06 08:25:15+00:00
François Dubois,fdubois,group_chat,2026-04-06 08:25:15+00:00
François Dubois,jokonkwo_4,group_chat,2026-04-06 08:25:15+00:00
François Dubois,mzhang,group_chat,2026-04-06 08:25:15+00:00
Mei Zhang,jokonkwo,group_chat,2026-04-06 08:25:45+00:00
Mei Zhang,fdubois,group_chat,2026-04-06 08:25:45+00:00
Mei Zhang,jokonkwo_4,group_chat,2026-04-06 08:25:45+00:00
Mei Zhang,mzhang,group_chat,2026-04-06 08:25:45+00:00
François Dubois,jokonkwo,group_chat,2026-04-06 08:26:30+00:00
François Dubois,fdubois,group_chat,2026-04-06 08:26:30+00:00
François Dubois,jokonkwo_4,group_chat,2026-04-06 08:26:30+00:00
François Dubois,mzhang,group_chat,2026-04-06 08:26:30+00:00
Mei Zhang,jokonkwo,group_chat,2026-04-06 08:27:10+00:00
Mei Zhang,fdubois,group_chat,2026-04-06 08:27:10+00:00
Mei Zhang,jokonkwo_4,group_chat,2026-04-06 08:27:10+00:00
Mei Zhang,mzhang,group_chat,2026-04-06 08:27:10+00:00
Joseph Okonkwo,jokonkwo,group_chat,2026-04-06 08:27:45+00:00
Joseph Okonkwo,fdubois,group_chat,2026-04-06 08:27:45+00:00
Joseph Okonkwo,jokonkwo_4,group_chat,2026-04-06 08:27:45+00:00
Joseph Okonkwo,mzhang,group_chat,2026-04-06 08:27:45+00:00
Joy Okonkwo,jokonkwo,group_chat,2026-04-06 08:28:15+00:00
Joy Okonkwo,fdubois,group_chat,2026-04-06 08:28:15+00:00
Joy Okonkwo,jokonkwo_4,group_chat,2026-04-06 08:28:15+00:00
Joy Okonkwo,mzhang,group_chat,2026-04-06 08:28:15+00:00
François Dubois,jokonkwo,group_chat,2026-04-06 08:28:30+00:00
François Dubois,fdubois,group_chat,2026-04-06 08:28:30+00:00
François Dubois,jokonkwo_4,group_chat,2026-04-06 08:28:30+00:00
François Dubois,mzhang,group_chat,2026-04-06 08:28:30+00:00
Mei Zhang,jokonkwo,group_chat,2026-04-06 08:29:00+00:00
Mei Zhang,fdubois,group_chat,2026-04-06 08:29:00+00:00
Mei Zhang,jokonkwo_4,group_chat,2026-04-06 08:29:00+00:00
Mei Zhang,mzhang,group_chat,2026-04-06 08:29:00+00:00
Joy Okonkwo,jokonkwo,group_chat,2026-04-06 08:29:30+00:00
Joy Okonkwo,fdubois,group_chat,2026-04-06 08:29:30+00:00
Joy Okonkwo,jokonkwo_4,group_chat,2026-04-06 08:29:30+00:00
Joy Okonkwo,mzhang,group_chat,2026-04-06 08:29:30+00:00
Joy Okonkwo,jokonkwo,group_chat,2026-04-06 08:30:15+00:00
Joy Okonkwo,fdubois,group_chat,2026-04-06 08:30:15+00:00
Joy Okonkwo,jokonkwo_4,group_chat,2026-04-06 08:30:15+00:00
Joy Okonkwo,mzhang,group_chat,2026-04-06 08:30:15+00:00
François Dubois,jokonkwo,group_chat,2026-04-06 08:30:30+00:00
François Dubois,fdubois,group_chat,2026-04-06 08:30:30+00:00
François Dubois,jokonkwo_4,group_chat,2026-04-06 08:30:30+00:00
François Dubois,mzhang,group_chat,2026-04-06 08:30:30+00:00
Joseph Okonkwo,jokonkwo,group_chat,2026-04-06 08:31:00+00:00
Joseph Okonkwo,fdubois,group_chat,2026-04-06 08:31:00+00:00
Joseph Okonkwo,jokonkwo_4,group_chat,2026-04-06 08:31:00+00:00
Joseph Okonkwo,mzhang,group_chat,2026-04-06 08:31:00+00:00
Mei Zhang,jokonkwo,group_chat,2026-04-06 08:31:15+00:00
Mei Zhang,fdubois,group_chat,2026-04-06 08:31:15+00:00
Mei Zhang,jokonkwo_4,group_chat,2026-04-06 08:31:15+00:00
Mei Zhang,mzhang,group_chat,2026-04-06 08:31:15+00:00
François Dubois,jokonkwo,group_chat,2026-04-06 08:31:45+00:00
François Dubois,fdubois,group_chat,2026-04-06 08:31:45+00:00
François Dubois,jokonkwo_4,group_chat,2026-04-06 08:31:45+00:00
François Dubois,mzhang,group_chat,2026-04-06 08:31:45+00:00
Mei Zhang,jokonkwo,group_chat,2026-04-06 08:32:15+00:00
Mei Zhang,fdubois,group_chat,2026-04-06 08:32:15+00:00
Mei Zhang,jokonkwo_4,group_chat,2026-04-06 08:32:15+00:00
Mei Zhang,mzhang,group_chat,2026-04-06 08:32:15+00:00
Joy Okonkwo,jokonkwo,group_chat,2026-04-06 08:32:45+00:00
Joy Okonkwo,fdubois,group_chat,2026-04-06 08:32:45+00:00
Joy Okonkwo,jokonkwo_4,group_chat,2026-04-06 08:32:45+00:00
Joy Okonkwo,mzhang,group_chat,2026-04-06 08:32:45+00:00
chi_nguyen,cnguyen,group_chat,2026-04-06 10:03:22+00:00
chi_nguyen,ktanaka,group_chat,2026-04-06 10:03:22+00:00
chi_nguyen,lhaddad,group_chat,2026-04-06 10:03:22+00:00
chi_nguyen,smensah,group_chat,2026-04-06 10:03:22+00:00
kenji_tanaka,cnguyen,group_chat,2026-04-06 10:04:15+00:00
kenji_tanaka,ktanaka,group_chat,2026-04-06 10:04:15+00:00
kenji_tanaka,lhaddad,group_chat,2026-04-06 10:04:15+00:00
kenji_tanaka,smensah,group_chat,2026-04-06 10:04:15+00:00
layla_haddad,cnguyen,group_chat,2026-04-06 10:04:52+00:00
layla_haddad,ktanaka,group_chat,2026-04-06 10:04:52+00:00
layla_haddad,lhaddad,group_chat,2026-04-06 10:04:52+00:00
layla_haddad,smensah,group_chat,2026-04-06 10:04:52+00:00
samuel_mensah,cnguyen,group_chat,2026-04-06 10:05:30+00:00
samuel_mensah,ktanaka,group_chat,2026-04-06 10:05:30+00:00
samuel_mensah,lhaddad,group_chat,2026-04-06 10:05:30+00:00
samuel_mensah,smensah,group_chat,2026-04-06 10:05:30+00:00
chi_nguyen,cnguyen,group_chat,2026-04-06 10:06:10+00:00
chi_nguyen,ktanaka,group_chat,2026-04-06 10:06:10+00:00
chi_nguyen,lhaddad,group_chat,2026-04-06 10:06:10+00:00
chi_nguyen,smensah,group_chat,2026-04-06 10:06:10+00:00
kenji_tanaka,cnguyen,group_chat,2026-04-06 10:06:25+00:00
kenji_tanaka,ktanaka,group_chat,2026-04-06 10:06:25+00:00
kenji_tanaka,lhaddad,group_chat,2026-04-06 10:06:25+00:00
kenji_tanaka,smensah,group_chat,2026-04-06 10:06:25+00:00
layla_haddad,cnguyen,group_chat,2026-04-06 10:07:03+00:00
layla_haddad,ktanaka,group_chat,2026-04-06 10:07:03+00:00
layla_haddad,lhaddad,group_chat,2026-04-06 10:07:03+00:00
layla_haddad,smensah,group_chat,2026-04-06 10:07:03+00:00
samuel_mensah,cnguyen,group_chat,2026-04-06 10:07:20+00:00
samuel_mensah,ktanaka,group_chat,2026-04-06 10:07:20+00:00
samuel_mensah,lhaddad,group_chat,2026-04-06 10:07:20+00:00
samuel_mensah,smensah,group_chat,2026-04-06 10:07:20+00:00
chi_nguyen,cnguyen,group_chat,2026-04-06 10:07:45+00:00
chi_nguyen,ktanaka,group_chat,2026-04-06 10:07:45+00:00
chi_nguyen,lhaddad,group_chat,2026-04-06 10:07:45+00:00
chi_nguyen,smensah,group_chat,2026-04-06 10:07:45+00:00
layla_haddad,cnguyen,group_chat,2026-04-06 10:08:03+00:00
layla_haddad,ktanaka,group_chat,2026-04-06 10:08:03+00:00
layla_haddad,lhaddad,group_chat,2026-04-06 10:08:03+00:00
layla_haddad,smensah,group_chat,2026-04-06 10:08:03+00:00
kenji_tanaka,cnguyen,group_chat,2026-04-06 10:08:15+00:00
kenji_tanaka,ktanaka,group_chat,2026-04-06 10:08:15+00:00
kenji_tanaka,lhaddad,group_chat,2026-04-06 10:08:15+00:00
kenji_tanaka,smensah,group_chat,2026-04-06 10:08:15+00:00
samuel_mensah,cnguyen,group_chat,2026-04-06 10:08:25+00:00
samuel_mensah,ktanaka,group_chat,2026-04-06 10:08:25+00:00
samuel_mensah,lhaddad,group_chat,2026-04-06 10:08:25+00:00
samuel_mensah,smensah,group_chat,2026-04-06 10:08:25+00:00
chi_nguyen,cnguyen,group_chat,2026-04-06 10:08:30+00:00
chi_nguyen,ktanaka,group_chat,2026-04-06 10:08:30+00:00
chi_nguyen,lhaddad,group_chat,2026-04-06 10:08:30+00:00
chi_nguyen,smensah,group_chat,2026-04-06 10:08:30+00:00
layla_haddad,cnguyen,group_chat,2026-04-06 10:09:10+00:00
layla_haddad,ktanaka,group_chat,2026-04-06 10:09:10+00:00
layla_haddad,lhaddad,group_chat,2026-04-06 10:09:10+00:00
layla_haddad,smensah,group_chat,2026-04-06 10:09:10+00:00
samuel_mensah,cnguyen,group_chat,2026-04-06 10:09:25+00:00
samuel_mensah,ktanaka,group_chat,2026-04-06 10:09:25+00:00
samuel_mensah,lhaddad,group_chat,2026-04-06 10:09:25+00:00
samuel_mensah,smensah,group_chat,2026-04-06 10:09:25+00:00
Aisha Kabir,fdubois,group_chat,2026-04-06 10:02:15+00:00
Aisha Kabir,jokonkwo_4,group_chat,2026-04-06 10:02:15+00:00
Aisha Kabir,akabir,group_chat,2026-04-06 10:02:15+00:00
Joseph Okonkwo,fdubois,group_chat,2026-04-06 10:02:45+00:00
Joseph Okonkwo,jokonkwo_4,group_chat,2026-04-06 10:02:45+00:00
Joseph Okonkwo,akabir,group_chat,2026-04-06 10:02:45+00:00
François Dubois,fdubois,group_chat,2026-04-06 10:03:10+00:00
François Dubois,jokonkwo_4,group_chat,2026-04-06 10:03:10+00:00
François Dubois,akabir,group_chat,2026-04-06 10:03:10+00:00
Aisha Kabir,fdubois,group_chat,2026-04-06 10:03:30+00:00
Aisha Kabir,jokonkwo_4,group_chat,2026-04-06 10:03:30+00:00
Aisha Kabir,akabir,group_chat,2026-04-06 10:03:30+00:00
Joseph Okonkwo,fdubois,group_chat,2026-04-06 10:04:05+00:00
Joseph Okonkwo,jokonkwo_4,group_chat,2026-04-06 10:04:05+00:00
Joseph Okonkwo,akabir,group_chat,2026-04-06 10:04:05+00:00
François Dubois,fdubois,group_chat,2026-04-06 10:04:20+00:00
François Dubois,jokonkwo_4,group_chat,2026-04-06 10:04:20+00:00
François Dubois,akabir,group_chat,2026-04-06 10:04:20+00:00
Aisha Kabir,fdubois,group_chat,2026-04-06 10:05:10+00:00
Aisha Kabir,jokonkwo_4,group_chat,2026-04-06 10:05:10+00:00
Aisha Kabir,akabir,group_chat,2026-04-06 10:05:10+00:00
Joseph Okonkwo,fdubois,group_chat,2026-04-06 10:10:45+00:00
Joseph Okonkwo,jokonkwo_4,group_chat,2026-04-06 10:10:45+00:00
Joseph Okonkwo,akabir,group_chat,2026-04-06 10:10:45+00:00
François Dubois,fdubois,group_chat,2026-04-06 10:11:05+00:00
François Dubois,jokonkwo_4,group_chat,2026-04-06 10:11:05+00:00
François Dubois,akabir,group_chat,2026-04-06 10:11:05+00:00
Aisha Kabir,fdubois,group_chat,2026-04-06 10:12:20+00:00
Aisha Kabir,jokonkwo_4,group_chat,2026-04-06 10:12:20+00:00
Aisha Kabir,akabir,group_chat,2026-04-06 10:12:20+00:00
François Dubois,fdubois,group_chat,2026-04-06 10:12:45+00:00
François Dubois,jokonkwo_4,group_chat,2026-04-06 10:12:45+00:00
François Dubois,akabir,group_chat,2026-04-06 10:12:45+00:00
Kenji Tanaka,ktanaka,group_chat,2026-04-06 14:03:10+00:00
Kenji Tanaka,ksingh,group_chat,2026-04-06 14:03:10+00:00
Kenji Tanaka,hmatsuda,group_chat,2026-04-06 14:03:10+00:00
Karan Singh,ktanaka,group_chat,2026-04-06 14:03:18+00:00
Karan Singh,ksingh,group_chat,2026-04-06 14:03:18+00:00
Karan Singh,hmatsuda,group_chat,2026-04-06 14:03:18+00:00
Hiroshi Matsuda,ktanaka,group_chat,2026-04-06 14:03:22+00:00
Hiroshi Matsuda,ksingh,group_chat,2026-04-06 14:03:22+00:00
Hiroshi Matsuda,hmatsuda,group_chat,2026-04-06 14:03:22+00:00
Karan Singh,ktanaka,group_chat,2026-04-06 14:04:05+00:00
Karan Singh,ksingh,group_chat,2026-04-06 14:04:05+00:00
Karan Singh,hmatsuda,group_chat,2026-04-06 14:04:05+00:00
Kenji Tanaka,ktanaka,group_chat,2026-04-06 14:04:28+00:00
Kenji Tanaka,ksingh,group_chat,2026-04-06 14:04:28+00:00
Kenji Tanaka,hmatsuda,group_chat,2026-04-06 14:04:28+00:00
Hiroshi Matsuda,ktanaka,group_chat,2026-04-06 14:04:45+00:00
Hiroshi Matsuda,ksingh,group_chat,2026-04-06 14:04:45+00:00
Hiroshi Matsuda,hmatsuda,group_chat,2026-04-06 14:04:45+00:00
Karan Singh,ktanaka,group_chat,2026-04-06 14:05:12+00:00
Karan Singh,ksingh,group_chat,2026-04-06 14:05:12+00:00
Karan Singh,hmatsuda,group_chat,2026-04-06 14:05:12+00:00
Kenji Tanaka,ktanaka,group_chat,2026-04-06 14:06:30+00:00
Kenji Tanaka,ksingh,group_chat,2026-04-06 14:06:30+00:00
Kenji Tanaka,hmatsuda,group_chat,2026-04-06 14:06:30+00:00
Hiroshi Matsuda,ktanaka,group_chat,2026-04-06 14:06:45+00:00
Hiroshi Matsuda,ksingh,group_chat,2026-04-06 14:06:45+00:00
Hiroshi Matsuda,hmatsuda,group_chat,2026-04-06 14:06:45+00:00
Karan Singh,ktanaka,group_chat,2026-04-06 14:07:05+00:00
Karan Singh,ksingh,group_chat,2026-04-06 14:07:05+00:00
Karan Singh,hmatsuda,group_chat,2026-04-06 14:07:05+00:00
Kenji Tanaka,ktanaka,group_chat,2026-04-06 14:07:25+00:00
Kenji Tanaka,ksingh,group_chat,2026-04-06 14:07:25+00:00
Kenji Tanaka,hmatsuda,group_chat,2026-04-06 14:07:25+00:00
Hiroshi Matsuda,ktanaka,group_chat,2026-04-06 14:08:01+00:00
Hiroshi Matsuda,ksingh,group_chat,2026-04-06 14:08:01+00:00
Hiroshi Matsuda,hmatsuda,group_chat,2026-04-06 14:08:01+00:00
Kenji Tanaka,ktanaka,group_chat,2026-04-06 14:08:15+00:00
Kenji Tanaka,ksingh,group_chat,2026-04-06 14:08:15+00:00
Kenji Tanaka,hmatsuda,group_chat,2026-04-06 14:08:15+00:00
Karan Singh,ktanaka,group_chat,2026-04-06 14:09:02+00:00
Karan Singh,ksingh,group_chat,2026-04-06 14:09:02+00:00
Karan Singh,hmatsuda,group_chat,2026-04-06 14:09:02+00:00
Hiroshi Matsuda,ktanaka,group_chat,2026-04-06 14:09:15+00:00
Hiroshi Matsuda,ksingh,group_chat,2026-04-06 14:09:15+00:00
Hiroshi Matsuda,hmatsuda,group_chat,2026-04-06 14:09:15+00:00
Karan Singh,ktanaka,group_chat,2026-04-06 14:09:25+00:00
Karan Singh,ksingh,group_chat,2026-04-06 14:09:25+00:00
Karan Singh,hmatsuda,group_chat,2026-04-06 14:09:25+00:00
layla_haddad,lhaddad,group_chat,2026-04-06 09:03:15+00:00
layla_haddad,smensah,group_chat,2026-04-06 09:03:15+00:00
layla_haddad,yabdul,group_chat,2026-04-06 09:03:15+00:00
layla_haddad,fdubois,group_chat,2026-04-06 09:03:15+00:00
samuel_mensah,lhaddad,group_chat,2026-04-06 09:04:02+00:00
samuel_mensah,smensah,group_chat,2026-04-06 09:04:02+00:00
samuel_mensah,yabdul,group_chat,2026-04-06 09:04:02+00:00
samuel_mensah,fdubois,group_chat,2026-04-06 09:04:02+00:00
yasmin_abdul,lhaddad,group_chat,2026-04-06 09:04:30+00:00
yasmin_abdul,smensah,group_chat,2026-04-06 09:04:30+00:00
yasmin_abdul,yabdul,group_chat,2026-04-06 09:04:30+00:00
yasmin_abdul,fdubois,group_chat,2026-04-06 09:04:30+00:00
francois_dubois,lhaddad,group_chat,2026-04-06 09:05:12+00:00
francois_dubois,smensah,group_chat,2026-04-06 09:05:12+00:00
francois_dubois,yabdul,group_chat,2026-04-06 09:05:12+00:00
francois_dubois,fdubois,group_chat,2026-04-06 09:05:12+00:00
layla_haddad,lhaddad,group_chat,2026-04-06 09:05:45+00:00
layla_haddad,smensah,group_chat,2026-04-06 09:05:45+00:00
layla_haddad,yabdul,group_chat,2026-04-06 09:05:45+00:00
layla_haddad,fdubois,group_chat,2026-04-06 09:05:45+00:00
samuel_mensah,lhaddad,group_chat,2026-04-06 09:06:10+00:00
samuel_mensah,smensah,group_chat,2026-04-06 09:06:10+00:00
samuel_mensah,yabdul,group_chat,2026-04-06 09:06:10+00:00
samuel_mensah,fdubois,group_chat,2026-04-06 09:06:10+00:00
yasmin_abdul,lhaddad,group_chat,2026-04-06 09:06:35+00:00
yasmin_abdul,smensah,group_chat,2026-04-06 09:06:35+00:00
yasmin_abdul,yabdul,group_chat,2026-04-06 09:06:35+00:00
yasmin_abdul,fdubois,group_chat,2026-04-06 09:06:35+00:00
francois_dubois,lhaddad,group_chat,2026-04-06 09:07:12+00:00
francois_dubois,smensah,group_chat,2026-04-06 09:07:12+00:00
francois_dubois,yabdul,group_chat,2026-04-06 09:07:12+00:00
francois_dubois,fdubois,group_chat,2026-04-06 09:07:12+00:00
yasmin_abdul,lhaddad,group_chat,2026-04-06 09:07:40+00:00
yasmin_abdul,smensah,group_chat,2026-04-06 09:07:40+00:00
yasmin_abdul,yabdul,group_chat,2026-04-06 09:07:40+00:00
yasmin_abdul,fdubois,group_chat,2026-04-06 09:07:40+00:00
layla_haddad,lhaddad,group_chat,2026-04-06 09:08:15+00:00
layla_haddad,smensah,group_chat,2026-04-06 09:08:15+00:00
layla_haddad,yabdul,group_chat,2026-04-06 09:08:15+00:00
layla_haddad,fdubois,group_chat,2026-04-06 09:08:15+00:00
samuel_mensah,lhaddad,group_chat,2026-04-06 09:08:36+00:00
samuel_mensah,smensah,group_chat,2026-04-06 09:08:36+00:00
samuel_mensah,yabdul,group_chat,2026-04-06 09:08:36+00:00
samuel_mensah,fdubois,group_chat,2026-04-06 09:08:36+00:00
francois_dubois,lhaddad,group_chat,2026-04-06 09:08:40+00:00
francois_dubois,smensah,group_chat,2026-04-06 09:08:40+00:00
francois_dubois,yabdul,group_chat,2026-04-06 09:08:40+00:00
francois_dubois,fdubois,group_chat,2026-04-06 09:08:40+00:00
yasmin_abdul,lhaddad,group_chat,2026-04-06 09:09:05+00:00
yasmin_abdul,smensah,group_chat,2026-04-06 09:09:05+00:00
yasmin_abdul,yabdul,group_chat,2026-04-06 09:09:05+00:00
yasmin_abdul,fdubois,group_chat,2026-04-06 09:09:05+00:00
layla_haddad,lhaddad,group_chat,2026-04-06 09:09:50+00:00
layla_haddad,smensah,group_chat,2026-04-06 09:09:50+00:00
layla_haddad,yabdul,group_chat,2026-04-06 09:09:50+00:00
layla_haddad,fdubois,group_chat,2026-04-06 09:09:50+00:00
samuel_mensah,lhaddad,group_chat,2026-04-06 09:10:15+00:00
samuel_mensah,smensah,group_chat,2026-04-06 09:10:15+00:00
samuel_mensah,yabdul,group_chat,2026-04-06 09:10:15+00:00
samuel_mensah,fdubois,group_chat,2026-04-06 09:10:15+00:00
francois_dubois,lhaddad,group_chat,2026-04-06 09:10:40+00:00
francois_dubois,smensah,group_chat,2026-04-06 09:10:40+00:00
francois_dubois,yabdul,group_chat,2026-04-06 09:10:40+00:00
francois_dubois,fdubois,group_chat,2026-04-06 09:10:40+00:00
layla_haddad,lhaddad,group_chat,2026-04-06 09:11:00+00:00
layla_haddad,smensah,group_chat,2026-04-06 09:11:00+00:00
layla_haddad,yabdul,group_chat,2026-04-06 09:11:00+00:00
layla_haddad,fdubois,group_chat,2026-04-06 09:11:00+00:00
yasmin_abdul,lhaddad,group_chat,2026-04-06 09:11:30+00:00
yasmin_abdul,smensah,group_chat,2026-04-06 09:11:30+00:00
yasmin_abdul,yabdul,group_chat,2026-04-06 09:11:30+00:00
yasmin_abdul,fdubois,group_chat,2026-04-06 09:11:30+00:00
Mei Zhang,mzhang,group_chat,2026-04-06 14:02:45+00:00
Mei Zhang,jokonkwo,group_chat,2026-04-06 14:02:45+00:00
Mei Zhang,jokafor,group_chat,2026-04-06 14:02:45+00:00
Joy Okonkwo,mzhang,group_chat,2026-04-06 14:03:10+00:00
Joy Okonkwo,jokonkwo,group_chat,2026-04-06 14:03:10+00:00
Joy Okonkwo,jokafor,group_chat,2026-04-06 14:03:10+00:00
Joy Okafor,mzhang,group_chat,2026-04-06 14:03:15+00:00
Joy Okafor,jokonkwo,group_chat,2026-04-06 14:03:15+00:00
Joy Okafor,jokafor,group_chat,2026-04-06 14:03:15+00:00
Mei Zhang,mzhang,group_chat,2026-04-06 14:04:00+00:00
Mei Zhang,jokonkwo,group_chat,2026-04-06 14:04:00+00:00
Mei Zhang,jokafor,group_chat,2026-04-06 14:04:00+00:00
Joy Okonkwo,mzhang,group_chat,2026-04-06 14:04:25+00:00
Joy Okonkwo,jokonkwo,group_chat,2026-04-06 14:04:25+00:00
Joy Okonkwo,jokafor,group_chat,2026-04-06 14:04:25+00:00
Joy Okafor,mzhang,group_chat,2026-04-06 14:04:40+00:00
Joy Okafor,jokonkwo,group_chat,2026-04-06 14:04:40+00:00
Joy Okafor,jokafor,group_chat,2026-04-06 14:04:40+00:00
Joy Okonkwo,mzhang,group_chat,2026-04-06 14:05:10+00:00
Joy Okonkwo,jokonkwo,group_chat,2026-04-06 14:05:10+00:00
Joy Okonkwo,jokafor,group_chat,2026-04-06 14:05:10+00:00
Mei Zhang,mzhang,group_chat,2026-04-06 14:05:30+00:00
Mei Zhang,jokonkwo,group_chat,2026-04-06 14:05:30+00:00
Mei Zhang,jokafor,group_chat,2026-04-06 14:05:30+00:00
Joy Okafor,mzhang,group_chat,2026-04-06 14:05:45+00:00
Joy Okafor,jokonkwo,group_chat,2026-04-06 14:05:45+00:00
Joy Okafor,jokafor,group_chat,2026-04-06 14:05:45+00:00
Joy Okonkwo,mzhang,group_chat,2026-04-06 14:06:00+00:00
Joy Okonkwo,jokonkwo,group_chat,2026-04-06 14:06:00+00:00
Joy Okonkwo,jokafor,group_chat,2026-04-06 14:06:00+00:00
Mei Zhang,mzhang,group_chat,2026-04-06 14:06:10+00:00
Mei Zhang,jokonkwo,group_chat,2026-04-06 14:06:10+00:00
Mei Zhang,jokafor,group_chat,2026-04-06 14:06:10+00:00
Joy Okafor,mzhang,group_chat,2026-04-06 14:06:25+00:00
Joy Okafor,jokonkwo,group_chat,2026-04-06 14:06:25+00:00
Joy Okafor,jokafor,group_chat,2026-04-06 14:06:25+00:00
Mei Zhang,mzhang,group_chat,2026-04-06 14:06:40+00:00
Mei Zhang,jokonkwo,group_chat,2026-04-06 14:06:40+00:00
Mei Zhang,jokafor,group_chat,2026-04-06 14:06:40+00:00
Joy Okonkwo,mzhang,group_chat,2026-04-06 14:07:15+00:00
Joy Okonkwo,jokonkwo,group_chat,2026-04-06 14:07:15+00:00
Joy Okonkwo,jokafor,group_chat,2026-04-06 14:07:15+00:00
Mei Zhang,mzhang,group_chat,2026-04-06 14:07:30+00:00
Mei Zhang,jokonkwo,group_chat,2026-04-06 14:07:30+00:00
Mei Zhang,jokafor,group_chat,2026-04-06 14:07:30+00:00
Joy Okonkwo,mzhang,group_chat,2026-04-06 14:07:45+00:00
Joy Okonkwo,jokonkwo,group_chat,2026-04-06 14:07:45+00:00
Joy Okonkwo,jokafor,group_chat,2026-04-06 14:07:45+00:00
Joy Okafor,mzhang,group_chat,2026-04-06 14:08:00+00:00
Joy Okafor,jokonkwo,group_chat,2026-04-06 14:08:00+00:00
Joy Okafor,jokafor,group_chat,2026-04-06 14:08:00+00:00
Mei Zhang,mzhang,group_chat,2026-04-06 14:08:15+00:00
Mei Zhang,jokonkwo,group_chat,2026-04-06 14:08:15+00:00
Mei Zhang,jokafor,group_chat,2026-04-06 14:08:15+00:00
lhaddad,smensah,meeting,2026-03-24 09:00:00+00:00
lhaddad,jokafor,meeting,2026-03-24 09:00:00+00:00
lhaddad,smensah,meeting,2026-03-24 09:00:00+00:00
smensah,lhaddad,meeting,2026-03-24 09:00:00+00:00
lhaddad,jokafor,meeting,2026-03-24 09:00:00+00:00
jokafor,lhaddad,meeting,2026-03-24 09:00:00+00:00
smensah,jokafor,meeting,2026-03-24 09:00:00+00:00
jokafor,smensah,meeting,2026-03-24 09:00:00+00:00
cnguyen,ksingh,meeting,2026-03-24 10:30:00+00:00
cnguyen,hmatsuda,meeting,2026-03-24 10:30:00+00:00
cnguyen,ksingh,meeting,2026-03-24 10:30:00+00:00
ksingh,cnguyen,meeting,2026-03-24 10:30:00+00:00
cnguyen,hmatsuda,meeting,2026-03-24 10:30:00+00:00
hmatsuda,cnguyen,meeting,2026-03-24 10:30:00+00:00
ksingh,hmatsuda,meeting,2026-03-24 10:30:00+00:00
hmatsuda,ksingh,meeting,2026-03-24 10:30:00+00:00
drossi,lgomez,meeting,2026-03-24 13:00:00+00:00
drossi,mzhang,meeting,2026-03-24 13:00:00+00:00
drossi,lgomez,meeting,2026-03-24 13:00:00+00:00
lgomez,drossi,meeting,2026-03-24 13:00:00+00:00
drossi,mzhang,meeting,2026-03-24 13:00:00+00:00
mzhang,drossi,meeting,2026-03-24 13:00:00+00:00
lgomez,mzhang,meeting,2026-03-24 13:00:00+00:00
mzhang,lgomez,meeting,2026-03-24 13:00:00+00:00
smensah,jokafor,meeting,2026-03-24 14:30:00+00:00
smensah,fdubois,meeting,2026-03-24 14:30:00+00:00
smensah,jokafor,meeting,2026-03-24 14:30:00+00:00
jokafor,smensah,meeting,2026-03-24 14:30:00+00:00
smensah,fdubois,meeting,2026-03-24 14:30:00+00:00
fdubois,smensah,meeting,2026-03-24 14:30:00+00:00
jokafor,fdubois,meeting,2026-03-24 14:30:00+00:00
fdubois,jokafor,meeting,2026-03-24 14:30:00+00:00
cnguyen,yabdul,meeting,2026-03-24 16:00:00+00:00
cnguyen,fdubois,meeting,2026-03-24 16:00:00+00:00
cnguyen,yabdul,meeting,2026-03-24 16:00:00+00:00
yabdul,cnguyen,meeting,2026-03-24 16:00:00+00:00
cnguyen,fdubois,meeting,2026-03-24 16:00:00+00:00
fdubois,cnguyen,meeting,2026-03-24 16:00:00+00:00
yabdul,fdubois,meeting,2026-03-24 16:00:00+00:00
fdubois,yabdul,meeting,2026-03-24 16:00:00+00:00
jokonkwo,lhaddad,meeting,2026-03-25 09:00:00+00:00
jokonkwo,akabir,meeting,2026-03-25 09:00:00+00:00
jokonkwo,fdubois,meeting,2026-03-25 09:00:00+00:00
jokonkwo,lhaddad,meeting,2026-03-25 09:00:00+00:00
lhaddad,jokonkwo,meeting,2026-03-25 09:00:00+00:00
jokonkwo,akabir,meeting,2026-03-25 09:00:00+00:00
akabir,jokonkwo,meeting,2026-03-25 09:00:00+00:00
jokonkwo,fdubois,meeting,2026-03-25 09:00:00+00:00
fdubois,jokonkwo,meeting,2026-03-25 09:00:00+00:00
lhaddad,akabir,meeting,2026-03-25 09:00:00+00:00
akabir,lhaddad,meeting,2026-03-25 09:00:00+00:00
lhaddad,fdubois,meeting,2026-03-25 09:00:00+00:00
fdubois,lhaddad,meeting,2026-03-25 09:00:00+00:00
akabir,fdubois,meeting,2026-03-25 09:00:00+00:00
fdubois,akabir,meeting,2026-03-25 09:00:00+00:00
ktanaka,cnguyen,meeting,2026-03-25 11:00:00+00:00
ktanaka,ysilva,meeting,2026-03-25 11:00:00+00:00
ktanaka,cnguyen,meeting,2026-03-25 11:00:00+00:00
cnguyen,ktanaka,meeting,2026-03-25 11:00:00+00:00
ktanaka,ysilva,meeting,2026-03-25 11:00:00+00:00
ysilva,ktanaka,meeting,2026-03-25 11:00:00+00:00
cnguyen,ysilva,meeting,2026-03-25 11:00:00+00:00
ysilva,cnguyen,meeting,2026-03-25 11:00:00+00:00
cnguyen,ksingh,meeting,2026-03-25 13:00:00+00:00
cnguyen,ksingh,meeting,2026-03-25 13:00:00+00:00
ksingh,cnguyen,meeting,2026-03-25 13:00:00+00:00
smensah,yabdul,meeting,2026-03-25 14:00:00+00:00
smensah,jokafor,meeting,2026-03-25 14:00:00+00:00
smensah,yabdul,meeting,2026-03-25 14:00:00+00:00
yabdul,smensah,meeting,2026-03-25 14:00:00+00:00
smensah,jokafor,meeting,2026-03-25 14:00:00+00:00
jokafor,smensah,meeting,2026-03-25 14:00:00+00:00
yabdul,jokafor,meeting,2026-03-25 14:00:00+00:00
jokafor,yabdul,meeting,2026-03-25 14:00:00+00:00
npande,aramirez,meeting,2026-03-25 16:00:00+00:00
npande,ysilva,meeting,2026-03-25 16:00:00+00:00
npande,aramirez,meeting,2026-03-25 16:00:00+00:00
aramirez,npande,meeting,2026-03-25 16:00:00+00:00
npande,ysilva,meeting,2026-03-25 16:00:00+00:00
ysilva,npande,meeting,2026-03-25 16:00:00+00:00
aramirez,ysilva,meeting,2026-03-25 16:00:00+00:00
ysilva,aramirez,meeting,2026-03-25 16:00:00+00:00
mgarcia,jokonkwo,meeting,2026-03-26 09:00:00+00:00
mgarcia,akabir,meeting,2026-03-26 09:00:00+00:00
mgarcia,fdubois,meeting,2026-03-26 09:00:00+00:00
mgarcia,jokonkwo,meeting,2026-03-26 09:00:00+00:00
jokonkwo,mgarcia,meeting,2026-03-26 09:00:00+00:00
mgarcia,akabir,meeting,2026-03-26 09:00:00+00:00
akabir,mgarcia,meeting,2026-03-26 09:00:00+00:00
mgarcia,fdubois,meeting,2026-03-26 09:00:00+00:00
fdubois,mgarcia,meeting,2026-03-26 09:00:00+00:00
jokonkwo,akabir,meeting,2026-03-26 09:00:00+00:00
akabir,jokonkwo,meeting,2026-03-26 09:00:00+00:00
jokonkwo,fdubois,meeting,2026-03-26 09:00:00+00:00
fdubois,jokonkwo,meeting,2026-03-26 09:00:00+00:00
akabir,fdubois,meeting,2026-03-26 09:00:00+00:00
fdubois,akabir,meeting,2026-03-26 09:00:00+00:00
lhaddad,smensah,meeting,2026-03-26 10:30:00+00:00
lhaddad,yabdul,meeting,2026-03-26 10:30:00+00:00
lhaddad,jokafor,meeting,2026-03-26 10:30:00+00:00
lhaddad,smensah,meeting,2026-03-26 10:30:00+00:00
smensah,lhaddad,meeting,2026-03-26 10:30:00+00:00
lhaddad,yabdul,meeting,2026-03-26 10:30:00+00:00
yabdul,lhaddad,meeting,2026-03-26 10:30:00+00:00
lhaddad,jokafor,meeting,2026-03-26 10:30:00+00:00
jokafor,lhaddad,meeting,2026-03-26 10:30:00+00:00
smensah,yabdul,meeting,2026-03-26 10:30:00+00:00
yabdul,smensah,meeting,2026-03-26 10:30:00+00:00
smensah,jokafor,meeting,2026-03-26 10:30:00+00:00
jokafor,smensah,meeting,2026-03-26 10:30:00+00:00
yabdul,jokafor,meeting,2026-03-26 10:30:00+00:00
jokafor,yabdul,meeting,2026-03-26 10:30:00+00:00
fdubois,akabir,meeting,2026-03-26 11:00:00+00:00
fdubois,akabir,meeting,2026-03-26 11:00:00+00:00
akabir,fdubois,meeting,2026-03-26 11:00:00+00:00
ktanaka,cnguyen,meeting,2026-03-26 12:00:00+00:00
ktanaka,hmatsuda,meeting,2026-03-26 12:00:00+00:00
ktanaka,cnguyen,meeting,2026-03-26 12:00:00+00:00
cnguyen,ktanaka,meeting,2026-03-26 12:00:00+00:00
ktanaka,hmatsuda,meeting,2026-03-26 12:00:00+00:00
hmatsuda,ktanaka,meeting,2026-03-26 12:00:00+00:00
cnguyen,hmatsuda,meeting,2026-03-26 12:00:00+00:00
hmatsuda,cnguyen,meeting,2026-03-26 12:00:00+00:00
cnguyen,lhaddad,meeting,2026-03-26 12:30:00+00:00
cnguyen,smensah,meeting,2026-03-26 12:30:00+00:00
cnguyen,jokafor,meeting,2026-03-26 12:30:00+00:00
cnguyen,lhaddad,meeting,2026-03-26 12:30:00+00:00
lhaddad,cnguyen,meeting,2026-03-26 12:30:00+00:00
cnguyen,smensah,meeting,2026-03-26 12:30:00+00:00
smensah,cnguyen,meeting,2026-03-26 12:30:00+00:00
cnguyen,jokafor,meeting,2026-03-26 12:30:00+00:00
jokafor,cnguyen,meeting,2026-03-26 12:30:00+00:00
lhaddad,smensah,meeting,2026-03-26 12:30:00+00:00
smensah,lhaddad,meeting,2026-03-26 12:30:00+00:00
lhaddad,jokafor,meeting,2026-03-26 12:30:00+00:00
jokafor,lhaddad,meeting,2026-03-26 12:30:00+00:00
smensah,jokafor,meeting,2026-03-26 12:30:00+00:00
jokafor,smensah,meeting,2026-03-26 12:30:00+00:00
mgarcia,ktanaka,meeting,2026-03-27 10:00:00+00:00
mgarcia,lhaddad,meeting,2026-03-27 10:00:00+00:00
mgarcia,smensah,meeting,2026-03-27 10:00:00+00:00
mgarcia,cnguyen,meeting,2026-03-27 10:00:00+00:00
mgarcia,ktanaka,meeting,2026-03-27 10:00:00+00:00
ktanaka,mgarcia,meeting,2026-03-27 10:00:00+00:00
mgarcia,lhaddad,meeting,2026-03-27 10:00:00+00:00
lhaddad,mgarcia,meeting,2026-03-27 10:00:00+00:00
mgarcia,smensah,meeting,2026-03-27 10:00:00+00:00
smensah,mgarcia,meeting,2026-03-27 10:00:00+00:00
mgarcia,cnguyen,meeting,2026-03-27 10:00:00+00:00
cnguyen,mgarcia,meeting,2026-03-27 10:00:00+00:00
ktanaka,lhaddad,meeting,2026-03-27 10:00:00+00:00
lhaddad,ktanaka,meeting,2026-03-27 10:00:00+00:00
ktanaka,smensah,meeting,2026-03-27 10:00:00+00:00
smensah,ktanaka,meeting,2026-03-27 10:00:00+00:00
ktanaka,cnguyen,meeting,2026-03-27 10:00:00+00:00
cnguyen,ktanaka,meeting,2026-03-27 10:00:00+00:00
lhaddad,smensah,meeting,2026-03-27 10:00:00+00:00
smensah,lhaddad,meeting,2026-03-27 10:00:00+00:00
lhaddad,cnguyen,meeting,2026-03-27 10:00:00+00:00
cnguyen,lhaddad,meeting,2026-03-27 10:00:00+00:00
smensah,cnguyen,meeting,2026-03-27 10:00:00+00:00
cnguyen,smensah,meeting,2026-03-27 10:00:00+00:00
fdubois,akabir,meeting,2026-03-27 11:30:00+00:00
fdubois,ktanaka,meeting,2026-03-27 11:30:00+00:00
fdubois,lgomez,meeting,2026-03-27 11:30:00+00:00
fdubois,akabir,meeting,2026-03-27 11:30:00+00:00
akabir,fdubois,meeting,2026-03-27 11:30:00+00:00
fdubois,ktanaka,meeting,2026-03-27 11:30:00+00:00
ktanaka,fdubois,meeting,2026-03-27 11:30:00+00:00
fdubois,lgomez,meeting,2026-03-27 11:30:00+00:00
lgomez,fdubois,meeting,2026-03-27 11:30:00+00:00
akabir,ktanaka,meeting,2026-03-27 11:30:00+00:00
ktanaka,akabir,meeting,2026-03-27 11:30:00+00:00
akabir,lgomez,meeting,2026-03-27 11:30:00+00:00
lgomez,akabir,meeting,2026-03-27 11:30:00+00:00
ktanaka,lgomez,meeting,2026-03-27 11:30:00+00:00
lgomez,ktanaka,meeting,2026-03-27 11:30:00+00:00
smensah,lhaddad,meeting,2026-03-27 13:00:00+00:00
smensah,yabdul,meeting,2026-03-27 13:00:00+00:00
smensah,jokafor,meeting,2026-03-27 13:00:00+00:00
smensah,akabir,meeting,2026-03-27 13:00:00+00:00
smensah,lhaddad,meeting,2026-03-27 13:00:00+00:00
lhaddad,smensah,meeting,2026-03-27 13:00:00+00:00
smensah,yabdul,meeting,2026-03-27 13:00:00+00:00
yabdul,smensah,meeting,2026-03-27 13:00:00+00:00
smensah,jokafor,meeting,2026-03-27 13:00:00+00:00
jokafor,smensah,meeting,2026-03-27 13:00:00+00:00
smensah,akabir,meeting,2026-03-27 13:00:00+00:00
akabir,smensah,meeting,2026-03-27 13:00:00+00:00
lhaddad,yabdul,meeting,2026-03-27 13:00:00+00:00
yabdul,lhaddad,meeting,2026-03-27 13:00:00+00:00
lhaddad,jokafor,meeting,2026-03-27 13:00:00+00:00
jokafor,lhaddad,meeting,2026-03-27 13:00:00+00:00
lhaddad,akabir,meeting,2026-03-27 13:00:00+00:00
akabir,lhaddad,meeting,2026-03-27 13:00:00+00:00
yabdul,jokafor,meeting,2026-03-27 13:00:00+00:00
jokafor,yabdul,meeting,2026-03-27 13:00:00+00:00
yabdul,akabir,meeting,2026-03-27 13:00:00+00:00
akabir,yabdul,meeting,2026-03-27 13:00:00+00:00
jokafor,akabir,meeting,2026-03-27 13:00:00+00:00
akabir,jokafor,meeting,2026-03-27 13:00:00+00:00
cnguyen,smensah,meeting,2026-03-27 14:30:00+00:00
cnguyen,lhaddad,meeting,2026-03-27 14:30:00+00:00
cnguyen,ktanaka,meeting,2026-03-27 14:30:00+00:00
cnguyen,smensah,meeting,2026-03-27 14:30:00+00:00
smensah,cnguyen,meeting,2026-03-27 14:30:00+00:00
cnguyen,lhaddad,meeting,2026-03-27 14:30:00+00:00
lhaddad,cnguyen,meeting,2026-03-27 14:30:00+00:00
cnguyen,ktanaka,meeting,2026-03-27 14:30:00+00:00
ktanaka,cnguyen,meeting,2026-03-27 14:30:00+00:00
smensah,lhaddad,meeting,2026-03-27 14:30:00+00:00
lhaddad,smensah,meeting,2026-03-27 14:30:00+00:00
smensah,ktanaka,meeting,2026-03-27 14:30:00+00:00
ktanaka,smensah,meeting,2026-03-27 14:30:00+00:00
lhaddad,ktanaka,meeting,2026-03-27 14:30:00+00:00
ktanaka,lhaddad,meeting,2026-03-27 14:30:00+00:00
lhaddad,smensah,meeting,2026-03-27 16:00:00+00:00
lhaddad,yabdul,meeting,2026-03-27 16:00:00+00:00
lhaddad,jokafor,meeting,2026-03-27 16:00:00+00:00
lhaddad,npande,meeting,2026-03-27 16:00:00+00:00
lhaddad,smensah,meeting,2026-03-27 16:00:00+00:00
smensah,lhaddad,meeting,2026-03-27 16:00:00+00:00
lhaddad,yabdul,meeting,2026-03-27 16:00:00+00:00
yabdul,lhaddad,meeting,2026-03-27 16:00:00+00:00
lhaddad,jokafor,meeting,2026-03-27 16:00:00+00:00
jokafor,lhaddad,meeting,2026-03-27 16:00:00+00:00
lhaddad,npande,meeting,2026-03-27 16:00:00+00:00
npande,lhaddad,meeting,2026-03-27 16:00:00+00:00
smensah,yabdul,meeting,2026-03-27 16:00:00+00:00
yabdul,smensah,meeting,2026-03-27 16:00:00+00:00
smensah,jokafor,meeting,2026-03-27 16:00:00+00:00
jokafor,smensah,meeting,2026-03-27 16:00:00+00:00
smensah,npande,meeting,2026-03-27 16:00:00+00:00
npande,smensah,meeting,2026-03-27 16:00:00+00:00
yabdul,jokafor,meeting,2026-03-27 16:00:00+00:00
jokafor,yabdul,meeting,2026-03-27 16:00:00+00:00
yabdul,npande,meeting,2026-03-27 16:00:00+00:00
npande,yabdul,meeting,2026-03-27 16:00:00+00:00
jokafor,npande,meeting,2026-03-27 16:00:00+00:00
npande,jokafor,meeting,2026-03-27 16:00:00+00:00
lgomez,fdubois,meeting,2026-03-28 09:00:00+00:00
lgomez,jokonkwo_4,meeting,2026-03-28 09:00:00+00:00
lgomez,fdubois,meeting,2026-03-28 09:00:00+00:00
fdubois,lgomez,meeting,2026-03-28 09:00:00+00:00
lgomez,jokonkwo_4,meeting,2026-03-28 09:00:00+00:00
jokonkwo_4,lgomez,meeting,2026-03-28 09:00:00+00:00
fdubois,jokonkwo_4,meeting,2026-03-28 09:00:00+00:00
jokonkwo_4,fdubois,meeting,2026-03-28 09:00:00+00:00
smensah,jokafor,meeting,2026-03-28 10:30:00+00:00
smensah,akabir,meeting,2026-03-28 10:30:00+00:00
smensah,jokafor,meeting,2026-03-28 10:30:00+00:00
jokafor,smensah,meeting,2026-03-28 10:30:00+00:00
smensah,akabir,meeting,2026-03-28 10:30:00+00:00
akabir,smensah,meeting,2026-03-28 10:30:00+00:00
jokafor,akabir,meeting,2026-03-28 10:30:00+00:00
akabir,jokafor,meeting,2026-03-28 10:30:00+00:00
cnguyen,ysilva,meeting,2026-03-28 11:30:00+00:00
cnguyen,ktanaka,meeting,2026-03-28 11:30:00+00:00
cnguyen,ysilva,meeting,2026-03-28 11:30:00+00:00
ysilva,cnguyen,meeting,2026-03-28 11:30:00+00:00
cnguyen,ktanaka,meeting,2026-03-28 11:30:00+00:00
ktanaka,cnguyen,meeting,2026-03-28 11:30:00+00:00
ysilva,ktanaka,meeting,2026-03-28 11:30:00+00:00
ktanaka,ysilva,meeting,2026-03-28 11:30:00+00:00
drossi,lhaddad,meeting,2026-03-28 12:30:00+00:00
drossi,fdubois,meeting,2026-03-28 12:30:00+00:00
drossi,lhaddad,meeting,2026-03-28 12:30:00+00:00
lhaddad,drossi,meeting,2026-03-28 12:30:00+00:00
drossi,fdubois,meeting,2026-03-28 12:30:00+00:00
fdubois,drossi,meeting,2026-03-28 12:30:00+00:00
lhaddad,fdubois,meeting,2026-03-28 12:30:00+00:00
fdubois,lhaddad,meeting,2026-03-28 12:30:00+00:00
ktanaka,ksingh,meeting,2026-03-28 14:00:00+00:00
ktanaka,yabdul,meeting,2026-03-28 14:00:00+00:00
ktanaka,ksingh,meeting,2026-03-28 14:00:00+00:00
ksingh,ktanaka,meeting,2026-03-28 14:00:00+00:00
ktanaka,yabdul,meeting,2026-03-28 14:00:00+00:00
yabdul,ktanaka,meeting,2026-03-28 14:00:00+00:00
ksingh,yabdul,meeting,2026-03-28 14:00:00+00:00
yabdul,ksingh,meeting,2026-03-28 14:00:00+00:00
fdubois,jokonkwo_4,meeting,2026-03-29 09:00:00+00:00
fdubois,lgomez,meeting,2026-03-29 09:00:00+00:00
fdubois,jokonkwo_4,meeting,2026-03-29 09:00:00+00:00
jokonkwo_4,fdubois,meeting,2026-03-29 09:00:00+00:00
fdubois,lgomez,meeting,2026-03-29 09:00:00+00:00
lgomez,fdubois,meeting,2026-03-29 09:00:00+00:00
jokonkwo_4,lgomez,meeting,2026-03-29 09:00:00+00:00
lgomez,jokonkwo_4,meeting,2026-03-29 09:00:00+00:00
cnguyen,ksingh,meeting,2026-03-29 10:30:00+00:00
cnguyen,hmatsuda,meeting,2026-03-29 10:30:00+00:00
cnguyen,ksingh,meeting,2026-03-29 10:30:00+00:00
ksingh,cnguyen,meeting,2026-03-29 10:30:00+00:00
cnguyen,hmatsuda,meeting,2026-03-29 10:30:00+00:00
hmatsuda,cnguyen,meeting,2026-03-29 10:30:00+00:00
ksingh,hmatsuda,meeting,2026-03-29 10:30:00+00:00
hmatsuda,ksingh,meeting,2026-03-29 10:30:00+00:00
lgomez,hmatsuda,meeting,2026-03-29 12:00:00+00:00
lgomez,jokonkwo_4,meeting,2026-03-29 12:00:00+00:00
lgomez,hmatsuda,meeting,2026-03-29 12:00:00+00:00
hmatsuda,lgomez,meeting,2026-03-29 12:00:00+00:00
lgomez,jokonkwo_4,meeting,2026-03-29 12:00:00+00:00
jokonkwo_4,lgomez,meeting,2026-03-29 12:00:00+00:00
hmatsuda,jokonkwo_4,meeting,2026-03-29 12:00:00+00:00
jokonkwo_4,hmatsuda,meeting,2026-03-29 12:00:00+00:00
smensah,jokafor,meeting,2026-03-29 13:30:00+00:00
smensah,yabdul,meeting,2026-03-29 13:30:00+00:00
smensah,jokafor,meeting,2026-03-29 13:30:00+00:00
jokafor,smensah,meeting,2026-03-29 13:30:00+00:00
smensah,yabdul,meeting,2026-03-29 13:30:00+00:00
yabdul,smensah,meeting,2026-03-29 13:30:00+00:00
jokafor,yabdul,meeting,2026-03-29 13:30:00+00:00
yabdul,jokafor,meeting,2026-03-29 13:30:00+00:00
aramirez,fdubois,meeting,2026-03-29 15:00:00+00:00
aramirez,jokonkwo_4,meeting,2026-03-29 15:00:00+00:00
aramirez,fdubois,meeting,2026-03-29 15:00:00+00:00
fdubois,aramirez,meeting,2026-03-29 15:00:00+00:00
aramirez,jokonkwo_4,meeting,2026-03-29 15:00:00+00:00
jokonkwo_4,aramirez,meeting,2026-03-29 15:00:00+00:00
fdubois,jokonkwo_4,meeting,2026-03-29 15:00:00+00:00
jokonkwo_4,fdubois,meeting,2026-03-29 15:00:00+00:00
akabir,fdubois,meeting,2026-03-30 09:00:00+00:00
akabir,fdubois,meeting,2026-03-30 09:00:00+00:00
fdubois,akabir,meeting,2026-03-30 09:00:00+00:00
cnguyen,ksingh,meeting,2026-03-30 10:00:00+00:00
cnguyen,ksingh,meeting,2026-03-30 10:00:00+00:00
ksingh,cnguyen,meeting,2026-03-30 10:00:00+00:00
hmatsuda,jokonkwo_4,meeting,2026-03-30 11:00:00+00:00
hmatsuda,jokonkwo_4,meeting,2026-03-30 11:00:00+00:00
jokonkwo_4,hmatsuda,meeting,2026-03-30 11:00:00+00:00
smensah,jokafor,meeting,2026-03-30 12:00:00+00:00
smensah,yabdul,meeting,2026-03-30 12:00:00+00:00
smensah,jokafor,meeting,2026-03-30 12:00:00+00:00
jokafor,smensah,meeting,2026-03-30 12:00:00+00:00
smensah,yabdul,meeting,2026-03-30 12:00:00+00:00
yabdul,smensah,meeting,2026-03-30 12:00:00+00:00
jokafor,yabdul,meeting,2026-03-30 12:00:00+00:00
yabdul,jokafor,meeting,2026-03-30 12:00:00+00:00
cnguyen,mzhang,meeting,2026-03-30 14:00:00+00:00
cnguyen,mzhang,meeting,2026-03-30 14:00:00+00:00
mzhang,cnguyen,meeting,2026-03-30 14:00:00+00:00
ktanaka,cnguyen,meeting,2026-03-31 09:00:00+00:00
ktanaka,ksingh,meeting,2026-03-31 09:00:00+00:00
ktanaka,cnguyen,meeting,2026-03-31 09:00:00+00:00
cnguyen,ktanaka,meeting,2026-03-31 09:00:00+00:00
ktanaka,ksingh,meeting,2026-03-31 09:00:00+00:00
ksingh,ktanaka,meeting,2026-03-31 09:00:00+00:00
cnguyen,ksingh,meeting,2026-03-31 09:00:00+00:00
ksingh,cnguyen,meeting,2026-03-31 09:00:00+00:00
fdubois,akabir,meeting,2026-03-31 10:00:00+00:00
fdubois,jokonkwo_4,meeting,2026-03-31 10:00:00+00:00
fdubois,akabir,meeting,2026-03-31 10:00:00+00:00
akabir,fdubois,meeting,2026-03-31 10:00:00+00:00
fdubois,jokonkwo_4,meeting,2026-03-31 10:00:00+00:00
jokonkwo_4,fdubois,meeting,2026-03-31 10:00:00+00:00
akabir,jokonkwo_4,meeting,2026-03-31 10:00:00+00:00
jokonkwo_4,akabir,meeting,2026-03-31 10:00:00+00:00
jokonkwo,hmatsuda,meeting,2026-03-31 11:00:00+00:00
jokonkwo,mzhang,meeting,2026-03-31 11:00:00+00:00
jokonkwo,hmatsuda,meeting,2026-03-31 11:00:00+00:00
hmatsuda,jokonkwo,meeting,2026-03-31 11:00:00+00:00
jokonkwo,mzhang,meeting,2026-03-31 11:00:00+00:00
mzhang,jokonkwo,meeting,2026-03-31 11:00:00+00:00
hmatsuda,mzhang,meeting,2026-03-31 11:00:00+00:00
mzhang,hmatsuda,meeting,2026-03-31 11:00:00+00:00
akabir,smensah,meeting,2026-03-31 13:00:00+00:00
akabir,yabdul,meeting,2026-03-31 13:00:00+00:00
akabir,smensah,meeting,2026-03-31 13:00:00+00:00
smensah,akabir,meeting,2026-03-31 13:00:00+00:00
akabir,yabdul,meeting,2026-03-31 13:00:00+00:00
yabdul,akabir,meeting,2026-03-31 13:00:00+00:00
smensah,yabdul,meeting,2026-03-31 13:00:00+00:00
yabdul,smensah,meeting,2026-03-31 13:00:00+00:00
cnguyen,ktanaka,meeting,2026-03-31 14:00:00+00:00
cnguyen,ysilva,meeting,2026-03-31 14:00:00+00:00
cnguyen,ktanaka,meeting,2026-03-31 14:00:00+00:00
ktanaka,cnguyen,meeting,2026-03-31 14:00:00+00:00
cnguyen,ysilva,meeting,2026-03-31 14:00:00+00:00
ysilva,cnguyen,meeting,2026-03-31 14:00:00+00:00
ktanaka,ysilva,meeting,2026-03-31 14:00:00+00:00
ysilva,ktanaka,meeting,2026-03-31 14:00:00+00:00
ktanaka,cnguyen,meeting,2026-04-01 09:00:00+00:00
ktanaka,ksingh,meeting,2026-04-01 09:00:00+00:00
ktanaka,cnguyen,meeting,2026-04-01 09:00:00+00:00
cnguyen,ktanaka,meeting,2026-04-01 09:00:00+00:00
ktanaka,ksingh,meeting,2026-04-01 09:00:00+00:00
ksingh,ktanaka,meeting,2026-04-01 09:00:00+00:00
cnguyen,ksingh,meeting,2026-04-01 09:00:00+00:00
ksingh,cnguyen,meeting,2026-04-01 09:00:00+00:00
jokonkwo,fdubois,meeting,2026-04-01 10:00:00+00:00
jokonkwo,akabir,meeting,2026-04-01 10:00:00+00:00
jokonkwo,fdubois,meeting,2026-04-01 10:00:00+00:00
fdubois,jokonkwo,meeting,2026-04-01 10:00:00+00:00
jokonkwo,akabir,meeting,2026-04-01 10:00:00+00:00
akabir,jokonkwo,meeting,2026-04-01 10:00:00+00:00
fdubois,akabir,meeting,2026-04-01 10:00:00+00:00
akabir,fdubois,meeting,2026-04-01 10:00:00+00:00
mzhang,jokafor,meeting,2026-04-01 11:00:00+00:00
mzhang,fdubois,meeting,2026-04-01 11:00:00+00:00
mzhang,jokafor,meeting,2026-04-01 11:00:00+00:00
jokafor,mzhang,meeting,2026-04-01 11:00:00+00:00
mzhang,fdubois,meeting,2026-04-01 11:00:00+00:00
fdubois,mzhang,meeting,2026-04-01 11:00:00+00:00
jokafor,fdubois,meeting,2026-04-01 11:00:00+00:00
fdubois,jokafor,meeting,2026-04-01 11:00:00+00:00
hmatsuda,ktanaka,meeting,2026-04-01 13:00:00+00:00
hmatsuda,ksingh,meeting,2026-04-01 13:00:00+00:00
hmatsuda,ktanaka,meeting,2026-04-01 13:00:00+00:00
ktanaka,hmatsuda,meeting,2026-04-01 13:00:00+00:00
hmatsuda,ksingh,meeting,2026-04-01 13:00:00+00:00
ksingh,hmatsuda,meeting,2026-04-01 13:00:00+00:00
ktanaka,ksingh,meeting,2026-04-01 13:00:00+00:00
ksingh,ktanaka,meeting,2026-04-01 13:00:00+00:00
drossi,cnguyen,meeting,2026-04-01 14:00:00+00:00
drossi,ysilva,meeting,2026-04-01 14:00:00+00:00
drossi,yabdul,meeting,2026-04-01 14:00:00+00:00
drossi,cnguyen,meeting,2026-04-01 14:00:00+00:00
cnguyen,drossi,meeting,2026-04-01 14:00:00+00:00
drossi,ysilva,meeting,2026-04-01 14:00:00+00:00
ysilva,drossi,meeting,2026-04-01 14:00:00+00:00
drossi,yabdul,meeting,2026-04-01 14:00:00+00:00
yabdul,drossi,meeting,2026-04-01 14:00:00+00:00
cnguyen,ysilva,meeting,2026-04-01 14:00:00+00:00
ysilva,cnguyen,meeting,2026-04-01 14:00:00+00:00
cnguyen,yabdul,meeting,2026-04-01 14:00:00+00:00
yabdul,cnguyen,meeting,2026-04-01 14:00:00+00:00
ysilva,yabdul,meeting,2026-04-01 14:00:00+00:00
yabdul,ysilva,meeting,2026-04-01 14:00:00+00:00
jokonkwo_4,akabir,meeting,2026-04-02 09:00:00+00:00
jokonkwo_4,akabir,meeting,2026-04-02 09:00:00+00:00
akabir,jokonkwo_4,meeting,2026-04-02 09:00:00+00:00
yabdul,jokafor,meeting,2026-04-02 10:00:00+00:00
yabdul,smensah,meeting,2026-04-02 10:00:00+00:00
yabdul,jokafor,meeting,2026-04-02 10:00:00+00:00
jokafor,yabdul,meeting,2026-04-02 10:00:00+00:00
yabdul,smensah,meeting,2026-04-02 10:00:00+00:00
smensah,yabdul,meeting,2026-04-02 10:00:00+00:00
jokafor,smensah,meeting,2026-04-02 10:00:00+00:00
smensah,jokafor,meeting,2026-04-02 10:00:00+00:00
cnguyen,ksingh,meeting,2026-04-02 11:00:00+00:00
cnguyen,ksingh,meeting,2026-04-02 11:00:00+00:00
ksingh,cnguyen,meeting,2026-04-02 11:00:00+00:00
fdubois,akabir,meeting,2026-04-02 12:00:00+00:00
fdubois,akabir,meeting,2026-04-02 12:00:00+00:00
akabir,fdubois,meeting,2026-04-02 12:00:00+00:00
cnguyen,ksingh,meeting,2026-04-02 13:00:00+00:00
cnguyen,ksingh,meeting,2026-04-02 13:00:00+00:00
ksingh,cnguyen,meeting,2026-04-02 13:00:00+00:00
fdubois,jokonkwo_4,meeting,2026-04-03 09:00:00+00:00
fdubois,jokonkwo_4,meeting,2026-04-03 09:00:00+00:00
jokonkwo_4,fdubois,meeting,2026-04-03 09:00:00+00:00
cnguyen,ksingh,meeting,2026-04-03 10:00:00+00:00
cnguyen,ksingh,meeting,2026-04-03 10:00:00+00:00
ksingh,cnguyen,meeting,2026-04-03 10:00:00+00:00
hmatsuda,mzhang,meeting,2026-04-03 11:30:00+00:00
hmatsuda,mzhang,meeting,2026-04-03 11:30:00+00:00
mzhang,hmatsuda,meeting,2026-04-03 11:30:00+00:00
yabdul,fdubois,meeting,2026-04-03 12:30:00+00:00
yabdul,fdubois,meeting,2026-04-03 12:30:00+00:00
fdubois,yabdul,meeting,2026-04-03 12:30:00+00:00
jokafor,aramirez,meeting,2026-04-03 14:00:00+00:00
jokafor,aramirez,meeting,2026-04-03 14:00:00+00:00
aramirez,jokafor,meeting,2026-04-03 14:00:00+00:00
jokonkwo_4,akabir,meeting,2026-04-04 09:00:00+00:00
jokonkwo_4,akabir,meeting,2026-04-04 09:00:00+00:00
akabir,jokonkwo_4,meeting,2026-04-04 09:00:00+00:00
cnguyen,ksingh,meeting,2026-04-04 10:00:00+00:00
cnguyen,ksingh,meeting,2026-04-04 10:00:00+00:00
ksingh,cnguyen,meeting,2026-04-04 10:00:00+00:00
smensah,jokafor,meeting,2026-04-04 11:00:00+00:00
smensah,yabdul,meeting,2026-04-04 11:00:00+00:00
smensah,jokafor,meeting,2026-04-04 11:00:00+00:00
jokafor,smensah,meeting,2026-04-04 11:00:00+00:00
smensah,yabdul,meeting,2026-04-04 11:00:00+00:00
yabdul,smensah,meeting,2026-04-04 11:00:00+00:00
jokafor,yabdul,meeting,2026-04-04 11:00:00+00:00
yabdul,jokafor,meeting,2026-04-04 11:00:00+00:00
smensah,jokafor,meeting,2026-04-04 12:00:00+00:00
smensah,aramirez,meeting,2026-04-04 12:00:00+00:00
smensah,jokafor,meeting,2026-04-04 12:00:00+00:00
jokafor,smensah,meeting,2026-04-04 12:00:00+00:00
smensah,aramirez,meeting,2026-04-04 12:00:00+00:00
aramirez,smensah,meeting,2026-04-04 12:00:00+00:00
jokafor,aramirez,meeting,2026-04-04 12:00:00+00:00
aramirez,jokafor,meeting,2026-04-04 12:00:00+00:00
akabir,fdubois,meeting,2026-04-04 14:00:00+00:00
akabir,fdubois,meeting,2026-04-04 14:00:00+00:00
fdubois,akabir,meeting,2026-04-04 14:00:00+00:00
mgarcia,lhaddad,meeting,2026-04-05 09:00:00+00:00
mgarcia,cnguyen,meeting,2026-04-05 09:00:00+00:00
mgarcia,lhaddad,meeting,2026-04-05 09:00:00+00:00
lhaddad,mgarcia,meeting,2026-04-05 09:00:00+00:00
mgarcia,cnguyen,meeting,2026-04-05 09:00:00+00:00
cnguyen,mgarcia,meeting,2026-04-05 09:00:00+00:00
lhaddad,cnguyen,meeting,2026-04-05 09:00:00+00:00
cnguyen,lhaddad,meeting,2026-04-05 09:00:00+00:00
akabir,jokonkwo_4,meeting,2026-04-05 10:00:00+00:00
akabir,fdubois,meeting,2026-04-05 10:00:00+00:00
akabir,jokonkwo_4,meeting,2026-04-05 10:00:00+00:00
jokonkwo_4,akabir,meeting,2026-04-05 10:00:00+00:00
akabir,fdubois,meeting,2026-04-05 10:00:00+00:00
fdubois,akabir,meeting,2026-04-05 10:00:00+00:00
jokonkwo_4,fdubois,meeting,2026-04-05 10:00:00+00:00
fdubois,jokonkwo_4,meeting,2026-04-05 10:00:00+00:00
ktanaka,cnguyen,meeting,2026-04-05 11:00:00+00:00
ktanaka,ksingh,meeting,2026-04-05 11:00:00+00:00
ktanaka,cnguyen,meeting,2026-04-05 11:00:00+00:00
cnguyen,ktanaka,meeting,2026-04-05 11:00:00+00:00
ktanaka,ksingh,meeting,2026-04-05 11:00:00+00:00
ksingh,ktanaka,meeting,2026-04-05 11:00:00+00:00
cnguyen,ksingh,meeting,2026-04-05 11:00:00+00:00
ksingh,cnguyen,meeting,2026-04-05 11:00:00+00:00
jokonkwo,mzhang,meeting,2026-04-05 12:00:00+00:00
jokonkwo,fdubois,meeting,2026-04-05 12:00:00+00:00
jokonkwo,mzhang,meeting,2026-04-05 12:00:00+00:00
mzhang,jokonkwo,meeting,2026-04-05 12:00:00+00:00
jokonkwo,fdubois,meeting,2026-04-05 12:00:00+00:00
fdubois,jokonkwo,meeting,2026-04-05 12:00:00+00:00
mzhang,fdubois,meeting,2026-04-05 12:00:00+00:00
fdubois,mzhang,meeting,2026-04-05 12:00:00+00:00
drossi,fdubois,meeting,2026-04-05 13:00:00+00:00
drossi,yabdul,meeting,2026-04-05 13:00:00+00:00
drossi,fdubois,meeting,2026-04-05 13:00:00+00:00
fdubois,drossi,meeting,2026-04-05 13:00:00+00:00
drossi,yabdul,meeting,2026-04-05 13:00:00+00:00
yabdul,drossi,meeting,2026-04-05 13:00:00+00:00
fdubois,yabdul,meeting,2026-04-05 13:00:00+00:00
yabdul,fdubois,meeting,2026-04-05 13:00:00+00:00
cnguyen,ktanaka,meeting,2026-04-06 09:00:00+00:00
cnguyen,lhaddad,meeting,2026-04-06 09:00:00+00:00
cnguyen,smensah,meeting,2026-04-06 09:00:00+00:00
cnguyen,ktanaka,meeting,2026-04-06 09:00:00+00:00
ktanaka,cnguyen,meeting,2026-04-06 09:00:00+00:00
cnguyen,lhaddad,meeting,2026-04-06 09:00:00+00:00
lhaddad,cnguyen,meeting,2026-04-06 09:00:00+00:00
cnguyen,smensah,meeting,2026-04-06 09:00:00+00:00
smensah,cnguyen,meeting,2026-04-06 09:00:00+00:00
ktanaka,lhaddad,meeting,2026-04-06 09:00:00+00:00
lhaddad,ktanaka,meeting,2026-04-06 09:00:00+00:00
ktanaka,smensah,meeting,2026-04-06 09:00:00+00:00
smensah,ktanaka,meeting,2026-04-06 09:00:00+00:00
lhaddad,smensah,meeting,2026-04-06 09:00:00+00:00
smensah,lhaddad,meeting,2026-04-06 09:00:00+00:00
fdubois,jokonkwo_4,meeting,2026-04-06 10:00:00+00:00
fdubois,akabir,meeting,2026-04-06 10:00:00+00:00
fdubois,jokonkwo_4,meeting,2026-04-06 10:00:00+00:00
jokonkwo_4,fdubois,meeting,2026-04-06 10:00:00+00:00
fdubois,akabir,meeting,2026-04-06 10:00:00+00:00
akabir,fdubois,meeting,2026-04-06 10:00:00+00:00
jokonkwo_4,akabir,meeting,2026-04-06 10:00:00+00:00
akabir,jokonkwo_4,meeting,2026-04-06 10:00:00+00:00
ktanaka,ksingh,meeting,2026-04-06 11:00:00+00:00
ktanaka,hmatsuda,meeting,2026-04-06 11:00:00+00:00
ktanaka,ksingh,meeting,2026-04-06 11:00:00+00:00
ksingh,ktanaka,meeting,2026-04-06 11:00:00+00:00
ktanaka,hmatsuda,meeting,2026-04-06 11:00:00+00:00
hmatsuda,ktanaka,meeting,2026-04-06 11:00:00+00:00
ksingh,hmatsuda,meeting,2026-04-06 11:00:00+00:00
hmatsuda,ksingh,meeting,2026-04-06 11:00:00+00:00
lhaddad,smensah,meeting,2026-04-06 12:00:00+00:00
lhaddad,yabdul,meeting,2026-04-06 12:00:00+00:00
lhaddad,fdubois,meeting,2026-04-06 12:00:00+00:00
lhaddad,smensah,meeting,2026-04-06 12:00:00+00:00
smensah,lhaddad,meeting,2026-04-06 12:00:00+00:00
lhaddad,yabdul,meeting,2026-04-06 12:00:00+00:00
yabdul,lhaddad,meeting,2026-04-06 12:00:00+00:00
lhaddad,fdubois,meeting,2026-04-06 12:00:00+00:00
fdubois,lhaddad,meeting,2026-04-06 12:00:00+00:00
smensah,yabdul,meeting,2026-04-06 12:00:00+00:00
yabdul,smensah,meeting,2026-04-06 12:00:00+00:00
smensah,fdubois,meeting,2026-04-06 12:00:00+00:00
fdubois,smensah,meeting,2026-04-06 12:00:00+00:00
yabdul,fdubois,meeting,2026-04-06 12:00:00+00:00
fdubois,yabdul,meeting,2026-04-06 12:00:00+00:00
mzhang,jokonkwo,meeting,2026-04-06 13:00:00+00:00
mzhang,jokafor,meeting,2026-04-06 13:00:00+00:00
mzhang,jokonkwo,meeting,2026-04-06 13:00:00+00:00
jokonkwo,mzhang,meeting,2026-04-06 13:00:00+00:00
mzhang,jokafor,meeting,2026-04-06 13:00:00+00:00
jokafor,mzhang,meeting,2026-04-06 13:00:00+00:00
jokonkwo,jokafor,meeting,2026-04-06 13:00:00+00:00
jokafor,jokonkwo,meeting,2026-04-06 13:00:00+00:00
